사고번호,사고일시,요일,시군구,사고내용,사망자수,중상자수,경상자수,부상신고자수,사고유형,법규위반,노면상태,기상상태,도로형태,가해운전자 차종,가해운전자 성별,가해운전자 연령,가해운전자 상해정도,피해운전자 차종,피해운전자 성별,피해운전자 연령,피해운전자 상해정도
2016010900100074,2016년 1월 9일 03시,토요일,경상남도 창원시 마산합포구 산호동,중상사고,0,1,1,0,차대차 - 측면충돌,신호위반,건조,맑음,교차로 - 교차로안,승용,남,44세,상해없음,승용,남,45세,상해없음
2016010900100087,2016년 1월 9일 04시,토요일,경상남도 진주시 옥봉동,중상사고,0,1,1,0,차량단독 - 전도전복,안전운전불이행,건조,맑음,단일로 - 기타,이륜,남,19세,중상,,,,
2016010900100097,2016년 1월 9일 05시,토요일,경상남도 창원시 마산회원구 합성동,경상사고,0,0,1,0,차대사람 - 횡단중,신호위반,건조,맑음,단일로 - 횡단보도부근,승용,남,63세,상해없음,보행자,남,59세,경상
2016010900100109,2016년 1월 9일 06시,토요일,경상남도 창원시 의창구 소답동,중상사고,0,1,0,0,차대사람 - 차도통행중,안전운전불이행,건조,맑음,단일로 - 기타,승용,남,46세,상해없음,보행자,남,65세,중상
2016010900100123,2016년 1월 9일 07시,토요일,경상남도 거제시 옥포동,경상사고,0,0,2,0,차대차 - 정면충돌,신호위반,건조,맑음,교차로 - 교차로안,이륜,남,26세,상해없음,이륜,남,38세,경상
2016010900100142,2016년 1월 9일 08시,토요일,경상남도 남해군 이동면,경상사고,0,0,1,0,차대차 - 측면충돌,안전운전불이행,건조,맑음,교차로 - 교차로안,승용,남,71세,경상,승용,남,53세,상해없음
2016010900100143,2016년 1월 9일 08시,토요일,경상남도 창원시 마산회원구 내서읍,중상사고,0,1,0,0,차대사람 - 횡단중,보행자보호의무위반,건조,맑음,단일로 - 횡단보도상,승용,여,38세,상해없음,보행자,남,18세,중상
2016010900100158,2016년 1월 9일 09시,토요일,경상남도 산청군 생초면,중상사고,0,2,0,0,차대차 - 추돌,안전운전불이행,건조,맑음,단일로 - 기타,화물,남,53세,상해없음,화물,남,65세,중상
2016010900100178,2016년 1월 9일 10시,토요일,경상남도 거제시 고현동,경상사고,0,0,1,0,차대차 - 정면충돌,신호위반,건조,맑음,교차로 - 교차로부근,승용,남,68세,상해없음,이륜,남,27세,경상
2016010900100208,2016년 1월 9일 11시,토요일,경상남도 김해시 외동,경상사고,0,0,1,0,차대차 - 정면충돌,교차로운행방법위반,건조,맑음,교차로 - 교차로안,승합,남,32세,상해없음,승용,남,56세,경상
2016010900100209,2016년 1월 9일 11시,토요일,경상남도 창원시 성산구 가음정동,중상사고,0,1,0,0,차대차 - 정면충돌,안전운전불이행,건조,맑음,교차로 - 교차로안,승용,남,54세,상해없음,승합,남,33세,상해없음
2016010900100235,2016년 1월 9일 12시,토요일,경상남도 창원시 의창구 중동,경상사고,0,0,1,0,차대차 - 측면충돌,신호위반,건조,맑음,교차로 - 교차로안,승용,남,41세,상해없음,승용,남,77세,경상
2016010900100236,2016년 1월 9일 12시,토요일,경상남도 김해시 한림면,중상사고,0,1,11,0,차대차 - 정면충돌,안전운전불이행,건조,맑음,단일로 - 기타,화물,남,46세,상해없음,승합,남,57세,중상
2016010900100261,2016년 1월 9일 13시,토요일,경상남도 창원시 마산합포구 남성동,중상사고,0,1,0,0,차대사람 - 기타,안전운전불이행,건조,맑음,단일로 - 기타,승용,여,71세,상해없음,보행자,여,81세,중상
2016010900100262,2016년 1월 9일 13시,토요일,경상남도 김해시 불암동,부상신고사고,0,0,0,3,차대차 - 추돌,안전거리미확보,건조,맑음,교차로 - 교차로부근,화물,남,62세,상해없음,승용,남,36세,부상신고
2016010900100296,2016년 1월 9일 14시,토요일,경상남도 사천시 송포동,중상사고,0,1,0,0,차대차 - 추돌,안전운전불이행,건조,맑음,단일로 - 기타,화물,남,62세,상해없음,화물,남,49세,중상
2016010900100297,2016년 1월 9일 14시,토요일,경상남도 김해시 어방동,경상사고,0,0,1,0,차대차 - 측면충돌,교차로운행방법위반,건조,맑음,교차로 - 교차로안,승용,남,52세,기타불명,화물,남,34세,경상
2016010900100298,2016년 1월 9일 14시,토요일,경상남도 함양군 마천면,중상사고,0,1,2,0,차대차 - 정면충돌,중앙선침범,건조,맑음,단일로 - 기타,승용,여,29세,경상,승합,남,50세,경상
2016010900100299,2016년 1월 9일 14시,토요일,경상남도 거제시 수월동,중상사고,0,1,0,0,차대사람 - 횡단중,보행자보호의무위반,건조,맑음,단일로 - 횡단보도상,승용,여,47세,상해없음,보행자,남,81세,중상
2016010900100300,2016년 1월 9일 14시,토요일,경상남도 창원시 마산회원구 회원동,경상사고,0,0,1,0,차대차 - 측면직각충돌,안전운전불이행,건조,맑음,교차로 - 교차로안,승용,여,39세,기타불명,원동기,남,70세,경상
2016010900100326,2016년 1월 9일 15시,토요일,경상남도 통영시 중앙동,경상사고,0,0,1,0,차대사람 - 길가장자리구역통행중,안전운전불이행,건조,맑음,교차로 - 교차로부근,승용,여,35세,상해없음,보행자,여,56세,경상
2016010900100327,2016년 1월 9일 15시,토요일,경상남도 김해시 삼방동,중상사고,0,1,1,0,차대차 - 측면충돌,안전운전불이행,건조,맑음,단일로 - 기타,승용,여,51세,경상,화물,여,41세,기타불명
2016010900100328,2016년 1월 9일 15시,토요일,경상남도 거창군 거창읍,경상사고,0,0,1,0,차대차 - 추돌,안전운전불이행,건조,맑음,단일로 - 기타,자전거,남,13세,경상,승용,여,53세,상해없음
2016010900100329,2016년 1월 9일 15시,토요일,경상남도 함양군 마천면,사망사고,1,1,0,0,차량단독 - 전도전복,안전운전불이행,건조,맑음,기타 - 기타,화물,남,60세,사망,,,,
2016010900100330,2016년 1월 9일 15시,토요일,경상남도 함안군 칠북면,경상사고,0,0,1,0,차대차 - 측면충돌,직진우회전진행방해,건조,맑음,교차로 - 교차로안,승용,남,36세,상해없음,승용,여,25세,상해없음
2016010900100354,2016년 1월 9일 16시,토요일,경상남도 김해시 봉황동,중상사고,0,1,0,0,차대차 - 기타,안전운전불이행,건조,맑음,교차로 - 교차로안,자전거,여,71세,중상,승용,남,55세,상해없음
2016010900100414,2016년 1월 9일 18시,토요일,경상남도 통영시 무전동,경상사고,0,0,1,0,차대차 - 측면직각충돌,중앙선침범,건조,맑음,교차로 - 교차로부근,승용,남,45세,상해없음,이륜,남,19세,경상
2016010900100415,2016년 1월 9일 18시,토요일,경상남도 통영시 동호동,경상사고,0,0,1,0,차대사람 - 차도통행중,안전운전불이행,건조,맑음,단일로 - 기타,화물,남,36세,상해없음,보행자,남,48세,경상
2016010900100416,2016년 1월 9일 18시,토요일,경상남도 사천시 사천읍,중상사고,0,1,0,0,차대차 - 측면직각충돌,직진우회전진행방해,건조,맑음,교차로 - 교차로안,화물,남,22세,상해없음,원동기,남,77세,중상
2016010900100417,2016년 1월 9일 18시,토요일,경상남도 거제시 양정동,경상사고,0,0,2,0,차대차 - 정면충돌,안전거리미확보,건조,맑음,단일로 - 기타,이륜,남,34세,경상,승용,남,61세,상해없음
2016010900100418,2016년 1월 9일 18시,토요일,경상남도 거제시 사등면,중상사고,0,1,1,0,차대차 - 추돌,안전거리미확보,건조,맑음,단일로 - 기타,승용,남,59세,상해없음,승용,남,44세,중상
2016010900100419,2016년 1월 9일 18시,토요일,경상남도 창원시 마산회원구 내서읍,경상사고,0,0,2,0,차대차 - 추돌,안전운전불이행,건조,맑음,단일로 - 기타,승용,남,56세,상해없음,승용,남,62세,상해없음
2016010900100453,2016년 1월 9일 19시,토요일,경상남도 김해시 진영읍,경상사고,0,0,4,0,차대차 - 측면충돌,안전운전불이행,건조,맑음,단일로 - 기타,승용,남,46세,상해없음,승용,여,47세,경상
2016010900100484,2016년 1월 9일 20시,토요일,경상남도 진주시 상봉동,중상사고,0,1,0,0,차대사람 - 횡단중,안전운전불이행,건조,맑음,교차로 - 교차로부근,승용,남,59세,상해없음,보행자,여,57세,중상
2016010900100485,2016년 1월 9일 20시,토요일,경상남도 진주시 상평동,중상사고,0,1,0,0,차대차 - 측면직각충돌,신호위반,건조,맑음,교차로 - 교차로안,승용,여,40세,상해없음,원동기,남,29세,중상
2016010900100513,2016년 1월 9일 21시,토요일,경상남도 거제시 고현동,경상사고,0,0,1,0,차대사람 - 횡단중,보행자보호의무위반,건조,맑음,교차로 - 교차로부근,승용,남,24세,상해없음,보행자,남,27세,경상
2016010900100514,2016년 1월 9일 21시,토요일,경상남도 창원시 의창구 팔용동,경상사고,0,0,1,0,차대차 - 기타,안전운전불이행,건조,맑음,교차로 - 교차로부근,화물,남,23세,상해없음,승용,여,50세,경상
2016011000100026,2016년 1월 10일 01시,일요일,경상남도 양산시 물금읍,경상사고,0,0,1,0,차대차 - 측면충돌,신호위반,건조,맑음,교차로 - 교차로안,승용,여,62세,경상,화물,남,19세,상해없음
2016011000100070,2016년 1월 10일 04시,일요일,경상남도 창원시 진해구 자은동,중상사고,0,1,0,0,차대사람 - 차도통행중,안전운전불이행,건조,맑음,단일로 - 기타,승용,남,50세,상해없음,보행자,여,70세,중상
2016011000100083,2016년 1월 10일 06시,일요일,경상남도 진주시 하대동,중상사고,0,1,0,0,차대사람 - 횡단중,보행자보호의무위반,건조,맑음,단일로 - 횡단보도상,승용,남,58세,상해없음,보행자,남,65세,중상
2016011000100108,2016년 1월 10일 08시,일요일,경상남도 창원시 마산합포구 진동면,경상사고,0,0,2,0,차대차 - 정면충돌,중앙선침범,건조,맑음,단일로 - 기타,승용,남,26세,상해없음,승용,남,76세,경상
2016011000100109,2016년 1월 10일 08시,일요일,경상남도 사천시 사천읍,경상사고,0,0,3,0,차대차 - 정면충돌,중앙선침범,건조,맑음,교차로 - 교차로부근,승용,남,27세,경상,승용,남,64세,경상
2016011000100110,2016년 1월 10일 08시,일요일,경상남도 고성군 고성읍,중상사고,0,1,0,0,차대차 - 측면충돌,신호위반,건조,맑음,교차로 - 교차로안,화물,남,43세,기타불명,자전거,여,26세,중상
2016011000100123,2016년 1월 10일 09시,일요일,경상남도 사천시 벌리동,경상사고,0,0,3,2,차대차 - 정면충돌,직진우회전진행방해,건조,맑음,교차로 - 교차로안,승용,남,78세,상해없음,승합,남,49세,경상
2016011000100138,2016년 1월 10일 10시,일요일,경상남도 진주시 상대동,중상사고,0,1,0,0,차대차 - 측면충돌,안전운전불이행,건조,맑음,교차로 - 교차로부근,승용,남,26세,상해없음,자전거,남,78세,중상
2016011000100139,2016년 1월 10일 10시,일요일,경상남도 거제시 아주동,경상사고,0,0,2,0,차대차 - 추돌,안전거리미확보,건조,맑음,교차로 - 교차로부근,승용,남,42세,상해없음,승용,남,36세,경상
2016011000100151,2016년 1월 10일 11시,일요일,경상남도 창원시 마산합포구 진북면,경상사고,0,0,1,0,차량단독 - 전도전복,안전운전불이행,건조,맑음,교차로 - 교차로부근,이륜,남,56세,경상,,,,
2016011000100169,2016년 1월 10일 12시,일요일,경상남도 창원시 진해구 태백동,경상사고,0,0,3,0,차대차 - 추돌,안전운전불이행,건조,맑음,교차로 - 교차로부근,승용,남,49세,상해없음,승용,남,37세,경상
2016011000100170,2016년 1월 10일 12시,일요일,경상남도 양산시 북정동,중상사고,0,1,1,0,차대차 - 정면충돌,신호위반,건조,맑음,교차로 - 교차로안,승용,남,59세,상해없음,승용,여,53세,중상
2016011000100185,2016년 1월 10일 13시,일요일,경상남도 창원시 마산합포구 완월동,경상사고,0,0,1,0,차대차 - 측면직각충돌,안전운전불이행,건조,맑음,교차로 - 교차로안,승용,남,26세,상해없음,승용,남,38세,경상
2016011000100186,2016년 1월 10일 13시,일요일,경상남도 김해시 불암동,경상사고,0,0,1,0,차대차 - 추돌,안전운전불이행,건조,맑음,교차로 - 교차로부근,승용,남,60세,기타불명,승용,여,61세,경상
2016011000100187,2016년 1월 10일 13시,일요일,경상남도 거제시 일운면,중상사고,0,1,0,0,차대차 - 측면충돌,중앙선침범,건조,맑음,단일로 - 기타,승용,여,33세,상해없음,이륜,남,29세,중상
2016011000100209,2016년 1월 10일 14시,일요일,경상남도 김해시 외동,경상사고,0,0,2,0,차대차 - 기타,안전운전불이행,건조,맑음,교차로 - 교차로부근,승용,여,32세,상해없음,승용,남,49세,경상
2016011000100210,2016년 1월 10일 14시,일요일,경상남도 김해시 흥동,경상사고,0,0,1,0,차대차 - 추돌,안전운전불이행,건조,맑음,교차로 - 교차로안,승용,남,45세,상해없음,승용,여,67세,경상
2016011000100234,2016년 1월 10일 15시,일요일,경상남도 양산시 신기동,경상사고,0,0,1,0,차대차 - 측면직각충돌,직진우회전진행방해,건조,맑음,교차로 - 교차로안,승용,남,29세,상해없음,승용,남,24세,경상
2016011000100235,2016년 1월 10일 15시,일요일,경상남도 거제시 수월동,중상사고,0,1,0,0,차대차 - 측면충돌,안전운전불이행,건조,맑음,단일로 - 기타,화물,남,52세,상해없음,승용,여,45세,상해없음
2016011000100236,2016년 1월 10일 15시,일요일,경상남도 김해시 장유면,경상사고,0,0,1,0,차대차 - 추돌,안전운전불이행,건조,맑음,교차로 - 교차로부근,승합,남,54세,상해없음,승용,여,41세,경상
2016011000100256,2016년 1월 10일 16시,일요일,경상남도 진주시 대곡면,중상사고,0,1,0,0,차량단독 - 기타,안전운전불이행,건조,맑음,단일로 - 기타,승용,남,54세,중상,,,,
2016011000100257,2016년 1월 10일 16시,일요일,경상남도 거제시 사등면,경상사고,0,0,9,0,차대차 - 측면충돌,안전거리미확보,건조,맑음,단일로 - 기타,승용,여,53세,상해없음,승용,남,28세,경상
2016011000100258,2016년 1월 10일 16시,일요일,경상남도 거제시 고현동,중상사고,0,1,0,0,차대차 - 기타,안전운전불이행,건조,맑음,단일로 - 기타,승용,남,42세,상해없음,승용,남,39세,상해없음
2016011000100291,2016년 1월 10일 17시,일요일,경상남도 창원시 마산합포구 현동,경상사고,0,0,1,0,차대차 - 기타,신호위반,건조,맑음,교차로 - 교차로안,승용,남,26세,상해없음,승용,여,46세,경상
2016011000100292,2016년 1월 10일 17시,일요일,경상남도 김해시 안동,중상사고,0,2,0,0,차대차 - 측면충돌,안전운전불이행,건조,맑음,단일로 - 기타,화물,남,66세,상해없음,승용,여,63세,중상
2016011000100293,2016년 1월 10일 17시,일요일,경상남도 거창군 가조면,부상신고사고,0,0,0,1,차대차 - 측면충돌,안전운전불이행,건조,맑음,단일로 - 기타,이륜,남,55세,부상신고,승합,남,55세,상해없음
2016011000100294,2016년 1월 10일 17시,일요일,경상남도 양산시 중부동,경상사고,0,0,1,0,차대차 - 정면충돌,안전운전불이행,건조,맑음,기타 - 기타,승용,여,27세,상해없음,승용,남,50세,경상
2016011000100295,2016년 1월 10일 17시,일요일,경상남도 거제시 옥포동,경상사고,0,0,1,0,차대사람 - 기타,안전운전불이행,건조,맑음,단일로 - 기타,승합,남,53세,상해없음,보행자,여,61세,경상
2016011000100324,2016년 1월 10일 18시,일요일,경상남도 창원시 마산합포구 오동동,경상사고,0,0,1,0,차대차 - 측면직각충돌,안전운전불이행,건조,맑음,교차로 - 교차로안,승용,남,52세,상해없음,승용,남,35세,경상
2016011000100325,2016년 1월 10일 18시,일요일,경상남도 통영시 미수동,경상사고,0,0,3,0,차대차 - 추돌,안전운전불이행,건조,맑음,교차로 - 교차로부근,승용,여,33세,상해없음,승용,남,21세,상해없음
2016011000100326,2016년 1월 10일 18시,일요일,경상남도 거제시 고현동,중상사고,0,1,0,0,차대차 - 측면충돌,신호위반,건조,맑음,교차로 - 교차로안,승용,여,52세,상해없음,승용,여,31세,중상
2016011000100351,2016년 1월 10일 19시,일요일,경상남도 거제시 장평동,경상사고,0,0,1,0,차대차 - 측면충돌,안전운전불이행,건조,맑음,단일로 - 기타,승용,여,37세,상해없음,자전거,남,26세,경상
2016011000100373,2016년 1월 10일 20시,일요일,경상남도 진주시 상대동,중상사고,0,1,0,0,차대차 - 추돌,안전운전불이행,건조,맑음,단일로 - 기타,이륜,남,24세,중상,승용,여,36세,상해없음
2016011000100374,2016년 1월 10일 20시,일요일,경상남도 통영시 북신동,중상사고,0,1,0,0,차대사람 - 길가장자리구역통행중,안전운전불이행,건조,맑음,교차로 - 교차로안,승합,남,61세,상해없음,보행자,여,58세,중상
2016011000100390,2016년 1월 10일 21시,일요일,경상남도 김해시 삼정동,중상사고,0,1,0,0,차대차 - 기타,신호위반,건조,맑음,교차로 - 교차로안,승용,남,37세,상해없음,원동기,남,53세,중상
2016011100100016,2016년 1월 11일 01시,월요일,경상남도 창원시 마산합포구 해운동,중상사고,0,2,0,0,차대차 - 측면직각충돌,신호위반,건조,맑음,교차로 - 교차로안,승용,남,27세,상해없음,승용,남,22세,중상
2016011100100040,2016년 1월 11일 05시,월요일,경상남도 창원시 성산구 양곡동,중상사고,0,1,0,0,차대차 - 정면충돌,안전운전불이행,건조,맑음,단일로 - 기타,건설기계,남,42세,상해없음,승용,남,42세,중상
2016011100100077,2016년 1월 11일 07시,월요일,경상남도 통영시 미수동,중상사고,0,1,0,0,차대사람 - 횡단중,보행자보호의무위반,건조,맑음,단일로 - 횡단보도상,승합,남,33세,상해없음,보행자,여,70세,중상
2016011100100078,2016년 1월 11일 07시,월요일,경상남도 거제시 연초면,중상사고,0,1,0,0,차대차 - 측면충돌,신호위반,건조,맑음,단일로 - 기타,승용,여,45세,상해없음,이륜,남,35세,중상
2016011100100103,2016년 1월 11일 08시,월요일,경상남도 진주시 주약동,중상사고,0,1,0,0,차대차 - 측면충돌,차로위반,건조,맑음,단일로 - 기타,승용,남,74세,상해없음,승용,여,23세,중상
2016011100100104,2016년 1월 11일 08시,월요일,경상남도 거제시 사등면,경상사고,0,0,3,0,차대차 - 측면충돌,안전운전불이행,건조,맑음,단일로 - 기타,승용,여,63세,상해없음,화물,남,24세,상해없음
2016011100100105,2016년 1월 11일 08시,월요일,경상남도 창원시 의창구 동읍,경상사고,0,0,1,0,차대차 - 추돌,안전운전불이행,건조,맑음,단일로 - 기타,승용,여,29세,상해없음,승용,남,68세,상해없음
2016011100100208,2016년 1월 11일 12시,월요일,경상남도 김해시 장유면,경상사고,0,0,1,0,차대사람 - 기타,안전운전불이행,건조,맑음,단일로 - 기타,승용,남,44세,상해없음,보행자,여,22세,경상
2016011100100237,2016년 1월 11일 13시,월요일,경상남도 고성군 회화면,경상사고,0,0,1,0,차량단독 - 전도전복,안전운전불이행,건조,맑음,단일로 - 기타,승용,여,50세,상해없음,,,,
2016011100100238,2016년 1월 11일 13시,월요일,경상남도 창원시 의창구 명서동,경상사고,0,0,1,0,차대차 - 측면직각충돌,신호위반,건조,맑음,교차로 - 교차로안,승용,남,53세,기타불명,승용,남,47세,경상
2016011100100239,2016년 1월 11일 13시,월요일,경상남도 창원시 의창구 도계동,중상사고,0,1,0,0,차량단독 - 기타,안전운전불이행,건조,맑음,교차로 - 교차로부근,승합,남,55세,상해없음,,,,
2016011100100252,2016년 1월 11일 14시,월요일,경상남도 김해시 장유면,경상사고,0,0,2,0,차대차 - 측면직각충돌,안전거리미확보,건조,맑음,단일로 - 기타,화물,남,34세,상해없음,승용,남,67세,경상
2016011100100268,2016년 1월 11일 14시,월요일,경상남도 거창군 거창읍,경상사고,0,0,1,0,차대차 - 측면충돌,신호위반,건조,맑음,교차로 - 교차로부근,승용,남,56세,상해없음,이륜,남,77세,경상
2016011100100269,2016년 1월 11일 14시,월요일,경상남도 창녕군 도천면,중상사고,0,1,1,0,차대차 - 기타,직진우회전진행방해,건조,맑음,교차로 - 교차로안,승용,남,65세,상해없음,승용,여,46세,중상
2016011100100302,2016년 1월 11일 15시,월요일,경상남도 진주시 호탄동,중상사고,0,2,0,0,차대차 - 측면충돌,안전운전불이행,건조,맑음,단일로 - 기타,화물,남,64세,상해없음,승용,여,65세,중상
2016011100100303,2016년 1월 11일 15시,월요일,경상남도 사천시 벌리동,경상사고,0,0,1,0,차대차 - 정면충돌,신호위반,건조,맑음,교차로 - 교차로안,자전거,남,79세,경상,승용,남,62세,상해없음
2016011100100304,2016년 1월 11일 15시,월요일,경상남도 거창군 가조면,중상사고,0,1,0,0,차대차 - 측면충돌,안전운전불이행,건조,맑음,교차로 - 교차로부근,이륜,남,77세,중상,농기계,남,63세,상해없음
2016011100100326,2016년 1월 11일 16시,월요일,경상남도 진주시 대안동,중상사고,0,1,0,0,차대차 - 기타,안전거리미확보,건조,맑음,단일로 - 기타,승용,여,67세,상해없음,승용,남,32세,중상
2016011100100327,2016년 1월 11일 16시,월요일,경상남도 김해시 진영읍,중상사고,0,1,0,0,차대차 - 추돌,안전운전불이행,건조,맑음,단일로 - 기타,화물,남,55세,중상,승용,남,30세,상해없음
2016011100100360,2016년 1월 11일 17시,월요일,경상남도 밀양시 가곡동,중상사고,0,1,0,0,차대사람 - 횡단중,보행자보호의무위반,건조,맑음,단일로 - 횡단보도상,승용,남,67세,상해없음,보행자,여,72세,중상
2016011100100406,2016년 1월 11일 18시,월요일,경상남도 거제시 장평동,경상사고,0,0,1,0,차대사람 - 횡단중,보행자보호의무위반,건조,맑음,단일로 - 기타,이륜,남,23세,상해없음,보행자,남,27세,경상
2016011100100407,2016년 1월 11일 18시,월요일,경상남도 함안군 군북면,중상사고,0,2,2,0,차대차 - 기타,안전운전불이행,건조,맑음,교차로 - 교차로안,화물,남,57세,상해없음,화물,남,67세,중상
2016011100100448,2016년 1월 11일 19시,월요일,경상남도 통영시 서호동,중상사고,0,1,0,0,차대차 - 측면직각충돌,신호위반,건조,맑음,교차로 - 교차로안,이륜,남,19세,상해없음,이륜,여,49세,중상
2016011100100449,2016년 1월 11일 19시,월요일,경상남도 김해시 삼방동,중상사고,0,1,0,0,차대차 - 측면직각충돌,직진우회전진행방해,건조,맑음,교차로 - 교차로안,승용,남,49세,상해없음,승용,남,57세,중상
2016011100100450,2016년 1월 11일 19시,월요일,경상남도 양산시 물금읍,중상사고,0,2,0,0,차대차 - 측면충돌,기타,건조,맑음,단일로 - 기타,승합,남,62세,상해없음,화물,남,25세,중상
2016011100100478,2016년 1월 11일 20시,월요일,경상남도 창원시 진해구 용원동,경상사고,0,0,1,0,차대차 - 측면충돌,교차로운행방법위반,건조,맑음,교차로 - 교차로안,승용,남,38세,기타불명,원동기,남,18세,경상
2016011100100479,2016년 1월 11일 20시,월요일,경상남도 사천시 사천읍,경상사고,0,0,2,0,차대차 - 추돌,기타,건조,맑음,단일로 - 기타,승용,남,32세,상해없음,이륜,남,29세,경상
2016011100100480,2016년 1월 11일 20시,월요일,경상남도 김해시 삼계동,중상사고,0,3,1,0,차대차 - 측면충돌,안전운전불이행,건조,맑음,교차로 - 교차로안,승용,남,59세,상해없음,승용,남,49세,경상
2016011100100481,2016년 1월 11일 20시,월요일,경상남도 창원시 마산회원구 합성동,중상사고,0,1,0,0,차대사람 - 횡단중,안전운전불이행,건조,맑음,단일로 - 기타,승용,남,31세,상해없음,보행자,여,73세,중상
2016011100100482,2016년 1월 11일 20시,월요일,경상남도 창원시 의창구 팔용동,경상사고,0,0,1,0,차대차 - 추돌,안전운전불이행,건조,맑음,교차로 - 교차로안,승용,남,45세,상해없음,승용,여,48세,경상
2016011100100483,2016년 1월 11일 20시,월요일,경상남도 김해시 한림면,경상사고,0,0,3,0,차대차 - 정면충돌,중앙선침범,건조,맑음,교차로 - 교차로부근,승용,남,30세,기타불명,승용,남,39세,경상
2016011100100484,2016년 1월 11일 20시,월요일,경상남도 거창군 가조면,중상사고,0,1,0,0,차대차 - 기타,안전운전불이행,건조,맑음,단일로 - 기타,화물,남,34세,중상,승합,남,49세,상해없음
2016011200100068,2016년 1월 12일 06시,화요일,경상남도 거제시 사등면,경상사고,0,0,1,0,차대차 - 추돌,안전거리미확보,건조,맑음,단일로 - 기타,승합,남,45세,상해없음,승용,남,42세,상해없음
2016011200100093,2016년 1월 12일 07시,화요일,경상남도 창원시 마산합포구 자산동,경상사고,0,0,1,0,차대차 - 기타,교차로운행방법위반,건조,맑음,교차로 - 교차로안,자전거,남,74세,경상,승용,남,63세,상해없음
2016011200100094,2016년 1월 12일 07시,화요일,경상남도 거제시 거제면,경상사고,0,0,1,0,차대차 - 기타,안전운전불이행,건조,맑음,단일로 - 기타,승용,남,34세,상해없음,이륜,남,29세,경상
2016011200100118,2016년 1월 12일 08시,화요일,경상남도 창원시 마산합포구 가포동,경상사고,0,0,1,0,차대차 - 기타,기타,건조,맑음,단일로 - 기타,화물,남,61세,상해없음,화물,남,57세,경상
2016011200100119,2016년 1월 12일 08시,화요일,경상남도 거제시 사등면,부상신고사고,0,0,0,1,차대차 - 추돌,안전운전불이행,건조,맑음,단일로 - 기타,승용,남,28세,기타불명,승용,남,49세,부상신고
2016011200100183,2016년 1월 12일 10시,화요일,경상남도 창원시 진해구 마천동,경상사고,0,0,1,0,차대사람 - 보도통행중,안전운전불이행,건조,맑음,단일로 - 기타,승용,여,43세,상해없음,보행자,남,19세,경상
2016011200100184,2016년 1월 12일 10시,화요일,경상남도 통영시 도천동,중상사고,0,1,0,0,차대차 - 측면충돌,직진우회전진행방해,건조,맑음,교차로 - 교차로안,승용,남,42세,상해없음,이륜,남,52세,중상
2016011200100185,2016년 1월 12일 10시,화요일,경상남도 거창군 거창읍,중상사고,0,1,0,0,차대차 - 정면충돌,교차로운행방법위반,건조,맑음,교차로 - 교차로안,승용,남,45세,상해없음,농기계,남,79세,중상
2016011200100186,2016년 1월 12일 10시,화요일,경상남도 함양군 수동면,중상사고,0,3,0,2,차대차 - 정면충돌,안전운전불이행,건조,맑음,교차로 - 교차로안,승용,여,64세,중상,승용,남,24세,중상
2016011200100187,2016년 1월 12일 10시,화요일,경상남도 함양군 함양읍,중상사고,0,1,0,0,차대사람 - 차도통행중,안전운전불이행,건조,맑음,단일로 - 기타,승용,여,54세,상해없음,보행자,남,79세,중상
2016011200100216,2016년 1월 12일 11시,화요일,경상남도 창원시 마산합포구 신포동1가,경상사고,0,0,3,1,차대차 - 측면직각충돌,교차로운행방법위반,건조,맑음,교차로 - 교차로안,승용,여,60세,경상,승용,남,52세,경상
2016011200100217,2016년 1월 12일 11시,화요일,경상남도 합천군 대양면,경상사고,0,0,3,0,차대차 - 측면직각충돌,안전운전불이행,건조,맑음,단일로 - 기타,건설기계,남,46세,상해없음,승용,여,49세,경상
2016011200100218,2016년 1월 12일 11시,화요일,경상남도 함안군 군북면,중상사고,0,1,0,0,차량단독 - 전도전복,안전운전불이행,건조,맑음,단일로 - 기타,이륜,남,39세,중상,,,,
2016011200100245,2016년 1월 12일 12시,화요일,경상남도 함양군 유림면,중상사고,0,1,0,0,차대차 - 측면직각충돌,중앙선침범,건조,맑음,단일로 - 기타,이륜,남,57세,중상,화물,남,42세,상해없음
2016011200100246,2016년 1월 12일 12시,화요일,경상남도 거제시 연초면,경상사고,0,0,3,0,차대차 - 추돌,안전운전불이행,건조,맑음,미분류 - 미분류,화물,남,65세,상해없음,승용,여,58세,경상
2016011200100272,2016년 1월 12일 13시,화요일,경상남도 통영시 무전동,경상사고,0,0,2,0,차대차 - 정면충돌,안전운전불이행,건조,맑음,교차로 - 교차로안,승용,남,26세,상해없음,승용,남,24세,경상
2016011200100273,2016년 1월 12일 13시,화요일,경상남도 창원시 의창구 사림동,중상사고,0,1,0,0,차대사람 - 차도통행중,안전운전불이행,건조,맑음,단일로 - 기타,승합,여,66세,기타불명,보행자,여,54세,중상
2016011200100274,2016년 1월 12일 13시,화요일,경상남도 창원시 의창구 중동,경상사고,0,0,1,0,차대사람 - 차도통행중,안전운전불이행,건조,맑음,교차로 - 교차로안,이륜,남,25세,상해없음,보행자,남,63세,경상
2016011200100275,2016년 1월 12일 13시,화요일,경상남도 창원시 의창구 중동,중상사고,0,1,0,0,차대사람 - 기타,안전운전불이행,건조,맑음,단일로 - 기타,승용,남,39세,상해없음,보행자,남,59세,중상