사고번호,사고일시,요일,시군구,사고내용,사망자수,중상자수,경상자수,부상신고자수,사고유형,법규위반,노면상태,기상상태,도로형태,가해운전자 차종,가해운전자 성별,가해운전자 연령,가해운전자 상해정도,피해운전자 차종,피해운전자 성별,피해운전자 연령,피해운전자 상해정도
2016011200100305,2016년 1월 12일 14시,화요일,경상남도 창원시 진해구 덕산동,중상사고,0,1,0,0,차대차 - 측면직각충돌,중앙선침범,건조,맑음,단일로 - 기타,승합,남,61세,상해없음,승용,여,34세,중상
2016011200100306,2016년 1월 12일 14시,화요일,경상남도 양산시 중부동,경상사고,0,0,1,0,차대차 - 정면충돌,안전거리미확보,건조,맑음,단일로 - 기타,승용,남,54세,상해없음,이륜,남,22세,경상
2016011200100307,2016년 1월 12일 14시,화요일,경상남도 양산시 삼호동,경상사고,0,0,1,0,차대차 - 측면충돌,안전운전불이행,건조,맑음,단일로 - 기타,자전거,남,17세,경상,승용,여,56세,상해없음
2016011200100308,2016년 1월 12일 14시,화요일,경상남도 창원시 성산구 귀곡동,부상신고사고,0,0,0,1,차대차 - 정면충돌,안전운전불이행,건조,맑음,단일로 - 기타,승용,남,19세,기타불명,승용,남,20세,부상신고
2016011200100343,2016년 1월 12일 15시,화요일,경상남도 창원시 마산합포구 현동,중상사고,0,2,0,0,차대차 - 측면직각충돌,안전운전불이행,건조,맑음,단일로 - 기타,승용,여,54세,상해없음,승용,여,48세,중상
2016011200100344,2016년 1월 12일 15시,화요일,경상남도 거제시 고현동,중상사고,0,1,1,0,차대차 - 기타,안전운전불이행,건조,맑음,기타 - 기타,화물,남,50세,상해없음,승용,남,70세,경상
2016011200100370,2016년 1월 12일 16시,화요일,경상남도 거제시 고현동,경상사고,0,0,1,0,차대차 - 추돌,안전운전불이행,건조,맑음,단일로 - 기타,승합,남,56세,상해없음,승용,남,40세,경상
2016011200100371,2016년 1월 12일 16시,화요일,경상남도 거제시 고현동,중상사고,0,1,0,0,차대차 - 측면충돌,중앙선침범,건조,맑음,단일로 - 기타,승합,남,62세,상해없음,승용,여,55세,중상
2016011200100407,2016년 1월 12일 17시,화요일,경상남도 창원시 의창구 중동,중상사고,0,1,0,0,차대사람 - 횡단중,안전운전불이행,건조,맑음,교차로 - 교차로안,승용,여,52세,상해없음,보행자,남,61세,중상
2016011200100438,2016년 1월 12일 18시,화요일,경상남도 밀양시 내이동,경상사고,0,0,2,0,차대차 - 추돌,안전운전불이행,건조,맑음,교차로 - 교차로안,화물,남,43세,상해없음,화물,남,49세,경상
2016011200100439,2016년 1월 12일 18시,화요일,경상남도 김해시 삼계동,중상사고,0,1,0,0,차대차 - 측면충돌,신호위반,건조,맑음,교차로 - 교차로안,특수,남,28세,상해없음,승용,여,56세,중상
2016011200100477,2016년 1월 12일 19시,화요일,경상남도 창원시 마산합포구 산호동,사망사고,1,2,3,0,차대차 - 추돌,안전운전불이행,건조,맑음,단일로 - 기타,승용,남,41세,상해없음,이륜,남,44세,사망
2016011200100500,2016년 1월 12일 20시,화요일,경상남도 김해시 장유면,경상사고,0,0,1,0,차대차 - 측면직각충돌,안전거리미확보,건조,맑음,단일로 - 기타,승용,남,55세,상해없음,승용,남,47세,경상
2016011200100515,2016년 1월 12일 20시,화요일,경상남도 거제시 고현동,중상사고,0,1,0,0,차대사람 - 차도통행중,안전운전불이행,건조,맑음,단일로 - 기타,승용,남,54세,상해없음,보행자,남,24세,중상
2016011200100516,2016년 1월 12일 20시,화요일,경상남도 거제시 고현동,경상사고,0,0,1,0,차대사람 - 횡단중,보행자보호의무위반,건조,맑음,단일로 - 횡단보도상,승용,여,41세,상해없음,보행자,남,4세,경상
2016011200100517,2016년 1월 12일 20시,화요일,경상남도 김해시 주촌면,경상사고,0,0,1,0,차대차 - 정면충돌,안전운전불이행,건조,맑음,단일로 - 기타,화물,남,71세,상해없음,승용,남,28세,경상
2016011200100544,2016년 1월 12일 21시,화요일,경상남도 창원시 마산합포구 월남동5가,경상사고,0,0,3,0,차대차 - 측면충돌,신호위반,건조,맑음,교차로 - 교차로안,승합,남,56세,상해없음,승용,남,20세,경상
2016011200100597,2016년 1월 12일 23시,화요일,경상남도 진주시 판문동,중상사고,0,1,0,0,차대사람 - 횡단중,안전운전불이행,건조,맑음,교차로 - 교차로부근,승용,남,35세,상해없음,보행자,여,18세,중상
2016011200100598,2016년 1월 12일 23시,화요일,경상남도 김해시 장유면,중상사고,0,1,2,1,차량단독 - 전도전복,안전운전불이행,건조,맑음,단일로 - 기타,승용,남,18세,부상신고,,,,
2016011300100045,2016년 1월 13일 04시,수요일,경상남도 양산시 삼호동,경상사고,0,0,1,0,차대사람 - 기타,안전운전불이행,건조,맑음,단일로 - 기타,승용,남,43세,상해없음,보행자,남,49세,경상
2016011300100069,2016년 1월 13일 06시,수요일,경상남도 거제시 고현동,경상사고,0,0,1,0,차대차 - 측면충돌,교차로운행방법위반,건조,맑음,교차로 - 교차로부근,승용,남,26세,상해없음,자전거,남,48세,경상
2016011300100132,2016년 1월 13일 08시,수요일,경상남도 김해시 내동,중상사고,0,1,0,0,차대차 - 측면충돌,신호위반,건조,맑음,교차로 - 교차로안,승합,남,54세,상해없음,승합,남,54세,중상
2016011300100162,2016년 1월 13일 09시,수요일,경상남도 사천시 선구동,경상사고,0,0,1,0,차대차 - 측면직각충돌,안전운전불이행,건조,맑음,교차로 - 교차로안,승용,남,37세,상해없음,원동기,여,58세,경상
2016011300100190,2016년 1월 13일 10시,수요일,경상남도 창녕군 창녕읍,중상사고,0,1,0,0,차대차 - 측면직각충돌,직진우회전진행방해,건조,맑음,단일로 - 기타,승용,남,58세,상해없음,원동기,남,77세,중상
2016011300100191,2016년 1월 13일 10시,수요일,경상남도 거제시 장평동,경상사고,0,0,1,0,차대차 - 측면직각충돌,교차로운행방법위반,건조,맑음,교차로 - 교차로안,화물,남,55세,상해없음,승용,남,27세,경상
2016011300100237,2016년 1월 13일 12시,수요일,경상남도 김해시 삼방동,경상사고,0,0,1,0,차대사람 - 횡단중,안전운전불이행,건조,맑음,단일로 - 기타,승용,여,49세,상해없음,보행자,여,56세,경상
2016011300100267,2016년 1월 13일 13시,수요일,경상남도 양산시 물금읍,경상사고,0,0,5,1,차대차 - 정면충돌,안전거리미확보,건조,맑음,단일로 - 기타,승용,남,39세,부상신고,승용,남,59세,경상
2016011300100284,2016년 1월 13일 14시,수요일,경상남도 창원시 진해구 용원동,경상사고,0,0,1,0,차대차 - 측면충돌,기타,건조,맑음,단일로 - 기타,승용,남,50세,상해없음,승용,남,33세,경상
2016011300100315,2016년 1월 13일 15시,수요일,경상남도 거제시 장평동,경상사고,0,0,1,0,차대사람 - 기타,안전운전불이행,건조,맑음,단일로 - 기타,승용,여,30세,상해없음,보행자,남,8세,경상
2016011300100353,2016년 1월 13일 16시,수요일,경상남도 창원시 마산합포구 진전면,경상사고,0,0,1,0,차대차 - 추돌,안전운전불이행,건조,맑음,단일로 - 기타,승용,남,46세,상해없음,승용,남,48세,경상
2016011300100401,2016년 1월 13일 17시,수요일,경상남도 김해시 한림면,경상사고,0,0,1,0,차대차 - 정면충돌,안전운전불이행,건조,맑음,단일로 - 기타,이륜,여,27세,경상,승용,남,24세,상해없음
2016011300100442,2016년 1월 13일 18시,수요일,경상남도 진주시 호탄동,경상사고,0,0,1,0,차대사람 - 횡단중,안전운전불이행,건조,맑음,단일로 - 기타,승용,남,35세,상해없음,보행자,여,30세,경상
2016011300100443,2016년 1월 13일 18시,수요일,경상남도 진주시 망경동,중상사고,0,1,0,0,차대사람 - 기타,안전운전불이행,건조,맑음,교차로 - 교차로안,승용,남,55세,상해없음,보행자,남,66세,중상
2016011300100445,2016년 1월 13일 18시,수요일,경상남도 합천군 합천읍,중상사고,0,1,0,0,차대사람 - 횡단중,안전운전불이행,건조,맑음,단일로 - 기타,승용,여,51세,상해없음,보행자,여,79세,중상
2016011300100446,2016년 1월 13일 18시,수요일,경상남도 창원시 의창구 팔용동,경상사고,0,0,6,1,차대차 - 측면충돌,안전운전불이행,건조,흐림,교차로 - 교차로부근,승용,여,31세,상해없음,승합,남,52세,경상
2016011300100447,2016년 1월 13일 18시,수요일,경상남도 김해시 전하동,경상사고,0,0,1,0,차대차 - 기타,기타,건조,맑음,단일로 - 기타,기타불명,기타불명,기타불명,기타불명,승용,남,58세,경상
2016011300100487,2016년 1월 13일 19시,수요일,경상남도 창녕군 창녕읍,중상사고,0,1,2,0,차대차 - 추돌,안전운전불이행,건조,맑음,단일로 - 기타,승용,남,44세,상해없음,승용,남,23세,중상
2016011300100488,2016년 1월 13일 19시,수요일,경상남도 거제시 장평동,중상사고,0,1,0,0,차대차 - 추돌,안전거리미확보,건조,맑음,교차로 - 교차로부근,승용,남,50세,상해없음,승용,남,40세,중상
2016011300100520,2016년 1월 13일 20시,수요일,경상남도 양산시 소주동,중상사고,0,1,0,0,차대사람 - 횡단중,안전운전불이행,건조,맑음,단일로 - 기타,승용,여,65세,상해없음,보행자,남,58세,중상
2016011300100521,2016년 1월 13일 20시,수요일,경상남도 김해시 흥동,중상사고,0,2,2,0,차대차 - 측면충돌,안전운전불이행,건조,맑음,단일로 - 기타,승용,여,59세,상해없음,승용,남,29세,경상
2016011300100571,2016년 1월 13일 22시,수요일,경상남도 창원시 마산합포구 자산동,부상신고사고,0,0,0,2,차대차 - 측면직각충돌,안전운전불이행,건조,맑음,교차로 - 교차로안,승용,남,22세,상해없음,승용,남,62세,부상신고
2016011300100572,2016년 1월 13일 22시,수요일,경상남도 김해시 어방동,경상사고,0,0,1,0,차대차 - 측면직각충돌,안전운전불이행,건조,맑음,단일로 - 기타,승용,남,53세,상해없음,이륜,남,54세,경상
2016011300100573,2016년 1월 13일 22시,수요일,경상남도 김해시 어방동,경상사고,0,0,1,0,차대사람 - 횡단중,보행자보호의무위반,건조,맑음,단일로 - 횡단보도상,승용,남,46세,상해없음,보행자,여,21세,경상
2016011400100008,2016년 1월 14일 00시,목요일,경상남도 양산시 북부동,경상사고,0,0,1,0,차대차 - 정면충돌,안전운전불이행,건조,맑음,단일로 - 기타,승용,남,55세,상해없음,원동기,남,17세,상해없음
2016011400100009,2016년 1월 14일 00시,목요일,경상남도 김해시 장유면,중상사고,0,1,0,0,차대사람 - 횡단중,보행자보호의무위반,건조,맑음,교차로 - 교차로부근,승용,여,37세,상해없음,보행자,남,35세,중상
2016011400100049,2016년 1월 14일 04시,목요일,경상남도 김해시 구산동,경상사고,0,0,2,0,차대차 - 기타,안전운전불이행,건조,맑음,교차로 - 교차로안,승용,남,48세,상해없음,이륜,남,18세,경상
2016011400100084,2016년 1월 14일 06시,목요일,경상남도 사천시 사남면,경상사고,0,0,1,0,차대차 - 정면충돌,신호위반,건조,맑음,교차로 - 교차로안,승용,여,55세,상해없음,이륜,남,55세,경상
2016011400100085,2016년 1월 14일 06시,목요일,경상남도 거제시 장평동,경상사고,0,0,1,0,차대차 - 기타,안전운전불이행,건조,맑음,단일로 - 기타,기타불명,기타불명,기타불명,기타불명,자전거,남,24세,경상
2016011400100115,2016년 1월 14일 07시,목요일,경상남도 거제시 장평동,경상사고,0,0,1,0,차대차 - 정면충돌,신호위반,건조,맑음,교차로 - 교차로안,자전거,남,36세,상해없음,승용,여,48세,경상
2016011400100116,2016년 1월 14일 07시,목요일,경상남도 창원시 마산회원구 구암동,중상사고,0,3,3,0,차대차 - 추돌,안전운전불이행,건조,맑음,미분류 - 미분류,승용,남,52세,상해없음,승용,남,52세,경상
2016011400100183,2016년 1월 14일 09시,목요일,경상남도 김해시 장유면,중상사고,0,1,1,0,차대차 - 측면직각충돌,직진우회전진행방해,건조,맑음,교차로 - 교차로안,건설기계,남,47세,경상,승용,여,52세,중상
2016011400100208,2016년 1월 14일 10시,목요일,경상남도 창원시 마산합포구 교방동,사망사고,1,0,0,0,차대사람 - 횡단중,신호위반,건조,맑음,단일로 - 횡단보도상,승용,남,44세,상해없음,보행자,남,61세,사망
2016011400100239,2016년 1월 14일 11시,목요일,경상남도 진주시 하대동,중상사고,0,1,0,0,차대사람 - 횡단중,보행자보호의무위반,건조,맑음,교차로 - 교차로부근,승용,여,38세,상해없음,보행자,여,80세,중상
2016011400100261,2016년 1월 14일 12시,목요일,경상남도 통영시 무전동,경상사고,0,0,2,0,차대차 - 측면직각충돌,직진우회전진행방해,건조,맑음,교차로 - 교차로안,승용,남,44세,상해없음,승용,남,45세,경상
2016011400100262,2016년 1월 14일 12시,목요일,경상남도 김해시 진례면,중상사고,0,1,0,0,차대차 - 정면충돌,안전운전불이행,건조,맑음,교차로 - 교차로안,화물,남,26세,상해없음,농기계,남,80세,중상
2016011400100297,2016년 1월 14일 13시,목요일,경상남도 김해시 불암동,경상사고,0,0,2,0,차대차 - 기타,신호위반,건조,맑음,교차로 - 교차로안,승용,남,77세,경상,화물,남,37세,경상
2016011400100298,2016년 1월 14일 13시,목요일,경상남도 거제시 수월동,경상사고,0,0,1,0,차대사람 - 횡단중,안전운전불이행,건조,맑음,단일로 - 기타,승용,여,54세,상해없음,보행자,여,33세,경상
2016011400100321,2016년 1월 14일 14시,목요일,경상남도 김해시 동상동,중상사고,0,1,1,0,차대차 - 추돌,안전운전불이행,건조,맑음,교차로 - 교차로안,승용,남,30세,상해없음,승용,남,58세,중상
2016011400100350,2016년 1월 14일 15시,목요일,경상남도 김해시 부원동,경상사고,0,0,1,0,차대차 - 측면충돌,안전운전불이행,건조,맑음,교차로 - 교차로안,승용,여,53세,상해없음,화물,남,30세,경상
2016011400100376,2016년 1월 14일 16시,목요일,경상남도 밀양시 삼랑진읍,경상사고,0,0,1,0,차대차 - 측면직각충돌,교차로운행방법위반,건조,맑음,교차로 - 교차로안,승용,여,67세,상해없음,승용,남,41세,경상
2016011400100405,2016년 1월 14일 17시,목요일,경상남도 통영시 미수동,경상사고,0,0,1,0,차대사람 - 횡단중,안전운전불이행,건조,맑음,단일로 - 기타,승합,남,63세,상해없음,보행자,남,13세,경상
2016011400100406,2016년 1월 14일 17시,목요일,경상남도 창원시 마산회원구 내서읍,중상사고,0,1,0,0,차대사람 - 횡단중,안전운전불이행,건조,맑음,단일로 - 기타,승합,남,59세,기타불명,보행자,남,31세,중상
2016011400100439,2016년 1월 14일 18시,목요일,경상남도 창원시 의창구 봉곡동,중상사고,0,1,0,0,차대차 - 측면충돌,안전운전불이행,건조,맑음,교차로 - 교차로안,화물,남,35세,상해없음,원동기,남,56세,중상
2016011400100476,2016년 1월 14일 19시,목요일,경상남도 양산시 물금읍,중상사고,0,1,0,0,차대사람 - 횡단중,보행자보호의무위반,건조,맑음,단일로 - 횡단보도상,승용,남,39세,상해없음,보행자,남,39세,중상
2016011400100507,2016년 1월 14일 20시,목요일,경상남도 양산시 교동,경상사고,0,0,1,0,차대차 - 측면직각충돌,신호위반,건조,맑음,교차로 - 교차로안,승용,남,33세,상해없음,화물,남,58세,경상
2016011400100539,2016년 1월 14일 21시,목요일,경상남도 진주시 봉곡동,경상사고,0,0,1,0,차대차 - 측면직각충돌,교차로운행방법위반,건조,맑음,교차로 - 교차로안,원동기,남,19세,경상,승용,남,29세,상해없음
2016011400100540,2016년 1월 14일 21시,목요일,경상남도 창원시 진해구 안골동,경상사고,0,0,1,0,차대차 - 측면직각충돌,직진우회전진행방해,건조,맑음,교차로 - 교차로안,승용,남,33세,상해없음,승용,남,62세,경상
2016011400100541,2016년 1월 14일 21시,목요일,경상남도 사천시 좌룡동,경상사고,0,0,1,0,차대차 - 측면직각충돌,중앙선침범,건조,맑음,교차로 - 교차로부근,승용,남,36세,상해없음,승용,남,46세,상해없음
2016011400100542,2016년 1월 14일 21시,목요일,경상남도 창원시 성산구 성산동,중상사고,0,1,1,0,차대차 - 측면직각충돌,과속,건조,맑음,교차로 - 교차로안,승용,남,44세,중상,승용,남,28세,경상
2016011400100543,2016년 1월 14일 21시,목요일,경상남도 창원시 의창구 북면,경상사고,0,0,2,0,차대차 - 추돌,안전운전불이행,건조,맑음,단일로 - 기타,승용,남,66세,상해없음,승용,여,39세,경상
2016011400100571,2016년 1월 14일 22시,목요일,경상남도 거창군 거창읍,중상사고,0,1,0,0,차대차 - 추돌,안전운전불이행,건조,맑음,단일로 - 기타,화물,남,45세,상해없음,자전거,남,36세,중상
2016011400100572,2016년 1월 14일 22시,목요일,경상남도 거제시 양정동,중상사고,0,1,0,0,차대사람 - 횡단중,안전운전불이행,건조,맑음,단일로 - 기타,이륜,남,36세,상해없음,보행자,남,58세,중상
2016011400100602,2016년 1월 14일 23시,목요일,경상남도 창원시 의창구 팔용동,중상사고,0,1,0,0,차대사람 - 기타,안전운전불이행,건조,맑음,기타 - 기타,승용,남,29세,상해없음,보행자,남,48세,중상
2016011500100023,2016년 1월 15일 01시,금요일,경상남도 양산시 북부동,경상사고,0,0,2,0,차대차 - 기타,신호위반,건조,맑음,교차로 - 교차로안,승합,남,65세,상해없음,승용,남,54세,경상
2016011500100024,2016년 1월 15일 01시,금요일,경상남도 창원시 의창구 사림동,경상사고,0,0,2,0,차대차 - 추돌,안전운전불이행,건조,맑음,교차로 - 교차로안,승용,남,54세,상해없음,승용,남,38세,경상
2016011500100079,2016년 1월 15일 06시,금요일,경상남도 창원시 마산합포구 오동동,중상사고,0,1,0,0,차대사람 - 횡단중,보행자보호의무위반,건조,맑음,단일로 - 횡단보도상,승용,남,74세,상해없음,보행자,남,78세,중상
2016011500100089,2016년 1월 15일 07시,금요일,경상남도 양산시 물금읍,중상사고,0,1,0,0,차대차 - 측면직각충돌,안전거리미확보,건조,맑음,단일로 - 기타,건설기계,남,46세,상해없음,승용,여,32세,중상
2016011500100104,2016년 1월 15일 07시,금요일,경상남도 양산시 명동,경상사고,0,0,6,1,차대차 - 추돌,안전운전불이행,건조,맑음,기타 - 기타,승용,여,37세,상해없음,승합,남,51세,상해없음
2016011500100141,2016년 1월 15일 08시,금요일,경상남도 사천시 벌리동,경상사고,0,0,1,0,차대차 - 정면충돌,직진우회전진행방해,건조,맑음,교차로 - 교차로안,승용,남,62세,상해없음,승용,여,49세,경상
2016011500100165,2016년 1월 15일 09시,금요일,경상남도 사천시 벌리동,경상사고,0,0,1,0,차대사람 - 기타,안전운전불이행,건조,맑음,교차로 - 교차로안,승합,남,39세,상해없음,보행자,남,87세,경상
2016011500100166,2016년 1월 15일 09시,금요일,경상남도 거창군 거창읍,중상사고,0,1,0,0,차대차 - 측면충돌,안전운전불이행,건조,맑음,단일로 - 기타,원동기,남,68세,중상,승용,여,37세,상해없음
2016011500100212,2016년 1월 15일 11시,금요일,경상남도 통영시 무전동,중상사고,0,3,0,0,차대차 - 추돌,안전운전불이행,건조,맑음,단일로 - 기타,승용,남,29세,중상,승용,남,54세,중상
2016011500100213,2016년 1월 15일 11시,금요일,경상남도 김해시 구산동,경상사고,0,0,4,0,차대차 - 기타,안전운전불이행,건조,맑음,교차로 - 교차로안,승용,남,54세,상해없음,승용,남,41세,경상
2016011500100259,2016년 1월 15일 13시,금요일,경상남도 진주시 상대동,중상사고,0,1,0,0,차대차 - 기타,신호위반,건조,맑음,교차로 - 교차로안,자전거,남,63세,중상,승용,여,50세,상해없음
2016011500100260,2016년 1월 15일 13시,금요일,경상남도 창원시 성산구 중앙동,경상사고,0,0,1,0,차대차 - 추돌,안전운전불이행,건조,맑음,교차로 - 교차로부근,승용,남,59세,상해없음,화물,남,38세,경상
2016011500100288,2016년 1월 15일 14시,금요일,경상남도 진주시 평거동,경상사고,0,0,1,0,차대차 - 추돌,안전운전불이행,건조,맑음,단일로 - 기타,승용,남,53세,상해없음,승용,남,55세,상해없음
2016011500100289,2016년 1월 15일 14시,금요일,경상남도 창원시 진해구 덕산동,경상사고,0,0,1,0,차대차 - 측면충돌,안전운전불이행,건조,맑음,기타 - 기타,승용,남,75세,기타불명,승용,남,60세,경상
2016011500100342,2016년 1월 15일 16시,금요일,경상남도 창원시 마산회원구 합성동,경상사고,0,0,1,0,차대사람 - 횡단중,보행자보호의무위반,건조,맑음,교차로 - 교차로부근,승용,남,40세,상해없음,보행자,남,71세,경상
2016011500100367,2016년 1월 15일 17시,금요일,경상남도 통영시 무전동,중상사고,0,1,2,0,차대차 - 추돌,안전거리미확보,건조,맑음,단일로 - 기타,승용,남,70세,상해없음,승용,남,70세,중상
2016011500100368,2016년 1월 15일 17시,금요일,경상남도 통영시 광도면,중상사고,0,1,0,0,차대차 - 추돌,안전거리미확보,건조,맑음,교차로 - 교차로부근,화물,남,56세,상해없음,이륜,남,38세,중상
2016011500100369,2016년 1월 15일 17시,금요일,경상남도 김해시 삼방동,부상신고사고,0,0,0,1,차대사람 - 길가장자리구역통행중,안전운전불이행,건조,맑음,교차로 - 교차로안,화물,남,46세,기타불명,보행자,남,46세,부상신고
2016011500100370,2016년 1월 15일 17시,금요일,경상남도 고성군 고성읍,중상사고,0,1,0,0,차대차 - 측면충돌,안전거리미확보,건조,맑음,교차로 - 교차로부근,건설기계,남,62세,상해없음,승용,남,40세,중상
2016011500100371,2016년 1월 15일 17시,금요일,경상남도 창원시 의창구 팔용동,경상사고,0,0,1,0,차대차 - 측면충돌,안전운전불이행,건조,맑음,교차로 - 교차로안,승용,남,21세,기타불명,이륜,남,41세,경상
2016011500100427,2016년 1월 15일 18시,금요일,경상남도 사천시 벌리동,부상신고사고,0,0,0,1,차대차 - 정면충돌,직진우회전진행방해,건조,맑음,교차로 - 교차로안,화물,남,37세,부상신고,승용,남,61세,상해없음
2016011500100428,2016년 1월 15일 18시,금요일,경상남도 김해시 내동,경상사고,0,0,1,0,차대사람 - 횡단중,보행자보호의무위반,건조,맑음,단일로 - 횡단보도상,승용,남,48세,상해없음,보행자,남,42세,경상
2016011500100429,2016년 1월 15일 18시,금요일,경상남도 창녕군 남지읍,경상사고,0,0,1,0,차대사람 - 횡단중,안전운전불이행,건조,맑음,단일로 - 기타,승용,남,46세,상해없음,보행자,여,83세,경상
2016011500100430,2016년 1월 15일 18시,금요일,경상남도 거제시 거제면,경상사고,0,0,1,0,차대차 - 측면직각충돌,안전운전불이행,건조,맑음,교차로 - 교차로부근,승용,여,30세,상해없음,이륜,남,39세,경상
2016011500100474,2016년 1월 15일 19시,금요일,경상남도 밀양시 가곡동,중상사고,0,1,0,0,차대사람 - 횡단중,보행자보호의무위반,건조,맑음,단일로 - 횡단보도상,승용,여,55세,상해없음,보행자,여,81세,중상
2016011500100475,2016년 1월 15일 19시,금요일,경상남도 양산시 평산동,경상사고,0,0,1,1,차대차 - 정면충돌,안전운전불이행,건조,맑음,단일로 - 기타,이륜,남,16세,부상신고,화물,남,58세,상해없음
2016011500100476,2016년 1월 15일 19시,금요일,경상남도 양산시 북정동,중상사고,0,1,0,0,차대차 - 기타,직진우회전진행방해,건조,맑음,교차로 - 교차로안,승용,남,39세,상해없음,승용,남,24세,중상
2016011500100477,2016년 1월 15일 19시,금요일,경상남도 고성군 고성읍,경상사고,0,0,1,0,차대사람 - 횡단중,보행자보호의무위반,건조,맑음,교차로 - 교차로안,승용,여,31세,기타불명,보행자,여,24세,경상
2016011500100507,2016년 1월 15일 20시,금요일,경상남도 고성군 상리면,중상사고,0,1,0,0,차대사람 - 횡단중,안전운전불이행,건조,맑음,단일로 - 기타,승용,남,34세,상해없음,보행자,여,39세,중상
2016011500100508,2016년 1월 15일 20시,금요일,경상남도 산청군 신안면,중상사고,0,2,0,0,차량단독 - 전도전복,안전운전불이행,건조,맑음,단일로 - 기타,승용,남,46세,중상,,,,
2016011600100023,2016년 1월 16일 00시,토요일,경상남도 거제시 문동동,경상사고,0,0,4,0,차대차 - 추돌,안전운전불이행,건조,맑음,단일로 - 기타,승용,남,22세,상해없음,승용,남,36세,경상
2016011600100071,2016년 1월 16일 02시,토요일,경상남도 진주시 장대동,경상사고,0,0,1,0,차대차 - 기타,안전운전불이행,건조,맑음,단일로 - 기타,승용,남,60세,상해없음,승용,남,23세,경상
2016011600100086,2016년 1월 16일 03시,토요일,경상남도 창원시 의창구 명서동,경상사고,0,0,2,0,차대차 - 정면충돌,안전운전불이행,건조,맑음,교차로 - 교차로안,승용,남,63세,상해없음,승용,남,45세,경상
2016011600100094,2016년 1월 16일 04시,토요일,경상남도 창원시 마산회원구 양덕동,중상사고,0,1,1,0,차대차 - 측면직각충돌,신호위반,건조,맑음,교차로 - 교차로안,승용,남,48세,상해없음,승용,남,52세,경상
2016011600100095,2016년 1월 16일 04시,토요일,경상남도 함안군 칠원읍,경상사고,0,0,1,0,차대차 - 추돌,안전운전불이행,건조,맑음,단일로 - 기타,승용,남,49세,기타불명,화물,남,49세,경상
2016011600100109,2016년 1월 16일 05시,토요일,경상남도 거제시 아주동,중상사고,0,1,0,0,차대차 - 측면직각충돌,신호위반,건조,맑음,교차로 - 교차로안,승합,남,63세,상해없음,원동기,남,22세,중상
2016011600100133,2016년 1월 16일 06시,토요일,경상남도 거제시 고현동,중상사고,0,1,0,0,차대차 - 측면직각충돌,안전운전불이행,건조,맑음,교차로 - 교차로부근,화물,남,57세,상해없음,원동기,남,49세,중상
2016011600100144,2016년 1월 16일 07시,토요일,경상남도 창원시 마산회원구 회성동,중상사고,0,1,0,0,차대사람 - 횡단중,안전운전불이행,건조,맑음,단일로 - 기타,화물,남,62세,상해없음,보행자,여,62세,중상
2016011600100180,2016년 1월 16일 09시,토요일,경상남도 창원시 의창구 북면,경상사고,0,0,1,0,차대차 - 측면충돌,안전운전불이행,건조,맑음,교차로 - 교차로안,화물,남,74세,상해없음,승합,남,69세,경상
2016011600100207,2016년 1월 16일 10시,토요일,경상남도 진주시 상대동,중상사고,0,1,0,0,차대차 - 추돌,안전운전불이행,건조,맑음,단일로 - 기타,승용,여,52세,상해없음,자전거,여,71세,중상
2016011600100208,2016년 1월 16일 10시,토요일,경상남도 사천시 죽림동,경상사고,0,0,2,0,차대차 - 정면충돌,신호위반,건조,맑음,교차로 - 교차로안,승용,남,81세,상해없음,승용,여,32세,경상
2016011600100209,2016년 1월 16일 10시,토요일,경상남도 고성군 고성읍,경상사고,0,0,1,0,차대차 - 측면충돌,교차로운행방법위반,건조,맑음,교차로 - 교차로안,승용,남,58세,상해없음,승용,여,59세,경상
2016011600100210,2016년 1월 16일 10시,토요일,경상남도 창원시 성산구 상남동,사망사고,1,0,0,0,차대차 - 정면충돌,안전운전불이행,건조,맑음,교차로 - 교차로부근,승용,여,59세,상해없음,자전거,남,65세,사망
2016011600100231,2016년 1월 16일 11시,토요일,경상남도 김해시 주촌면,중상사고,0,1,0,0,차대사람 - 횡단중,안전운전불이행,건조,맑음,교차로 - 교차로안,승용,남,43세,상해없음,보행자,남,63세,중상
2016011600100263,2016년 1월 16일 12시,토요일,경상남도 통영시 서호동,경상사고,0,0,1,0,차대사람 - 횡단중,안전운전불이행,건조,맑음,교차로 - 교차로안,승합,남,58세,상해없음,보행자,남,76세,경상
2016011600100264,2016년 1월 16일 12시,토요일,경상남도 통영시 광도면,경상사고,0,0,2,0,차대차 - 측면충돌,안전운전불이행,건조,맑음,단일로 - 기타,건설기계,남,54세,상해없음,승용,남,35세,경상
2016011600100294,2016년 1월 16일 13시,토요일,경상남도 진주시 망경동,경상사고,0,0,1,0,차대차 - 측면충돌,교차로운행방법위반,건조,맑음,교차로 - 교차로안,화물,남,60세,상해없음,승용,남,41세,경상
2016011600100295,2016년 1월 16일 13시,토요일,경상남도 사천시 사천읍,중상사고,0,1,0,0,차대사람 - 차도통행중,안전운전불이행,건조,맑음,단일로 - 기타,이륜,여,68세,상해없음,보행자,남,53세,중상
2016011600100296,2016년 1월 16일 13시,토요일,경상남도 합천군 야로면,경상사고,0,0,1,0,차대차 - 측면충돌,교차로운행방법위반,건조,맑음,교차로 - 교차로안,원동기,남,61세,경상,승용,여,48세,상해없음