사고번호,사고일시,요일,시군구,사고내용,사망자수,중상자수,경상자수,부상신고자수,사고유형,법규위반,노면상태,기상상태,도로형태,가해운전자 차종,가해운전자 성별,가해운전자 연령,가해운전자 상해정도,피해운전자 차종,피해운전자 성별,피해운전자 연령,피해운전자 상해정도
2016011600100315,2016년 1월 16일 14시,토요일,경상남도 창원시 마산합포구 해운동,경상사고,0,0,1,0,차대차 - 기타,안전운전불이행,건조,맑음,단일로 - 기타,승용,남,47세,상해없음,승용,남,53세,경상
2016011600100316,2016년 1월 16일 14시,토요일,경상남도 창원시 마산합포구 신포동2가,경상사고,0,0,1,0,차대차 - 측면직각충돌,안전운전불이행,건조,맑음,단일로 - 기타,승용,남,61세,상해없음,승용,남,31세,경상
2016011600100317,2016년 1월 16일 14시,토요일,경상남도 창원시 진해구 경화동,경상사고,0,0,1,0,차대차 - 기타,안전운전불이행,건조,맑음,단일로 - 기타,승용,여,37세,기타불명,승합,남,45세,상해없음
2016011600100341,2016년 1월 16일 15시,토요일,경상남도 밀양시 내이동,부상신고사고,0,0,0,1,차대차 - 측면충돌,안전운전불이행,건조,맑음,교차로 - 교차로안,승용,여,50세,상해없음,승용,남,22세,부상신고
2016011600100342,2016년 1월 16일 15시,토요일,경상남도 김해시 내동,중상사고,0,1,0,0,차대차 - 측면충돌,신호위반,건조,맑음,교차로 - 교차로안,승용,남,48세,상해없음,승용,여,44세,중상
2016011600100343,2016년 1월 16일 15시,토요일,경상남도 양산시 유산동,경상사고,0,0,1,0,차대차 - 측면충돌,안전거리미확보,건조,맑음,단일로 - 기타,특수,남,46세,상해없음,승용,남,40세,경상
2016011600100368,2016년 1월 16일 16시,토요일,경상남도 창원시 진해구 석동,중상사고,0,1,0,0,차대차 - 측면충돌,신호위반,건조,맑음,교차로 - 교차로안,승용,남,32세,상해없음,이륜,남,29세,중상
2016011600100401,2016년 1월 16일 17시,토요일,경상남도 거제시 아주동,경상사고,0,0,1,0,차대차 - 정면충돌,안전운전불이행,건조,맑음,단일로 - 기타,승용,남,25세,상해없음,승용,남,44세,경상
2016011600100453,2016년 1월 16일 18시,토요일,경상남도 김해시 내동,경상사고,0,0,2,0,차대차 - 기타,신호위반,건조,맑음,교차로 - 교차로안,이륜,남,21세,경상,이륜,남,24세,경상
2016011600100454,2016년 1월 16일 18시,토요일,경상남도 함양군 안의면,중상사고,0,1,0,0,차대사람 - 길가장자리구역통행중,안전운전불이행,건조,맑음,단일로 - 기타,승용,남,54세,상해없음,보행자,여,60세,중상
2016011600100494,2016년 1월 16일 19시,토요일,경상남도 사천시 사천읍,경상사고,0,0,1,0,차대차 - 정면충돌,안전운전불이행,건조,맑음,교차로 - 교차로부근,승용,남,58세,기타불명,승용,남,26세,경상
2016011600100495,2016년 1월 16일 19시,토요일,경상남도 사천시 사천읍,부상신고사고,0,0,0,3,차대차 - 정면충돌,안전운전불이행,건조,맑음,교차로 - 교차로부근,승용,남,22세,부상신고,승용,여,39세,부상신고
2016011600100496,2016년 1월 16일 19시,토요일,경상남도 거창군 거창읍,중상사고,0,1,0,0,차대차 - 정면충돌,중앙선침범,건조,맑음,단일로 - 기타,승용,남,47세,상해없음,원동기,남,17세,상해없음
2016011600100497,2016년 1월 16일 19시,토요일,경상남도 김해시 장유면,중상사고,0,4,0,0,차대차 - 정면충돌,신호위반,건조,맑음,교차로 - 교차로안,승용,남,55세,상해없음,승용,남,40세,중상
2016011600100546,2016년 1월 16일 20시,토요일,경상남도 고성군 회화면,중상사고,0,1,0,0,차대사람 - 길가장자리구역통행중,안전운전불이행,건조,맑음,단일로 - 기타,승용,남,57세,상해없음,보행자,여,51세,중상
2016011600100547,2016년 1월 16일 20시,토요일,경상남도 거제시 고현동,부상신고사고,0,0,0,1,차대사람 - 보도통행중,안전운전불이행,건조,맑음,단일로 - 기타,승용,남,57세,상해없음,보행자,남,36세,부상신고
2016011600100583,2016년 1월 16일 21시,토요일,경상남도 창녕군 영산면,경상사고,0,0,1,0,차대차 - 측면충돌,직진우회전진행방해,건조,맑음,교차로 - 교차로안,이륜,남,44세,상해없음,승합,남,61세,상해없음
2016011600100584,2016년 1월 16일 21시,토요일,경상남도 거제시 연초면,중상사고,0,1,0,0,차대차 - 측면직각충돌,교차로운행방법위반,건조,맑음,교차로 - 교차로안,이륜,남,16세,중상,화물,남,49세,상해없음
2016011600100641,2016년 1월 16일 23시,토요일,경상남도 창원시 의창구 대산면,경상사고,0,0,3,0,차대차 - 측면충돌,신호위반,건조,맑음,교차로 - 교차로안,승용,남,42세,상해없음,승용,여,53세,경상
2016011700100057,2016년 1월 17일 02시,일요일,경상남도 양산시 동면,경상사고,0,0,1,0,차량단독 - 공작물충돌,안전운전불이행,건조,맑음,단일로 - 기타,이륜,남,22세,상해없음,,,,
2016011700100088,2016년 1월 17일 04시,일요일,경상남도 거제시 남부면,중상사고,0,1,0,0,차량단독 - 공작물충돌,안전운전불이행,건조,맑음,교차로 - 교차로안,승용,남,32세,상해없음,,,,
2016011700100129,2016년 1월 17일 07시,일요일,경상남도 진주시 주약동,경상사고,0,0,2,0,차대차 - 추돌,안전거리미확보,건조,맑음,단일로 - 기타,승용,남,22세,상해없음,승합,남,57세,경상
2016011700100130,2016년 1월 17일 07시,일요일,경상남도 김해시 삼계동,중상사고,0,1,0,0,차대사람 - 기타,안전운전불이행,건조,맑음,단일로 - 기타,승용,남,46세,상해없음,보행자,남,21세,중상
2016011700100140,2016년 1월 17일 08시,일요일,경상남도 양산시 물금읍,경상사고,0,0,1,0,차대차 - 정면충돌,직진우회전진행방해,건조,맑음,교차로 - 교차로부근,승용,남,51세,상해없음,원동기,남,50세,경상
2016011700100151,2016년 1월 17일 09시,일요일,경상남도 김해시 전하동,경상사고,0,0,1,0,차대차 - 측면직각충돌,교차로운행방법위반,건조,맑음,교차로 - 교차로안,승용,여,44세,상해없음,승용,여,28세,경상
2016011700100164,2016년 1월 17일 10시,일요일,경상남도 거제시 장목면,중상사고,0,1,0,0,차대사람 - 기타,안전운전불이행,건조,맑음,단일로 - 기타,승용,남,42세,상해없음,보행자,남,89세,중상
2016011700100184,2016년 1월 17일 11시,일요일,경상남도 진주시 상대동,중상사고,0,1,0,0,차대차 - 측면충돌,안전거리미확보,건조,맑음,단일로 - 횡단보도부근,자전거,남,82세,중상,승용,여,47세,상해없음
2016011700100197,2016년 1월 17일 12시,일요일,경상남도 함안군 칠원읍,경상사고,0,0,3,0,차대차 - 측면충돌,신호위반,건조,맑음,교차로 - 교차로안,승용,여,53세,상해없음,승용,여,44세,경상
2016011700100220,2016년 1월 17일 13시,일요일,경상남도 고성군 고성읍,중상사고,0,1,0,0,차대차 - 정면충돌,안전운전불이행,건조,맑음,단일로 - 기타,화물,남,54세,상해없음,승용,여,45세,중상
2016011700100238,2016년 1월 17일 14시,일요일,경상남도 양산시 유산동,경상사고,0,0,1,0,차대차 - 측면충돌,교차로운행방법위반,건조,맑음,교차로 - 교차로안,승용,여,63세,상해없음,승용,남,26세,경상
2016011700100239,2016년 1월 17일 14시,일요일,경상남도 김해시 흥동,경상사고,0,0,1,0,차대차 - 기타,안전운전불이행,건조,맑음,교차로 - 교차로부근,화물,남,32세,상해없음,자전거,여,51세,경상
2016011700100258,2016년 1월 17일 15시,일요일,경상남도 김해시 동상동,중상사고,0,1,0,0,차대차 - 측면직각충돌,안전운전불이행,건조,맑음,교차로 - 교차로안,승용,남,55세,상해없음,승용,남,49세,중상
2016011700100259,2016년 1월 17일 15시,일요일,경상남도 양산시 신기동,경상사고,0,0,1,0,차대차 - 측면직각충돌,안전운전불이행,건조,맑음,교차로 - 교차로안,승용,남,66세,상해없음,승용,남,52세,경상
2016011700100260,2016년 1월 17일 15시,일요일,경상남도 거제시 아주동,중상사고,0,1,0,0,차대사람 - 횡단중,교차로운행방법위반,건조,맑음,교차로 - 교차로안,승용,남,34세,상해없음,보행자,남,69세,중상
2016011700100284,2016년 1월 17일 16시,일요일,경상남도 김해시 부원동,경상사고,0,0,4,0,차대차 - 측면직각충돌,신호위반,습기,비,교차로 - 교차로안,승용,남,66세,상해없음,승용,여,43세,경상
2016011700100285,2016년 1월 17일 16시,일요일,경상남도 양산시 신기동,경상사고,0,0,1,0,차대차 - 정면충돌,중앙선침범,습기,비,단일로 - 기타,승용,남,27세,상해없음,이륜,남,22세,경상
2016011700100286,2016년 1월 17일 16시,일요일,경상남도 김해시 한림면,중상사고,0,1,0,0,차량단독 - 공작물충돌,안전운전불이행,건조,맑음,단일로 - 기타,원동기,남,78세,중상,,,,
2016011700100350,2016년 1월 17일 18시,일요일,경상남도 창원시 진해구 남양동,경상사고,0,0,1,0,차대차 - 추돌,안전운전불이행,건조,맑음,단일로 - 기타,승용,남,33세,상해없음,승용,남,45세,기타불명
2016011700100351,2016년 1월 17일 18시,일요일,경상남도 통영시 북신동,경상사고,0,0,2,0,차대차 - 추돌,안전운전불이행,습기,맑음,단일로 - 기타,승용,여,35세,상해없음,승용,남,44세,경상
2016011700100352,2016년 1월 17일 18시,일요일,경상남도 김해시 생림면,부상신고사고,0,0,0,1,차량단독 - 전도전복,안전운전불이행,습기,비,단일로 - 기타,승용,남,39세,부상신고,,,,
2016011700100353,2016년 1월 17일 18시,일요일,경상남도 고성군 마암면,경상사고,0,0,1,0,차대차 - 추돌,안전운전불이행,습기,비,단일로 - 기타,승용,여,35세,상해없음,승용,남,58세,경상
2016011700100354,2016년 1월 17일 18시,일요일,경상남도 남해군 창선면,중상사고,0,1,1,0,차량단독 - 전도전복,안전운전불이행,습기,비,단일로 - 기타,화물,남,45세,경상,,,,
2016011700100355,2016년 1월 17일 18시,일요일,경상남도 창원시 의창구 서상동,경상사고,0,0,1,0,차대사람 - 횡단중,보행자보호의무위반,습기,비,단일로 - 횡단보도상,승용,남,47세,상해없음,보행자,남,34세,경상
2016011700100356,2016년 1월 17일 18시,일요일,경상남도 함안군 군북면,경상사고,0,0,3,0,차대차 - 기타,안전운전불이행,습기,비,단일로 - 기타,승용,남,32세,기타불명,승용,남,37세,경상
2016011700100397,2016년 1월 17일 19시,일요일,경상남도 창원시 진해구 석동,경상사고,0,0,1,0,차대차 - 측면충돌,안전거리미확보,습기,비,교차로 - 교차로부근,이륜,남,24세,경상,승용,남,45세,상해없음
2016011700100398,2016년 1월 17일 19시,일요일,경상남도 양산시 교동,경상사고,0,0,1,0,차대차 - 측면직각충돌,교차로운행방법위반,습기,비,교차로 - 교차로안,승용,남,42세,상해없음,승용,남,34세,경상
2016011700100399,2016년 1월 17일 19시,일요일,경상남도 창원시 마산회원구 회성동,경상사고,0,0,2,0,차대차 - 추돌,안전운전불이행,습기,비,교차로 - 교차로부근,승합,남,48세,기타불명,승용,남,31세,경상
2016011700100400,2016년 1월 17일 19시,일요일,경상남도 창원시 마산회원구 내서읍,중상사고,0,1,0,0,차대차 - 정면충돌,안전운전불이행,습기,비,단일로 - 기타,화물,남,67세,기타불명,이륜,남,54세,중상
2016011700100401,2016년 1월 17일 19시,일요일,경상남도 하동군 진교면,중상사고,0,1,1,0,차대차 - 기타,안전운전불이행,습기,비,단일로 - 기타,승용,여,29세,상해없음,승용,남,50세,중상
2016011700100451,2016년 1월 17일 20시,일요일,경상남도 김해시 내동,경상사고,0,0,2,0,차대차 - 추돌,안전운전불이행,건조,맑음,단일로 - 기타,기타불명,기타불명,기타불명,기타불명,승용,여,36세,경상
2016011700100475,2016년 1월 17일 21시,일요일,경상남도 양산시 동면,경상사고,0,0,1,0,차량단독 - 전도전복,안전운전불이행,습기,비,단일로 - 기타,승용,남,31세,경상,,,,
2016011700100502,2016년 1월 17일 22시,일요일,경상남도 양산시 중부동,경상사고,0,0,3,0,차대차 - 추돌,안전운전불이행,습기,흐림,단일로 - 기타,승용,남,42세,상해없음,화물,남,46세,상해없음
2016011700100503,2016년 1월 17일 22시,일요일,경상남도 양산시 삼호동,중상사고,0,1,1,0,차대차 - 측면직각충돌,교차로운행방법위반,건조,맑음,교차로 - 교차로부근,승용,남,21세,상해없음,승용,여,53세,중상
2016011800100036,2016년 1월 18일 03시,월요일,경상남도 거제시 옥포동,경상사고,0,0,1,0,차대차 - 기타,안전운전불이행,건조,맑음,교차로 - 교차로안,승용,남,53세,상해없음,승용,여,20세,경상
2016011800100037,2016년 1월 18일 03시,월요일,경상남도 창원시 성산구 가음정동,경상사고,0,0,1,0,차대차 - 측면직각충돌,안전운전불이행,건조,맑음,교차로 - 교차로안,승용,남,22세,상해없음,승용,남,23세,경상
2016011800100044,2016년 1월 18일 05시,월요일,경상남도 김해시 삼정동,중상사고,0,1,0,0,차대차 - 측면직각충돌,안전거리미확보,건조,맑음,단일로 - 기타,화물,남,58세,상해없음,승용,여,33세,중상
2016011800100052,2016년 1월 18일 05시,월요일,경상남도 거창군 거창읍,중상사고,0,1,0,0,차대차 - 측면직각충돌,안전운전불이행,결빙,흐림,교차로 - 교차로안,이륜,여,62세,중상,화물,남,65세,상해없음
2016011800100068,2016년 1월 18일 06시,월요일,경상남도 밀양시 가곡동,사망사고,1,1,5,0,차대차 - 측면직각충돌,안전거리미확보,건조,맑음,단일로 - 교량,화물,여,47세,상해없음,승용,남,55세,상해없음
2016011800100076,2016년 1월 18일 06시,월요일,경상남도 거제시 고현동,경상사고,0,0,1,0,차대차 - 기타,안전운전불이행,건조,맑음,단일로 - 기타,승합,남,28세,상해없음,승합,남,56세,경상
2016011800100111,2016년 1월 18일 07시,월요일,경상남도 합천군 대양면,중상사고,0,1,1,0,차량단독 - 전도전복,안전운전불이행,결빙,흐림,단일로 - 기타,승합,여,47세,상해없음,,,,
2016011800100112,2016년 1월 18일 07시,월요일,경상남도 창녕군 도천면,부상신고사고,0,0,0,1,차대차 - 추돌,안전운전불이행,습기,흐림,단일로 - 기타,승용,남,33세,부상신고,화물,남,42세,기타불명
2016011800100113,2016년 1월 18일 07시,월요일,경상남도 창녕군 창녕읍,경상사고,0,0,1,0,차량단독 - 전도전복,안전운전불이행,습기,흐림,단일로 - 기타,승용,남,25세,경상,,,,
2016011800100114,2016년 1월 18일 07시,월요일,경상남도 의령군 의령읍,부상신고사고,0,0,0,1,차량단독 - 도로외이탈 - 기타,안전운전불이행,결빙,맑음,단일로 - 기타,화물,남,67세,부상신고,,,,
2016011800100115,2016년 1월 18일 07시,월요일,경상남도 창원시 의창구 대산면,경상사고,0,0,1,0,차대차 - 추돌,안전운전불이행,습기,흐림,단일로 - 기타,건설기계,남,55세,기타불명,승용,남,41세,경상
2016011800100116,2016년 1월 18일 07시,월요일,경상남도 김해시 진영읍,중상사고,0,1,0,0,차대차 - 추돌,안전운전불이행,습기,비,단일로 - 기타,승합,남,57세,상해없음,승용,남,43세,중상
2016011800100126,2016년 1월 18일 08시,월요일,경상남도 김해시 삼정동,경상사고,0,0,1,0,차대차 - 측면직각충돌,안전거리미확보,건조,맑음,단일로 - 기타,화물,남,44세,상해없음,승용,남,30세,경상
2016011800100150,2016년 1월 18일 08시,월요일,경상남도 함안군 대산면,경상사고,0,0,1,0,차대차 - 측면충돌,중앙선침범,습기,흐림,교차로 - 교차로부근,화물,남,53세,상해없음,승합,남,55세,경상
2016011800100176,2016년 1월 18일 09시,월요일,경상남도 창원시 마산합포구 월영동,중상사고,0,1,0,0,차대차 - 추돌,안전운전불이행,건조,맑음,단일로 - 기타,승용,남,42세,상해없음,화물,남,46세,중상
2016011800100177,2016년 1월 18일 09시,월요일,경상남도 창원시 마산회원구 합성동,부상신고사고,0,0,0,1,차대차 - 기타,안전운전불이행,건조,맑음,교차로 - 교차로부근,자전거,여,68세,부상신고,승용,여,54세,상해없음
2016011800100203,2016년 1월 18일 10시,월요일,경상남도 거창군 거창읍,중상사고,0,1,0,0,차대차 - 추돌,안전운전불이행,건조,맑음,교차로 - 교차로부근,승용,남,69세,상해없음,승용,여,60세,중상
2016011800100204,2016년 1월 18일 10시,월요일,경상남도 거제시 동부면,경상사고,0,0,1,0,차대차 - 측면충돌,교차로운행방법위반,건조,맑음,교차로 - 교차로안,화물,남,57세,상해없음,화물,남,67세,경상
2016011800100205,2016년 1월 18일 10시,월요일,경상남도 창원시 의창구 명서동,경상사고,0,0,1,0,차대차 - 측면충돌,안전운전불이행,건조,맑음,단일로 - 기타,자전거,남,78세,경상,화물,남,47세,상해없음
2016011800100232,2016년 1월 18일 11시,월요일,경상남도 거제시 옥포동,중상사고,0,1,0,0,차대차 - 측면충돌,안전운전불이행,건조,맑음,교차로 - 교차로안,특수,남,55세,상해없음,자전거,남,73세,중상
2016011800100233,2016년 1월 18일 11시,월요일,경상남도 김해시 진영읍,부상신고사고,0,0,0,1,차대차 - 측면충돌,안전거리미확보,건조,맑음,단일로 - 기타,화물,남,57세,상해없음,건설기계,남,61세,부상신고
2016011800100261,2016년 1월 18일 12시,월요일,경상남도 창원시 마산합포구 동성동,경상사고,0,0,1,0,차대차 - 추돌,안전운전불이행,건조,맑음,교차로 - 교차로부근,승용,여,38세,상해없음,승용,남,69세,경상
2016011800100262,2016년 1월 18일 12시,월요일,경상남도 통영시 명정동,중상사고,0,1,0,0,차대차 - 측면직각충돌,직진우회전진행방해,건조,맑음,교차로 - 교차로안,승용,남,47세,상해없음,승용,남,44세,중상
2016011800100320,2016년 1월 18일 14시,월요일,경상남도 고성군 고성읍,경상사고,0,0,1,0,차대차 - 기타,교차로운행방법위반,건조,맑음,교차로 - 교차로안,화물,남,70세,상해없음,승용,남,60세,상해없음
2016011800100335,2016년 1월 18일 15시,월요일,경상남도 김해시 삼정동,중상사고,0,2,0,0,차대차 - 추돌,안전운전불이행,건조,맑음,단일로 - 기타,화물,남,54세,상해없음,화물,남,47세,중상
2016011800100353,2016년 1월 18일 15시,월요일,경상남도 진주시 하대동,경상사고,0,0,1,0,차대차 - 추돌,안전운전불이행,건조,맑음,단일로 - 기타,승용,남,46세,상해없음,승용,남,58세,경상
2016011800100389,2016년 1월 18일 16시,월요일,경상남도 하동군 진교면,사망사고,1,0,0,0,차대차 - 추돌,안전운전불이행,건조,맑음,기타 - 기타,승용,남,60세,상해없음,농기계,남,73세,사망
2016011800100427,2016년 1월 18일 17시,월요일,경상남도 진주시 상평동,중상사고,0,1,0,0,차대차 - 측면충돌,직진우회전진행방해,건조,맑음,교차로 - 교차로안,승용,남,66세,상해없음,이륜,여,70세,중상
2016011800100428,2016년 1월 18일 17시,월요일,경상남도 통영시 북신동,경상사고,0,0,1,0,차대차 - 측면직각충돌,안전운전불이행,건조,맑음,단일로 - 기타,승용,남,47세,상해없음,이륜,남,44세,경상
2016011800100480,2016년 1월 18일 18시,월요일,경상남도 진주시 인사동,중상사고,0,1,0,0,차대사람 - 횡단중,안전운전불이행,건조,맑음,교차로 - 교차로안,승용,남,58세,상해없음,보행자,여,78세,중상
2016011800100481,2016년 1월 18일 18시,월요일,경상남도 창원시 마산회원구 내서읍,중상사고,0,1,0,0,차대사람 - 횡단중,보행자보호의무위반,건조,맑음,기타 - 기타,승용,남,60세,상해없음,보행자,여,80세,중상
2016011800100520,2016년 1월 18일 19시,월요일,경상남도 밀양시 가곡동,경상사고,0,0,1,0,차대사람 - 횡단중,보행자보호의무위반,건조,맑음,단일로 - 기타,승용,남,58세,기타불명,보행자,여,23세,경상
2016011800100625,2016년 1월 18일 23시,월요일,경상남도 거제시 고현동,경상사고,0,0,1,0,차대차 - 측면충돌,신호위반,건조,맑음,교차로 - 교차로안,승용,남,36세,상해없음,승용,남,60세,경상
2016011800100626,2016년 1월 18일 23시,월요일,경상남도 거제시 장승포동,경상사고,0,0,1,0,차대사람 - 횡단중,안전운전불이행,건조,맑음,단일로 - 기타,이륜,남,16세,상해없음,보행자,남,58세,경상
2016011900100009,2016년 1월 19일 00시,화요일,경상남도 거제시 연초면,경상사고,0,0,3,0,차대차 - 측면충돌,차로위반,건조,맑음,교차로 - 교차로안,승용,여,50세,상해없음,승용,남,24세,경상
2016011900100027,2016년 1월 19일 01시,화요일,경상남도 창원시 마산합포구 교방동,경상사고,0,0,1,0,차대차 - 기타,안전운전불이행,건조,맑음,단일로 - 기타,승용,여,23세,경상,승합,남,51세,기타불명
2016011900100028,2016년 1월 19일 01시,화요일,경상남도 통영시 평림동,경상사고,0,0,1,1,차량단독 - 전도전복,안전운전불이행,건조,맑음,단일로 - 기타,승용,남,18세,경상,,,,
2016011900100049,2016년 1월 19일 04시,화요일,경상남도 창원시 성산구 사파동,경상사고,0,0,2,0,차대차 - 추돌,안전운전불이행,건조,맑음,단일로 - 기타,승용,남,43세,상해없음,승용,남,64세,경상
2016011900100069,2016년 1월 19일 06시,화요일,경상남도 사천시 벌리동,중상사고,0,1,0,0,차대차 - 정면충돌,교차로운행방법위반,건조,맑음,교차로 - 교차로안,승용,남,62세,상해없음,승용,여,59세,중상
2016011900100070,2016년 1월 19일 06시,화요일,경상남도 창원시 의창구 동읍,경상사고,0,0,2,0,차대차 - 측면직각충돌,안전운전불이행,건조,맑음,교차로 - 교차로안,승용,여,34세,경상,승용,남,37세,경상
2016011900100121,2016년 1월 19일 08시,화요일,경상남도 김해시 부원동,경상사고,0,0,1,0,차대차 - 측면충돌,신호위반,건조,맑음,교차로 - 교차로안,자전거,남,62세,경상,승용,여,41세,상해없음
2016011900100122,2016년 1월 19일 08시,화요일,경상남도 창원시 마산회원구 내서읍,경상사고,0,0,1,0,차대차 - 측면직각충돌,신호위반,건조,맑음,단일로 - 기타,승용,여,59세,상해없음,승용,여,47세,경상
2016011900100150,2016년 1월 19일 09시,화요일,경상남도 창녕군 창녕읍,경상사고,0,0,1,0,차대차 - 기타,직진우회전진행방해,건조,맑음,교차로 - 교차로안,이륜,남,79세,경상,화물,남,45세,상해없음
2016011900100183,2016년 1월 19일 10시,화요일,경상남도 통영시 무전동,중상사고,0,1,0,0,차대사람 - 횡단중,안전운전불이행,건조,맑음,단일로 - 기타,승용,여,35세,상해없음,보행자,여,37세,중상
2016011900100215,2016년 1월 19일 11시,화요일,경상남도 사천시 서동,부상신고사고,0,0,0,1,차량단독 - 기타,안전운전불이행,결빙,맑음,단일로 - 기타,원동기,남,62세,부상신고,,,,
2016011900100279,2016년 1월 19일 14시,화요일,경상남도 진주시 상대동,중상사고,0,1,0,0,차대사람 - 횡단중,보행자보호의무위반,건조,맑음,단일로 - 횡단보도상,승용,남,50세,상해없음,보행자,남,71세,중상
2016011900100280,2016년 1월 19일 14시,화요일,경상남도 함양군 수동면,경상사고,0,0,1,1,차대차 - 정면충돌,신호위반,건조,맑음,교차로 - 교차로안,승용,남,36세,부상신고,승용,남,28세,경상
2016011900100281,2016년 1월 19일 14시,화요일,경상남도 양산시 북정동,경상사고,0,0,1,0,차대차 - 측면충돌,기타,건조,맑음,교차로 - 교차로안,승용,여,60세,상해없음,원동기,남,36세,경상
2016011900100338,2016년 1월 19일 16시,화요일,경상남도 통영시 항남동,중상사고,0,1,0,0,차대사람 - 횡단중,안전운전불이행,건조,맑음,단일로 - 기타,승용,여,48세,상해없음,보행자,여,69세,중상
2016011900100339,2016년 1월 19일 16시,화요일,경상남도 창원시 성산구 불모산동,경상사고,0,0,1,1,차대차 - 정면충돌,안전운전불이행,건조,맑음,단일로 - 터널,승용,남,45세,기타불명,승용,남,54세,부상신고
2016011900100340,2016년 1월 19일 16시,화요일,경상남도 창원시 의창구 용호동,경상사고,0,0,1,0,차대차 - 기타,안전운전불이행,건조,맑음,교차로 - 교차로부근,승용,여,55세,상해없음,승용,여,47세,경상
2016011900100341,2016년 1월 19일 16시,화요일,경상남도 김해시 진영읍,경상사고,0,0,1,0,차대사람 - 횡단중,보행자보호의무위반,건조,맑음,교차로 - 교차로안,화물,남,55세,상해없음,보행자,여,55세,경상
2016011900100361,2016년 1월 19일 17시,화요일,경상남도 통영시 광도면,중상사고,0,2,0,0,차대차 - 추돌,안전운전불이행,건조,맑음,단일로 - 기타,승용,남,19세,상해없음,화물,남,54세,중상
2016011900100362,2016년 1월 19일 17시,화요일,경상남도 창녕군 창녕읍,경상사고,0,0,1,0,차대차 - 측면직각충돌,안전운전불이행,건조,맑음,교차로 - 교차로부근,승용,여,62세,상해없음,승용,여,56세,경상
2016011900100390,2016년 1월 19일 18시,화요일,경상남도 창원시 진해구 이동,경상사고,0,0,1,0,차대사람 - 길가장자리구역통행중,안전운전불이행,건조,맑음,교차로 - 교차로부근,승용,여,41세,상해없음,보행자,여,59세,경상
2016011900100434,2016년 1월 19일 19시,화요일,경상남도 진주시 일반성면,중상사고,0,1,0,0,차대차 - 추돌,안전운전불이행,건조,맑음,단일로 - 기타,승합,남,58세,중상,승합,남,55세,상해없음
2016011900100435,2016년 1월 19일 19시,화요일,경상남도 거제시 장승포동,경상사고,0,0,2,0,차대차 - 측면직각충돌,안전운전불이행,건조,맑음,교차로 - 교차로안,화물,남,54세,상해없음,승용,남,35세,경상
2016011900100436,2016년 1월 19일 19시,화요일,경상남도 창원시 성산구 성주동,경상사고,0,0,1,0,차대사람 - 횡단중,안전운전불이행,건조,맑음,단일로 - 기타,승용,여,50세,상해없음,보행자,남,18세,경상
2016011900100471,2016년 1월 19일 20시,화요일,경상남도 사천시 정동면,중상사고,0,1,1,0,차대차 - 측면직각충돌,직진우회전진행방해,건조,맑음,교차로 - 교차로안,승용,남,22세,상해없음,승용,남,54세,경상
2016011900100472,2016년 1월 19일 20시,화요일,경상남도 김해시 내동,경상사고,0,0,1,0,차대차 - 기타,중앙선침범,건조,맑음,단일로 - 기타,승용,남,55세,상해없음,이륜,여,57세,경상
2016011900100473,2016년 1월 19일 20시,화요일,경상남도 김해시 안동,경상사고,0,0,2,1,차대차 - 추돌,안전운전불이행,건조,맑음,단일로 - 기타,승용,여,53세,경상,승용,남,58세,상해없음
2016011900100496,2016년 1월 19일 21시,화요일,경상남도 거제시 옥포동,경상사고,0,0,2,0,차대차 - 측면직각충돌,안전거리미확보,건조,맑음,교차로 - 교차로부근,승합,남,70세,상해없음,승용,여,53세,경상
2016011900100497,2016년 1월 19일 21시,화요일,경상남도 남해군 설천면,경상사고,0,0,1,0,차량단독 - 전도전복,안전운전불이행,건조,맑음,교차로 - 교차로부근,승용,남,37세,경상,,,,
2016011900100524,2016년 1월 19일 22시,화요일,경상남도 거제시 사등면,중상사고,0,1,0,0,차대차 - 추돌,안전운전불이행,건조,맑음,단일로 - 기타,승용,남,42세,상해없음,승용,남,70세,중상
2016012000100059,2016년 1월 20일 06시,수요일,경상남도 창원시 성산구 가음정동,중상사고,0,1,0,0,차대사람 - 횡단중,안전운전불이행,건조,맑음,단일로 - 기타,승용,남,53세,상해없음,보행자,남,19세,중상
2016012000100072,2016년 1월 20일 07시,수요일,경상남도 통영시 도천동,경상사고,0,0,1,0,차대사람 - 길가장자리구역통행중,안전운전불이행,건조,맑음,단일로 - 기타,승용,여,54세,상해없음,보행자,남,63세,경상
2016012000100102,2016년 1월 20일 08시,수요일,경상남도 밀양시 내이동,경상사고,0,0,1,0,차대차 - 추돌,안전운전불이행,건조,맑음,단일로 - 기타,승합,여,45세,상해없음,승용,여,58세,경상
2016012000100103,2016년 1월 20일 08시,수요일,경상남도 창원시 성산구 중앙동,경상사고,0,0,1,0,차대사람 - 횡단중,보행자보호의무위반,건조,맑음,단일로 - 횡단보도상,승용,남,46세,상해없음,보행자,남,42세,경상
2016012000100136,2016년 1월 20일 09시,수요일,경상남도 함안군 산인면,경상사고,0,0,4,0,차대차 - 추돌,안전거리미확보,건조,맑음,단일로 - 기타,화물,남,60세,경상,승용,여,61세,상해없음
2016012000100192,2016년 1월 20일 11시,수요일,경상남도 김해시 어방동,경상사고,0,0,1,0,차대차 - 기타,교차로운행방법위반,건조,맑음,교차로 - 교차로부근,화물,남,60세,상해없음,승용,남,36세,경상