사고번호,사고일시,요일,시군구,사고내용,사망자수,중상자수,경상자수,부상신고자수,사고유형,법규위반,노면상태,기상상태,도로형태,가해운전자 차종,가해운전자 성별,가해운전자 연령,가해운전자 상해정도,피해운전자 차종,피해운전자 성별,피해운전자 연령,피해운전자 상해정도
2016012000100193,2016년 1월 20일 11시,수요일,경상남도 하동군 고전면,경상사고,0,0,1,0,차대차 - 추돌,안전운전불이행,건조,맑음,단일로 - 기타,화물,남,72세,상해없음,승용,남,30세,경상
2016012000100215,2016년 1월 20일 12시,수요일,경상남도 사천시 사천읍,부상신고사고,0,0,0,2,차대차 - 정면충돌,안전운전불이행,건조,맑음,교차로 - 교차로부근,승용,여,30세,상해없음,승용,남,39세,부상신고
2016012000100216,2016년 1월 20일 12시,수요일,경상남도 김해시 장유면,경상사고,0,0,1,0,차대차 - 측면직각충돌,안전운전불이행,건조,맑음,교차로 - 교차로안,승용,여,44세,상해없음,화물,남,32세,경상
2016012000100259,2016년 1월 20일 14시,수요일,경상남도 진주시 상대동,중상사고,0,1,0,0,차대차 - 측면충돌,안전운전불이행,건조,흐림,교차로 - 교차로안,승용,여,45세,상해없음,자전거,남,65세,중상
2016012000100333,2016년 1월 20일 16시,수요일,경상남도 의령군 유곡면,중상사고,0,1,0,0,차대차 - 측면충돌,교차로운행방법위반,건조,맑음,단일로 - 기타,승용,여,50세,상해없음,이륜,남,71세,중상
2016012000100334,2016년 1월 20일 16시,수요일,경상남도 창원시 의창구 대산면,중상사고,0,1,0,0,차대차 - 측면충돌,신호위반,건조,맑음,교차로 - 교차로안,승용,남,68세,상해없음,승용,남,55세,중상
2016012000100356,2016년 1월 20일 17시,수요일,경상남도 진주시 칠암동,경상사고,0,0,1,0,차대사람 - 횡단중,안전운전불이행,건조,맑음,교차로 - 교차로부근,화물,남,41세,상해없음,보행자,남,48세,경상
2016012000100357,2016년 1월 20일 17시,수요일,경상남도 창원시 의창구 소답동,중상사고,0,1,0,0,차대사람 - 차도통행중,안전운전불이행,건조,맑음,교차로 - 교차로안,승용,남,55세,상해없음,보행자,여,28세,중상
2016012000100401,2016년 1월 20일 18시,수요일,경상남도 김해시 외동,경상사고,0,0,1,0,차대사람 - 횡단중,중앙선침범,건조,맑음,단일로 - 기타,화물,남,23세,상해없음,보행자,남,65세,경상
2016012000100402,2016년 1월 20일 18시,수요일,경상남도 김해시 외동,중상사고,0,1,0,0,차대사람 - 횡단중,안전운전불이행,건조,맑음,단일로 - 기타,승용,남,42세,상해없음,보행자,여,56세,중상
2016012000100448,2016년 1월 20일 19시,수요일,경상남도 김해시 어방동,경상사고,0,0,2,0,차대차 - 기타,신호위반,건조,맑음,교차로 - 교차로안,승용,여,48세,상해없음,승용,여,41세,경상
2016012000100449,2016년 1월 20일 19시,수요일,경상남도 거제시 장평동,경상사고,0,0,1,0,차대차 - 측면충돌,안전운전불이행,건조,맑음,단일로 - 기타,승용,여,51세,상해없음,이륜,남,31세,경상
2016012000100450,2016년 1월 20일 19시,수요일,경상남도 창원시 성산구 성주동,경상사고,0,0,1,0,차대차 - 추돌,안전운전불이행,건조,맑음,단일로 - 기타,승용,여,35세,상해없음,승용,여,46세,경상
2016012000100481,2016년 1월 20일 20시,수요일,경상남도 김해시 장유면,중상사고,0,1,0,0,차대차 - 측면충돌,신호위반,건조,맑음,교차로 - 교차로안,이륜,남,16세,중상,승용,남,60세,상해없음
2016012000100515,2016년 1월 20일 21시,수요일,경상남도 진주시 하대동,중상사고,0,1,1,0,차대차 - 측면충돌,신호위반,건조,맑음,교차로 - 교차로안,승용,남,42세,경상,승용,남,54세,중상
2016012000100516,2016년 1월 20일 21시,수요일,경상남도 창원시 진해구 석동,경상사고,0,0,1,0,차대사람 - 보도통행중,기타,건조,맑음,교차로 - 교차로부근,승용,여,71세,상해없음,보행자,남,16세,경상
2016012000100517,2016년 1월 20일 21시,수요일,경상남도 창원시 의창구 용호동,경상사고,0,0,1,0,차대차 - 측면충돌,안전운전불이행,건조,맑음,단일로 - 기타,승용,남,47세,상해없음,이륜,남,19세,경상
2016012000100569,2016년 1월 20일 23시,수요일,경상남도 양산시 물금읍,부상신고사고,0,0,0,2,차대차 - 기타,안전거리미확보,건조,맑음,교차로 - 교차로안,승용,남,55세,상해없음,승합,남,36세,상해없음
2016012000100570,2016년 1월 20일 23시,수요일,경상남도 창원시 마산회원구 봉암동,중상사고,0,2,0,0,차대차 - 추돌,안전운전불이행,건조,맑음,단일로 - 기타,승용,남,28세,상해없음,승용,남,40세,상해없음
2016012100100026,2016년 1월 21일 01시,목요일,경상남도 창원시 마산합포구 산호동,경상사고,0,0,1,0,차대차 - 측면직각충돌,안전운전불이행,건조,맑음,교차로 - 교차로부근,승용,남,28세,상해없음,승용,남,63세,경상
2016012100100061,2016년 1월 21일 04시,목요일,경상남도 김해시 삼계동,중상사고,0,1,0,0,차대차 - 측면충돌,신호위반,건조,맑음,교차로 - 교차로안,승용,남,22세,상해없음,이륜,남,19세,중상
2016012100100064,2016년 1월 21일 05시,목요일,경상남도 양산시 남부동,부상신고사고,0,0,0,1,차대사람 - 횡단중,안전운전불이행,건조,맑음,미분류 - 미분류,자전거,여,67세,부상신고,보행자,남,21세,상해없음
2016012100100126,2016년 1월 21일 08시,목요일,경상남도 창원시 진해구 용원동,중상사고,0,1,0,0,차대사람 - 차도통행중,안전운전불이행,건조,맑음,단일로 - 기타,승용,여,37세,상해없음,보행자,여,22세,중상
2016012100100151,2016년 1월 21일 09시,목요일,경상남도 김해시 주촌면,경상사고,0,0,1,0,차대차 - 정면충돌,신호위반,건조,맑음,교차로 - 교차로안,승용,남,26세,상해없음,승용,남,27세,경상
2016012100100168,2016년 1월 21일 10시,목요일,경상남도 창원시 의창구 사림동,중상사고,0,1,0,0,차대사람 - 횡단중,보행자보호의무위반,건조,맑음,단일로 - 횡단보도상,승용,여,67세,상해없음,보행자,남,53세,중상
2016012100100169,2016년 1월 21일 10시,목요일,경상남도 창원시 의창구 동정동,경상사고,0,0,1,0,차대차 - 기타,신호위반,건조,맑음,기타 - 기타,화물,남,45세,상해없음,승합,남,48세,상해없음
2016012100100190,2016년 1월 21일 11시,목요일,경상남도 남해군 남해읍,중상사고,0,1,0,0,차대차 - 측면충돌,중앙선침범,건조,맑음,단일로 - 기타,승합,남,69세,상해없음,이륜,남,75세,중상
2016012100100191,2016년 1월 21일 11시,목요일,경상남도 남해군 남해읍,부상신고사고,0,0,0,1,차대차 - 측면충돌,안전운전불이행,건조,맑음,교차로 - 교차로안,이륜,남,80세,부상신고,승용,남,39세,상해없음
2016012100100210,2016년 1월 21일 12시,목요일,경상남도 진주시 망경동,경상사고,0,0,1,0,차대차 - 측면직각충돌,직진우회전진행방해,건조,맑음,교차로 - 교차로안,승용,남,77세,상해없음,원동기,남,25세,경상
2016012100100211,2016년 1월 21일 12시,목요일,경상남도 양산시 동면,중상사고,0,3,0,0,차대차 - 추돌,안전거리미확보,건조,맑음,단일로 - 기타,승용,남,55세,상해없음,화물,남,74세,중상
2016012100100291,2016년 1월 21일 15시,목요일,경상남도 창원시 의창구 소답동,중상사고,0,1,0,0,차대사람 - 횡단중,안전운전불이행,건조,맑음,단일로 - 기타,화물,남,39세,상해없음,보행자,남,8세,중상
2016012100100317,2016년 1월 21일 16시,목요일,경상남도 양산시 물금읍,경상사고,0,0,1,0,차대차 - 기타,신호위반,건조,맑음,교차로 - 교차로안,승용,여,48세,상해없음,원동기,남,56세,경상
2016012100100380,2016년 1월 21일 18시,목요일,경상남도 통영시 광도면,중상사고,0,1,0,0,차대사람 - 길가장자리구역통행중,안전운전불이행,건조,맑음,단일로 - 기타,승용,남,47세,상해없음,보행자,여,58세,중상
2016012100100381,2016년 1월 21일 18시,목요일,경상남도 김해시 외동,부상신고사고,0,0,0,1,차대차 - 기타,안전운전불이행,건조,맑음,단일로 - 기타,기타불명,기타불명,기타불명,기타불명,이륜,남,23세,부상신고
2016012100100382,2016년 1월 21일 18시,목요일,경상남도 양산시 북부동,중상사고,0,1,0,0,차대사람 - 횡단중,안전운전불이행,건조,맑음,교차로 - 교차로부근,화물,남,36세,상해없음,보행자,여,72세,중상
2016012100100383,2016년 1월 21일 18시,목요일,경상남도 김해시 장유면,경상사고,0,0,1,0,차대차 - 정면충돌,안전운전불이행,건조,맑음,단일로 - 기타,승용,여,55세,상해없음,승용,여,46세,경상
2016012100100423,2016년 1월 21일 19시,목요일,경상남도 김해시 불암동,경상사고,0,0,1,0,차대차 - 측면직각충돌,안전운전불이행,건조,맑음,단일로 - 기타,기타불명,기타불명,기타불명,기타불명,승용,여,60세,경상
2016012100100424,2016년 1월 21일 19시,목요일,경상남도 거창군 거창읍,중상사고,0,2,0,0,차대차 - 측면직각충돌,안전운전불이행,건조,맑음,교차로 - 교차로안,승용,여,40세,상해없음,승용,여,66세,중상
2016012100100455,2016년 1월 21일 20시,목요일,경상남도 창원시 의창구 사림동,중상사고,0,1,0,0,차대사람 - 차도통행중,안전운전불이행,건조,맑음,단일로 - 기타,승용,남,59세,상해없음,보행자,여,46세,중상
2016012100100492,2016년 1월 21일 21시,목요일,경상남도 김해시 한림면,중상사고,0,1,0,0,차량단독 - 전도전복,안전운전불이행,건조,맑음,단일로 - 기타,승용,남,28세,중상,,,,
2016012100100516,2016년 1월 21일 22시,목요일,경상남도 진주시 신안동,중상사고,0,4,0,0,차대차 - 정면충돌,신호위반,건조,맑음,교차로 - 교차로안,승용,남,51세,상해없음,승용,남,38세,중상
2016012100100517,2016년 1월 21일 22시,목요일,경상남도 창녕군 영산면,중상사고,0,1,0,0,차대차 - 측면충돌,직진우회전진행방해,건조,맑음,교차로 - 교차로안,승용,여,58세,상해없음,승용,여,42세,중상
2016012200100010,2016년 1월 22일 00시,금요일,경상남도 김해시 동상동,중상사고,0,2,0,0,차대차 - 측면직각충돌,신호위반,건조,맑음,교차로 - 교차로안,승용,남,28세,상해없음,승용,남,50세,중상
2016012200100027,2016년 1월 22일 01시,금요일,경상남도 함안군 칠서면,경상사고,0,0,1,0,차대차 - 측면충돌,신호위반,건조,맑음,교차로 - 교차로안,화물,남,63세,상해없음,승용,남,23세,경상
2016012200100040,2016년 1월 22일 02시,금요일,경상남도 양산시 평산동,중상사고,0,1,0,0,차대사람 - 차도통행중,안전운전불이행,건조,맑음,단일로 - 기타,승용,여,37세,상해없음,보행자,남,31세,중상
2016012200100113,2016년 1월 22일 07시,금요일,경상남도 하동군 옥종면,중상사고,0,3,2,5,차대차 - 측면직각충돌,신호위반,건조,맑음,교차로 - 교차로안,승합,남,35세,상해없음,화물,남,48세,부상신고
2016012200100138,2016년 1월 22일 08시,금요일,경상남도 창녕군 창녕읍,중상사고,0,1,1,0,차대차 - 추돌,안전운전불이행,건조,맑음,교차로 - 교차로안,승용,남,31세,경상,승용,여,31세,중상
2016012200100139,2016년 1월 22일 08시,금요일,경상남도 김해시 장유면,중상사고,0,1,0,0,차대차 - 측면충돌,안전운전불이행,건조,맑음,교차로 - 교차로안,승용,남,49세,상해없음,승용,여,45세,중상
2016012200100172,2016년 1월 22일 09시,금요일,경상남도 합천군 묘산면,중상사고,0,1,0,0,차대사람 - 기타,안전운전불이행,건조,맑음,단일로 - 기타,화물,남,57세,상해없음,보행자,남,25세,중상
2016012200100173,2016년 1월 22일 09시,금요일,경상남도 창원시 마산회원구 봉암동,중상사고,0,1,0,0,차대차 - 측면충돌,안전운전불이행,건조,맑음,단일로 - 기타,특수,남,55세,상해없음,화물,남,32세,중상
2016012200100197,2016년 1월 22일 10시,금요일,경상남도 김해시 장유면,중상사고,0,1,0,0,차량단독 - 전도전복,안전운전불이행,건조,맑음,교차로 - 교차로부근,승합,남,61세,상해없음,,,,
2016012200100229,2016년 1월 22일 11시,금요일,경상남도 함양군 함양읍,중상사고,0,1,0,1,차량단독 - 공작물충돌,안전운전불이행,건조,맑음,단일로 - 기타,화물,남,73세,부상신고,,,,
2016012200100250,2016년 1월 22일 12시,금요일,경상남도 진주시 칠암동,중상사고,0,1,0,0,차대사람 - 횡단중,보행자보호의무위반,건조,맑음,단일로 - 횡단보도상,화물,남,52세,상해없음,보행자,여,46세,중상
2016012200100251,2016년 1월 22일 12시,금요일,경상남도 양산시 다방동,중상사고,0,1,0,0,차대차 - 측면직각충돌,차로위반,건조,맑음,단일로 - 기타,화물,남,47세,상해없음,승용,여,51세,중상
2016012200100252,2016년 1월 22일 12시,금요일,경상남도 창원시 의창구 북동,중상사고,0,1,0,0,차량단독 - 기타,안전운전불이행,건조,맑음,단일로 - 기타,승합,남,54세,상해없음,,,,
2016012200100253,2016년 1월 22일 12시,금요일,경상남도 창원시 의창구 중동,경상사고,0,0,1,0,차대사람 - 횡단중,안전운전불이행,건조,맑음,교차로 - 교차로부근,승용,남,52세,상해없음,보행자,여,84세,경상
2016012200100275,2016년 1월 22일 13시,금요일,경상남도 창원시 진해구 석동,중상사고,0,1,0,0,차대차 - 측면직각충돌,안전거리미확보,건조,맑음,단일로 - 기타,건설기계,남,40세,상해없음,승용,여,61세,중상
2016012200100276,2016년 1월 22일 13시,금요일,경상남도 김해시 삼계동,중상사고,0,2,1,0,차대차 - 측면직각충돌,신호위반,건조,맑음,교차로 - 교차로안,승용,여,50세,경상,건설기계,남,52세,중상
2016012200100277,2016년 1월 22일 13시,금요일,경상남도 창녕군 남지읍,중상사고,0,1,0,0,차대차 - 기타,안전운전불이행,건조,맑음,단일로 - 기타,화물,여,64세,상해없음,자전거,여,76세,중상
2016012200100278,2016년 1월 22일 13시,금요일,경상남도 김해시 한림면,사망사고,1,0,0,0,차량단독 - 전도전복,안전운전불이행,건조,맑음,단일로 - 기타,원동기,남,79세,사망,,,,
2016012200100310,2016년 1월 22일 14시,금요일,경상남도 양산시 북정동,중상사고,0,1,0,0,차대차 - 측면직각충돌,안전운전불이행,건조,맑음,기타 - 기타,화물,남,64세,상해없음,원동기,여,38세,중상
2016012200100373,2016년 1월 22일 16시,금요일,경상남도 사천시 송포동,중상사고,0,1,0,0,차대차 - 정면충돌,안전운전불이행,건조,맑음,단일로 - 기타,승용,남,58세,상해없음,이륜,남,73세,중상
2016012200100374,2016년 1월 22일 16시,금요일,경상남도 김해시 외동,경상사고,0,0,2,0,차대차 - 추돌,기타,건조,맑음,단일로 - 기타,건설기계,남,41세,상해없음,승용,남,68세,경상
2016012200100399,2016년 1월 22일 17시,금요일,경상남도 거제시 장평동,중상사고,0,2,0,0,차대차 - 정면충돌,차로위반,건조,맑음,단일로 - 기타,자전거,남,40세,중상,이륜,남,41세,중상
2016012200100400,2016년 1월 22일 17시,금요일,경상남도 함안군 칠원읍,중상사고,0,1,3,0,차대차 - 추돌,안전운전불이행,건조,맑음,단일로 - 기타,화물,남,56세,중상,화물,남,54세,경상
2016012200100448,2016년 1월 22일 18시,금요일,경상남도 진주시 평거동,중상사고,0,3,0,0,차대차 - 측면직각충돌,안전운전불이행,건조,맑음,단일로 - 기타,화물,남,53세,중상,승용,남,69세,중상
2016012200100449,2016년 1월 22일 18시,금요일,경상남도 통영시 정량동,중상사고,0,1,0,0,차대사람 - 횡단중,보행자보호의무위반,건조,맑음,교차로 - 교차로안,화물,남,42세,상해없음,보행자,남,17세,중상
2016012200100450,2016년 1월 22일 18시,금요일,경상남도 김해시 내동,경상사고,0,0,1,0,차대차 - 측면직각충돌,차로위반,건조,맑음,단일로 - 기타,이륜,남,19세,경상,승용,남,59세,상해없음
2016012200100451,2016년 1월 22일 18시,금요일,경상남도 거제시 고현동,경상사고,0,0,1,0,차대차 - 측면충돌,안전운전불이행,건조,맑음,단일로 - 기타,기타불명,기타불명,기타불명,기타불명,자전거,남,32세,경상
2016012200100492,2016년 1월 22일 19시,금요일,경상남도 사천시 용강동,경상사고,0,0,2,0,차대차 - 추돌,안전운전불이행,건조,맑음,단일로 - 기타,승용,남,57세,상해없음,승용,남,30세,경상
2016012200100517,2016년 1월 22일 20시,금요일,경상남도 창원시 마산합포구 진동면,경상사고,0,0,1,0,차대차 - 측면직각충돌,안전운전불이행,건조,맑음,단일로 - 기타,화물,남,41세,상해없음,승용,여,51세,경상
2016012200100518,2016년 1월 22일 20시,금요일,경상남도 김해시 진영읍,경상사고,0,0,1,0,차대차 - 측면직각충돌,신호위반,건조,맑음,교차로 - 교차로안,화물,남,57세,상해없음,승용,남,42세,경상
2016012200100552,2016년 1월 22일 21시,금요일,경상남도 김해시 주촌면,경상사고,0,0,2,0,차대차 - 측면충돌,안전운전불이행,건조,맑음,단일로 - 기타,승용,여,30세,경상,화물,남,57세,경상
2016012200100577,2016년 1월 22일 22시,금요일,경상남도 사천시 벌리동,부상신고사고,0,0,0,1,차대사람 - 횡단중,안전운전불이행,건조,맑음,단일로 - 기타,승용,남,65세,상해없음,보행자,남,49세,부상신고
2016012200100578,2016년 1월 22일 22시,금요일,경상남도 김해시 삼방동,경상사고,0,0,1,0,차대차 - 측면충돌,안전운전불이행,건조,맑음,단일로 - 기타,승용,남,49세,상해없음,이륜,남,23세,경상
2016012200100616,2016년 1월 22일 23시,금요일,경상남도 거제시 장평동,경상사고,0,0,2,0,차대차 - 추돌,안전운전불이행,건조,맑음,교차로 - 교차로부근,승용,남,46세,상해없음,승용,여,35세,경상
2016012200100617,2016년 1월 22일 23시,금요일,경상남도 김해시 진영읍,경상사고,0,0,1,0,차대차 - 측면직각충돌,안전운전불이행,건조,맑음,교차로 - 교차로안,자전거,남,59세,경상,승용,남,51세,상해없음
2016012300100027,2016년 1월 23일 00시,토요일,경상남도 창원시 진해구 석동,경상사고,0,0,1,0,차대사람 - 차도통행중,안전운전불이행,건조,맑음,교차로 - 교차로부근,승용,남,59세,상해없음,보행자,여,37세,경상
2016012300100074,2016년 1월 23일 04시,토요일,경상남도 김해시 봉황동,경상사고,0,0,1,0,차대차 - 추돌,안전운전불이행,건조,맑음,단일로 - 기타,승용,남,61세,경상,원동기,여,70세,기타불명
2016012300100092,2016년 1월 23일 06시,토요일,경상남도 김해시 장유면,중상사고,0,2,0,0,차대차 - 측면충돌,안전운전불이행,건조,맑음,단일로 - 기타,승용,남,34세,상해없음,승용,남,65세,중상
2016012300100155,2016년 1월 23일 10시,토요일,경상남도 창원시 마산합포구 오동동,중상사고,0,1,0,0,차대사람 - 횡단중,안전운전불이행,건조,맑음,교차로 - 교차로안,승용,남,27세,상해없음,보행자,여,63세,중상
2016012300100156,2016년 1월 23일 10시,토요일,경상남도 창원시 마산합포구 해운동,경상사고,0,0,3,0,차대차 - 측면직각충돌,안전운전불이행,건조,맑음,교차로 - 교차로안,승용,여,35세,상해없음,승용,여,20세,경상
2016012300100157,2016년 1월 23일 10시,토요일,경상남도 양산시 중부동,경상사고,0,0,2,0,차대차 - 측면충돌,안전운전불이행,건조,맑음,교차로 - 교차로부근,승용,남,45세,상해없음,승용,남,20세,경상
2016012300100158,2016년 1월 23일 10시,토요일,경상남도 김해시 주촌면,중상사고,0,1,0,0,차대차 - 정면충돌,중앙선침범,건조,맑음,단일로 - 기타,화물,남,58세,중상,화물,남,62세,상해없음
2016012300100176,2016년 1월 23일 11시,토요일,경상남도 합천군 대양면,경상사고,0,0,1,0,차대차 - 기타,교차로운행방법위반,건조,흐림,교차로 - 교차로안,승합,남,48세,상해없음,승용,여,26세,경상
2016012300100204,2016년 1월 23일 12시,토요일,경상남도 통영시 북신동,경상사고,0,0,1,0,차대사람 - 횡단중,안전운전불이행,건조,맑음,교차로 - 교차로안,승용,여,47세,상해없음,보행자,여,57세,경상
2016012300100225,2016년 1월 23일 13시,토요일,경상남도 통영시 무전동,경상사고,0,0,3,0,차대차 - 측면직각충돌,직진우회전진행방해,건조,맑음,교차로 - 교차로안,승용,여,25세,경상,승용,남,38세,경상
2016012300100260,2016년 1월 23일 14시,토요일,경상남도 통영시 광도면,경상사고,0,0,1,1,차대차 - 추돌,안전거리미확보,건조,맑음,교차로 - 교차로부근,건설기계,남,60세,상해없음,승합,남,47세,부상신고
2016012300100261,2016년 1월 23일 14시,토요일,경상남도 양산시 삼호동,부상신고사고,0,0,0,1,차대차 - 측면직각충돌,안전거리미확보,기타,맑음,기타 - 기타,기타불명,기타불명,기타불명,기타불명,자전거,남,14세,부상신고
2016012300100262,2016년 1월 23일 14시,토요일,경상남도 창원시 마산회원구 구암동,중상사고,0,1,3,0,차대차 - 추돌,안전운전불이행,건조,맑음,단일로 - 기타,승용,남,46세,상해없음,승용,남,47세,경상
2016012300100295,2016년 1월 23일 15시,토요일,경상남도 진주시 상평동,중상사고,0,1,0,0,차대차 - 추돌,안전거리미확보,건조,맑음,단일로 - 기타,승용,여,50세,상해없음,승용,남,35세,중상
2016012300100296,2016년 1월 23일 15시,토요일,경상남도 양산시 물금읍,부상신고사고,0,0,0,1,차대차 - 측면충돌,안전운전불이행,건조,맑음,교차로 - 교차로부근,이륜,남,22세,부상신고,승용,남,35세,상해없음
2016012300100320,2016년 1월 23일 16시,토요일,경상남도 양산시 덕계동,중상사고,0,2,1,0,차대차 - 정면충돌,중앙선침범,건조,맑음,교차로 - 교차로안,승용,남,26세,경상,승용,여,45세,중상
2016012300100340,2016년 1월 23일 17시,토요일,경상남도 통영시 봉평동,중상사고,0,1,0,0,차대사람 - 횡단중,안전운전불이행,건조,맑음,교차로 - 교차로안,승용,남,43세,상해없음,보행자,남,11세,중상
2016012300100381,2016년 1월 23일 18시,토요일,경상남도 통영시 도산면,중상사고,0,1,0,0,차대차 - 기타,중앙선침범,건조,맑음,단일로 - 기타,승용,남,34세,중상,특수,남,45세,상해없음
2016012300100409,2016년 1월 23일 19시,토요일,경상남도 진주시 하대동,중상사고,0,1,0,0,차대차 - 측면충돌,기타,건조,맑음,교차로 - 교차로안,이륜,남,19세,중상,승용,남,63세,상해없음
2016012300100410,2016년 1월 23일 19시,토요일,경상남도 창원시 의창구 북면,경상사고,0,0,1,0,차량단독 - 전도전복,안전운전불이행,건조,맑음,단일로 - 터널,승용,남,56세,상해없음,,,,
2016012300100411,2016년 1월 23일 19시,토요일,경상남도 창원시 의창구 중동,경상사고,0,0,1,0,차대사람 - 횡단중,안전운전불이행,건조,맑음,교차로 - 교차로안,승용,남,65세,상해없음,보행자,남,71세,경상
2016012300100437,2016년 1월 23일 20시,토요일,경상남도 통영시 도천동,중상사고,0,1,0,0,차대차 - 측면직각충돌,안전운전불이행,건조,맑음,교차로 - 교차로안,승용,여,48세,상해없음,이륜,남,63세,중상
2016012300100438,2016년 1월 23일 20시,토요일,경상남도 김해시 전하동,경상사고,0,0,1,0,차대차 - 측면직각충돌,신호위반,건조,맑음,교차로 - 교차로안,승용,여,27세,상해없음,승용,남,32세,경상
2016012300100464,2016년 1월 23일 21시,토요일,경상남도 양산시 신기동,경상사고,0,0,1,0,차대사람 - 횡단중,안전운전불이행,건조,맑음,단일로 - 교량,승용,남,34세,상해없음,보행자,여,65세,경상
2016012400100019,2016년 1월 24일 00시,일요일,경상남도 창원시 진해구 여좌동,경상사고,0,0,2,0,차대차 - 측면직각충돌,신호위반,건조,맑음,교차로 - 교차로안,승용,남,27세,상해없음,승용,여,31세,경상
2016012400100054,2016년 1월 24일 03시,일요일,경상남도 창원시 마산합포구 월영동,경상사고,0,0,1,0,차대사람 - 차도통행중,안전운전불이행,적설,눈,단일로 - 기타,승용,남,24세,상해없음,보행자,남,23세,경상
2016012400100098,2016년 1월 24일 08시,일요일,경상남도 통영시 광도면,경상사고,0,0,1,0,차대차 - 측면직각충돌,안전운전불이행,건조,맑음,교차로 - 교차로부근,승용,남,66세,상해없음,승용,남,47세,상해없음
2016012400100118,2016년 1월 24일 10시,일요일,경상남도 양산시 원동면,경상사고,0,0,1,0,차대사람 - 기타,안전운전불이행,건조,맑음,교차로 - 교차로안,화물,남,52세,상해없음,보행자,여,33세,경상
2016012400100138,2016년 1월 24일 11시,일요일,경상남도 창원시 마산합포구 진동면,중상사고,0,1,0,0,차량단독 - 전도전복,안전운전불이행,적설,맑음,단일로 - 기타,승용,여,55세,상해없음,,,,
2016012400100155,2016년 1월 24일 12시,일요일,경상남도 산청군 산청읍,경상사고,0,0,1,2,차대차 - 정면충돌,안전운전불이행,적설,흐림,단일로 - 기타,승합,남,37세,부상신고,승용,남,38세,경상
2016012400100156,2016년 1월 24일 12시,일요일,경상남도 창원시 의창구 팔용동,사망사고,1,0,0,0,차대차 - 추돌,안전운전불이행,건조,맑음,교차로 - 교차로부근,승용,남,50세,상해없음,원동기,남,90세 이상,사망
2016012400100180,2016년 1월 24일 13시,일요일,경상남도 사천시 선구동,중상사고,0,1,0,0,차대차 - 측면직각충돌,교차로운행방법위반,건조,맑음,교차로 - 교차로안,승용,남,51세,상해없음,이륜,남,53세,중상
2016012400100181,2016년 1월 24일 13시,일요일,경상남도 거창군 거창읍,부상신고사고,0,0,0,1,차대차 - 기타,안전운전불이행,결빙,흐림,단일로 - 기타,원동기,남,78세,부상신고,화물,남,66세,상해없음
2016012400100210,2016년 1월 24일 14시,일요일,경상남도 창원시 마산합포구 동성동,경상사고,0,0,1,0,차대차 - 측면충돌,중앙선침범,습기,맑음,단일로 - 기타,승용,남,41세,상해없음,승용,남,57세,경상
2016012400100211,2016년 1월 24일 14시,일요일,경상남도 통영시 동호동,중상사고,0,1,0,0,차대차 - 측면직각충돌,안전운전불이행,건조,맑음,교차로 - 교차로부근,화물,남,55세,상해없음,이륜,남,59세,중상
2016012400100212,2016년 1월 24일 14시,일요일,경상남도 사천시 축동면,경상사고,0,0,3,1,차대차 - 측면직각충돌,교차로운행방법위반,건조,맑음,교차로 - 교차로안,승용,남,35세,상해없음,승용,남,55세,경상
2016012400100213,2016년 1월 24일 14시,일요일,경상남도 거제시 일운면,경상사고,0,0,1,0,차대차 - 정면충돌,중앙선침범,건조,맑음,단일로 - 기타,승용,남,29세,상해없음,승용,남,48세,경상
2016012400100257,2016년 1월 24일 16시,일요일,경상남도 고성군 고성읍,경상사고,0,0,5,0,차대차 - 측면충돌,신호위반,건조,맑음,교차로 - 교차로안,화물,남,52세,상해없음,승용,남,51세,경상
2016012400100258,2016년 1월 24일 16시,일요일,경상남도 거제시 덕포동,중상사고,0,1,0,0,차대사람 - 보도통행중,안전운전불이행,건조,맑음,단일로 - 기타,승용,남,22세,상해없음,보행자,남,54세,중상
2016012400100304,2016년 1월 24일 18시,일요일,경상남도 양산시 삼호동,경상사고,0,0,1,0,차대차 - 측면충돌,안전운전불이행,건조,맑음,교차로 - 교차로안,화물,남,35세,상해없음,화물,남,55세,경상
2016012400100331,2016년 1월 24일 19시,일요일,경상남도 밀양시 삼문동,부상신고사고,0,0,0,1,차대차 - 측면충돌,안전운전불이행,건조,맑음,교차로 - 교차로안,승용,남,35세,상해없음,이륜,남,18세,부상신고
2016012400100332,2016년 1월 24일 19시,일요일,경상남도 창원시 마산회원구 양덕동,중상사고,0,1,0,0,차대차 - 측면직각충돌,안전운전불이행,건조,맑음,단일로 - 기타,승용,기타불명,기타불명,기타불명,자전거,남,30세,중상
2016012400100361,2016년 1월 24일 20시,일요일,경상남도 창원시 마산합포구 가포동,경상사고,0,0,1,0,차량단독 - 전도전복,안전운전불이행,결빙,맑음,단일로 - 기타,승용,남,21세,상해없음,,,,
2016012400100403,2016년 1월 24일 22시,일요일,경상남도 김해시 삼정동,경상사고,0,0,2,0,차대차 - 추돌,안전운전불이행,건조,맑음,교차로 - 교차로부근,승용,남,42세,상해없음,승용,남,29세,경상
2016012400100417,2016년 1월 24일 23시,일요일,경상남도 창원시 진해구 장천동,중상사고,0,1,0,0,차대차 - 측면충돌,안전운전불이행,건조,맑음,교차로 - 교차로부근,승합,남,61세,중상,승용,남,41세,기타불명