사고번호,사고일시,요일,시군구,사고내용,사망자수,중상자수,경상자수,부상신고자수,사고유형,법규위반,노면상태,기상상태,도로형태,가해운전자 차종,가해운전자 성별,가해운전자 연령,가해운전자 상해정도,피해운전자 차종,피해운전자 성별,피해운전자 연령,피해운전자 상해정도
2016012500100046,2016년 1월 25일 06시,월요일,경상남도 김해시 장유면,경상사고,0,0,1,0,차대차 - 추돌,안전운전불이행,건조,맑음,단일로 - 기타,승용,남,50세,상해없음,승용,남,38세,경상
2016012500100064,2016년 1월 25일 07시,월요일,경상남도 양산시 용당동,부상신고사고,0,0,0,1,차량단독 - 전도전복,안전운전불이행,건조,맑음,단일로 - 기타,승용,남,28세,부상신고,,,,
2016012500100132,2016년 1월 25일 09시,월요일,경상남도 창원시 마산회원구 내서읍,경상사고,0,0,1,0,차대차 - 추돌,안전운전불이행,건조,맑음,단일로 - 기타,승합,남,65세,경상,화물,남,47세,상해없음
2016012500100158,2016년 1월 25일 10시,월요일,경상남도 창원시 진해구 충무동,경상사고,0,0,1,0,차대차 - 측면직각충돌,안전운전불이행,건조,맑음,교차로 - 교차로안,승용,여,39세,기타불명,승용,여,33세,경상
2016012500100224,2016년 1월 25일 12시,월요일,경상남도 창원시 마산합포구 진동면,중상사고,0,1,0,0,차대차 - 정면충돌,중앙선침범,습기,맑음,단일로 - 기타,화물,남,54세,상해없음,승용,여,53세,중상
2016012500100225,2016년 1월 25일 12시,월요일,경상남도 밀양시 내이동,중상사고,0,1,0,0,차대차 - 측면직각충돌,신호위반,건조,맑음,교차로 - 교차로안,화물,남,49세,상해없음,이륜,남,75세,중상
2016012500100281,2016년 1월 25일 14시,월요일,경상남도 김해시 삼계동,중상사고,0,1,0,0,차대사람 - 횡단중,안전운전불이행,건조,맑음,교차로 - 교차로부근,승용,여,35세,상해없음,보행자,여,39세,중상
2016012500100314,2016년 1월 25일 15시,월요일,경상남도 거제시 덕포동,경상사고,0,0,2,0,차대차 - 측면직각충돌,안전운전불이행,건조,맑음,단일로 - 기타,승용,남,44세,상해없음,승용,남,24세,경상
2016012500100345,2016년 1월 25일 16시,월요일,경상남도 거제시 하청면,중상사고,0,1,0,0,차대사람 - 길가장자리구역통행중,안전운전불이행,건조,맑음,단일로 - 기타,승용,남,54세,상해없음,보행자,여,90세 이상,중상
2016012500100346,2016년 1월 25일 16시,월요일,경상남도 김해시 진영읍,중상사고,0,1,0,0,차대사람 - 횡단중,안전운전불이행,건조,맑음,교차로 - 교차로안,승용,남,22세,상해없음,보행자,남,26세,중상
2016012500100374,2016년 1월 25일 17시,월요일,경상남도 진주시 본성동,부상신고사고,0,0,0,1,차대차 - 측면충돌,안전운전불이행,건조,맑음,단일로 - 기타,자전거,남,80세,부상신고,승합,남,55세,상해없음
2016012500100375,2016년 1월 25일 17시,월요일,경상남도 사천시 벌리동,중상사고,0,1,0,0,차대차 - 정면충돌,직진우회전진행방해,건조,맑음,교차로 - 교차로안,승용,남,27세,상해없음,원동기,남,72세,중상
2016012500100418,2016년 1월 25일 18시,월요일,경상남도 창원시 마산합포구 월영동,중상사고,0,1,3,0,차대차 - 추돌,안전거리미확보,건조,맑음,교차로 - 교차로부근,화물,남,24세,상해없음,승용,남,48세,경상
2016012500100419,2016년 1월 25일 18시,월요일,경상남도 창원시 마산합포구 월영동,경상사고,0,0,2,2,차대차 - 정면충돌,중앙선침범,습기,맑음,단일로 - 기타,승용,여,58세,상해없음,승용,남,67세,경상
2016012500100420,2016년 1월 25일 18시,월요일,경상남도 통영시 봉평동,중상사고,0,1,0,0,차대사람 - 횡단중,신호위반,건조,맑음,교차로 - 교차로부근,승용,남,24세,상해없음,보행자,여,67세,중상
2016012500100421,2016년 1월 25일 18시,월요일,경상남도 창녕군 창녕읍,중상사고,0,2,1,0,차대차 - 기타,안전운전불이행,건조,맑음,단일로 - 기타,화물,남,44세,중상,화물,여,43세,중상
2016012500100422,2016년 1월 25일 18시,월요일,경상남도 함안군 칠원읍,중상사고,0,1,0,0,차대사람 - 횡단중,보행자보호의무위반,건조,맑음,교차로 - 교차로안,승용,남,47세,상해없음,보행자,남,17세,중상
2016012500100423,2016년 1월 25일 18시,월요일,경상남도 창원시 마산회원구 내서읍,경상사고,0,0,1,0,차대차 - 측면충돌,신호위반,건조,맑음,교차로 - 교차로안,승용,남,64세,상해없음,승용,남,27세,경상
2016012500100424,2016년 1월 25일 18시,월요일,경상남도 창원시 의창구 동읍,사망사고,1,0,0,0,차량단독 - 공작물충돌,안전운전불이행,건조,맑음,단일로 - 기타,화물,남,62세,사망,,,,
2016012500100461,2016년 1월 25일 19시,월요일,경상남도 진주시 가좌동,경상사고,0,0,1,0,차대차 - 추돌,안전운전불이행,건조,맑음,단일로 - 기타,원동기,남,15세,경상,승용,남,33세,상해없음
2016012500100462,2016년 1월 25일 19시,월요일,경상남도 산청군 단성면,중상사고,0,1,1,0,차대차 - 측면충돌,중앙선침범,습기,흐림,단일로 - 기타,승용,남,27세,중상,화물,남,54세,경상
2016012500100495,2016년 1월 25일 20시,월요일,경상남도 김해시 대동면,중상사고,0,1,0,0,차대사람 - 기타,안전운전불이행,건조,맑음,교차로 - 교차로부근,화물,남,61세,상해없음,보행자,남,73세,중상
2016012500100533,2016년 1월 25일 21시,월요일,경상남도 창원시 마산합포구 대성동2가,중상사고,0,1,0,0,차량단독 - 기타,안전운전불이행,결빙,흐림,단일로 - 기타,원동기,남,35세,중상,,,,
2016012500100534,2016년 1월 25일 21시,월요일,경상남도 김해시 동상동,중상사고,0,2,0,0,차대차 - 정면충돌,중앙선침범,건조,맑음,단일로 - 기타,승용,남,32세,중상,승용,남,56세,중상
2016012500100535,2016년 1월 25일 21시,월요일,경상남도 거제시 옥포동,경상사고,0,0,1,0,차대사람 - 차도통행중,안전운전불이행,건조,맑음,단일로 - 기타,승용,남,28세,상해없음,보행자,여,27세,경상
2016012500100536,2016년 1월 25일 21시,월요일,경상남도 창원시 마산회원구 내서읍,경상사고,0,0,1,0,차대차 - 측면직각충돌,안전운전불이행,기타,맑음,단일로 - 기타,승용,남,52세,상해없음,승용,남,40세,경상
2016012500100560,2016년 1월 25일 22시,월요일,경상남도 양산시 물금읍,경상사고,0,0,1,0,차량단독 - 전도전복,안전운전불이행,건조,맑음,교차로 - 교차로안,승용,여,48세,경상,,,,
2016012500100591,2016년 1월 25일 23시,월요일,경상남도 사천시 동금동,경상사고,0,0,1,0,차대차 - 정면충돌,신호위반,건조,맑음,교차로 - 교차로안,승용,남,56세,상해없음,승용,여,52세,경상
2016012500100592,2016년 1월 25일 23시,월요일,경상남도 창녕군 성산면,경상사고,0,0,1,0,차량단독 - 기타,안전운전불이행,건조,맑음,기타 - 기타,화물,남,55세,경상,,,,
2016012500100593,2016년 1월 25일 23시,월요일,경상남도 김해시 진영읍,사망사고,1,0,0,0,차대차 - 측면직각충돌,안전운전불이행,건조,맑음,교차로 - 교차로안,화물,남,55세,상해없음,승용,남,45세,사망
2016012600100008,2016년 1월 26일 00시,화요일,경상남도 양산시 삼호동,경상사고,0,0,1,0,차대차 - 측면직각충돌,직진우회전진행방해,건조,맑음,교차로 - 교차로안,승용,남,37세,상해없음,승용,남,45세,경상
2016012600100035,2016년 1월 26일 02시,화요일,경상남도 거제시 연초면,중상사고,0,1,3,0,차대차 - 측면충돌,안전운전불이행,건조,맑음,단일로 - 기타,승용,남,31세,경상,승용,남,32세,경상
2016012600100061,2016년 1월 26일 06시,화요일,경상남도 창원시 의창구 소답동,경상사고,0,0,1,0,차대사람 - 횡단중,안전운전불이행,건조,맑음,단일로 - 기타,승용,남,51세,상해없음,보행자,여,21세,경상
2016012600100086,2016년 1월 26일 07시,화요일,경상남도 사천시 정동면,중상사고,0,1,0,0,차대차 - 정면충돌,안전운전불이행,건조,맑음,교차로 - 교차로안,승용,남,25세,상해없음,승용,남,34세,중상
2016012600100114,2016년 1월 26일 08시,화요일,경상남도 창원시 마산합포구 월영동,경상사고,0,0,1,0,차대차 - 추돌,안전거리미확보,습기,맑음,단일로 - 기타,승용,남,45세,상해없음,승용,남,42세,상해없음
2016012600100115,2016년 1월 26일 08시,화요일,경상남도 양산시 중부동,경상사고,0,0,1,0,차대차 - 정면충돌,교차로운행방법위반,건조,맑음,교차로 - 교차로안,승용,남,45세,상해없음,승용,남,55세,경상
2016012600100116,2016년 1월 26일 08시,화요일,경상남도 창원시 의창구 동정동,중상사고,0,1,0,0,차대차 - 추돌,안전운전불이행,건조,맑음,교차로 - 교차로안,화물,남,42세,상해없음,이륜,남,58세,중상
2016012600100192,2016년 1월 26일 11시,화요일,경상남도 창원시 마산합포구 구산면,중상사고,0,1,0,0,차대차 - 정면충돌,안전운전불이행,건조,맑음,단일로 - 기타,화물,남,53세,상해없음,승용,남,59세,중상
2016012600100193,2016년 1월 26일 11시,화요일,경상남도 진주시 칠암동,중상사고,0,1,0,0,차대차 - 측면충돌,신호위반,건조,맑음,단일로 - 횡단보도상,승용,남,74세,상해없음,원동기,남,44세,중상
2016012600100194,2016년 1월 26일 11시,화요일,경상남도 의령군 대의면,경상사고,0,0,1,0,차대차 - 추돌,안전운전불이행,건조,맑음,교차로 - 교차로부근,화물,남,52세,상해없음,승용,남,59세,경상
2016012600100218,2016년 1월 26일 12시,화요일,경상남도 밀양시 하남읍,중상사고,0,2,0,0,차대차 - 정면충돌,중앙선침범,건조,맑음,단일로 - 기타,승합,남,61세,중상,승용,여,57세,중상
2016012600100219,2016년 1월 26일 12시,화요일,경상남도 밀양시 하남읍,중상사고,0,1,0,0,차대차 - 측면직각충돌,안전운전불이행,건조,맑음,교차로 - 교차로부근,승용,여,62세,상해없음,승용,여,55세,중상
2016012600100220,2016년 1월 26일 12시,화요일,경상남도 김해시 상동면,중상사고,0,1,1,0,차대차 - 정면충돌,중앙선침범,건조,맑음,단일로 - 기타,화물,남,58세,중상,건설기계,남,56세,경상
2016012600100245,2016년 1월 26일 13시,화요일,경상남도 창녕군 영산면,중상사고,0,3,0,0,차대차 - 추돌,차로위반,건조,맑음,단일로 - 기타,화물,남,69세,상해없음,승합,남,59세,상해없음
2016012600100246,2016년 1월 26일 13시,화요일,경상남도 김해시 진영읍,중상사고,0,1,0,0,차대차 - 측면충돌,신호위반,건조,맑음,단일로 - 횡단보도상,화물,남,48세,상해없음,원동기,남,58세,중상
2016012600100276,2016년 1월 26일 14시,화요일,경상남도 진주시 장재동,경상사고,0,0,2,0,차대차 - 추돌,안전운전불이행,건조,맑음,교차로 - 교차로부근,승용,남,59세,상해없음,승합,남,75세,경상
2016012600100277,2016년 1월 26일 14시,화요일,경상남도 창원시 진해구 여좌동,경상사고,0,0,1,0,차대사람 - 차도통행중,안전운전불이행,건조,맑음,단일로 - 기타,승용,여,41세,상해없음,보행자,남,12세,경상
2016012600100278,2016년 1월 26일 14시,화요일,경상남도 밀양시 상남면,경상사고,0,0,1,0,차대차 - 측면직각충돌,교차로운행방법위반,건조,맑음,교차로 - 교차로안,승용,남,48세,상해없음,승용,여,62세,경상
2016012600100279,2016년 1월 26일 14시,화요일,경상남도 밀양시 삼문동,경상사고,0,0,1,0,차대사람 - 횡단중,보행자보호의무위반,건조,맑음,단일로 - 횡단보도상,승용,남,54세,상해없음,보행자,남,9세,경상
2016012600100280,2016년 1월 26일 14시,화요일,경상남도 양산시 동면,중상사고,0,2,1,0,차대차 - 정면충돌,안전운전불이행,건조,맑음,교차로 - 교차로부근,승용,여,56세,상해없음,화물,남,50세,중상
2016012600100311,2016년 1월 26일 15시,화요일,경상남도 사천시 사천읍,부상신고사고,0,0,0,1,차대차 - 정면충돌,신호위반,건조,맑음,교차로 - 교차로안,자전거,남,82세,부상신고,승용,남,50세,상해없음
2016012600100312,2016년 1월 26일 15시,화요일,경상남도 김해시 동상동,경상사고,0,0,1,0,차대차 - 기타,안전운전불이행,건조,맑음,단일로 - 기타,승합,남,60세,상해없음,승용,여,44세,경상
2016012600100348,2016년 1월 26일 16시,화요일,경상남도 창원시 마산합포구 진동면,중상사고,0,1,1,0,차대차 - 측면충돌,안전운전불이행,결빙,맑음,단일로 - 기타,승용,남,48세,중상,승용,남,24세,경상
2016012600100349,2016년 1월 26일 16시,화요일,경상남도 진주시 망경동,사망사고,1,0,0,0,차대차 - 측면충돌,신호위반,건조,맑음,교차로 - 교차로안,승용,남,22세,상해없음,원동기,남,82세,사망
2016012600100370,2016년 1월 26일 17시,화요일,경상남도 통영시 무전동,중상사고,0,1,0,0,차대차 - 측면직각충돌,안전운전불이행,건조,맑음,단일로 - 기타,승용,여,53세,상해없음,이륜,남,34세,중상
2016012600100417,2016년 1월 26일 18시,화요일,경상남도 사천시 선구동,경상사고,0,0,1,0,차대사람 - 횡단중,안전운전불이행,건조,맑음,교차로 - 교차로안,승용,여,35세,상해없음,보행자,여,58세,경상
2016012600100418,2016년 1월 26일 18시,화요일,경상남도 밀양시 내이동,경상사고,0,0,1,0,차대차 - 측면충돌,교차로운행방법위반,건조,맑음,교차로 - 교차로부근,승용,남,56세,상해없음,승용,남,61세,경상
2016012600100419,2016년 1월 26일 18시,화요일,경상남도 창원시 성산구 반림동,경상사고,0,0,1,0,차대차 - 측면충돌,안전운전불이행,건조,맑음,교차로 - 교차로부근,승용,남,52세,상해없음,원동기,남,17세,경상
2016012600100420,2016년 1월 26일 18시,화요일,경상남도 창원시 의창구 소답동,경상사고,0,0,1,0,차대차 - 측면직각충돌,차로위반,건조,맑음,단일로 - 기타,승용,여,37세,상해없음,승용,여,46세,경상
2016012600100421,2016년 1월 26일 18시,화요일,경상남도 창원시 의창구 봉림동,중상사고,0,1,0,0,차대사람 - 횡단중,안전운전불이행,건조,맑음,교차로 - 교차로안,승용,여,52세,상해없음,보행자,여,65세,중상
2016012600100422,2016년 1월 26일 18시,화요일,경상남도 김해시 진영읍,중상사고,0,1,1,0,차대차 - 추돌,안전거리미확보,건조,맑음,단일로 - 기타,승용,남,26세,경상,승용,남,43세,중상
2016012600100467,2016년 1월 26일 19시,화요일,경상남도 거창군 거창읍,경상사고,0,0,1,0,차대차 - 측면충돌,안전운전불이행,건조,맑음,교차로 - 교차로부근,이륜,남,18세,경상,승용,남,39세,상해없음
2016012600100468,2016년 1월 26일 19시,화요일,경상남도 거제시 고현동,경상사고,0,0,2,0,차대차 - 측면충돌,안전운전불이행,건조,맑음,교차로 - 교차로부근,승용,여,60세,경상,이륜,남,27세,경상
2016012600100492,2016년 1월 26일 20시,화요일,경상남도 창원시 의창구 팔용동,경상사고,0,0,1,0,차대차 - 기타,안전운전불이행,건조,맑음,단일로 - 기타,승용,남,22세,상해없음,이륜,남,27세,경상
2016012600100493,2016년 1월 26일 20시,화요일,경상남도 김해시 장유면,경상사고,0,0,1,0,차대차 - 추돌,안전운전불이행,건조,맑음,단일로 - 기타,승용,남,33세,기타불명,승용,남,29세,기타불명
2016012600100526,2016년 1월 26일 21시,화요일,경상남도 창원시 마산합포구 창포동3가,중상사고,0,1,0,0,차대사람 - 기타,안전운전불이행,건조,맑음,단일로 - 기타,승용,남,37세,상해없음,보행자,남,70세,중상
2016012600100527,2016년 1월 26일 21시,화요일,경상남도 창원시 마산합포구 월남동3가,중상사고,0,1,2,2,차대차 - 정면충돌,중앙선침범,건조,맑음,단일로 - 기타,승용,남,20세,상해없음,승용,남,41세,부상신고
2016012600100528,2016년 1월 26일 21시,화요일,경상남도 창원시 의창구 사림동,경상사고,0,0,2,0,차대차 - 측면충돌,신호위반,건조,맑음,교차로 - 교차로안,승용,남,56세,상해없음,승용,남,37세,경상
2016012600100529,2016년 1월 26일 21시,화요일,경상남도 김해시 진례면,중상사고,0,1,0,0,차대차 - 측면직각충돌,안전운전불이행,건조,맑음,교차로 - 교차로안,이륜,남,25세,중상,화물,남,42세,상해없음
2016012600100530,2016년 1월 26일 21시,화요일,경상남도 함안군 칠서면,중상사고,0,1,0,0,차대차 - 측면충돌,안전운전불이행,건조,맑음,단일로 - 기타,승용,남,41세,기타불명,승용,남,46세,중상
2016012600100558,2016년 1월 26일 22시,화요일,경상남도 김해시 장유면,경상사고,0,0,2,0,차대차 - 측면충돌,안전운전불이행,건조,맑음,교차로 - 교차로부근,승용,남,37세,상해없음,승용,여,54세,경상
2016012600100587,2016년 1월 26일 23시,화요일,경상남도 진주시 호탄동,중상사고,0,1,1,0,차대차 - 추돌,안전운전불이행,건조,맑음,교차로 - 교차로부근,승용,남,61세,상해없음,승용,남,29세,경상
2016012600100588,2016년 1월 26일 23시,화요일,경상남도 진주시 금산면,경상사고,0,0,1,0,차대차 - 정면충돌,중앙선침범,건조,맑음,단일로 - 기타,승용,남,33세,상해없음,원동기,남,46세,경상
2016012600100589,2016년 1월 26일 23시,화요일,경상남도 창원시 의창구 봉곡동,경상사고,0,0,1,0,차대사람 - 횡단중,보행자보호의무위반,건조,맑음,교차로 - 교차로안,승용,남,64세,상해없음,보행자,남,31세,경상
2016012700100020,2016년 1월 27일 00시,수요일,경상남도 김해시 구산동,경상사고,0,0,2,0,차대차 - 기타,안전운전불이행,건조,맑음,교차로 - 교차로부근,승용,남,35세,상해없음,승용,남,37세,경상
2016012700100032,2016년 1월 27일 01시,수요일,경상남도 창원시 성산구 불모산동,중상사고,0,3,0,0,차대차 - 정면충돌,안전운전불이행,건조,맑음,단일로 - 기타,승용,남,28세,상해없음,승용,남,58세,중상
2016012700100069,2016년 1월 27일 05시,수요일,경상남도 창원시 마산회원구 석전동,경상사고,0,0,2,0,차대차 - 측면충돌,안전운전불이행,건조,맑음,교차로 - 교차로안,승용,남,59세,상해없음,원동기,남,18세,경상
2016012700100146,2016년 1월 27일 08시,수요일,경상남도 김해시 장유면,경상사고,0,0,1,0,차대차 - 측면충돌,신호위반,건조,맑음,교차로 - 교차로안,승용,여,47세,상해없음,승합,남,54세,경상
2016012700100179,2016년 1월 27일 09시,수요일,경상남도 양산시 북부동,중상사고,0,2,0,0,차량단독 - 기타,기타,건조,맑음,교차로 - 교차로부근,승용,남,59세,상해없음,,,,
2016012700100199,2016년 1월 27일 10시,수요일,경상남도 통영시 무전동,사망사고,1,0,0,0,차대사람 - 횡단중,안전운전불이행,건조,맑음,단일로 - 기타,승용,여,54세,상해없음,보행자,여,72세,사망
2016012700100200,2016년 1월 27일 10시,수요일,경상남도 양산시 동면,경상사고,0,0,1,0,차대차 - 측면직각충돌,안전거리미확보,건조,맑음,단일로 - 기타,건설기계,남,49세,상해없음,승용,남,47세,경상
2016012700100201,2016년 1월 27일 10시,수요일,경상남도 남해군 상주면,부상신고사고,0,0,0,1,차대차 - 측면충돌,안전운전불이행,건조,맑음,교차로 - 교차로안,이륜,남,71세,부상신고,승용,여,24세,상해없음
2016012700100202,2016년 1월 27일 10시,수요일,경상남도 창원시 의창구 중동,중상사고,0,1,0,0,차대차 - 측면충돌,안전운전불이행,건조,맑음,단일로 - 횡단보도상,화물,남,49세,상해없음,자전거,남,22세,중상
2016012700100247,2016년 1월 27일 12시,수요일,경상남도 밀양시 하남읍,경상사고,0,0,1,0,차대차 - 추돌,안전운전불이행,건조,맑음,단일로 - 기타,건설기계,남,31세,상해없음,화물,남,27세,경상
2016012700100248,2016년 1월 27일 12시,수요일,경상남도 고성군 고성읍,중상사고,0,1,0,0,차대사람 - 길가장자리구역통행중,안전운전불이행,건조,맑음,단일로 - 기타,승용,여,30세,기타불명,보행자,여,79세,중상
2016012700100269,2016년 1월 27일 13시,수요일,경상남도 창원시 마산합포구 구산면,경상사고,0,0,1,0,차대차 - 정면충돌,중앙선침범,건조,맑음,단일로 - 기타,승합,남,69세,상해없음,승용,남,68세,경상
2016012700100270,2016년 1월 27일 13시,수요일,경상남도 창원시 진해구 용원동,경상사고,0,0,1,0,차대차 - 측면직각충돌,교차로운행방법위반,건조,맑음,교차로 - 교차로안,화물,남,59세,상해없음,승용,여,24세,경상
2016012700100291,2016년 1월 27일 14시,수요일,경상남도 창원시 마산합포구 월남동2가,중상사고,0,1,0,0,차량단독 - 기타,안전운전불이행,건조,맑음,단일로 - 기타,승용,남,55세,상해없음,,,,
2016012700100292,2016년 1월 27일 14시,수요일,경상남도 통영시 무전동,중상사고,0,1,0,0,차대차 - 측면직각충돌,안전운전불이행,건조,맑음,단일로 - 기타,승용,여,53세,상해없음,이륜,남,60세,중상
2016012700100293,2016년 1월 27일 14시,수요일,경상남도 창원시 의창구 팔용동,경상사고,0,0,1,0,차대차 - 측면충돌,안전거리미확보,건조,맑음,단일로 - 기타,특수,남,58세,기타불명,승용,여,60세,경상
2016012700100294,2016년 1월 27일 14시,수요일,경상남도 창원시 의창구 소계동,경상사고,0,0,1,0,차대차 - 측면충돌,교차로운행방법위반,건조,맑음,교차로 - 교차로안,승용,남,60세,상해없음,승용,여,51세,경상
2016012700100327,2016년 1월 27일 15시,수요일,경상남도 진주시 금산면,중상사고,0,1,1,0,차대차 - 정면충돌,중앙선침범,건조,맑음,단일로 - 기타,승용,여,55세,경상,승용,여,58세,중상
2016012700100328,2016년 1월 27일 15시,수요일,경상남도 진주시 이현동,중상사고,0,1,0,0,차량단독 - 전도전복,안전운전불이행,건조,맑음,단일로 - 기타,승용,남,41세,중상,,,,
2016012700100329,2016년 1월 27일 15시,수요일,경상남도 창원시 진해구 충무동,중상사고,0,1,0,0,차대사람 - 차도통행중,안전운전불이행,건조,맑음,단일로 - 기타,승합,남,55세,상해없음,보행자,여,72세,중상
2016012700100330,2016년 1월 27일 15시,수요일,경상남도 창원시 진해구 이동,경상사고,0,0,1,0,차대차 - 추돌,안전운전불이행,건조,맑음,단일로 - 기타,승용,여,40세,상해없음,원동기,남,45세,경상
2016012700100331,2016년 1월 27일 15시,수요일,경상남도 창원시 성산구 남양동,중상사고,0,1,0,0,차대차 - 정면충돌,안전운전불이행,건조,맑음,교차로 - 교차로안,승합,남,46세,상해없음,원동기,남,18세,중상
2016012700100332,2016년 1월 27일 15시,수요일,경상남도 창원시 성산구 사파동,중상사고,0,1,0,0,차대사람 - 횡단중,안전운전불이행,건조,맑음,단일로 - 기타,승용,남,41세,상해없음,보행자,남,4세,중상
2016012700100365,2016년 1월 27일 16시,수요일,경상남도 창녕군 계성면,중상사고,0,1,0,0,차대차 - 추돌,안전거리미확보,건조,맑음,단일로 - 기타,특수,남,41세,상해없음,승용,여,47세,중상
2016012700100366,2016년 1월 27일 16시,수요일,경상남도 함양군 함양읍,중상사고,0,1,0,0,차대사람 - 길가장자리구역통행중,안전운전불이행,건조,맑음,교차로 - 교차로부근,승용,남,56세,상해없음,보행자,여,63세,중상
2016012700100401,2016년 1월 27일 17시,수요일,경상남도 하동군 하동읍,중상사고,0,1,0,0,차대사람 - 횡단중,보행자보호의무위반,건조,맑음,단일로 - 기타,화물,남,74세,상해없음,보행자,여,80세,중상
2016012700100451,2016년 1월 27일 18시,수요일,경상남도 통영시 북신동,중상사고,0,1,0,0,차대차 - 측면직각충돌,안전거리미확보,건조,맑음,단일로 - 기타,이륜,남,55세,중상,승합,남,44세,상해없음
2016012700100452,2016년 1월 27일 18시,수요일,경상남도 거창군 주상면,사망사고,1,0,0,0,차대차 - 추돌,안전운전불이행,건조,흐림,단일로 - 기타,화물,남,69세,상해없음,농기계,남,68세,사망
2016012700100453,2016년 1월 27일 18시,수요일,경상남도 거제시 거제면,경상사고,0,0,2,0,차대차 - 측면직각충돌,안전운전불이행,건조,맑음,단일로 - 기타,승합,남,22세,상해없음,승용,남,56세,경상
2016012700100454,2016년 1월 27일 18시,수요일,경상남도 창원시 의창구 대원동,사망사고,1,0,0,0,차대사람 - 횡단중,안전운전불이행,건조,맑음,단일로 - 횡단보도상,승용,남,41세,상해없음,보행자,여,67세,사망
2016012700100489,2016년 1월 27일 19시,수요일,경상남도 창원시 성산구 가음정동,경상사고,0,0,1,0,차대차 - 추돌,안전운전불이행,건조,맑음,단일로 - 기타,승용,남,43세,상해없음,승용,여,46세,경상
2016012700100535,2016년 1월 27일 20시,수요일,경상남도 사천시 사천읍,경상사고,0,0,1,0,차대사람 - 길가장자리구역통행중,안전운전불이행,건조,맑음,교차로 - 교차로안,승용,남,30세,상해없음,보행자,여,39세,경상
2016012700100536,2016년 1월 27일 20시,수요일,경상남도 거제시 장승포동,경상사고,0,0,2,0,차대차 - 측면직각충돌,중앙선침범,건조,맑음,단일로 - 기타,승용,남,28세,상해없음,승용,남,33세,경상
2016012700100566,2016년 1월 27일 21시,수요일,경상남도 창원시 마산회원구 내서읍,사망사고,1,0,0,0,차대사람 - 횡단중,신호위반,건조,맑음,단일로 - 기타,승합,남,54세,상해없음,보행자,여,61세,사망
2016012700100627,2016년 1월 27일 23시,수요일,경상남도 진주시 평거동,중상사고,0,1,0,0,차대사람 - 횡단중,안전운전불이행,건조,맑음,교차로 - 교차로안,승용,남,52세,상해없음,보행자,남,43세,중상
2016012700100628,2016년 1월 27일 23시,수요일,경상남도 거제시 연초면,중상사고,0,1,2,0,차대차 - 추돌,안전운전불이행,건조,맑음,교차로 - 교차로부근,승용,남,42세,상해없음,이륜,남,36세,중상
2016012700100629,2016년 1월 27일 23시,수요일,경상남도 거제시 고현동,중상사고,0,1,0,0,차대차 - 측면직각충돌,안전운전불이행,건조,맑음,단일로 - 기타,화물,남,52세,상해없음,승용,남,30세,중상
2016012700100630,2016년 1월 27일 23시,수요일,경상남도 창원시 의창구 도계동,부상신고사고,0,0,0,1,차대사람 - 횡단중,안전운전불이행,건조,맑음,교차로 - 교차로안,승용,남,48세,상해없음,보행자,남,38세,부상신고
2016012800100018,2016년 1월 28일 00시,목요일,경상남도 진주시 상대동,경상사고,0,0,1,0,차량단독 - 전도전복,안전운전불이행,건조,맑음,단일로 - 기타,이륜,남,50세,경상,,,,
2016012800100038,2016년 1월 28일 01시,목요일,경상남도 창원시 성산구 상남동,중상사고,0,1,0,0,차대사람 - 횡단중,안전운전불이행,건조,맑음,교차로 - 교차로안,승용,남,64세,상해없음,보행자,여,45세,중상
2016012800100052,2016년 1월 28일 02시,목요일,경상남도 양산시 소주동,경상사고,0,0,2,0,차대차 - 측면충돌,교차로운행방법위반,건조,맑음,교차로 - 교차로안,승용,남,21세,상해없음,승용,여,54세,경상
2016012800100063,2016년 1월 28일 03시,목요일,경상남도 진주시 칠암동,경상사고,0,0,2,0,차대차 - 추돌,안전운전불이행,건조,맑음,교차로 - 교차로부근,승용,여,57세,경상,승용,남,49세,경상
2016012800100070,2016년 1월 28일 04시,목요일,경상남도 김해시 봉황동,경상사고,0,0,1,0,차대차 - 추돌,안전거리미확보,건조,맑음,단일로 - 기타,승용,남,24세,기타불명,화물,남,53세,경상
2016012800100104,2016년 1월 28일 06시,목요일,경상남도 양산시 삼호동,경상사고,0,0,1,0,차대차 - 측면충돌,교차로운행방법위반,건조,맑음,교차로 - 교차로안,화물,남,62세,상해없음,승용,남,49세,경상
2016012800100221,2016년 1월 28일 10시,목요일,경상남도 창원시 진해구 풍호동,경상사고,0,0,1,0,차대차 - 측면직각충돌,신호위반,건조,맑음,교차로 - 교차로안,화물,남,55세,상해없음,승용,여,36세,경상
2016012800100222,2016년 1월 28일 10시,목요일,경상남도 고성군 대가면,사망사고,1,0,0,0,차량단독 - 전도전복,안전운전불이행,습기,비,교차로 - 교차로안,이륜,여,82세,사망,,,,
2016012800100223,2016년 1월 28일 10시,목요일,경상남도 고성군 동해면,중상사고,0,4,3,0,차대차 - 정면충돌,중앙선침범,건조,맑음,단일로 - 기타,화물,남,57세,상해없음,승용,남,42세,중상
2016012800100245,2016년 1월 28일 11시,목요일,경상남도 통영시 당동,경상사고,0,0,6,0,차대차 - 추돌,안전운전불이행,습기,비,단일로 - 교량,승합,남,58세,상해없음,승용,남,43세,경상
2016012800100246,2016년 1월 28일 11시,목요일,경상남도 거제시 수월동,경상사고,0,0,1,0,차대차 - 기타,안전운전불이행,기타,비,단일로 - 기타,승용,남,52세,상해없음,승용,여,39세,경상