사고번호,사고일시,요일,시군구,사고내용,사망자수,중상자수,경상자수,부상신고자수,사고유형,법규위반,노면상태,기상상태,도로형태,가해운전자 차종,가해운전자 성별,가해운전자 연령,가해운전자 상해정도,피해운전자 차종,피해운전자 성별,피해운전자 연령,피해운전자 상해정도
2016012800100247,2016년 1월 28일 11시,목요일,경상남도 창원시 성산구 상남동,중상사고,0,1,0,0,차대사람 - 차도통행중,안전운전불이행,건조,흐림,단일로 - 기타,승용,여,44세,상해없음,보행자,남,69세,중상
2016012800100271,2016년 1월 28일 12시,목요일,경상남도 진주시 옥봉동,중상사고,0,1,0,0,차대차 - 추돌,안전운전불이행,건조,맑음,교차로 - 교차로안,승용,남,68세,상해없음,자전거,남,68세,중상
2016012800100272,2016년 1월 28일 12시,목요일,경상남도 창원시 진해구 용원동,경상사고,0,0,1,0,차대차 - 측면직각충돌,직진우회전진행방해,습기,비,교차로 - 교차로안,승용,남,79세,상해없음,화물,남,56세,상해없음
2016012800100274,2016년 1월 28일 12시,목요일,경상남도 밀양시 초동면,중상사고,0,1,0,0,차대차 - 측면충돌,안전운전불이행,건조,맑음,교차로 - 교차로부근,화물,남,58세,상해없음,원동기,남,78세,중상
2016012800100301,2016년 1월 28일 13시,목요일,경상남도 거제시 고현동,경상사고,0,0,1,0,차대차 - 기타,직진우회전진행방해,기타,비,교차로 - 교차로안,승용,여,44세,상해없음,이륜,남,34세,경상
2016012800100332,2016년 1월 28일 14시,목요일,경상남도 창원시 마산합포구 예곡동,중상사고,0,1,0,0,차대차 - 기타,기타,습기,비,단일로 - 기타,화물,남,54세,기타불명,승용,남,31세,중상
2016012800100333,2016년 1월 28일 14시,목요일,경상남도 창원시 마산합포구 월남동5가,경상사고,0,0,3,0,차대차 - 측면직각충돌,안전운전불이행,건조,맑음,단일로 - 기타,승용,여,59세,상해없음,승용,남,26세,경상
2016012800100334,2016년 1월 28일 14시,목요일,경상남도 창원시 진해구 충무동,경상사고,0,0,1,0,차대차 - 추돌,안전운전불이행,건조,맑음,교차로 - 교차로부근,화물,남,35세,상해없음,승용,남,68세,경상
2016012800100335,2016년 1월 28일 14시,목요일,경상남도 김해시 어방동,경상사고,0,0,1,0,차대사람 - 횡단중,안전운전불이행,습기,비,단일로 - 기타,승용,여,48세,상해없음,보행자,남,10세,경상
2016012800100336,2016년 1월 28일 14시,목요일,경상남도 고성군 고성읍,중상사고,0,1,0,0,차대사람 - 횡단중,안전운전불이행,건조,맑음,단일로 - 기타,승용,남,32세,상해없음,보행자,여,45세,중상
2016012800100337,2016년 1월 28일 14시,목요일,경상남도 거제시 연초면,경상사고,0,0,1,0,차대차 - 기타,신호위반,기타,비,교차로 - 교차로안,화물,남,32세,상해없음,화물,남,58세,상해없음
2016012800100338,2016년 1월 28일 14시,목요일,경상남도 창원시 의창구 팔용동,중상사고,0,1,0,0,차량단독 - 전도전복,안전운전불이행,습기,비,단일로 - 기타,승용,남,22세,상해없음,,,,
2016012800100366,2016년 1월 28일 15시,목요일,경상남도 창녕군 부곡면,부상신고사고,0,0,0,1,차량단독 - 전도전복,안전운전불이행,습기,비,단일로 - 기타,원동기,남,79세,부상신고,,,,
2016012800100394,2016년 1월 28일 16시,목요일,경상남도 남해군 고현면,경상사고,0,0,4,0,차대차 - 정면충돌,안전운전불이행,습기,비,교차로 - 교차로안,승합,남,42세,상해없음,승용,남,47세,경상
2016012800100407,2016년 1월 28일 17시,목요일,경상남도 김해시 대동면,경상사고,0,0,1,0,차대차 - 측면직각충돌,안전거리미확보,습기,비,교차로 - 교차로부근,승용,남,41세,경상,승용,남,63세,상해없음
2016012800100418,2016년 1월 28일 17시,목요일,경상남도 양산시 상북면,경상사고,0,0,1,0,차대차 - 측면충돌,안전운전불이행,습기,비,기타 - 기타,화물,남,56세,상해없음,승용,여,46세,경상
2016012800100419,2016년 1월 28일 17시,목요일,경상남도 양산시 북부동,부상신고사고,0,0,0,1,차대차 - 측면충돌,안전운전불이행,습기,비,교차로 - 교차로부근,이륜,남,33세,부상신고,승용,남,37세,상해없음
2016012800100441,2016년 1월 28일 18시,목요일,경상남도 김해시 장유면,경상사고,0,0,1,0,차대차 - 기타,안전운전불이행,건조,맑음,단일로 - 기타,승용,남,18세,상해없음,승용,남,48세,경상
2016012800100463,2016년 1월 28일 18시,목요일,경상남도 진주시 평거동,경상사고,0,0,1,0,차대사람 - 횡단중,보행자보호의무위반,습기,비,교차로 - 교차로안,화물,남,52세,상해없음,보행자,여,11세,경상
2016012800100464,2016년 1월 28일 18시,목요일,경상남도 통영시 광도면,중상사고,0,1,0,0,차대사람 - 횡단중,안전운전불이행,습기,비,교차로 - 교차로안,이륜,남,19세,상해없음,보행자,여,65세,중상
2016012800100465,2016년 1월 28일 18시,목요일,경상남도 의령군 가례면,중상사고,0,2,3,0,차대차 - 기타,중앙선침범,습기,비,단일로 - 기타,화물,남,78세,중상,승용,남,30세,경상
2016012800100466,2016년 1월 28일 18시,목요일,경상남도 창원시 의창구 팔용동,중상사고,0,1,0,0,차대사람 - 보도통행중,기타,습기,비,기타 - 기타,원동기,남,34세,상해없음,보행자,여,29세,중상
2016012800100512,2016년 1월 28일 19시,목요일,경상남도 사천시 용현면,경상사고,0,0,1,1,차대차 - 정면충돌,안전운전불이행,습기,맑음,단일로 - 기타,승용,남,34세,경상,화물,남,36세,상해없음
2016012800100513,2016년 1월 28일 19시,목요일,경상남도 밀양시 무안면,중상사고,0,1,2,0,차대차 - 측면직각충돌,안전운전불이행,습기,비,교차로 - 교차로안,승용,여,27세,중상,승용,남,60세,경상
2016012800100514,2016년 1월 28일 19시,목요일,경상남도 김해시 풍유동,중상사고,0,1,0,0,차대차 - 측면충돌,안전거리미확보,습기,비,교차로 - 교차로부근,화물,여,65세,상해없음,승합,남,41세,중상
2016012800100554,2016년 1월 28일 20시,목요일,경상남도 거창군 거창읍,경상사고,0,0,1,0,차대사람 - 횡단중,안전운전불이행,습기,비,교차로 - 교차로부근,승용,남,21세,상해없음,보행자,여,20세,경상
2016012800100555,2016년 1월 28일 20시,목요일,경상남도 거제시 고현동,경상사고,0,0,2,0,차대차 - 측면충돌,안전운전불이행,습기,비,교차로 - 교차로부근,승합,남,29세,상해없음,승합,남,47세,경상
2016012800100556,2016년 1월 28일 20시,목요일,경상남도 함안군 칠서면,중상사고,0,1,0,0,차대차 - 측면충돌,안전운전불이행,습기,비,교차로 - 교차로안,승용,남,48세,상해없음,승용,남,35세,중상
2016012800100632,2016년 1월 28일 22시,목요일,경상남도 진주시 대안동,경상사고,0,0,1,0,차대사람 - 횡단중,보행자보호의무위반,습기,비,교차로 - 교차로안,승합,남,47세,상해없음,보행자,남,23세,경상
2016012800100633,2016년 1월 28일 22시,목요일,경상남도 창원시 진해구 용원동,중상사고,0,1,0,0,차대사람 - 차도통행중,안전운전불이행,습기,비,교차로 - 교차로부근,화물,남,43세,상해없음,보행자,남,28세,중상
2016012800100634,2016년 1월 28일 22시,목요일,경상남도 거제시 아주동,경상사고,0,0,1,0,차대차 - 정면충돌,신호위반,기타,비,교차로 - 교차로안,승용,남,51세,상해없음,승용,여,42세,경상
2016012800100635,2016년 1월 28일 22시,목요일,경상남도 거제시 옥포동,경상사고,0,0,2,0,차대사람 - 횡단중,안전운전불이행,습기,비,교차로 - 교차로부근,이륜,남,36세,상해없음,보행자,여,25세,경상
2016012800100636,2016년 1월 28일 22시,목요일,경상남도 창원시 마산회원구 내서읍,경상사고,0,0,1,0,차대차 - 추돌,안전운전불이행,습기,비,교차로 - 교차로부근,승용,남,39세,상해없음,승용,남,56세,경상
2016012800100670,2016년 1월 28일 23시,목요일,경상남도 김해시 외동,중상사고,0,1,0,1,차대사람 - 횡단중,안전운전불이행,습기,비,단일로 - 기타,이륜,남,24세,부상신고,보행자,남,34세,중상
2016012800100671,2016년 1월 28일 23시,목요일,경상남도 함양군 병곡면,중상사고,0,2,1,0,차량단독 - 전도전복,안전운전불이행,습기,비,단일로 - 기타,승용,남,40세,중상,,,,
2016012800100672,2016년 1월 28일 23시,목요일,경상남도 거제시 고현동,중상사고,0,1,0,0,차대사람 - 횡단중,보행자보호의무위반,습기,비,교차로 - 교차로부근,승합,남,44세,상해없음,보행자,여,59세,중상
2016012800100673,2016년 1월 28일 23시,목요일,경상남도 창원시 마산합포구 산호동,경상사고,0,0,1,0,차대차 - 추돌,안전운전불이행,습기,비,단일로 - 기타,승용,남,33세,상해없음,화물,남,54세,경상
2016012900100022,2016년 1월 29일 00시,금요일,경상남도 김해시 장유면,중상사고,0,1,0,0,차량단독 - 전도전복,기타,습기,비,단일로 - 기타,승용,남,34세,중상,,,,
2016012900100064,2016년 1월 29일 02시,금요일,경상남도 창원시 마산회원구 회원동,중상사고,0,1,1,0,차대차 - 측면충돌,안전운전불이행,습기,비,교차로 - 교차로안,승용,남,53세,상해없음,승용,남,52세,중상
2016012900100090,2016년 1월 29일 04시,금요일,경상남도 창원시 마산회원구 봉암동,중상사고,0,1,2,0,차대차 - 측면충돌,신호위반,습기,비,교차로 - 교차로안,승용,남,60세,상해없음,승용,남,58세,경상
2016012900100100,2016년 1월 29일 05시,금요일,경상남도 김해시 어방동,중상사고,0,1,0,0,차대사람 - 기타,안전운전불이행,습기,비,교차로 - 교차로안,화물,남,52세,상해없음,보행자,여,45세,중상
2016012900100115,2016년 1월 29일 06시,금요일,경상남도 창원시 마산합포구 자산동,중상사고,0,1,0,0,차대사람 - 횡단중,신호위반,건조,맑음,단일로 - 횡단보도상,승용,남,57세,상해없음,보행자,여,21세,중상
2016012900100116,2016년 1월 29일 06시,금요일,경상남도 거제시 능포동,경상사고,0,0,1,0,차대사람 - 횡단중,안전운전불이행,습기,비,단일로 - 기타,승합,남,59세,상해없음,보행자,여,67세,경상
2016012900100145,2016년 1월 29일 07시,금요일,경상남도 창원시 마산합포구 상남동,경상사고,0,0,2,0,차대차 - 측면충돌,신호위반,건조,맑음,교차로 - 교차로안,승용,여,39세,상해없음,승용,남,55세,경상
2016012900100146,2016년 1월 29일 07시,금요일,경상남도 통영시 중앙동,중상사고,0,1,0,0,차대사람 - 횡단중,신호위반,습기,비,단일로 - 횡단보도상,승용,여,32세,상해없음,보행자,여,73세,중상
2016012900100147,2016년 1월 29일 07시,금요일,경상남도 통영시 명정동,중상사고,0,1,0,0,차대차 - 측면충돌,안전운전불이행,습기,비,교차로 - 교차로안,화물,남,52세,상해없음,화물,남,55세,중상
2016012900100148,2016년 1월 29일 07시,금요일,경상남도 양산시 유산동,부상신고사고,0,0,0,3,차대차 - 추돌,안전거리미확보,습기,비,단일로 - 기타,승합,남,37세,상해없음,화물,남,53세,부상신고
2016012900100179,2016년 1월 29일 08시,금요일,경상남도 거창군 거창읍,중상사고,0,3,0,0,차대차 - 측면충돌,중앙선침범,적설,눈,단일로 - 기타,승용,여,40세,중상,승용,여,32세,중상
2016012900100180,2016년 1월 29일 08시,금요일,경상남도 합천군 율곡면,중상사고,0,1,1,0,차량단독 - 공작물충돌,안전운전불이행,적설,비,단일로 - 기타,승용,여,36세,경상,,,,
2016012900100181,2016년 1월 29일 08시,금요일,경상남도 창원시 의창구 대산면,중상사고,0,1,0,0,차대차 - 정면충돌,안전운전불이행,습기,비,교차로 - 교차로안,승용,여,46세,상해없음,승용,남,68세,중상
2016012900100208,2016년 1월 29일 09시,금요일,경상남도 사천시 선구동,경상사고,0,0,1,0,차대차 - 측면직각충돌,안전거리미확보,습기,비,단일로 - 기타,화물,남,55세,상해없음,화물,남,65세,상해없음
2016012900100209,2016년 1월 29일 09시,금요일,경상남도 하동군 하동읍,중상사고,0,1,0,0,차대사람 - 횡단중,보행자보호의무위반,습기,비,단일로 - 횡단보도상,화물,남,51세,상해없음,보행자,여,70세,중상
2016012900100233,2016년 1월 29일 10시,금요일,경상남도 사천시 서포면,중상사고,0,1,0,0,차대차 - 측면직각충돌,교차로운행방법위반,습기,비,교차로 - 교차로안,승용,여,24세,상해없음,화물,남,67세,중상
2016012900100234,2016년 1월 29일 10시,금요일,경상남도 산청군 신등면,사망사고,1,0,0,0,차대사람 - 횡단중,안전운전불이행,습기,비,단일로 - 기타,화물,남,60세,상해없음,보행자,여,71세,사망
2016012900100252,2016년 1월 29일 11시,금요일,경상남도 창녕군 부곡면,경상사고,0,0,2,0,차대차 - 기타,교차로운행방법위반,습기,흐림,교차로 - 교차로안,화물,남,61세,상해없음,승용,남,64세,경상
2016012900100253,2016년 1월 29일 11시,금요일,경상남도 양산시 북부동,중상사고,0,1,0,0,차대사람 - 횡단중,안전운전불이행,습기,비,교차로 - 교차로부근,기타불명,기타불명,기타불명,기타불명,보행자,남,71세,중상
2016012900100279,2016년 1월 29일 12시,금요일,경상남도 김해시 장유면,중상사고,0,1,0,0,차대차 - 측면충돌,안전운전불이행,건조,맑음,교차로 - 교차로안,승용,남,36세,상해없음,원동기,남,30세,중상
2016012900100305,2016년 1월 29일 13시,금요일,경상남도 양산시 산막동,경상사고,0,0,1,0,차대차 - 측면직각충돌,직진우회전진행방해,건조,맑음,교차로 - 교차로안,승용,남,54세,상해없음,화물,남,55세,상해없음
2016012900100306,2016년 1월 29일 13시,금요일,경상남도 김해시 진영읍,중상사고,0,2,0,0,차대차 - 추돌,안전거리미확보,습기,비,교차로 - 교차로안,승용,남,26세,상해없음,승용,남,29세,중상
2016012900100327,2016년 1월 29일 14시,금요일,경상남도 밀양시 부북면,중상사고,0,1,0,0,차대사람 - 횡단중,안전운전불이행,습기,비,교차로 - 교차로안,화물,남,38세,상해없음,보행자,여,66세,중상
2016012900100358,2016년 1월 29일 15시,금요일,경상남도 창원시 마산합포구 오동동,경상사고,0,0,5,0,차대차 - 측면직각충돌,안전운전불이행,습기,비,단일로 - 기타,승용,남,70세,상해없음,승용,여,37세,경상
2016012900100379,2016년 1월 29일 16시,금요일,경상남도 창원시 의창구 봉곡동,중상사고,0,1,0,0,차대사람 - 횡단중,신호위반,습기,흐림,교차로 - 교차로안,원동기,남,50세,상해없음,보행자,여,58세,중상
2016012900100380,2016년 1월 29일 16시,금요일,경상남도 김해시 전하동,중상사고,0,1,0,0,차대차 - 추돌,안전운전불이행,습기,비,교차로 - 교차로안,승용,여,54세,상해없음,승용,남,36세,중상
2016012900100414,2016년 1월 29일 17시,금요일,경상남도 창원시 진해구 용원동,경상사고,0,0,1,0,차대사람 - 차도통행중,보행자보호의무위반,습기,비,교차로 - 교차로안,승용,남,31세,상해없음,보행자,여,47세,경상
2016012900100415,2016년 1월 29일 17시,금요일,경상남도 김해시 삼계동,중상사고,0,1,0,0,차대차 - 측면충돌,안전운전불이행,습기,비,교차로 - 교차로안,승용,남,52세,상해없음,원동기,남,16세,중상
2016012900100416,2016년 1월 29일 17시,금요일,경상남도 김해시 어방동,경상사고,0,0,2,0,차대차 - 추돌,교차로운행방법위반,습기,비,단일로 - 기타,승용,남,58세,경상,승합,남,44세,상해없음
2016012900100471,2016년 1월 29일 18시,금요일,경상남도 창원시 마산합포구 월영동,경상사고,0,0,1,0,차대차 - 측면충돌,신호위반,습기,비,교차로 - 교차로안,승합,남,56세,상해없음,원동기,남,30세,경상
2016012900100472,2016년 1월 29일 18시,금요일,경상남도 창원시 의창구 대원동,경상사고,0,0,1,0,차대차 - 정면충돌,안전운전불이행,습기,비,교차로 - 교차로부근,승용,남,47세,상해없음,승용,남,33세,경상
2016012900100528,2016년 1월 29일 19시,금요일,경상남도 양산시 남부동,경상사고,0,0,1,0,차대사람 - 길가장자리구역통행중,안전운전불이행,습기,비,단일로 - 기타,승용,남,51세,상해없음,보행자,남,58세,경상
2016012900100529,2016년 1월 29일 19시,금요일,경상남도 김해시 장유면,사망사고,1,0,0,0,차대차 - 추돌,안전운전불이행,습기,비,단일로 - 기타,승용,여,35세,상해없음,건설기계,남,35세,기타불명
2016012900100583,2016년 1월 29일 20시,금요일,경상남도 진주시 상대동,중상사고,0,1,0,0,차대사람 - 횡단중,보행자보호의무위반,습기,비,단일로 - 기타,승용,남,38세,상해없음,보행자,여,56세,중상
2016012900100584,2016년 1월 29일 20시,금요일,경상남도 산청군 단성면,중상사고,0,1,0,1,차량단독 - 전도전복,안전운전불이행,결빙,맑음,단일로 - 기타,승합,남,51세,상해없음,,,,
2016012900100585,2016년 1월 29일 20시,금요일,경상남도 창원시 마산회원구 양덕동,중상사고,0,1,0,0,차대차 - 측면충돌,중앙선침범,습기,비,교차로 - 교차로부근,승용,여,42세,상해없음,이륜,남,48세,중상
2016012900100586,2016년 1월 29일 20시,금요일,경상남도 김해시 장유면,중상사고,0,1,1,0,차대차 - 정면충돌,안전운전불이행,습기,비,단일로 - 횡단보도부근,승용,여,35세,상해없음,승용,남,43세,경상
2016012900100587,2016년 1월 29일 20시,금요일,경상남도 김해시 장유면,중상사고,0,1,0,0,차대차 - 기타,안전운전불이행,습기,비,교차로 - 교차로부근,승용,여,42세,상해없음,원동기,남,18세,중상
2016012900100650,2016년 1월 29일 22시,금요일,경상남도 김해시 내동,중상사고,0,1,0,0,차대차 - 기타,안전운전불이행,건조,맑음,단일로 - 기타,승용,남,18세,상해없음,원동기,남,36세,중상
2016012900100651,2016년 1월 29일 22시,금요일,경상남도 양산시 동면,경상사고,0,0,1,0,차대차 - 측면충돌,안전운전불이행,습기,비,단일로 - 교량,승용,남,60세,상해없음,이륜,남,53세,경상
2016012900100652,2016년 1월 29일 22시,금요일,경상남도 거제시 사등면,중상사고,0,2,0,0,차대차 - 추돌,안전운전불이행,습기,비,단일로 - 기타,승용,남,33세,상해없음,승용,남,45세,중상
2016012900100653,2016년 1월 29일 22시,금요일,경상남도 창원시 의창구 명서동,경상사고,0,0,1,0,차대사람 - 횡단중,보행자보호의무위반,습기,흐림,교차로 - 교차로안,승용,남,49세,상해없음,보행자,여,31세,경상
2016012900100687,2016년 1월 29일 23시,금요일,경상남도 거제시 옥포동,경상사고,0,0,1,0,차대사람 - 횡단중,보행자보호의무위반,습기,흐림,단일로 - 횡단보도상,승용,남,37세,상해없음,보행자,남,58세,경상
2016013000100030,2016년 1월 30일 00시,토요일,경상남도 진주시 칠암동,사망사고,1,0,0,0,차대사람 - 횡단중,신호위반,습기,흐림,단일로 - 횡단보도부근,승용,남,23세,상해없음,보행자,남,33세,사망
2016013000100061,2016년 1월 30일 01시,토요일,경상남도 창원시 의창구 팔용동,경상사고,0,0,2,0,차대차 - 정면충돌,신호위반,건조,맑음,교차로 - 교차로안,승용,남,34세,상해없음,승용,남,56세,경상
2016013000100087,2016년 1월 30일 02시,토요일,경상남도 창원시 마산회원구 내서읍,중상사고,0,1,0,0,차대차 - 측면충돌,중앙선침범,습기,비,교차로 - 교차로부근,승용,여,35세,상해없음,승용,남,48세,중상
2016013000100135,2016년 1월 30일 05시,토요일,경상남도 창원시 의창구 봉곡동,경상사고,0,0,1,0,차대사람 - 기타,안전운전불이행,건조,흐림,단일로 - 기타,승용,남,59세,상해없음,보행자,여,38세,경상
2016013000100175,2016년 1월 30일 07시,토요일,경상남도 김해시 외동,중상사고,0,1,0,0,차대사람 - 횡단중,안전운전불이행,건조,흐림,교차로 - 교차로안,승용,여,48세,상해없음,보행자,여,32세,중상
2016013000100214,2016년 1월 30일 08시,토요일,경상남도 창녕군 계성면,중상사고,0,1,0,0,차대차 - 추돌,기타,건조,맑음,교차로 - 교차로안,화물,남,58세,상해없음,화물,남,30세,중상
2016013000100215,2016년 1월 30일 08시,토요일,경상남도 양산시 하북면,경상사고,0,0,1,1,차대차 - 추돌,안전운전불이행,건조,맑음,단일로 - 기타,화물,남,52세,기타불명,승용,남,50세,경상
2016013000100248,2016년 1월 30일 09시,토요일,경상남도 양산시 중부동,부상신고사고,0,0,0,1,차대사람 - 횡단중,안전운전불이행,건조,맑음,교차로 - 교차로부근,승용,여,49세,상해없음,보행자,남,81세,부상신고
2016013000100266,2016년 1월 30일 10시,토요일,경상남도 창원시 의창구 팔용동,경상사고,0,0,1,0,차대차 - 추돌,안전운전불이행,건조,맑음,단일로 - 기타,화물,남,30세,상해없음,화물,남,74세,상해없음
2016013000100294,2016년 1월 30일 11시,토요일,경상남도 창녕군 창녕읍,중상사고,0,2,1,0,차대차 - 추돌,안전운전불이행,건조,맑음,교차로 - 교차로안,승용,남,57세,상해없음,승용,남,28세,중상
2016013000100321,2016년 1월 30일 12시,토요일,경상남도 거창군 거창읍,중상사고,0,1,3,0,차대차 - 추돌,과속,건조,맑음,단일로 - 기타,승용,남,61세,중상,승용,여,50세,상해없음
2016013000100348,2016년 1월 30일 13시,토요일,경상남도 함양군 함양읍,경상사고,0,0,1,0,차대차 - 정면충돌,교차로운행방법위반,건조,맑음,교차로 - 교차로안,원동기,남,71세,경상,화물,남,73세,상해없음
2016013000100349,2016년 1월 30일 13시,토요일,경상남도 함양군 수동면,경상사고,0,0,1,0,차대차 - 정면충돌,안전운전불이행,건조,맑음,교차로 - 교차로안,농기계,남,74세,경상,승용,남,45세,상해없음
2016013000100350,2016년 1월 30일 13시,토요일,경상남도 김해시 진영읍,부상신고사고,0,0,0,1,차대사람 - 횡단중,안전운전불이행,건조,맑음,단일로 - 기타,승용,남,78세,상해없음,보행자,여,1세,부상신고
2016013000100403,2016년 1월 30일 15시,토요일,경상남도 사천시 용강동,부상신고사고,0,0,0,1,차대차 - 정면충돌,교차로운행방법위반,건조,맑음,교차로 - 교차로안,화물,남,55세,상해없음,승용,남,41세,부상신고
2016013000100426,2016년 1월 30일 16시,토요일,경상남도 남해군 남해읍,중상사고,0,1,0,0,차대차 - 측면충돌,안전운전불이행,건조,맑음,교차로 - 교차로안,화물,남,48세,상해없음,이륜,남,85세,중상
2016013000100457,2016년 1월 30일 17시,토요일,경상남도 창원시 마산합포구 중앙동2가,경상사고,0,0,2,0,차대차 - 측면충돌,신호위반,건조,맑음,교차로 - 교차로안,승용,남,48세,상해없음,승용,남,75세,경상
2016013000100458,2016년 1월 30일 17시,토요일,경상남도 진주시 평거동,중상사고,0,1,1,0,차대차 - 측면충돌,안전운전불이행,건조,흐림,단일로 - 기타,승용,여,48세,경상,승용,여,50세,중상
2016013000100459,2016년 1월 30일 17시,토요일,경상남도 거제시 고현동,중상사고,0,1,0,0,차대차 - 측면충돌,안전운전불이행,건조,맑음,단일로 - 기타,자전거,남,46세,상해없음,원동기,여,43세,중상
2016013000100460,2016년 1월 30일 17시,토요일,경상남도 함안군 산인면,중상사고,0,1,0,0,차대차 - 측면충돌,중앙선침범,건조,맑음,교차로 - 교차로안,승용,여,45세,상해없음,승용,여,48세,중상
2016013000100461,2016년 1월 30일 17시,토요일,경상남도 창원시 성산구 상남동,중상사고,0,1,0,0,차대차 - 기타,신호위반,건조,맑음,교차로 - 교차로안,승용,여,37세,상해없음,승용,남,31세,중상
2016013000100497,2016년 1월 30일 18시,토요일,경상남도 김해시 어방동,중상사고,0,3,0,0,차대차 - 정면충돌,중앙선침범,건조,맑음,단일로 - 기타,승용,남,38세,중상,승용,남,55세,중상
2016013000100498,2016년 1월 30일 18시,토요일,경상남도 창녕군 창녕읍,중상사고,0,1,0,0,차대차 - 기타,안전운전불이행,건조,맑음,교차로 - 교차로부근,승용,여,49세,상해없음,승용,남,49세,중상
2016013000100499,2016년 1월 30일 18시,토요일,경상남도 함안군 산인면,중상사고,0,1,0,0,차대사람 - 횡단중,안전운전불이행,건조,맑음,교차로 - 교차로부근,승용,남,41세,상해없음,보행자,여,65세,중상
2016013000100500,2016년 1월 30일 18시,토요일,경상남도 창원시 성산구 대방동,경상사고,0,0,1,0,차대차 - 추돌,안전운전불이행,건조,맑음,단일로 - 기타,승용,남,43세,상해없음,승용,여,52세,경상
2016013000100501,2016년 1월 30일 18시,토요일,경상남도 창원시 의창구 신월동,경상사고,0,0,1,0,차대차 - 추돌,안전운전불이행,건조,맑음,단일로 - 기타,승용,남,49세,상해없음,승용,남,55세,경상
2016013000100544,2016년 1월 30일 19시,토요일,경상남도 양산시 삼호동,경상사고,0,0,1,0,차대차 - 측면충돌,안전운전불이행,건조,맑음,교차로 - 교차로안,승용,남,37세,상해없음,이륜,남,19세,경상
2016013000100574,2016년 1월 30일 20시,토요일,경상남도 진주시 장대동,중상사고,0,1,0,0,차대차 - 측면충돌,안전거리미확보,건조,맑음,교차로 - 교차로부근,승용,남,27세,상해없음,이륜,남,30세,중상
2016013000100605,2016년 1월 30일 21시,토요일,경상남도 진주시 신안동,부상신고사고,0,0,0,1,차대차 - 측면충돌,안전운전불이행,건조,맑음,교차로 - 교차로안,이륜,남,16세,부상신고,승용,남,54세,상해없음
2016013000100606,2016년 1월 30일 21시,토요일,경상남도 진주시 충무공동,중상사고,0,2,0,0,차대차 - 추돌,안전운전불이행,건조,맑음,교차로 - 교차로부근,승용,남,51세,상해없음,승용,남,33세,중상
2016013000100607,2016년 1월 30일 21시,토요일,경상남도 거창군 거창읍,중상사고,0,1,0,0,차대사람 - 횡단중,안전운전불이행,건조,맑음,교차로 - 교차로안,승용,남,54세,상해없음,보행자,여,43세,중상
2016013000100608,2016년 1월 30일 21시,토요일,경상남도 양산시 상북면,중상사고,0,1,0,0,차대사람 - 횡단중,안전운전불이행,건조,맑음,교차로 - 교차로부근,화물,남,54세,상해없음,보행자,남,56세,중상
2016013000100634,2016년 1월 30일 22시,토요일,경상남도 양산시 삼호동,중상사고,0,1,0,0,차대사람 - 횡단중,안전운전불이행,건조,맑음,단일로 - 기타,승용,남,27세,상해없음,보행자,남,33세,중상
2016013100100027,2016년 1월 31일 00시,일요일,경상남도 진주시 신안동,중상사고,0,1,0,0,차대사람 - 횡단중,안전운전불이행,건조,맑음,교차로 - 교차로부근,승용,남,58세,상해없음,보행자,남,55세,중상
2016013100100065,2016년 1월 31일 02시,일요일,경상남도 창원시 의창구 봉곡동,중상사고,0,1,1,1,차대차 - 측면충돌,신호위반,건조,맑음,교차로 - 교차로안,승용,여,43세,상해없음,승용,남,49세,중상
2016013100100086,2016년 1월 31일 03시,일요일,경상남도 거제시 고현동,경상사고,0,0,1,0,차대차 - 추돌,안전운전불이행,건조,맑음,단일로 - 기타,승용,남,36세,상해없음,승용,남,55세,경상
2016013100100087,2016년 1월 31일 03시,일요일,경상남도 김해시 장유면,중상사고,0,1,0,0,차량단독 - 공작물충돌,안전운전불이행,결빙,흐림,단일로 - 기타,승용,남,53세,상해없음,,,,
2016013100100115,2016년 1월 31일 06시,일요일,경상남도 김해시 삼방동,경상사고,0,0,1,0,차대사람 - 횡단중,보행자보호의무위반,건조,맑음,단일로 - 횡단보도상,승용,남,49세,상해없음,보행자,여,34세,경상
2016013100100116,2016년 1월 31일 06시,일요일,경상남도 통영시 용남면,경상사고,0,0,1,0,차대차 - 측면충돌,차로위반,건조,맑음,단일로 - 기타,승용,남,51세,상해없음,승용,남,51세,경상
2016013100100141,2016년 1월 31일 08시,일요일,경상남도 밀양시 산내면,중상사고,0,1,0,0,차량단독 - 전도전복,안전운전불이행,결빙,흐림,단일로 - 기타,승용,여,51세,중상,,,,
2016013100100142,2016년 1월 31일 08시,일요일,경상남도 창녕군 남지읍,경상사고,0,0,1,1,차량단독 - 전도전복,안전운전불이행,결빙,맑음,단일로 - 기타,화물,남,45세,부상신고,,,,
2016013100100143,2016년 1월 31일 08시,일요일,경상남도 창원시 마산회원구 회성동,경상사고,0,0,1,0,차대차 - 추돌,안전운전불이행,건조,맑음,단일로 - 기타,승용,남,25세,상해없음,승용,남,66세,경상
2016013100100161,2016년 1월 31일 09시,일요일,경상남도 김해시 구산동,부상신고사고,0,0,0,2,차대차 - 기타,안전운전불이행,건조,맑음,교차로 - 교차로부근,승용,남,58세,부상신고,승용,여,56세,상해없음