사고번호,사고일시,요일,시군구,사고내용,사망자수,중상자수,경상자수,부상신고자수,사고유형,법규위반,노면상태,기상상태,도로형태,가해운전자 차종,가해운전자 성별,가해운전자 연령,가해운전자 상해정도,피해운전자 차종,피해운전자 성별,피해운전자 연령,피해운전자 상해정도
2016020700100278,2016년 2월 7일 15시,일요일,경상남도 양산시 삼호동,경상사고,0,0,1,0,차대차 - 측면충돌,안전운전불이행,건조,맑음,교차로 - 교차로부근,화물,남,45세,상해없음,승용,남,23세,경상
2016020700100294,2016년 2월 7일 16시,일요일,경상남도 양산시 동면,경상사고,0,0,1,0,차대차 - 기타,안전운전불이행,건조,맑음,교차로 - 교차로부근,자전거,남,11세,경상,승용,남,27세,상해없음
2016020700100314,2016년 2월 7일 17시,일요일,경상남도 김해시 외동,중상사고,0,1,0,0,차대차 - 기타,안전운전불이행,건조,맑음,교차로 - 교차로안,기타불명,기타불명,기타불명,기타불명,이륜,남,19세,중상
2016020700100328,2016년 2월 7일 18시,일요일,경상남도 창원시 마산합포구 예곡동,경상사고,0,0,1,0,차대차 - 추돌,안전거리미확보,건조,맑음,단일로 - 기타,승용,남,43세,상해없음,승용,남,41세,경상
2016020700100329,2016년 2월 7일 18시,일요일,경상남도 진주시 신안동,중상사고,0,1,0,0,차대차 - 정면충돌,중앙선침범,건조,맑음,단일로 - 기타,화물,남,54세,상해없음,이륜,남,18세,중상
2016020700100330,2016년 2월 7일 18시,일요일,경상남도 통영시 무전동,경상사고,0,0,1,0,차대사람 - 기타,안전운전불이행,건조,맑음,단일로 - 기타,승용,남,37세,상해없음,보행자,여,64세,경상
2016020700100331,2016년 2월 7일 18시,일요일,경상남도 창원시 성산구 상남동,중상사고,0,1,0,0,차대사람 - 기타,보행자보호의무위반,건조,맑음,교차로 - 교차로안,승용,남,34세,상해없음,보행자,여,72세,중상
2016020700100392,2016년 2월 7일 22시,일요일,경상남도 밀양시 상남면,경상사고,0,0,1,1,차대차 - 추돌,안전운전불이행,건조,맑음,단일로 - 기타,승용,남,49세,상해없음,승용,여,43세,부상신고
2016020700100412,2016년 2월 7일 23시,일요일,경상남도 사천시 용현면,경상사고,0,0,1,0,차대차 - 기타,안전운전불이행,건조,맑음,교차로 - 교차로안,기타불명,기타불명,기타불명,기타불명,승합,남,43세,상해없음
2016020700100413,2016년 2월 7일 23시,일요일,경상남도 김해시 어방동,경상사고,0,0,1,0,차대차 - 정면충돌,안전운전불이행,건조,맑음,단일로 - 기타,승용,남,49세,상해없음,승용,남,47세,경상
2016020700100414,2016년 2월 7일 23시,일요일,경상남도 김해시 장유면,중상사고,0,2,0,0,차대차 - 측면충돌,신호위반,건조,맑음,교차로 - 교차로안,승용,여,21세,기타불명,승용,남,23세,중상
2016020800100008,2016년 2월 8일 00시,월요일,경상남도 창원시 의창구 동읍,경상사고,0,0,1,0,차대차 - 측면충돌,중앙선침범,건조,맑음,단일로 - 기타,승용,남,27세,상해없음,승용,남,34세,경상
2016020800100114,2016년 2월 8일 11시,월요일,경상남도 창원시 진해구 경화동,경상사고,0,0,1,0,차대차 - 측면충돌,신호위반,건조,맑음,교차로 - 교차로안,승용,여,43세,상해없음,승용,여,32세,경상
2016020800100115,2016년 2월 8일 11시,월요일,경상남도 고성군 동해면,중상사고,0,1,0,0,차대차 - 측면직각충돌,안전운전불이행,건조,맑음,교차로 - 교차로안,화물,남,53세,상해없음,이륜,남,30세,중상
2016020800100138,2016년 2월 8일 12시,월요일,경상남도 통영시 광도면,중상사고,0,3,0,0,차대차 - 추돌,안전운전불이행,건조,맑음,교차로 - 교차로부근,승용,여,25세,상해없음,승용,여,46세,중상
2016020800100139,2016년 2월 8일 12시,월요일,경상남도 창원시 의창구 북면,중상사고,0,2,5,0,차대차 - 정면충돌,중앙선침범,건조,맑음,단일로 - 기타,승용,남,51세,경상,승용,남,57세,중상
2016020800100156,2016년 2월 8일 13시,월요일,경상남도 창원시 의창구 용호동,경상사고,0,0,2,0,차대차 - 측면직각충돌,신호위반,건조,맑음,교차로 - 교차로안,승용,여,19세,상해없음,승용,남,35세,경상
2016020800100172,2016년 2월 8일 14시,월요일,경상남도 밀양시 하남읍,중상사고,0,2,0,4,차대차 - 추돌,안전거리미확보,건조,맑음,단일로 - 교량,승용,남,48세,상해없음,승용,남,30세,상해없음
2016020800100173,2016년 2월 8일 14시,월요일,경상남도 합천군 율곡면,중상사고,0,1,0,0,차대사람 - 기타,안전운전불이행,건조,맑음,단일로 - 기타,승용,남,43세,상해없음,보행자,남,61세,중상
2016020800100174,2016년 2월 8일 14시,월요일,경상남도 의령군 가례면,경상사고,0,0,2,1,차대차 - 측면충돌,안전운전불이행,건조,맑음,단일로 - 기타,승용,여,60세,부상신고,승용,여,69세,경상
2016020800100175,2016년 2월 8일 14시,월요일,경상남도 창원시 의창구 동읍,경상사고,0,0,1,0,차대차 - 추돌,안전운전불이행,건조,맑음,단일로 - 기타,승용,남,70세,상해없음,승용,여,38세,경상
2016020800100176,2016년 2월 8일 14시,월요일,경상남도 김해시 진영읍,경상사고,0,0,2,0,차대차 - 정면충돌,안전운전불이행,건조,맑음,단일로 - 기타,승용,남,42세,상해없음,승용,남,40세,경상
2016020800100200,2016년 2월 8일 15시,월요일,경상남도 사천시 사천읍,중상사고,0,1,1,0,차대차 - 측면직각충돌,안전운전불이행,건조,맑음,교차로 - 교차로안,승용,여,19세,경상,화물,남,41세,중상
2016020800100201,2016년 2월 8일 15시,월요일,경상남도 함양군 안의면,경상사고,0,0,2,0,차대차 - 정면충돌,안전운전불이행,건조,맑음,단일로 - 기타,승용,남,57세,상해없음,승용,남,55세,경상
2016020800100202,2016년 2월 8일 15시,월요일,경상남도 창녕군 창녕읍,경상사고,0,0,2,0,차대차 - 추돌,안전운전불이행,건조,맑음,단일로 - 기타,승용,기타불명,기타불명,기타불명,승용,남,35세,경상
2016020800100221,2016년 2월 8일 16시,월요일,경상남도 창녕군 계성면,중상사고,0,4,0,1,차량단독 - 전도전복,안전운전불이행,건조,맑음,기타 - 기타,승합,남,58세,부상신고,,,,
2016020800100222,2016년 2월 8일 16시,월요일,경상남도 고성군 마암면,경상사고,0,0,1,0,차대차 - 정면충돌,교차로운행방법위반,건조,맑음,교차로 - 교차로안,승용,남,43세,상해없음,승용,남,53세,상해없음
2016020800100223,2016년 2월 8일 16시,월요일,경상남도 함안군 가야읍,경상사고,0,0,2,0,차대차 - 측면충돌,중앙선침범,건조,맑음,단일로 - 기타,승용,여,54세,상해없음,승용,여,24세,경상
2016020800100224,2016년 2월 8일 16시,월요일,경상남도 창원시 성산구 가음정동,부상신고사고,0,0,0,1,차대차 - 추돌,안전운전불이행,건조,맑음,교차로 - 교차로부근,승용,남,64세,상해없음,승용,남,34세,부상신고
2016020800100276,2016년 2월 8일 18시,월요일,경상남도 창원시 마산합포구 상남동,경상사고,0,0,4,0,차대차 - 측면직각충돌,안전운전불이행,건조,맑음,교차로 - 교차로부근,승용,여,19세,상해없음,승용,남,34세,경상
2016020800100277,2016년 2월 8일 18시,월요일,경상남도 통영시 도산면,중상사고,0,1,3,0,차대차 - 측면직각충돌,중앙선침범,건조,맑음,단일로 - 횡단보도부근,화물,남,64세,중상,승용,남,34세,경상
2016020800100278,2016년 2월 8일 18시,월요일,경상남도 양산시 동면,사망사고,1,0,0,0,차대사람 - 횡단중,안전운전불이행,건조,맑음,교차로 - 교차로안,승용,남,54세,상해없음,보행자,남,61세,사망
2016020800100302,2016년 2월 8일 19시,월요일,경상남도 창원시 진해구 자은동,중상사고,0,1,0,0,차대차 - 추돌,안전운전불이행,건조,맑음,기타 - 기타,이륜,남,18세,중상,승용,남,48세,상해없음
2016020800100303,2016년 2월 8일 19시,월요일,경상남도 거제시 거제면,중상사고,0,1,0,0,차대차 - 측면충돌,안전운전불이행,건조,맑음,단일로 - 기타,승용,남,51세,상해없음,이륜,남,22세,중상
2016020800100321,2016년 2월 8일 20시,월요일,경상남도 김해시 동상동,경상사고,0,0,1,0,차대차 - 측면충돌,신호위반,건조,맑음,교차로 - 교차로안,승용,남,43세,상해없음,승용,남,35세,상해없음
2016020800100322,2016년 2월 8일 20시,월요일,경상남도 남해군 상주면,경상사고,0,0,3,1,차량단독 - 전도전복,안전운전불이행,건조,흐림,단일로 - 기타,승용,남,47세,부상신고,,,,
2016020800100380,2016년 2월 8일 23시,월요일,경상남도 밀양시 내이동,경상사고,0,0,1,0,차대차 - 정면충돌,안전운전불이행,건조,맑음,단일로 - 기타,승용,남,49세,상해없음,이륜,여,37세,경상
2016020900100011,2016년 2월 9일 00시,화요일,경상남도 김해시 외동,중상사고,0,1,0,0,차대차 - 기타,안전운전불이행,건조,맑음,교차로 - 교차로부근,승용,남,45세,상해없음,승용,남,26세,중상
2016020900100050,2016년 2월 9일 04시,화요일,경상남도 창원시 마산회원구 봉암동,중상사고,0,1,0,0,차대차 - 측면직각충돌,신호위반,건조,맑음,교차로 - 교차로안,승용,남,61세,상해없음,승용,남,57세,중상
2016020900100068,2016년 2월 9일 06시,화요일,경상남도 산청군 생비량면,중상사고,0,1,0,0,차대차 - 추돌,안전운전불이행,건조,맑음,단일로 - 교량,화물,남,66세,중상,화물,남,57세,상해없음
2016020900100103,2016년 2월 9일 10시,화요일,경상남도 양산시 어곡동,경상사고,0,0,1,0,차량단독 - 전도전복,안전운전불이행,건조,맑음,교차로 - 교차로안,화물,남,19세,경상,,,,
2016020900100104,2016년 2월 9일 10시,화요일,경상남도 김해시 진영읍,경상사고,0,0,4,0,차대차 - 측면직각충돌,신호위반,건조,맑음,교차로 - 교차로안,승용,남,42세,상해없음,승용,남,52세,경상
2016020900100121,2016년 2월 9일 11시,화요일,경상남도 남해군 남해읍,경상사고,0,0,1,0,차대차 - 측면충돌,안전운전불이행,건조,맑음,단일로 - 기타,승용,남,34세,경상,승용,남,33세,상해없음
2016020900100122,2016년 2월 9일 11시,화요일,경상남도 함안군 법수면,중상사고,0,1,0,0,차량단독 - 공작물충돌,안전운전불이행,건조,맑음,단일로 - 기타,화물,남,62세,상해없음,,,,
2016020900100140,2016년 2월 9일 12시,화요일,경상남도 창원시 마산합포구 현동,경상사고,0,0,3,0,차대차 - 추돌,안전거리미확보,건조,맑음,단일로 - 기타,승용,남,27세,기타불명,승용,남,23세,경상
2016020900100163,2016년 2월 9일 13시,화요일,경상남도 창원시 마산합포구 상남동,경상사고,0,0,1,0,차대차 - 추돌,안전거리미확보,건조,맑음,교차로 - 교차로부근,승용,남,49세,상해없음,승용,여,51세,경상
2016020900100164,2016년 2월 9일 13시,화요일,경상남도 김해시 부원동,중상사고,0,1,0,0,차대사람 - 횡단중,안전운전불이행,건조,맑음,교차로 - 교차로부근,승용,여,51세,상해없음,보행자,여,77세,중상
2016020900100213,2016년 2월 9일 15시,화요일,경상남도 거제시 일운면,중상사고,0,2,1,0,차대차 - 정면충돌,중앙선침범,건조,맑음,단일로 - 기타,승용,남,36세,상해없음,승용,남,44세,중상
2016020900100236,2016년 2월 9일 16시,화요일,경상남도 사천시 정동면,경상사고,0,0,1,0,차대차 - 추돌,안전운전불이행,건조,맑음,교차로 - 교차로부근,승용,남,30세,상해없음,승용,남,36세,경상
2016020900100258,2016년 2월 9일 17시,화요일,경상남도 사천시 동금동,경상사고,0,0,8,0,차대차 - 측면직각충돌,교차로운행방법위반,건조,맑음,교차로 - 교차로안,승용,남,52세,상해없음,승용,남,40세,경상
2016020900100306,2016년 2월 9일 19시,화요일,경상남도 통영시 도남동,중상사고,0,1,0,0,차량단독 - 전도전복,안전운전불이행,건조,맑음,단일로 - 기타,이륜,남,45세,상해없음,,,,
2016020900100339,2016년 2월 9일 20시,화요일,경상남도 통영시 도남동,사망사고,1,0,0,0,차대사람 - 횡단중,안전운전불이행,건조,맑음,단일로 - 기타,승용,남,48세,상해없음,보행자,남,76세,사망
2016020900100340,2016년 2월 9일 20시,화요일,경상남도 창원시 성산구 반림동,중상사고,0,2,0,0,차대차 - 측면직각충돌,안전운전불이행,건조,맑음,단일로 - 기타,승용,남,53세,상해없음,승용,남,46세,상해없음
2016020900100341,2016년 2월 9일 20시,화요일,경상남도 창원시 의창구 봉곡동,경상사고,0,0,1,0,차대사람 - 기타,안전운전불이행,건조,맑음,단일로 - 기타,승용,남,67세,상해없음,보행자,남,53세,상해없음
2016020900100356,2016년 2월 9일 21시,화요일,경상남도 진주시 하대동,경상사고,0,0,1,0,차대사람 - 횡단중,보행자보호의무위반,건조,맑음,교차로 - 교차로부근,이륜,남,17세,상해없음,보행자,여,15세,경상
2016020900100392,2016년 2월 9일 23시,화요일,경상남도 진주시 중안동,중상사고,0,1,2,0,차대차 - 추돌,안전운전불이행,건조,맑음,단일로 - 기타,승용,남,22세,기타불명,승용,남,45세,중상
2016021000100043,2016년 2월 10일 03시,수요일,경상남도 양산시 동면,경상사고,0,0,2,0,차대차 - 측면충돌,신호위반,건조,맑음,교차로 - 교차로안,승용,남,59세,상해없음,승용,남,23세,경상
2016021000100044,2016년 2월 10일 03시,수요일,경상남도 창원시 의창구 명서동,경상사고,0,0,1,0,차대차 - 추돌,안전운전불이행,건조,맑음,단일로 - 기타,승용,남,58세,상해없음,승용,남,55세,경상
2016021000100066,2016년 2월 10일 06시,수요일,경상남도 거제시 장평동,사망사고,1,0,0,0,차대사람 - 횡단중,안전운전불이행,건조,맑음,단일로 - 기타,화물,남,53세,상해없음,보행자,여,68세,사망
2016021000100074,2016년 2월 10일 07시,수요일,경상남도 창원시 성산구 신촌동,중상사고,0,1,0,0,차대차 - 측면충돌,신호위반,건조,맑음,교차로 - 교차로안,승합,남,38세,기타불명,승용,여,66세,중상
2016021000100104,2016년 2월 10일 10시,수요일,경상남도 진주시 신안동,중상사고,0,1,0,0,차대차 - 측면직각충돌,신호위반,건조,맑음,교차로 - 교차로안,원동기,남,19세,중상,승용,남,38세,상해없음
2016021000100105,2016년 2월 10일 10시,수요일,경상남도 김해시 진영읍,사망사고,1,0,0,0,차대사람 - 횡단중,안전운전불이행,건조,맑음,단일로 - 기타,화물,남,39세,상해없음,보행자,여,77세,사망
2016021000100149,2016년 2월 10일 12시,수요일,경상남도 거제시 장평동,경상사고,0,0,1,0,차대차 - 측면충돌,신호위반,건조,맑음,단일로 - 기타,승용,여,34세,상해없음,승용,여,59세,경상
2016021000100174,2016년 2월 10일 13시,수요일,경상남도 진주시 상대동,경상사고,0,0,1,0,차대차 - 측면직각충돌,직진우회전진행방해,건조,맑음,교차로 - 교차로안,승용,여,30세,상해없음,승합,남,60세,경상
2016021000100175,2016년 2월 10일 13시,수요일,경상남도 사천시 사천읍,경상사고,0,0,1,0,차대차 - 정면충돌,직진우회전진행방해,건조,맑음,교차로 - 교차로안,승용,남,62세,상해없음,화물,여,42세,경상
2016021000100176,2016년 2월 10일 13시,수요일,경상남도 창녕군 남지읍,경상사고,0,0,4,0,차대차 - 측면충돌,직진우회전진행방해,건조,맑음,교차로 - 교차로안,승용,남,42세,상해없음,승용,남,52세,경상
2016021000100177,2016년 2월 10일 13시,수요일,경상남도 남해군 삼동면,경상사고,0,0,2,0,차대차 - 추돌,안전운전불이행,건조,맑음,단일로 - 횡단보도상,이륜,남,48세,상해없음,이륜,남,44세,경상
2016021000100201,2016년 2월 10일 14시,수요일,경상남도 함안군 산인면,중상사고,0,3,0,0,차대차 - 추돌,안전운전불이행,건조,맑음,단일로 - 기타,화물,남,40세,기타불명,승용,남,48세,중상
2016021000100262,2016년 2월 10일 16시,수요일,경상남도 창원시 마산합포구 동성동,경상사고,0,0,1,0,차대사람 - 기타,안전운전불이행,건조,맑음,교차로 - 교차로부근,승용,남,73세,상해없음,보행자,남,73세,경상
2016021000100283,2016년 2월 10일 17시,수요일,경상남도 통영시 광도면,경상사고,0,0,1,0,차대사람 - 길가장자리구역통행중,안전운전불이행,건조,맑음,단일로 - 기타,승용,남,28세,상해없음,보행자,남,61세,경상
2016021000100284,2016년 2월 10일 17시,수요일,경상남도 사천시 사천읍,중상사고,0,1,0,0,차대사람 - 횡단중,안전운전불이행,건조,맑음,교차로 - 교차로부근,승용,남,52세,기타불명,보행자,여,59세,중상
2016021000100346,2016년 2월 10일 19시,수요일,경상남도 창녕군 부곡면,사망사고,1,0,0,0,차대사람 - 횡단중,안전운전불이행,건조,맑음,교차로 - 교차로안,승용,남,56세,상해없음,보행자,여,72세,사망
2016021000100347,2016년 2월 10일 19시,수요일,경상남도 남해군 남해읍,경상사고,0,0,1,0,차대사람 - 기타,보행자보호의무위반,건조,맑음,교차로 - 교차로안,승용,남,40세,상해없음,보행자,남,54세,경상
2016021000100348,2016년 2월 10일 19시,수요일,경상남도 창원시 마산회원구 양덕동,경상사고,0,0,1,0,차대사람 - 길가장자리구역통행중,안전운전불이행,건조,맑음,단일로 - 기타,승용,남,20세,상해없음,보행자,여,22세,경상
2016021000100369,2016년 2월 10일 20시,수요일,경상남도 창원시 마산합포구 상남동,경상사고,0,0,1,0,차대차 - 기타,안전운전불이행,건조,맑음,단일로 - 기타,승용,남,25세,상해없음,화물,남,65세,경상
2016021000100370,2016년 2월 10일 20시,수요일,경상남도 함안군 군북면,중상사고,0,1,0,0,차대사람 - 길가장자리구역통행중,안전운전불이행,건조,맑음,단일로 - 기타,화물,남,47세,상해없음,보행자,남,53세,중상
2016021100100027,2016년 2월 11일 02시,목요일,경상남도 창원시 마산회원구 회원동,중상사고,0,1,0,0,차대사람 - 기타,안전운전불이행,건조,맑음,교차로 - 교차로부근,승용,남,59세,상해없음,보행자,남,51세,중상
2016021100100068,2016년 2월 11일 07시,목요일,경상남도 김해시 장유면,중상사고,0,1,1,0,차대차 - 측면충돌,안전거리미확보,건조,맑음,교차로 - 교차로부근,승용,남,35세,상해없음,승용,여,48세,경상
2016021100100093,2016년 2월 11일 08시,목요일,경상남도 거제시 고현동,경상사고,0,0,2,0,차대차 - 측면충돌,안전운전불이행,건조,맑음,단일로 - 기타,승용,남,30세,경상,이륜,남,54세,경상
2016021100100094,2016년 2월 11일 08시,목요일,경상남도 산청군 산청읍,경상사고,0,0,1,0,차대차 - 측면충돌,교차로운행방법위반,건조,맑음,교차로 - 교차로안,원동기,남,65세,경상,화물,남,61세,상해없음
2016021100100112,2016년 2월 11일 09시,목요일,경상남도 김해시 장유면,경상사고,0,0,1,0,차대차 - 측면충돌,안전운전불이행,건조,맑음,교차로 - 교차로안,승용,여,47세,상해없음,승합,남,55세,경상
2016021100100126,2016년 2월 11일 10시,목요일,경상남도 창원시 마산합포구 상남동,경상사고,0,0,1,0,차대차 - 측면직각충돌,안전운전불이행,건조,맑음,교차로 - 교차로부근,승용,남,63세,상해없음,이륜,남,75세,경상
2016021100100143,2016년 2월 11일 11시,목요일,경상남도 양산시 상북면,경상사고,0,0,1,0,차대차 - 측면충돌,기타,건조,맑음,교차로 - 교차로안,승용,남,36세,상해없음,이륜,남,72세,경상
2016021100100164,2016년 2월 11일 12시,목요일,경상남도 진주시 계동,중상사고,0,1,0,0,차대사람 - 횡단중,안전운전불이행,건조,맑음,교차로 - 교차로안,승용,남,35세,상해없음,보행자,여,61세,중상
2016021100100166,2016년 2월 11일 12시,목요일,경상남도 김해시 구산동,경상사고,0,0,4,0,차대차 - 추돌,안전운전불이행,건조,맑음,교차로 - 교차로부근,화물,남,67세,경상,건설기계,남,50세,경상
2016021100100181,2016년 2월 11일 13시,목요일,경상남도 김해시 외동,중상사고,0,1,0,0,차대차 - 기타,안전운전불이행,건조,맑음,단일로 - 기타,승용,여,22세,상해없음,승용,여,40세,중상
2016021100100182,2016년 2월 11일 13시,목요일,경상남도 창녕군 남지읍,경상사고,0,0,1,0,차대차 - 추돌,안전운전불이행,건조,맑음,단일로 - 기타,승용,남,60세,상해없음,화물,남,67세,경상
2016021100100183,2016년 2월 11일 13시,목요일,경상남도 양산시 중부동,경상사고,0,0,1,0,차대차 - 측면충돌,중앙선침범,건조,맑음,교차로 - 교차로부근,승용,남,63세,상해없음,이륜,남,64세,경상
2016021100100184,2016년 2월 11일 13시,목요일,경상남도 창원시 의창구 팔용동,경상사고,0,0,1,0,차대차 - 기타,안전운전불이행,건조,맑음,교차로 - 교차로안,화물,남,32세,상해없음,승용,남,38세,경상
2016021100100209,2016년 2월 11일 14시,목요일,경상남도 진주시 신안동,부상신고사고,0,0,0,1,차대차 - 측면직각충돌,안전운전불이행,건조,맑음,교차로 - 교차로안,이륜,남,40세,부상신고,화물,남,50세,상해없음
2016021100100210,2016년 2월 11일 14시,목요일,경상남도 사천시 동금동,경상사고,0,0,1,2,차대차 - 정면충돌,안전운전불이행,건조,맑음,단일로 - 기타,승용,남,54세,부상신고,승용,남,31세,경상
2016021100100211,2016년 2월 11일 14시,목요일,경상남도 김해시 어방동,경상사고,0,0,1,0,차대차 - 측면충돌,안전운전불이행,건조,맑음,단일로 - 기타,이륜,남,23세,경상,승용,여,47세,상해없음
2016021100100236,2016년 2월 11일 15시,목요일,경상남도 창녕군 남지읍,중상사고,0,1,2,0,차대사람 - 횡단중,신호위반,건조,맑음,교차로 - 교차로부근,원동기,남,65세,상해없음,보행자,여,71세,중상
2016021100100237,2016년 2월 11일 15시,목요일,경상남도 거제시 고현동,중상사고,0,1,0,0,차대차 - 측면충돌,차로위반,건조,맑음,단일로 - 기타,승용,여,48세,상해없음,이륜,남,44세,중상
2016021100100261,2016년 2월 11일 16시,목요일,경상남도 함양군 함양읍,중상사고,0,1,0,0,차대차 - 측면직각충돌,교차로운행방법위반,건조,맑음,교차로 - 교차로안,승용,남,79세,상해없음,승용,남,63세,중상
2016021100100262,2016년 2월 11일 16시,목요일,경상남도 함양군 지곡면,경상사고,0,0,2,0,차대차 - 정면충돌,안전운전불이행,건조,맑음,교차로 - 교차로안,화물,남,18세,상해없음,승용,남,60세,상해없음
2016021100100263,2016년 2월 11일 16시,목요일,경상남도 양산시 원동면,중상사고,0,1,4,0,차대차 - 측면직각충돌,중앙선침범,건조,맑음,단일로 - 기타,화물,남,70세,상해없음,승용,남,62세,경상
2016021100100264,2016년 2월 11일 16시,목요일,경상남도 양산시 하북면,중상사고,0,1,0,0,차대차 - 측면충돌,안전운전불이행,건조,맑음,단일로 - 기타,이륜,남,52세,중상,승합,남,46세,상해없음
2016021100100288,2016년 2월 11일 17시,목요일,경상남도 창원시 진해구 경화동,경상사고,0,0,1,0,차대차 - 측면충돌,기타,건조,맑음,교차로 - 교차로부근,원동기,여,43세,경상,승용,여,51세,상해없음
2016021100100289,2016년 2월 11일 17시,목요일,경상남도 창녕군 계성면,경상사고,0,0,1,0,차대차 - 기타,안전운전불이행,건조,맑음,교차로 - 교차로안,화물,남,52세,상해없음,원동기,남,75세,경상
2016021100100290,2016년 2월 11일 17시,목요일,경상남도 김해시 진영읍,경상사고,0,0,1,0,차대차 - 측면충돌,안전운전불이행,건조,맑음,단일로 - 기타,승용,여,53세,상해없음,화물,남,59세,경상
2016021100100321,2016년 2월 11일 18시,목요일,경상남도 김해시 삼정동,중상사고,0,1,0,0,차대사람 - 횡단중,안전운전불이행,건조,맑음,단일로 - 기타,승용,남,51세,상해없음,보행자,남,56세,중상
2016021100100322,2016년 2월 11일 18시,목요일,경상남도 김해시 구산동,부상신고사고,0,0,0,1,차대차 - 기타,안전운전불이행,건조,맑음,단일로 - 기타,원동기,남,14세,상해없음,승용,여,44세,상해없음
2016021100100341,2016년 2월 11일 19시,목요일,경상남도 창원시 마산합포구 덕동동,경상사고,0,0,1,0,차량단독 - 공작물충돌,안전운전불이행,건조,맑음,단일로 - 기타,승용,남,45세,경상,,,,
2016021100100342,2016년 2월 11일 19시,목요일,경상남도 김해시 외동,경상사고,0,0,1,0,차대차 - 기타,안전운전불이행,건조,맑음,단일로 - 기타,원동기,남,23세,경상,승용,남,42세,상해없음
2016021100100343,2016년 2월 11일 19시,목요일,경상남도 양산시 삼호동,경상사고,0,0,1,0,차대사람 - 횡단중,신호위반,건조,맑음,교차로 - 교차로부근,승용,남,31세,상해없음,보행자,여,63세,경상
2016021100100344,2016년 2월 11일 19시,목요일,경상남도 창원시 성산구 신촌동,경상사고,0,0,1,0,차대차 - 측면충돌,신호위반,건조,맑음,교차로 - 교차로안,승합,남,71세,상해없음,승용,남,41세,경상
2016021100100345,2016년 2월 11일 19시,목요일,경상남도 창원시 의창구 대산면,중상사고,0,1,1,0,차대차 - 측면충돌,신호위반,건조,맑음,교차로 - 교차로안,승용,여,51세,기타불명,승용,남,30세,중상
2016021100100369,2016년 2월 11일 20시,목요일,경상남도 창원시 의창구 팔용동,중상사고,0,1,0,0,차대사람 - 횡단중,보행자보호의무위반,건조,맑음,교차로 - 교차로안,승합,남,47세,상해없음,보행자,남,33세,중상
2016021100100395,2016년 2월 11일 21시,목요일,경상남도 김해시 동상동,경상사고,0,0,2,0,차대차 - 기타,안전운전불이행,건조,맑음,단일로 - 기타,승용,남,56세,상해없음,승용,남,25세,경상
2016021100100437,2016년 2월 11일 23시,목요일,경상남도 김해시 외동,부상신고사고,0,0,0,1,차대차 - 기타,안전운전불이행,건조,맑음,단일로 - 기타,원동기,남,32세,부상신고,승용,남,58세,상해없음
2016021200100014,2016년 2월 12일 00시,금요일,경상남도 진주시 내동면,경상사고,0,0,1,0,차대차 - 측면충돌,안전운전불이행,건조,맑음,단일로 - 기타,승용,남,32세,상해없음,승용,남,38세,경상
2016021200100015,2016년 2월 12일 00시,금요일,경상남도 창원시 진해구 청안동,중상사고,0,1,0,0,차대차 - 측면직각충돌,교차로운행방법위반,건조,맑음,교차로 - 교차로부근,승용,남,59세,상해없음,승용,남,53세,중상
2016021200100016,2016년 2월 12일 00시,금요일,경상남도 거제시 고현동,경상사고,0,0,2,0,차대차 - 측면충돌,신호위반,건조,맑음,교차로 - 교차로안,승용,남,39세,상해없음,승용,남,51세,경상
2016021200100043,2016년 2월 12일 01시,금요일,경상남도 함양군 함양읍,경상사고,0,0,1,0,차량단독 - 전도전복,안전운전불이행,건조,맑음,교차로 - 교차로안,승용,여,26세,경상,,,,
2016021200100065,2016년 2월 12일 03시,금요일,경상남도 창원시 진해구 용원동,경상사고,0,0,1,0,차대차 - 추돌,안전운전불이행,건조,맑음,단일로 - 기타,승용,남,33세,경상,승용,남,41세,기타불명
2016021200100108,2016년 2월 12일 06시,금요일,경상남도 창원시 마산회원구 석전동,중상사고,0,1,0,0,차대사람 - 횡단중,보행자보호의무위반,습기,비,교차로 - 교차로안,승용,남,56세,상해없음,보행자,남,69세,중상
2016021200100210,2016년 2월 12일 11시,금요일,경상남도 밀양시 내이동,중상사고,0,1,0,0,차대차 - 추돌,안전운전불이행,건조,맑음,단일로 - 기타,기타불명,기타불명,기타불명,기타불명,원동기,남,76세,중상
2016021200100252,2016년 2월 12일 13시,금요일,경상남도 통영시 북신동,경상사고,0,0,1,0,차대사람 - 기타,기타,습기,비,단일로 - 기타,승용,남,38세,상해없음,보행자,남,63세,경상
2016021200100253,2016년 2월 12일 13시,금요일,경상남도 밀양시 교동,경상사고,0,0,1,0,차대차 - 정면충돌,신호위반,습기,흐림,교차로 - 교차로부근,승용,남,78세,상해없음,승용,남,64세,경상
2016021200100254,2016년 2월 12일 13시,금요일,경상남도 남해군 남해읍,경상사고,0,0,1,0,차대차 - 측면직각충돌,안전운전불이행,습기,비,교차로 - 교차로부근,승용,남,53세,상해없음,이륜,여,49세,경상
2016021200100265,2016년 2월 12일 14시,금요일,경상남도 김해시 상동면,중상사고,0,1,0,0,차대차 - 추돌,안전거리미확보,건조,맑음,단일로 - 기타,승용,남,22세,상해없음,화물,남,50세,중상
2016021200100280,2016년 2월 12일 14시,금요일,경상남도 창원시 진해구 죽곡동,중상사고,0,1,0,0,차량단독 - 공작물충돌,안전운전불이행,습기,비,단일로 - 기타,화물,남,45세,중상,,,,