사고번호,사고일시,요일,시군구,사고내용,사망자수,중상자수,경상자수,부상신고자수,사고유형,법규위반,노면상태,기상상태,도로형태,가해운전자 차종,가해운전자 성별,가해운전자 연령,가해운전자 상해정도,피해운전자 차종,피해운전자 성별,피해운전자 연령,피해운전자 상해정도
2016021200100281,2016년 2월 12일 14시,금요일,경상남도 창원시 의창구 서상동,경상사고,0,0,1,0,차대차 - 측면직각충돌,안전운전불이행,건조,맑음,교차로 - 교차로안,승합,남,45세,상해없음,승용,남,38세,경상
2016021200100299,2016년 2월 12일 15시,금요일,경상남도 창원시 진해구 자은동,중상사고,0,1,0,0,차대차 - 추돌,안전운전불이행,습기,비,교차로 - 교차로부근,승용,여,63세,기타불명,승용,여,33세,중상
2016021200100300,2016년 2월 12일 15시,금요일,경상남도 양산시 하북면,경상사고,0,0,1,0,차대차 - 정면충돌,안전운전불이행,건조,맑음,교차로 - 교차로부근,승용,여,44세,상해없음,이륜,여,57세,경상
2016021200100301,2016년 2월 12일 15시,금요일,경상남도 김해시 장유면,중상사고,0,3,0,0,차대차 - 추돌,안전거리미확보,습기,비,교차로 - 교차로부근,화물,남,25세,상해없음,승용,여,40세,중상
2016021200100320,2016년 2월 12일 16시,금요일,경상남도 밀양시 상남면,경상사고,0,0,1,0,차대차 - 추돌,안전거리미확보,습기,비,단일로 - 기타,승용,남,68세,상해없음,승용,여,44세,경상
2016021200100321,2016년 2월 12일 16시,금요일,경상남도 김해시 안동,경상사고,0,0,1,0,차대차 - 기타,안전운전불이행,습기,비,단일로 - 기타,승용,남,47세,상해없음,승용,여,58세,경상
2016021200100340,2016년 2월 12일 17시,금요일,경상남도 김해시 삼정동,중상사고,0,2,0,0,차대차 - 측면충돌,직진우회전진행방해,습기,비,교차로 - 교차로안,이륜,남,70세,중상,승용,여,35세,상해없음
2016021200100373,2016년 2월 12일 18시,금요일,경상남도 사천시 곤명면,경상사고,0,0,1,0,차대사람 - 차도통행중,안전운전불이행,습기,비,단일로 - 기타,화물,남,66세,상해없음,보행자,여,59세,경상
2016021200100374,2016년 2월 12일 18시,금요일,경상남도 양산시 중부동,경상사고,0,0,1,0,차대차 - 측면직각충돌,교차로운행방법위반,건조,맑음,교차로 - 교차로안,승합,남,61세,상해없음,승용,남,36세,경상
2016021200100375,2016년 2월 12일 18시,금요일,경상남도 창원시 성산구 신촌동,중상사고,0,1,0,0,차대사람 - 횡단중,보행자보호의무위반,습기,비,단일로 - 횡단보도상,승용,남,48세,상해없음,보행자,여,70세,중상
2016021200100420,2016년 2월 12일 19시,금요일,경상남도 통영시 무전동,부상신고사고,0,0,0,1,차대차 - 측면직각충돌,안전운전불이행,습기,비,단일로 - 기타,승합,남,46세,부상신고,승용,여,46세,상해없음
2016021200100421,2016년 2월 12일 19시,금요일,경상남도 창원시 마산회원구 양덕동,중상사고,0,1,0,0,차대사람 - 횡단중,신호위반,습기,비,단일로 - 기타,승용,여,38세,기타불명,보행자,남,12세,중상
2016021200100472,2016년 2월 12일 20시,금요일,경상남도 창원시 진해구 청안동,경상사고,0,0,1,0,차대차 - 측면직각충돌,직진우회전진행방해,습기,비,교차로 - 교차로안,승용,남,52세,상해없음,이륜,남,38세,경상
2016021200100473,2016년 2월 12일 20시,금요일,경상남도 양산시 평산동,경상사고,0,0,1,0,차대사람 - 횡단중,신호위반,습기,비,교차로 - 교차로부근,원동기,남,24세,상해없음,보행자,여,65세,경상
2016021200100474,2016년 2월 12일 20시,금요일,경상남도 창원시 성산구 남산동,중상사고,0,1,0,0,차대사람 - 횡단중,신호위반,습기,비,단일로 - 횡단보도상,원동기,남,22세,상해없음,보행자,남,27세,중상
2016021200100475,2016년 2월 12일 20시,금요일,경상남도 창원시 성산구 안민동,중상사고,0,1,1,0,차대차 - 기타,안전운전불이행,건조,맑음,단일로 - 기타,승용,남,50세,상해없음,승용,여,36세,중상
2016021200100547,2016년 2월 12일 22시,금요일,경상남도 양산시 평산동,경상사고,0,0,1,0,차대사람 - 차도통행중,안전운전불이행,습기,비,단일로 - 기타,화물,남,53세,상해없음,보행자,여,59세,경상
2016021200100548,2016년 2월 12일 22시,금요일,경상남도 양산시 상북면,중상사고,0,1,0,0,차대차 - 추돌,안전운전불이행,습기,비,기타 - 기타,승용,남,59세,중상,건설기계,여,56세,기타불명
2016021200100549,2016년 2월 12일 22시,금요일,경상남도 거제시 연초면,중상사고,0,1,0,0,차량단독 - 공작물충돌,안전운전불이행,습기,비,교차로 - 교차로부근,화물,남,47세,중상,,,,
2016021200100550,2016년 2월 12일 22시,금요일,경상남도 창원시 마산회원구 구암동,경상사고,0,0,1,0,차대사람 - 횡단중,보행자보호의무위반,건조,맑음,교차로 - 교차로부근,승용,남,47세,상해없음,보행자,여,66세,경상
2016021200100581,2016년 2월 12일 23시,금요일,경상남도 사천시 축동면,경상사고,0,0,2,0,차대차 - 측면직각충돌,신호위반,습기,비,교차로 - 교차로안,화물,남,40세,경상,승용,여,45세,경상
2016021300100016,2016년 2월 13일 00시,토요일,경상남도 거제시 아주동,중상사고,0,2,0,0,차량단독 - 공작물충돌,안전운전불이행,습기,비,교차로 - 교차로부근,이륜,남,26세,중상,,,,
2016021300100017,2016년 2월 13일 00시,토요일,경상남도 창원시 성산구 가음정동,중상사고,0,1,1,0,차대차 - 정면충돌,신호위반,습기,비,교차로 - 교차로안,승용,남,33세,상해없음,승용,남,58세,중상
2016021300100018,2016년 2월 13일 00시,토요일,경상남도 창원시 의창구 소답동,중상사고,0,1,1,0,차대차 - 추돌,안전운전불이행,건조,맑음,단일로 - 기타,승용,여,49세,상해없음,승용,남,58세,경상
2016021300100038,2016년 2월 13일 01시,토요일,경상남도 사천시 용강동,중상사고,0,1,0,0,차대사람 - 횡단중,안전운전불이행,습기,비,단일로 - 기타,승용,여,41세,상해없음,보행자,남,55세,중상
2016021300100039,2016년 2월 13일 01시,토요일,경상남도 창원시 성산구 상남동,경상사고,0,0,1,0,차대사람 - 횡단중,안전운전불이행,습기,비,단일로 - 기타,승용,남,34세,상해없음,보행자,여,38세,경상
2016021300100075,2016년 2월 13일 04시,토요일,경상남도 진주시 가좌동,중상사고,0,1,0,0,차량단독 - 공작물충돌,안전운전불이행,건조,맑음,교차로 - 교차로안,승용,남,41세,중상,,,,
2016021300100076,2016년 2월 13일 04시,토요일,경상남도 거제시 고현동,경상사고,0,0,1,0,차대사람 - 횡단중,안전운전불이행,습기,비,교차로 - 교차로안,승용,남,63세,상해없음,보행자,여,31세,경상
2016021300100092,2016년 2월 13일 05시,토요일,경상남도 진주시 상대동,중상사고,0,1,0,0,차대사람 - 횡단중,신호위반,건조,맑음,교차로 - 교차로부근,기타불명,기타불명,기타불명,기타불명,보행자,남,62세,중상
2016021300100101,2016년 2월 13일 06시,토요일,경상남도 양산시 동면,경상사고,0,0,1,0,차대사람 - 기타,안전거리미확보,건조,맑음,단일로 - 기타,이륜,여,50세,상해없음,보행자,남,49세,경상
2016021300100112,2016년 2월 13일 07시,토요일,경상남도 김해시 동상동,경상사고,0,0,1,0,차대차 - 기타,안전운전불이행,습기,비,교차로 - 교차로부근,승합,남,38세,기타불명,승용,남,39세,경상
2016021300100113,2016년 2월 13일 07시,토요일,경상남도 양산시 동면,중상사고,0,1,3,0,차대차 - 측면직각충돌,중앙선침범,건조,맑음,교차로 - 교차로부근,승용,여,24세,상해없음,승용,남,36세,중상
2016021300100140,2016년 2월 13일 09시,토요일,경상남도 통영시 북신동,중상사고,0,1,0,0,차대사람 - 횡단중,보행자보호의무위반,건조,흐림,교차로 - 교차로부근,화물,남,39세,상해없음,보행자,남,28세,중상
2016021300100141,2016년 2월 13일 09시,토요일,경상남도 김해시 대동면,중상사고,0,1,0,0,차량단독 - 전도전복,안전운전불이행,습기,비,단일로 - 기타,화물,남,45세,중상,,,,
2016021300100142,2016년 2월 13일 09시,토요일,경상남도 양산시 주진동,경상사고,0,0,1,0,차대차 - 기타,차로위반,습기,비,단일로 - 기타,건설기계,남,50세,상해없음,승용,여,66세,경상
2016021300100162,2016년 2월 13일 10시,토요일,경상남도 통영시 무전동,중상사고,0,1,0,0,차대차 - 측면충돌,차로위반,건조,맑음,단일로 - 기타,승용,여,41세,상해없음,승용,남,52세,중상
2016021300100163,2016년 2월 13일 10시,토요일,경상남도 양산시 소주동,경상사고,0,0,1,0,차대차 - 측면충돌,직진우회전진행방해,습기,흐림,교차로 - 교차로안,화물,남,59세,상해없음,승용,여,47세,경상
2016021300100164,2016년 2월 13일 10시,토요일,경상남도 양산시 상북면,중상사고,0,1,1,2,차대차 - 정면충돌,안전거리미확보,습기,흐림,단일로 - 기타,승용,여,49세,중상,화물,남,38세,경상
2016021300100165,2016년 2월 13일 10시,토요일,경상남도 양산시 물금읍,중상사고,0,2,0,0,차량단독 - 전도전복,안전운전불이행,습기,맑음,단일로 - 기타,승용,남,71세,중상,,,,
2016021300100166,2016년 2월 13일 10시,토요일,경상남도 김해시 진영읍,경상사고,0,0,1,0,차대차 - 추돌,안전운전불이행,습기,비,교차로 - 교차로부근,승용,여,48세,상해없음,승용,남,58세,경상
2016021300100192,2016년 2월 13일 11시,토요일,경상남도 양산시 상북면,중상사고,0,1,0,0,차대차 - 정면충돌,중앙선침범,습기,흐림,단일로 - 기타,승용,남,62세,상해없음,승용,여,55세,중상
2016021300100207,2016년 2월 13일 12시,토요일,경상남도 합천군 대병면,중상사고,0,2,2,0,차대차 - 정면충돌,안전운전불이행,습기,비,단일로 - 기타,승용,여,48세,중상,승용,남,64세,경상
2016021300100208,2016년 2월 13일 12시,토요일,경상남도 고성군 고성읍,경상사고,0,0,1,0,차대차 - 측면충돌,신호위반,건조,맑음,교차로 - 교차로안,승용,남,28세,상해없음,승용,남,57세,경상
2016021300100228,2016년 2월 13일 13시,토요일,경상남도 산청군 산청읍,중상사고,0,1,0,0,차대차 - 측면직각충돌,안전운전불이행,습기,흐림,단일로 - 기타,승합,남,47세,상해없음,원동기,남,74세,중상
2016021300100241,2016년 2월 13일 14시,토요일,경상남도 통영시 명정동,경상사고,0,0,2,2,차대차 - 추돌,안전운전불이행,습기,비,교차로 - 교차로부근,화물,남,43세,상해없음,승용,여,37세,경상
2016021300100242,2016년 2월 13일 14시,토요일,경상남도 양산시 명동,부상신고사고,0,0,0,1,차대차 - 측면충돌,안전운전불이행,건조,맑음,단일로 - 기타,승용,남,62세,상해없음,원동기,남,52세,부상신고
2016021300100243,2016년 2월 13일 14시,토요일,경상남도 양산시 물금읍,경상사고,0,0,1,1,차대차 - 추돌,안전운전불이행,습기,비,단일로 - 기타,승용,남,42세,상해없음,승용,여,42세,경상
2016021300100254,2016년 2월 13일 15시,토요일,경상남도 김해시 삼정동,중상사고,0,2,0,0,차대차 - 측면직각충돌,안전운전불이행,습기,비,단일로 - 기타,승용,남,30세,상해없음,승용,남,63세,중상
2016021300100264,2016년 2월 13일 15시,토요일,경상남도 진주시 초전동,중상사고,0,1,0,0,차대차 - 측면직각충돌,교차로운행방법위반,습기,비,교차로 - 교차로안,원동기,남,75세,중상,승용,여,42세,상해없음
2016021300100287,2016년 2월 13일 16시,토요일,경상남도 양산시 삼호동,경상사고,0,0,1,0,차대사람 - 횡단중,안전운전불이행,습기,비,교차로 - 교차로안,원동기,남,20세,상해없음,보행자,여,62세,경상
2016021300100288,2016년 2월 13일 16시,토요일,경상남도 고성군 고성읍,중상사고,0,1,0,0,차대차 - 추돌,안전운전불이행,습기,비,단일로 - 기타,승용,여,49세,상해없음,승용,여,37세,중상
2016021300100289,2016년 2월 13일 16시,토요일,경상남도 합천군 야로면,중상사고,0,1,1,0,차대차 - 추돌,안전운전불이행,습기,비,단일로 - 기타,승용,남,58세,상해없음,승용,남,54세,경상
2016021300100314,2016년 2월 13일 17시,토요일,경상남도 거창군 거창읍,중상사고,0,1,0,0,차대차 - 추돌,안전운전불이행,습기,비,교차로 - 교차로부근,화물,남,57세,상해없음,이륜,남,82세,중상
2016021300100315,2016년 2월 13일 17시,토요일,경상남도 거제시 동부면,경상사고,0,0,1,0,차대차 - 정면충돌,중앙선침범,습기,비,단일로 - 기타,승용,남,41세,상해없음,승용,남,41세,경상
2016021300100316,2016년 2월 13일 17시,토요일,경상남도 창원시 의창구 서상동,중상사고,0,1,0,0,차대사람 - 횡단중,보행자보호의무위반,습기,비,교차로 - 교차로부근,승합,남,66세,상해없음,보행자,여,15세,중상
2016021300100317,2016년 2월 13일 17시,토요일,경상남도 김해시 한림면,중상사고,0,1,0,0,차대차 - 측면충돌,안전운전불이행,건조,맑음,단일로 - 기타,화물,남,29세,상해없음,승용,여,35세,중상
2016021300100365,2016년 2월 13일 18시,토요일,경상남도 창녕군 창녕읍,경상사고,0,0,2,0,차대차 - 추돌,안전운전불이행,습기,비,교차로 - 교차로부근,승용,남,69세,상해없음,승용,남,60세,경상
2016021300100366,2016년 2월 13일 18시,토요일,경상남도 거제시 연초면,중상사고,0,1,0,0,차대사람 - 보도통행중,안전운전불이행,습기,비,단일로 - 기타,승용,여,35세,상해없음,보행자,여,58세,중상
2016021300100401,2016년 2월 13일 19시,토요일,경상남도 창원시 진해구 이동,부상신고사고,0,0,0,1,차대사람 - 기타,중앙선침범,습기,비,단일로 - 기타,승용,남,34세,상해없음,보행자,남,48세,부상신고
2016021300100402,2016년 2월 13일 19시,토요일,경상남도 김해시 어방동,중상사고,0,1,0,0,차대차 - 측면충돌,안전운전불이행,습기,비,단일로 - 기타,승용,남,52세,상해없음,승용,남,26세,중상
2016021300100403,2016년 2월 13일 19시,토요일,경상남도 창녕군 계성면,경상사고,0,0,1,0,차대차 - 기타,신호위반,습기,비,단일로 - 기타,승용,남,56세,상해없음,승용,남,29세,상해없음
2016021300100404,2016년 2월 13일 19시,토요일,경상남도 거제시 능포동,경상사고,0,0,1,0,차대차 - 기타,안전운전불이행,습기,비,단일로 - 기타,승용,남,40세,상해없음,이륜,남,47세,경상
2016021300100405,2016년 2월 13일 19시,토요일,경상남도 창원시 성산구 상남동,경상사고,0,0,1,0,차대차 - 측면직각충돌,신호위반,건조,맑음,교차로 - 교차로안,승용,여,27세,상해없음,승용,남,25세,경상
2016021300100406,2016년 2월 13일 19시,토요일,경상남도 창원시 마산합포구 산호동,중상사고,0,1,0,0,차대사람 - 횡단중,안전운전불이행,습기,비,단일로 - 기타,승용,여,32세,상해없음,보행자,남,24세,중상
2016021300100440,2016년 2월 13일 20시,토요일,경상남도 통영시 광도면,중상사고,0,2,1,0,차대차 - 추돌,안전운전불이행,습기,비,교차로 - 교차로부근,승용,남,57세,상해없음,승용,남,40세,경상
2016021300100441,2016년 2월 13일 20시,토요일,경상남도 김해시 삼계동,중상사고,0,1,0,0,차대차 - 정면충돌,중앙선침범,습기,흐림,단일로 - 기타,승용,남,37세,상해없음,이륜,남,19세,중상
2016021300100471,2016년 2월 13일 21시,토요일,경상남도 김해시 진영읍,경상사고,0,0,1,0,차대차 - 측면직각충돌,신호위반,습기,비,교차로 - 교차로안,승용,남,57세,상해없음,승용,여,38세,경상
2016021300100499,2016년 2월 13일 22시,토요일,경상남도 양산시 북부동,부상신고사고,0,0,0,2,차대차 - 추돌,안전거리미확보,습기,비,교차로 - 교차로부근,승용,남,59세,상해없음,승용,남,22세,부상신고
2016021400100018,2016년 2월 14일 00시,일요일,경상남도 통영시 무전동,경상사고,0,0,1,1,차대차 - 측면직각충돌,신호위반,건조,흐림,교차로 - 교차로안,승용,남,24세,부상신고,승용,남,38세,경상
2016021400100072,2016년 2월 14일 03시,일요일,경상남도 진주시 하대동,경상사고,0,0,1,0,차대사람 - 횡단중,안전운전불이행,건조,맑음,교차로 - 교차로부근,승용,남,20세,상해없음,보행자,여,23세,경상
2016021400100078,2016년 2월 14일 04시,일요일,경상남도 진주시 상대동,중상사고,0,1,0,0,차대사람 - 기타,안전운전불이행,건조,맑음,단일로 - 기타,화물,남,35세,상해없음,보행자,남,38세,중상
2016021400100092,2016년 2월 14일 06시,일요일,경상남도 함양군 휴천면,경상사고,0,0,1,0,차량단독 - 전도전복,안전운전불이행,결빙,눈,단일로 - 기타,승용,남,70세,경상,,,,
2016021400100101,2016년 2월 14일 07시,일요일,경상남도 창원시 성산구 신촌동,중상사고,0,4,2,0,차대차 - 측면충돌,신호위반,건조,맑음,교차로 - 교차로안,화물,남,52세,상해없음,승용,남,51세,경상
2016021400100126,2016년 2월 14일 10시,일요일,경상남도 창원시 마산합포구 진전면,중상사고,0,1,0,0,차대사람 - 기타,안전운전불이행,건조,맑음,단일로 - 기타,승합,남,58세,상해없음,보행자,남,67세,중상
2016021400100127,2016년 2월 14일 10시,일요일,경상남도 밀양시 교동,경상사고,0,0,1,0,차대차 - 정면충돌,신호위반,건조,맑음,교차로 - 교차로안,원동기,남,16세,경상,승용,여,56세,상해없음
2016021400100137,2016년 2월 14일 11시,일요일,경상남도 창원시 마산합포구 창포동3가,중상사고,0,1,0,0,차대사람 - 기타,안전운전불이행,건조,맑음,교차로 - 교차로안,승용,남,61세,상해없음,보행자,남,81세,중상
2016021400100138,2016년 2월 14일 11시,일요일,경상남도 창원시 진해구 덕산동,중상사고,0,1,0,0,차대차 - 추돌,안전운전불이행,건조,맑음,단일로 - 기타,원동기,남,45세,중상,승용,남,46세,기타불명
2016021400100146,2016년 2월 14일 12시,일요일,경상남도 김해시 부원동,중상사고,0,1,0,0,차대사람 - 보도통행중,기타,건조,맑음,단일로 - 기타,승용,여,50세,상해없음,보행자,여,60세,중상
2016021400100147,2016년 2월 14일 12시,일요일,경상남도 산청군 신안면,부상신고사고,0,0,0,2,차대차 - 측면직각충돌,교차로운행방법위반,건조,맑음,교차로 - 교차로안,화물,남,53세,부상신고,승용,남,48세,부상신고
2016021400100160,2016년 2월 14일 13시,일요일,경상남도 합천군 합천읍,경상사고,0,0,2,0,차대차 - 측면충돌,신호위반,건조,맑음,교차로 - 교차로안,승용,남,48세,상해없음,승용,남,58세,경상
2016021400100161,2016년 2월 14일 13시,일요일,경상남도 양산시 중부동,중상사고,0,1,0,0,차대사람 - 길가장자리구역통행중,안전운전불이행,건조,맑음,단일로 - 기타,이륜,남,32세,상해없음,보행자,여,90세 이상,중상
2016021400100177,2016년 2월 14일 14시,일요일,경상남도 통영시 당동,중상사고,0,1,0,0,차대차 - 추돌,안전운전불이행,건조,맑음,단일로 - 기타,이륜,남,60세,상해없음,승용,남,37세,상해없음
2016021400100178,2016년 2월 14일 14시,일요일,경상남도 하동군 하동읍,중상사고,0,1,0,0,차대사람 - 기타,안전운전불이행,건조,맑음,단일로 - 기타,승용,남,64세,상해없음,보행자,여,65세,중상
2016021400100179,2016년 2월 14일 14시,일요일,경상남도 남해군 남면,경상사고,0,0,4,1,차대차 - 정면충돌,중앙선침범,건조,맑음,단일로 - 기타,승용,남,57세,부상신고,승용,남,23세,경상
2016021400100180,2016년 2월 14일 14시,일요일,경상남도 김해시 장유면,중상사고,0,1,0,0,차량단독 - 기타,안전운전불이행,건조,맑음,단일로 - 기타,원동기,남,25세,중상,,,,
2016021400100204,2016년 2월 14일 15시,일요일,경상남도 진주시 가좌동,중상사고,0,1,1,0,차대차 - 측면충돌,신호위반,건조,맑음,교차로 - 교차로안,승용,남,55세,경상,화물,남,48세,중상
2016021400100205,2016년 2월 14일 15시,일요일,경상남도 김해시 삼정동,중상사고,0,1,0,0,차대차 - 추돌,안전운전불이행,건조,맑음,단일로 - 기타,승용,남,67세,상해없음,승용,남,68세,상해없음
2016021400100240,2016년 2월 14일 17시,일요일,경상남도 통영시 무전동,중상사고,0,1,0,0,차대차 - 측면직각충돌,안전운전불이행,건조,맑음,교차로 - 교차로안,승용,여,35세,상해없음,승용,남,29세,중상
2016021400100241,2016년 2월 14일 17시,일요일,경상남도 밀양시 내일동,중상사고,0,1,0,0,차대사람 - 길가장자리구역통행중,안전운전불이행,건조,맑음,단일로 - 기타,승용,여,55세,상해없음,보행자,여,11세,중상
2016021400100274,2016년 2월 14일 18시,일요일,경상남도 양산시 물금읍,부상신고사고,0,0,0,4,차대차 - 추돌,안전운전불이행,건조,맑음,단일로 - 기타,승용,남,61세,상해없음,승용,남,36세,부상신고
2016021400100297,2016년 2월 14일 19시,일요일,경상남도 밀양시 내이동,경상사고,0,0,3,0,차대차 - 측면직각충돌,교차로운행방법위반,건조,맑음,교차로 - 교차로안,승용,남,24세,상해없음,승용,남,54세,경상
2016021400100298,2016년 2월 14일 19시,일요일,경상남도 창원시 성산구 성주동,사망사고,1,0,0,0,차량단독 - 전도전복,안전운전불이행,건조,맑음,단일로 - 기타,이륜,남,26세,사망,,,,
2016021400100313,2016년 2월 14일 20시,일요일,경상남도 거제시 장평동,경상사고,0,0,1,0,차대차 - 측면직각충돌,교차로운행방법위반,건조,맑음,교차로 - 교차로안,이륜,남,55세,상해없음,이륜,남,17세,경상
2016021400100314,2016년 2월 14일 20시,일요일,경상남도 거제시 상동동,경상사고,0,0,1,0,차대차 - 기타,교차로운행방법위반,건조,맑음,교차로 - 교차로안,승용,여,46세,상해없음,이륜,남,50세,경상
2016021400100315,2016년 2월 14일 20시,일요일,경상남도 남해군 이동면,부상신고사고,0,0,0,1,차량단독 - 전도전복,안전운전불이행,건조,흐림,단일로 - 기타,이륜,남,49세,부상신고,,,,
2016021400100333,2016년 2월 14일 21시,일요일,경상남도 양산시 물금읍,중상사고,0,1,0,0,차대차 - 측면충돌,신호위반,건조,맑음,교차로 - 교차로안,승용,남,28세,상해없음,이륜,남,22세,중상
2016021500100005,2016년 2월 15일 00시,월요일,경상남도 통영시 광도면,중상사고,0,1,0,0,차량단독 - 공작물충돌,안전운전불이행,건조,맑음,단일로 - 기타,승용,남,42세,상해없음,,,,
2016021500100098,2016년 2월 15일 08시,월요일,경상남도 통영시 광도면,경상사고,0,0,1,0,차대차 - 측면직각충돌,신호위반,건조,맑음,교차로 - 교차로안,승용,남,54세,상해없음,승용,남,57세,경상
2016021500100099,2016년 2월 15일 08시,월요일,경상남도 함양군 수동면,중상사고,0,1,0,0,차대차 - 추돌,안전운전불이행,건조,맑음,단일로 - 기타,화물,남,66세,상해없음,농기계,남,59세,중상
2016021500100100,2016년 2월 15일 08시,월요일,경상남도 거제시 삼거동,중상사고,0,3,0,0,차대차 - 정면충돌,중앙선침범,건조,맑음,단일로 - 기타,승용,여,25세,상해없음,화물,남,62세,중상
2016021500100101,2016년 2월 15일 08시,월요일,경상남도 의령군 의령읍,경상사고,0,0,1,0,차대차 - 정면충돌,안전운전불이행,건조,맑음,교차로 - 교차로부근,승용,남,73세,상해없음,승용,여,32세,경상
2016021500100102,2016년 2월 15일 08시,월요일,경상남도 창원시 의창구 서상동,부상신고사고,0,0,0,1,차대차 - 측면직각충돌,안전운전불이행,건조,맑음,단일로 - 기타,승용,남,66세,상해없음,승용,여,24세,부상신고
2016021500100137,2016년 2월 15일 09시,월요일,경상남도 김해시 장유면,경상사고,0,0,1,0,차대차 - 측면충돌,안전거리미확보,건조,맑음,단일로 - 기타,화물,남,44세,상해없음,승용,여,46세,경상
2016021500100166,2016년 2월 15일 10시,월요일,경상남도 거제시 고현동,중상사고,0,1,0,0,차대차 - 측면충돌,안전거리미확보,건조,맑음,단일로 - 기타,승용,남,65세,상해없음,승용,여,48세,중상
2016021500100207,2016년 2월 15일 11시,월요일,경상남도 김해시 장유면,중상사고,0,1,0,0,차대차 - 추돌,안전운전불이행,건조,맑음,단일로 - 기타,승용,남,64세,상해없음,승용,여,44세,중상
2016021500100229,2016년 2월 15일 12시,월요일,경상남도 진주시 하대동,중상사고,0,1,0,0,차대차 - 추돌,안전운전불이행,건조,맑음,단일로 - 기타,원동기,남,20세,중상,승용,여,47세,기타불명
2016021500100230,2016년 2월 15일 12시,월요일,경상남도 창원시 진해구 용원동,경상사고,0,0,2,0,차대차 - 추돌,안전운전불이행,건조,맑음,기타 - 기타,승합,남,70세,상해없음,승용,남,61세,경상
2016021500100231,2016년 2월 15일 12시,월요일,경상남도 창녕군 영산면,중상사고,0,1,0,0,차대차 - 기타,신호위반,건조,맑음,교차로 - 교차로안,화물,남,48세,상해없음,원동기,남,73세,중상
2016021500100254,2016년 2월 15일 13시,월요일,경상남도 김해시 한림면,부상신고사고,0,0,0,1,차량단독 - 전도전복,안전운전불이행,건조,맑음,단일로 - 기타,화물,남,57세,부상신고,,,,
2016021500100290,2016년 2월 15일 14시,월요일,경상남도 사천시 동림동,경상사고,0,0,1,0,차대차 - 정면충돌,직진우회전진행방해,건조,맑음,교차로 - 교차로안,승용,남,71세,상해없음,승합,남,56세,상해없음
2016021500100323,2016년 2월 15일 15시,월요일,경상남도 김해시 진례면,중상사고,0,2,0,0,차대차 - 측면충돌,중앙선침범,건조,맑음,단일로 - 기타,승용,여,61세,중상,화물,남,44세,중상
2016021500100361,2016년 2월 15일 16시,월요일,경상남도 진주시 평거동,중상사고,0,1,0,0,차대차 - 정면충돌,중앙선침범,건조,맑음,단일로 - 기타,승용,여,45세,상해없음,승용,여,57세,중상
2016021500100362,2016년 2월 15일 16시,월요일,경상남도 통영시 광도면,경상사고,0,0,1,0,차대차 - 측면충돌,안전운전불이행,건조,맑음,단일로 - 기타,승합,여,38세,상해없음,승용,여,30세,경상
2016021500100363,2016년 2월 15일 16시,월요일,경상남도 통영시 광도면,경상사고,0,0,1,0,차대차 - 측면직각충돌,안전운전불이행,건조,맑음,교차로 - 교차로부근,승합,남,56세,상해없음,화물,남,47세,상해없음
2016021500100364,2016년 2월 15일 16시,월요일,경상남도 김해시 삼계동,경상사고,0,0,2,0,차대차 - 기타,안전운전불이행,건조,맑음,교차로 - 교차로안,승용,여,51세,상해없음,승용,남,28세,경상
2016021500100365,2016년 2월 15일 16시,월요일,경상남도 거제시 능포동,경상사고,0,0,2,0,차대차 - 정면충돌,교차로운행방법위반,건조,맑음,교차로 - 교차로안,승용,남,47세,상해없음,승용,남,35세,경상
2016021500100366,2016년 2월 15일 16시,월요일,경상남도 창원시 마산회원구 내서읍,경상사고,0,0,1,0,차대차 - 측면충돌,안전운전불이행,건조,맑음,단일로 - 기타,승용,남,64세,상해없음,승용,남,56세,경상
2016021500100367,2016년 2월 15일 16시,월요일,경상남도 김해시 풍유동,중상사고,0,2,0,0,차대차 - 측면충돌,안전거리미확보,건조,맑음,단일로 - 기타,승합,남,49세,상해없음,화물,남,46세,중상
2016021500100403,2016년 2월 15일 17시,월요일,경상남도 창원시 마산합포구 동성동,경상사고,0,0,1,0,차대사람 - 보도통행중,중앙선침범,건조,맑음,단일로 - 기타,이륜,남,67세,상해없음,보행자,여,65세,경상
2016021500100404,2016년 2월 15일 17시,월요일,경상남도 진주시 정촌면,경상사고,0,0,1,0,차대차 - 추돌,안전운전불이행,건조,맑음,교차로 - 교차로부근,승용,남,57세,상해없음,승용,남,59세,경상
2016021500100443,2016년 2월 15일 18시,월요일,경상남도 거제시 상동동,경상사고,0,0,1,0,차대차 - 정면충돌,교차로운행방법위반,건조,맑음,교차로 - 교차로안,승용,남,50세,상해없음,이륜,남,34세,경상
2016021500100444,2016년 2월 15일 18시,월요일,경상남도 창원시 의창구 봉곡동,경상사고,0,0,1,0,차대차 - 측면직각충돌,안전운전불이행,건조,맑음,교차로 - 교차로안,승용,남,45세,상해없음,승용,남,51세,경상
2016021500100507,2016년 2월 15일 20시,월요일,경상남도 고성군 마암면,경상사고,0,0,1,0,차대차 - 추돌,안전운전불이행,건조,맑음,단일로 - 기타,승용,남,40세,상해없음,화물,남,27세,경상
2016021500100531,2016년 2월 15일 21시,월요일,경상남도 거제시 고현동,중상사고,0,2,0,0,차대차 - 정면충돌,안전운전불이행,건조,맑음,교차로 - 교차로안,승용,남,54세,상해없음,승용,남,43세,중상