사고번호,사고일시,요일,시군구,사고내용,사망자수,중상자수,경상자수,부상신고자수,사고유형,법규위반,노면상태,기상상태,도로형태,가해운전자 차종,가해운전자 성별,가해운전자 연령,가해운전자 상해정도,피해운전자 차종,피해운전자 성별,피해운전자 연령,피해운전자 상해정도
2016021600100013,2016년 2월 16일 00시,화요일,경상남도 하동군 북천면,중상사고,0,1,0,0,차대차 - 정면충돌,중앙선침범,건조,맑음,기타 - 기타,승용,남,41세,상해없음,승용,남,45세,중상
2016021600100035,2016년 2월 16일 02시,화요일,경상남도 밀양시 단장면,중상사고,0,1,0,0,차량단독 - 전도전복,안전운전불이행,건조,맑음,단일로 - 기타,이륜,남,16세,상해없음,,,,
2016021600100102,2016년 2월 16일 07시,화요일,경상남도 거제시 양정동,사망사고,1,0,0,0,차대사람 - 횡단중,보행자보호의무위반,건조,맑음,교차로 - 교차로부근,화물,남,44세,상해없음,보행자,남,80세,사망
2016021600100103,2016년 2월 16일 07시,화요일,경상남도 김해시 장유면,중상사고,0,1,0,0,차대차 - 추돌,안전운전불이행,건조,맑음,단일로 - 기타,승용,남,52세,상해없음,승용,남,41세,중상
2016021600100142,2016년 2월 16일 08시,화요일,경상남도 창원시 마산합포구 남성동,경상사고,0,0,1,0,차대차 - 추돌,안전운전불이행,건조,맑음,단일로 - 기타,화물,남,45세,상해없음,원동기,남,45세,경상
2016021600100171,2016년 2월 16일 09시,화요일,경상남도 고성군 상리면,사망사고,1,0,0,0,차량단독 - 전도전복,안전운전불이행,건조,맑음,단일로 - 기타,승용,남,63세,사망,,,,
2016021600100172,2016년 2월 16일 09시,화요일,경상남도 창원시 의창구 대원동,경상사고,0,0,1,0,차대차 - 추돌,안전운전불이행,건조,맑음,단일로 - 기타,승용,남,36세,상해없음,승용,남,46세,경상
2016021600100233,2016년 2월 16일 11시,화요일,경상남도 양산시 동면,경상사고,0,0,1,0,차대차 - 측면직각충돌,안전운전불이행,건조,맑음,단일로 - 기타,화물,남,43세,상해없음,승용,남,29세,상해없음
2016021600100234,2016년 2월 16일 11시,화요일,경상남도 창원시 성산구 남양동,경상사고,0,0,1,0,차대사람 - 횡단중,신호위반,건조,맑음,단일로 - 횡단보도상,승용,여,71세,상해없음,보행자,여,16세,경상
2016021600100276,2016년 2월 16일 12시,화요일,경상남도 창원시 진해구 충무동,경상사고,0,0,1,0,차대차 - 측면충돌,차로위반,건조,맑음,기타 - 기타,승용,남,79세,기타불명,승용,남,53세,경상
2016021600100277,2016년 2월 16일 12시,화요일,경상남도 양산시 중부동,경상사고,0,0,2,0,차대차 - 정면충돌,안전운전불이행,건조,맑음,단일로 - 기타,승합,여,54세,상해없음,원동기,남,19세,경상
2016021600100307,2016년 2월 16일 13시,화요일,경상남도 밀양시 부북면,사망사고,1,0,0,0,차량단독 - 전도전복,안전운전불이행,건조,맑음,단일로 - 기타,원동기,남,60세,사망,,,,
2016021600100308,2016년 2월 16일 13시,화요일,경상남도 남해군 남해읍,경상사고,0,0,1,0,차대사람 - 횡단중,보행자보호의무위반,건조,맑음,교차로 - 교차로부근,승용,남,26세,상해없음,보행자,남,8세,경상
2016021600100309,2016년 2월 16일 13시,화요일,경상남도 창원시 성산구 상남동,경상사고,0,0,2,0,차대차 - 측면직각충돌,안전운전불이행,건조,맑음,교차로 - 교차로안,승용,남,72세,상해없음,승용,남,39세,경상
2016021600100373,2016년 2월 16일 15시,화요일,경상남도 사천시 동동,경상사고,0,0,1,0,차대차 - 측면충돌,직진우회전진행방해,건조,맑음,교차로 - 교차로안,승용,여,47세,상해없음,이륜,남,60세,경상
2016021600100374,2016년 2월 16일 15시,화요일,경상남도 김해시 장유면,부상신고사고,0,0,0,1,차대차 - 측면충돌,안전운전불이행,건조,맑음,교차로 - 교차로안,원동기,남,22세,부상신고,승용,여,32세,상해없음
2016021600100394,2016년 2월 16일 16시,화요일,경상남도 진주시 칠암동,중상사고,0,1,0,1,차대사람 - 횡단중,신호위반,건조,맑음,단일로 - 기타,자전거,남,19세,부상신고,보행자,여,9세,중상
2016021600100395,2016년 2월 16일 16시,화요일,경상남도 창원시 진해구 자은동,경상사고,0,0,2,0,차대차 - 측면충돌,차로위반,건조,맑음,기타 - 기타,화물,남,58세,상해없음,승용,여,59세,경상
2016021600100431,2016년 2월 16일 17시,화요일,경상남도 진주시 중안동,중상사고,0,1,0,0,차대차 - 측면충돌,안전운전불이행,건조,맑음,교차로 - 교차로안,승용,남,59세,상해없음,승용,남,61세,중상
2016021600100432,2016년 2월 16일 17시,화요일,경상남도 김해시 동상동,중상사고,0,1,0,0,차대차 - 측면충돌,안전운전불이행,건조,맑음,교차로 - 교차로안,원동기,남,54세,중상,승용,남,59세,상해없음
2016021600100433,2016년 2월 16일 17시,화요일,경상남도 양산시 물금읍,경상사고,0,0,1,0,차대차 - 기타,교차로운행방법위반,건조,맑음,교차로 - 교차로안,승용,여,57세,상해없음,승합,남,33세,경상
2016021600100473,2016년 2월 16일 18시,화요일,경상남도 통영시 광도면,경상사고,0,0,2,0,차대차 - 측면직각충돌,안전운전불이행,건조,맑음,단일로 - 기타,승용,남,55세,상해없음,승용,남,41세,경상
2016021600100510,2016년 2월 16일 19시,화요일,경상남도 김해시 장유면,중상사고,0,1,0,0,차대차 - 측면충돌,안전운전불이행,건조,맑음,교차로 - 교차로안,승용,남,51세,상해없음,승용,남,30세,중상
2016021600100537,2016년 2월 16일 20시,화요일,경상남도 창원시 성산구 성산동,경상사고,0,0,1,0,차대차 - 추돌,안전운전불이행,건조,맑음,단일로 - 기타,승용,남,37세,상해없음,승용,남,49세,경상
2016021600100538,2016년 2월 16일 20시,화요일,경상남도 창원시 의창구 명서동,경상사고,0,0,1,0,차대사람 - 차도통행중,안전운전불이행,건조,맑음,단일로 - 기타,승용,남,31세,상해없음,보행자,남,52세,경상
2016021600100560,2016년 2월 16일 21시,화요일,경상남도 거제시 고현동,경상사고,0,0,2,0,차대차 - 추돌,안전운전불이행,건조,맑음,단일로 - 기타,승용,남,31세,상해없음,승용,남,36세,경상
2016021600100561,2016년 2월 16일 21시,화요일,경상남도 김해시 장유면,중상사고,0,1,1,0,차대차 - 추돌,안전운전불이행,건조,맑음,단일로 - 기타,승용,남,42세,상해없음,승용,여,43세,중상
2016021600100590,2016년 2월 16일 22시,화요일,경상남도 창원시 성산구 대방동,경상사고,0,0,1,0,차대차 - 측면직각충돌,중앙선침범,건조,맑음,교차로 - 교차로부근,승용,남,52세,상해없음,승용,남,32세,경상
2016021600100614,2016년 2월 16일 23시,화요일,경상남도 양산시 상북면,경상사고,0,0,1,0,차대사람 - 차도통행중,안전운전불이행,건조,맑음,단일로 - 기타,승용,남,46세,상해없음,보행자,남,21세,경상
2016021600100615,2016년 2월 16일 23시,화요일,경상남도 고성군 고성읍,경상사고,0,0,1,0,차대차 - 정면충돌,교차로운행방법위반,건조,맑음,교차로 - 교차로안,승용,여,37세,상해없음,승용,남,56세,경상
2016021600100616,2016년 2월 16일 23시,화요일,경상남도 거제시 장승포동,사망사고,1,0,1,0,차대차 - 정면충돌,중앙선침범,건조,맑음,단일로 - 기타,원동기,남,35세,사망,승용,남,25세,경상
2016021600100617,2016년 2월 16일 23시,화요일,경상남도 창원시 의창구 동읍,경상사고,0,0,2,0,차대차 - 추돌,안전운전불이행,건조,맑음,단일로 - 터널,승용,남,33세,상해없음,승용,남,57세,경상
2016021600100618,2016년 2월 16일 23시,화요일,경상남도 김해시 한림면,중상사고,0,2,1,0,차대차 - 추돌,안전운전불이행,건조,맑음,단일로 - 기타,화물,남,46세,상해없음,승용,남,46세,중상
2016021700100012,2016년 2월 17일 00시,수요일,경상남도 김해시 부원동,중상사고,0,1,1,0,차대차 - 측면직각충돌,신호위반,건조,맑음,교차로 - 교차로안,승용,남,51세,상해없음,승용,여,47세,중상
2016021700100027,2016년 2월 17일 01시,수요일,경상남도 진주시 대안동,중상사고,0,1,0,0,차대사람 - 횡단중,안전운전불이행,건조,맑음,단일로 - 기타,승용,남,43세,상해없음,보행자,남,36세,중상
2016021700100067,2016년 2월 17일 05시,수요일,경상남도 거제시 아주동,중상사고,0,1,0,0,차대차 - 추돌,안전운전불이행,건조,맑음,교차로 - 교차로부근,승용,남,39세,상해없음,승합,남,41세,중상
2016021700100154,2016년 2월 17일 08시,수요일,경상남도 합천군 합천읍,중상사고,0,1,0,0,차대차 - 측면직각충돌,교차로운행방법위반,건조,맑음,교차로 - 교차로안,승용,남,31세,상해없음,이륜,남,31세,중상
2016021700100155,2016년 2월 17일 08시,수요일,경상남도 창녕군 이방면,중상사고,0,1,0,0,차대차 - 기타,중앙선침범,건조,맑음,단일로 - 기타,화물,남,50세,상해없음,승용,여,45세,중상
2016021700100156,2016년 2월 17일 08시,수요일,경상남도 양산시 원동면,경상사고,0,0,1,0,차량단독 - 기타,기타,결빙,맑음,단일로 - 기타,승용,여,46세,경상,,,,
2016021700100220,2016년 2월 17일 10시,수요일,경상남도 창원시 마산합포구 자산동,중상사고,0,1,0,0,차대사람 - 횡단중,안전운전불이행,건조,맑음,단일로 - 횡단보도부근,승용,남,40세,상해없음,보행자,여,77세,중상
2016021700100221,2016년 2월 17일 10시,수요일,경상남도 양산시 북부동,부상신고사고,0,0,0,1,차대차 - 추돌,안전운전불이행,건조,맑음,교차로 - 교차로안,원동기,남,16세,상해없음,원동기,남,17세,부상신고
2016021700100222,2016년 2월 17일 10시,수요일,경상남도 창원시 성산구 신촌동,중상사고,0,1,0,0,차대사람 - 횡단중,보행자보호의무위반,건조,맑음,단일로 - 횡단보도상,승용,남,54세,상해없음,보행자,여,53세,중상
2016021700100255,2016년 2월 17일 11시,수요일,경상남도 통영시 북신동,경상사고,0,0,1,0,차대사람 - 횡단중,안전운전불이행,건조,맑음,교차로 - 교차로부근,승용,남,58세,상해없음,보행자,남,81세,경상
2016021700100256,2016년 2월 17일 11시,수요일,경상남도 양산시 삼호동,경상사고,0,0,2,0,차대차 - 정면충돌,신호위반,건조,맑음,교차로 - 교차로안,승용,남,53세,경상,화물,남,38세,경상
2016021700100257,2016년 2월 17일 11시,수요일,경상남도 남해군 이동면,중상사고,0,1,1,1,차대차 - 측면충돌,안전운전불이행,건조,맑음,교차로 - 교차로안,승용,남,63세,부상신고,승용,남,65세,중상
2016021700100285,2016년 2월 17일 12시,수요일,경상남도 함안군 군북면,중상사고,0,2,0,0,차대차 - 기타,안전운전불이행,건조,맑음,교차로 - 교차로부근,건설기계,남,58세,상해없음,승용,남,55세,상해없음
2016021700100318,2016년 2월 17일 13시,수요일,경상남도 창원시 성산구 상남동,중상사고,0,1,0,0,차대차 - 측면직각충돌,신호위반,건조,맑음,교차로 - 교차로안,승용,남,68세,상해없음,승용,남,48세,중상
2016021700100387,2016년 2월 17일 15시,수요일,경상남도 통영시 인평동,중상사고,0,1,0,0,차대차 - 정면충돌,안전운전불이행,건조,맑음,단일로 - 기타,승용,남,26세,상해없음,화물,남,52세,중상
2016021700100388,2016년 2월 17일 15시,수요일,경상남도 김해시 상동면,부상신고사고,0,0,0,1,차량단독 - 전도전복,안전운전불이행,건조,맑음,단일로 - 기타,승용,남,30세,기타불명,,,,
2016021700100422,2016년 2월 17일 16시,수요일,경상남도 합천군 청덕면,중상사고,0,1,0,0,차량단독 - 전도전복,안전운전불이행,건조,맑음,단일로 - 기타,화물,남,42세,중상,,,,
2016021700100452,2016년 2월 17일 17시,수요일,경상남도 진주시 인사동,경상사고,0,0,1,0,차대차 - 측면충돌,안전운전불이행,건조,맑음,교차로 - 교차로안,화물,남,49세,상해없음,승용,남,38세,경상
2016021700100453,2016년 2월 17일 17시,수요일,경상남도 밀양시 삼랑진읍,중상사고,0,4,0,0,차대차 - 정면충돌,신호위반,건조,맑음,교차로 - 교차로안,화물,남,47세,중상,화물,남,52세,중상
2016021700100454,2016년 2월 17일 17시,수요일,경상남도 밀양시 산내면,경상사고,0,0,1,0,차대차 - 측면직각충돌,신호위반,건조,맑음,교차로 - 교차로안,화물,남,42세,상해없음,화물,남,67세,경상
2016021700100455,2016년 2월 17일 17시,수요일,경상남도 거제시 고현동,경상사고,0,0,1,0,차대사람 - 횡단중,안전운전불이행,건조,맑음,단일로 - 횡단보도상,이륜,남,39세,상해없음,보행자,여,63세,경상
2016021700100456,2016년 2월 17일 17시,수요일,경상남도 거제시 동부면,경상사고,0,0,2,0,차대차 - 기타,안전운전불이행,건조,맑음,단일로 - 기타,화물,여,47세,기타불명,승용,남,19세,경상
2016021700100457,2016년 2월 17일 17시,수요일,경상남도 창원시 성산구 반지동,경상사고,0,0,2,1,차대차 - 측면충돌,안전운전불이행,건조,맑음,교차로 - 교차로안,승용,여,27세,부상신고,승용,남,51세,경상
2016021700100458,2016년 2월 17일 17시,수요일,경상남도 산청군 단성면,중상사고,0,2,0,0,차대차 - 추돌,안전운전불이행,건조,맑음,단일로 - 교량,승용,남,34세,기타불명,승용,남,31세,중상
2016021700100496,2016년 2월 17일 18시,수요일,경상남도 밀양시 삼문동,경상사고,0,0,1,0,차대사람 - 횡단중,안전운전불이행,건조,맑음,단일로 - 기타,승용,남,33세,상해없음,보행자,남,50세,경상
2016021700100497,2016년 2월 17일 18시,수요일,경상남도 김해시 내동,경상사고,0,0,1,0,차대차 - 측면충돌,안전운전불이행,건조,맑음,교차로 - 교차로부근,자전거,남,62세,경상,이륜,남,24세,상해없음
2016021700100498,2016년 2월 17일 18시,수요일,경상남도 거제시 고현동,경상사고,0,0,2,0,차대차 - 추돌,안전운전불이행,건조,맑음,단일로 - 기타,승용,여,31세,상해없음,승용,여,52세,경상
2016021700100499,2016년 2월 17일 18시,수요일,경상남도 함안군 가야읍,중상사고,0,1,0,0,차대차 - 측면충돌,안전운전불이행,건조,맑음,단일로 - 기타,승용,남,49세,상해없음,승용,남,77세,중상
2016021700100536,2016년 2월 17일 19시,수요일,경상남도 창원시 마산합포구 월남동2가,경상사고,0,0,2,0,차대차 - 측면충돌,안전운전불이행,건조,맑음,단일로 - 기타,원동기,남,45세,경상,원동기,남,25세,경상
2016021700100537,2016년 2월 17일 19시,수요일,경상남도 통영시 무전동,중상사고,0,2,0,0,차대차 - 정면충돌,안전운전불이행,건조,맑음,교차로 - 교차로안,승용,여,51세,상해없음,승용,남,32세,중상
2016021700100538,2016년 2월 17일 19시,수요일,경상남도 사천시 선구동,중상사고,0,1,2,0,차대차 - 정면충돌,신호위반,건조,맑음,교차로 - 교차로안,승용,남,33세,중상,승용,여,50세,경상
2016021700100539,2016년 2월 17일 19시,수요일,경상남도 창원시 성산구 대방동,중상사고,0,1,0,0,차대차 - 측면충돌,안전운전불이행,건조,맑음,교차로 - 교차로안,승용,남,55세,상해없음,이륜,남,32세,중상
2016021700100540,2016년 2월 17일 19시,수요일,경상남도 창원시 성산구 성주동,중상사고,0,1,0,0,차대차 - 추돌,안전운전불이행,건조,맑음,단일로 - 교량,승용,남,21세,상해없음,승용,남,40세,중상
2016021700100570,2016년 2월 17일 20시,수요일,경상남도 진주시 금산면,중상사고,0,1,0,0,차대차 - 측면충돌,직진우회전진행방해,건조,맑음,교차로 - 교차로안,승용,남,56세,상해없음,이륜,남,24세,중상
2016021700100602,2016년 2월 17일 21시,수요일,경상남도 창원시 마산합포구 월영동,경상사고,0,0,1,0,차대차 - 측면직각충돌,안전운전불이행,건조,맑음,단일로 - 기타,승용,남,34세,상해없음,승용,여,50세,경상
2016021700100603,2016년 2월 17일 21시,수요일,경상남도 함양군 수동면,경상사고,0,0,1,0,차대차 - 정면충돌,안전운전불이행,건조,맑음,단일로 - 기타,승합,여,42세,상해없음,승용,여,48세,경상
2016021700100661,2016년 2월 17일 23시,수요일,경상남도 창원시 마산합포구 예곡동,경상사고,0,0,2,0,차대차 - 측면충돌,교차로운행방법위반,건조,맑음,교차로 - 교차로안,승용,여,49세,경상,승용,남,49세,경상
2016021800100017,2016년 2월 18일 00시,목요일,경상남도 창원시 마산합포구 상남동,중상사고,0,1,0,0,차대사람 - 횡단중,보행자보호의무위반,건조,맑음,단일로 - 횡단보도상,승용,남,64세,상해없음,보행자,남,58세,중상
2016021800100031,2016년 2월 18일 01시,목요일,경상남도 창원시 성산구 외동,경상사고,0,0,1,0,차대차 - 측면충돌,중앙선침범,건조,맑음,교차로 - 교차로부근,승용,여,55세,상해없음,승용,남,47세,경상
2016021800100111,2016년 2월 18일 07시,목요일,경상남도 통영시 도남동,경상사고,0,0,1,0,차대차 - 추돌,안전운전불이행,건조,맑음,교차로 - 교차로부근,화물,남,58세,상해없음,특수,남,38세,경상
2016021800100145,2016년 2월 18일 08시,목요일,경상남도 통영시 광도면,중상사고,0,1,1,0,차대차 - 측면직각충돌,안전운전불이행,건조,맑음,단일로 - 기타,건설기계,남,54세,상해없음,승용,여,45세,경상
2016021800100168,2016년 2월 18일 09시,목요일,경상남도 통영시 정량동,중상사고,0,2,0,0,차대사람 - 횡단중,보행자보호의무위반,건조,맑음,교차로 - 교차로부근,화물,남,57세,상해없음,보행자,여,57세,중상
2016021800100169,2016년 2월 18일 09시,목요일,경상남도 창녕군 창녕읍,중상사고,0,1,0,0,차대차 - 측면직각충돌,안전운전불이행,건조,맑음,단일로 - 기타,원동기,남,52세,중상,승용,남,63세,상해없음
2016021800100194,2016년 2월 18일 10시,목요일,경상남도 진주시 봉곡동,중상사고,0,1,0,0,차대사람 - 횡단중,안전운전불이행,건조,맑음,교차로 - 교차로부근,특수,남,56세,상해없음,보행자,남,73세,중상
2016021800100226,2016년 2월 18일 11시,목요일,경상남도 양산시 북정동,중상사고,0,1,0,0,차대차 - 기타,안전운전불이행,건조,맑음,교차로 - 교차로부근,승합,남,37세,상해없음,승용,여,51세,상해없음
2016021800100227,2016년 2월 18일 11시,목요일,경상남도 거제시 장평동,경상사고,0,0,1,0,차대사람 - 차도통행중,안전운전불이행,건조,맑음,단일로 - 기타,승용,남,63세,상해없음,보행자,여,57세,경상
2016021800100251,2016년 2월 18일 12시,목요일,경상남도 김해시 삼계동,경상사고,0,0,5,0,차대차 - 기타,중앙선침범,건조,맑음,단일로 - 기타,승용,남,37세,상해없음,승용,여,31세,경상
2016021800100297,2016년 2월 18일 14시,목요일,경상남도 통영시 산양읍,경상사고,0,0,1,0,차대차 - 추돌,안전운전불이행,건조,맑음,단일로 - 기타,승용,남,20세,상해없음,승합,남,51세,상해없음
2016021800100298,2016년 2월 18일 14시,목요일,경상남도 밀양시 삼문동,중상사고,0,1,0,0,차대차 - 측면직각충돌,교차로운행방법위반,건조,맑음,교차로 - 교차로안,승용,여,57세,상해없음,자전거,남,13세,중상
2016021800100299,2016년 2월 18일 14시,목요일,경상남도 창녕군 남지읍,중상사고,0,1,0,0,차대차 - 측면직각충돌,안전운전불이행,건조,맑음,교차로 - 교차로안,승용,여,43세,중상,화물,남,58세,상해없음
2016021800100300,2016년 2월 18일 14시,목요일,경상남도 김해시 진영읍,경상사고,0,0,1,0,차대차 - 정면충돌,안전운전불이행,건조,맑음,단일로 - 기타,화물,남,34세,상해없음,화물,남,28세,경상
2016021800100330,2016년 2월 18일 15시,목요일,경상남도 사천시 사남면,경상사고,0,0,4,0,차대차 - 추돌,안전운전불이행,건조,맑음,단일로 - 기타,화물,남,59세,상해없음,승용,남,28세,경상
2016021800100331,2016년 2월 18일 15시,목요일,경상남도 거창군 거창읍,중상사고,0,1,0,0,차대차 - 측면충돌,안전운전불이행,건조,맑음,단일로 - 기타,승용,남,70세,상해없음,승용,여,36세,상해없음
2016021800100332,2016년 2월 18일 15시,목요일,경상남도 창원시 마산회원구 회성동,경상사고,0,0,2,0,차대차 - 추돌,안전운전불이행,건조,맑음,단일로 - 교량,승용,남,77세,상해없음,승용,여,54세,경상
2016021800100366,2016년 2월 18일 16시,목요일,경상남도 창원시 마산합포구 해운동,중상사고,0,1,0,0,차대차 - 추돌,교차로운행방법위반,건조,맑음,교차로 - 교차로안,이륜,남,27세,상해없음,화물,남,62세,상해없음
2016021800100367,2016년 2월 18일 16시,목요일,경상남도 양산시 북부동,부상신고사고,0,0,0,1,차량단독 - 전도전복,안전운전불이행,건조,맑음,교차로 - 교차로부근,이륜,남,48세,부상신고,,,,
2016021800100368,2016년 2월 18일 16시,목요일,경상남도 남해군 삼동면,경상사고,0,0,1,0,차대차 - 정면충돌,안전운전불이행,건조,맑음,단일로 - 기타,화물,남,62세,상해없음,화물,남,28세,경상
2016021800100369,2016년 2월 18일 16시,목요일,경상남도 김해시 장유면,중상사고,0,2,0,0,차대사람 - 횡단중,신호위반,건조,맑음,단일로 - 횡단보도상,승용,여,20세,상해없음,보행자,남,9세,중상
2016021800100388,2016년 2월 18일 17시,목요일,경상남도 통영시 당동,경상사고,0,0,1,0,차대차 - 추돌,안전운전불이행,건조,맑음,단일로 - 기타,승용,여,50세,상해없음,승용,남,49세,상해없음
2016021800100389,2016년 2월 18일 17시,목요일,경상남도 양산시 물금읍,중상사고,0,1,1,0,차대차 - 정면충돌,안전운전불이행,건조,맑음,단일로 - 기타,승용,남,64세,상해없음,승용,여,43세,중상
2016021800100422,2016년 2월 18일 18시,목요일,경상남도 사천시 용현면,경상사고,0,0,1,1,차대차 - 정면충돌,안전운전불이행,건조,맑음,단일로 - 기타,승용,남,22세,상해없음,승용,남,31세,상해없음
2016021800100465,2016년 2월 18일 19시,목요일,경상남도 거제시 옥포동,경상사고,0,0,1,0,차대차 - 측면충돌,신호위반,건조,맑음,단일로 - 기타,자전거,남,43세,상해없음,이륜,남,53세,경상
2016021800100569,2016년 2월 18일 22시,목요일,경상남도 김해시 서상동,중상사고,0,1,0,0,차대차 - 정면충돌,중앙선침범,건조,맑음,단일로 - 기타,화물,남,30세,상해없음,이륜,남,23세,중상
2016021800100570,2016년 2월 18일 22시,목요일,경상남도 거제시 연초면,사망사고,1,2,0,0,차대차 - 정면충돌,중앙선침범,건조,맑음,단일로 - 기타,승용,남,47세,사망,승용,남,48세,중상
2016021900100021,2016년 2월 19일 00시,금요일,경상남도 창원시 진해구 용원동,중상사고,0,1,2,0,차대차 - 추돌,안전거리미확보,건조,맑음,단일로 - 기타,화물,남,42세,중상,화물,남,45세,경상
2016021900100093,2016년 2월 19일 06시,금요일,경상남도 통영시 무전동,중상사고,0,3,1,1,차대차 - 정면충돌,신호위반,건조,맑음,교차로 - 교차로안,화물,남,64세,부상신고,승용,남,72세,중상
2016021900100094,2016년 2월 19일 06시,금요일,경상남도 김해시 어방동,중상사고,0,1,1,0,차대차 - 추돌,안전거리미확보,건조,맑음,교차로 - 교차로부근,승용,남,55세,중상,승용,남,58세,경상
2016021900100095,2016년 2월 19일 06시,금요일,경상남도 양산시 중부동,중상사고,0,1,0,0,차대사람 - 횡단중,보행자보호의무위반,건조,맑음,교차로 - 교차로안,화물,남,52세,상해없음,보행자,여,66세,중상
2016021900100096,2016년 2월 19일 06시,금요일,경상남도 거제시 연초면,중상사고,0,1,0,0,차대차 - 측면충돌,중앙선침범,건조,맑음,단일로 - 기타,승용,남,31세,상해없음,이륜,남,44세,중상
2016021900100116,2016년 2월 19일 07시,금요일,경상남도 창원시 마산합포구 홍문동,중상사고,0,1,1,0,차대차 - 측면충돌,직진우회전진행방해,건조,맑음,교차로 - 교차로안,승용,여,51세,상해없음,승용,남,67세,중상
2016021900100117,2016년 2월 19일 07시,금요일,경상남도 밀양시 상동면,중상사고,0,1,0,0,차대차 - 정면충돌,안전운전불이행,건조,맑음,단일로 - 기타,승용,남,57세,상해없음,이륜,여,73세,중상
2016021900100118,2016년 2월 19일 07시,금요일,경상남도 하동군 금남면,경상사고,0,0,1,0,차대차 - 추돌,안전운전불이행,건조,맑음,단일로 - 기타,승합,남,52세,상해없음,승용,남,64세,경상
2016021900100166,2016년 2월 19일 09시,금요일,경상남도 진주시 상평동,중상사고,0,1,0,0,차대차 - 측면충돌,차로위반,건조,맑음,단일로 - 기타,건설기계,남,68세,상해없음,이륜,남,33세,중상
2016021900100167,2016년 2월 19일 09시,금요일,경상남도 진주시 칠암동,중상사고,0,1,1,0,차대차 - 측면충돌,신호위반,건조,맑음,교차로 - 교차로안,승용,여,54세,상해없음,승용,여,39세,경상
2016021900100168,2016년 2월 19일 09시,금요일,경상남도 창녕군 남지읍,경상사고,0,0,3,0,차대차 - 추돌,안전운전불이행,건조,맑음,교차로 - 교차로안,화물,남,33세,경상,승용,남,57세,경상
2016021900100169,2016년 2월 19일 09시,금요일,경상남도 양산시 삼호동,중상사고,0,1,0,0,차대사람 - 횡단중,안전운전불이행,건조,맑음,단일로 - 기타,승용,남,69세,상해없음,보행자,남,64세,중상
2016021900100170,2016년 2월 19일 09시,금요일,경상남도 고성군 회화면,경상사고,0,0,1,0,차대사람 - 횡단중,안전운전불이행,건조,맑음,단일로 - 기타,승용,남,66세,상해없음,보행자,여,84세,경상
2016021900100171,2016년 2월 19일 09시,금요일,경상남도 김해시 진영읍,경상사고,0,0,1,0,차대차 - 측면충돌,신호위반,건조,맑음,교차로 - 교차로안,화물,남,57세,상해없음,화물,남,64세,경상
2016021900100203,2016년 2월 19일 11시,금요일,경상남도 창원시 마산합포구 동성동,중상사고,0,1,0,0,차대사람 - 기타,안전운전불이행,건조,맑음,기타 - 기타,승용,여,40세,상해없음,보행자,여,69세,중상
2016021900100204,2016년 2월 19일 11시,금요일,경상남도 남해군 삼동면,경상사고,0,0,1,0,차대차 - 측면충돌,안전운전불이행,건조,맑음,단일로 - 기타,승용,남,19세,상해없음,화물,남,49세,경상
2016021900100233,2016년 2월 19일 12시,금요일,경상남도 창원시 진해구 석동,경상사고,0,0,1,0,차대차 - 추돌,안전운전불이행,건조,맑음,교차로 - 교차로부근,승용,남,35세,상해없음,화물,남,53세,경상
2016021900100234,2016년 2월 19일 12시,금요일,경상남도 거창군 거창읍,중상사고,0,1,0,0,차대차 - 기타,안전운전불이행,건조,맑음,단일로 - 기타,승용,남,52세,상해없음,화물,남,44세,중상
2016021900100235,2016년 2월 19일 12시,금요일,경상남도 김해시 진례면,중상사고,0,1,0,0,차대차 - 추돌,안전운전불이행,건조,맑음,교차로 - 교차로부근,승용,여,49세,상해없음,이륜,남,43세,중상
2016021900100256,2016년 2월 19일 13시,금요일,경상남도 고성군 영오면,경상사고,0,0,1,0,차대사람 - 길가장자리구역통행중,안전운전불이행,건조,맑음,단일로 - 기타,화물,남,64세,상해없음,보행자,남,63세,경상
2016021900100286,2016년 2월 19일 14시,금요일,경상남도 창원시 마산합포구 오동동,중상사고,0,1,0,0,차대사람 - 횡단중,안전운전불이행,건조,맑음,단일로 - 기타,승용,남,21세,상해없음,보행자,여,57세,중상
2016021900100287,2016년 2월 19일 14시,금요일,경상남도 사천시 좌룡동,부상신고사고,0,0,0,1,차대차 - 정면충돌,안전운전불이행,건조,맑음,교차로 - 교차로부근,화물,남,49세,상해없음,승용,여,63세,부상신고
2016021900100288,2016년 2월 19일 14시,금요일,경상남도 창녕군 이방면,경상사고,0,0,1,0,차대차 - 기타,안전운전불이행,건조,맑음,교차로 - 교차로안,승용,여,58세,상해없음,원동기,남,75세,경상
2016021900100302,2016년 2월 19일 15시,금요일,경상남도 김해시 장유면,사망사고,1,0,0,0,차대차 - 추돌,안전운전불이행,건조,맑음,단일로 - 기타,화물,남,47세,상해없음,화물,남,55세,사망
2016021900100318,2016년 2월 19일 15시,금요일,경상남도 김해시 삼방동,경상사고,0,0,1,0,차대차 - 측면직각충돌,차로위반,건조,맑음,단일로 - 기타,승합,남,56세,상해없음,이륜,남,37세,경상
2016021900100319,2016년 2월 19일 15시,금요일,경상남도 고성군 마암면,경상사고,0,0,1,0,차대차 - 측면충돌,교차로운행방법위반,건조,맑음,교차로 - 교차로안,건설기계,남,36세,상해없음,승용,여,53세,경상