사고번호,사고일시,요일,시군구,사고내용,사망자수,중상자수,경상자수,부상신고자수,사고유형,법규위반,노면상태,기상상태,도로형태,가해운전자 차종,가해운전자 성별,가해운전자 연령,가해운전자 상해정도,피해운전자 차종,피해운전자 성별,피해운전자 연령,피해운전자 상해정도
2016021900100380,2016년 2월 19일 17시,금요일,경상남도 진주시 강남동,경상사고,0,0,1,0,차대차 - 측면직각충돌,안전운전불이행,건조,맑음,교차로 - 교차로안,승용,남,74세,상해없음,자전거,여,79세,경상
2016021900100381,2016년 2월 19일 17시,금요일,경상남도 거제시 아주동,경상사고,0,0,2,0,차대차 - 정면충돌,중앙선침범,건조,맑음,단일로 - 기타,원동기,남,16세,상해없음,승용,남,56세,경상
2016021900100428,2016년 2월 19일 18시,금요일,경상남도 양산시 북부동,사망사고,1,0,0,0,차대차 - 측면직각충돌,안전거리미확보,건조,맑음,교차로 - 교차로부근,승용,남,40세,상해없음,이륜,남,39세,사망
2016021900100429,2016년 2월 19일 18시,금요일,경상남도 거제시 아주동,경상사고,0,0,3,0,차대차 - 정면충돌,신호위반,건조,맑음,교차로 - 교차로안,승용,남,61세,상해없음,승용,남,29세,경상
2016021900100430,2016년 2월 19일 18시,금요일,경상남도 창원시 성산구 반지동,경상사고,0,0,1,0,차대차 - 기타,안전운전불이행,건조,맑음,단일로 - 기타,승용,남,42세,상해없음,승용,여,40세,경상
2016021900100467,2016년 2월 19일 19시,금요일,경상남도 김해시 삼계동,경상사고,0,0,1,0,차대사람 - 기타,안전운전불이행,건조,맑음,단일로 - 기타,승용,남,40세,상해없음,보행자,남,43세,경상
2016021900100468,2016년 2월 19일 19시,금요일,경상남도 합천군 대병면,중상사고,0,1,0,0,차대사람 - 횡단중,안전운전불이행,건조,맑음,단일로 - 기타,승용,남,57세,상해없음,보행자,남,55세,중상
2016021900100469,2016년 2월 19일 19시,금요일,경상남도 양산시 동면,중상사고,0,1,0,1,차대사람 - 횡단중,안전운전불이행,건조,맑음,교차로 - 교차로안,승용,남,39세,상해없음,보행자,남,42세,부상신고
2016021900100507,2016년 2월 19일 20시,금요일,경상남도 거제시 거제면,중상사고,0,1,0,0,차대차 - 정면충돌,중앙선침범,건조,맑음,단일로 - 기타,승용,남,43세,상해없음,이륜,남,18세,중상
2016021900100508,2016년 2월 19일 20시,금요일,경상남도 창원시 의창구 북면,경상사고,0,0,1,0,차대차 - 측면직각충돌,안전운전불이행,건조,맑음,단일로 - 횡단보도상,자전거,남,15세,경상,승용,남,55세,상해없음
2016021900100528,2016년 2월 19일 21시,금요일,경상남도 거제시 고현동,경상사고,0,0,1,0,차대사람 - 횡단중,보행자보호의무위반,건조,맑음,단일로 - 횡단보도상,자전거,남,44세,상해없음,보행자,여,45세,경상
2016021900100564,2016년 2월 19일 23시,금요일,경상남도 양산시 평산동,경상사고,0,0,1,0,차대사람 - 기타,안전운전불이행,건조,맑음,기타 - 기타,기타불명,기타불명,기타불명,기타불명,보행자,여,37세,경상
2016022000100016,2016년 2월 20일 00시,토요일,경상남도 김해시 외동,경상사고,0,0,2,0,차대차 - 기타,안전운전불이행,건조,맑음,단일로 - 기타,승용,남,22세,상해없음,승용,남,22세,상해없음
2016022000100037,2016년 2월 20일 01시,토요일,경상남도 통영시 무전동,중상사고,0,2,0,0,차대차 - 측면직각충돌,안전운전불이행,건조,맑음,교차로 - 교차로안,승용,남,63세,상해없음,화물,남,32세,중상
2016022000100038,2016년 2월 20일 01시,토요일,경상남도 거제시 연초면,경상사고,0,0,2,0,차대차 - 추돌,안전운전불이행,건조,맑음,교차로 - 교차로부근,승용,남,43세,상해없음,승용,남,57세,경상
2016022000100058,2016년 2월 20일 02시,토요일,경상남도 거제시 옥포동,중상사고,0,1,0,0,차대사람 - 횡단중,안전운전불이행,건조,맑음,교차로 - 교차로부근,승용,남,53세,상해없음,보행자,남,51세,중상
2016022000100078,2016년 2월 20일 03시,토요일,경상남도 창원시 진해구 용원동,중상사고,0,1,0,0,차량단독 - 전도전복,안전운전불이행,건조,맑음,미분류 - 미분류,원동기,남,25세,중상,,,,
2016022000100079,2016년 2월 20일 03시,토요일,경상남도 고성군 고성읍,경상사고,0,0,1,0,차대차 - 정면충돌,중앙선침범,건조,맑음,단일로 - 기타,승용,남,50세,상해없음,승용,남,38세,경상
2016022000100080,2016년 2월 20일 03시,토요일,경상남도 창원시 성산구 외동,사망사고,1,0,0,0,차대차 - 기타,안전운전불이행,건조,맑음,단일로 - 기타,승용,여,25세,사망,승용,남,40세,상해없음
2016022000100102,2016년 2월 20일 05시,토요일,경상남도 양산시 소주동,경상사고,0,0,1,1,차대차 - 측면충돌,교차로운행방법위반,건조,맑음,교차로 - 교차로안,승용,남,53세,상해없음,승용,남,61세,부상신고
2016022000100122,2016년 2월 20일 06시,토요일,경상남도 창원시 마산합포구 남성동,중상사고,0,1,0,0,차대사람 - 기타,안전운전불이행,건조,맑음,단일로 - 기타,승용,남,68세,상해없음,보행자,여,60세,중상
2016022000100123,2016년 2월 20일 06시,토요일,경상남도 거제시 옥포동,경상사고,0,0,1,0,차대차 - 기타,안전거리미확보,기타,비,단일로 - 기타,승용,남,57세,상해없음,승용,남,41세,경상
2016022000100124,2016년 2월 20일 06시,토요일,경상남도 거제시 양정동,경상사고,0,0,1,0,차대차 - 기타,교차로운행방법위반,건조,맑음,교차로 - 교차로안,화물,남,50세,상해없음,승합,남,36세,경상
2016022000100137,2016년 2월 20일 07시,토요일,경상남도 창원시 마산합포구 중앙동3가,경상사고,0,0,1,0,차대차 - 측면직각충돌,안전운전불이행,건조,맑음,교차로 - 교차로부근,승용,여,54세,상해없음,승용,남,63세,경상
2016022000100138,2016년 2월 20일 07시,토요일,경상남도 거제시 옥포동,경상사고,0,0,1,0,차대차 - 추돌,안전운전불이행,건조,맑음,교차로 - 교차로부근,이륜,남,41세,상해없음,자전거,남,35세,경상
2016022000100139,2016년 2월 20일 07시,토요일,경상남도 거제시 고현동,경상사고,0,0,1,0,차대차 - 측면직각충돌,안전운전불이행,건조,맑음,단일로 - 기타,건설기계,남,42세,상해없음,승용,여,51세,경상
2016022000100140,2016년 2월 20일 07시,토요일,경상남도 함안군 산인면,중상사고,0,1,0,0,차대차 - 측면직각충돌,안전운전불이행,건조,맑음,단일로 - 횡단보도부근,승용,남,45세,상해없음,자전거,남,48세,중상
2016022000100157,2016년 2월 20일 08시,토요일,경상남도 창원시 진해구 안골동,경상사고,0,0,1,0,차대사람 - 차도통행중,안전운전불이행,습기,흐림,단일로 - 교량,화물,남,66세,상해없음,보행자,남,49세,경상
2016022000100158,2016년 2월 20일 08시,토요일,경상남도 사천시 동동,경상사고,0,0,1,0,차대사람 - 횡단중,안전운전불이행,건조,맑음,교차로 - 교차로안,승용,여,40세,상해없음,보행자,남,53세,경상
2016022000100159,2016년 2월 20일 08시,토요일,경상남도 창원시 의창구 동읍,경상사고,0,0,1,0,차대차 - 추돌,안전거리미확보,건조,맑음,단일로 - 기타,화물,남,57세,상해없음,승합,남,29세,경상
2016022000100188,2016년 2월 20일 09시,토요일,경상남도 거창군 거창읍,중상사고,0,1,0,0,차대차 - 추돌,안전운전불이행,건조,맑음,단일로 - 기타,화물,남,48세,상해없음,화물,남,72세,중상
2016022000100211,2016년 2월 20일 10시,토요일,경상남도 창원시 마산합포구 자산동,경상사고,0,0,1,0,차대사람 - 횡단중,안전운전불이행,건조,맑음,단일로 - 기타,승용,여,25세,상해없음,보행자,여,50세,경상
2016022000100212,2016년 2월 20일 10시,토요일,경상남도 창원시 진해구 청안동,중상사고,0,2,0,0,차대차 - 측면충돌,교차로운행방법위반,건조,맑음,교차로 - 교차로부근,승용,남,76세,기타불명,승용,여,29세,중상
2016022000100213,2016년 2월 20일 10시,토요일,경상남도 산청군 단성면,경상사고,0,0,1,0,차대차 - 측면충돌,교차로운행방법위반,건조,맑음,교차로 - 교차로안,화물,남,66세,상해없음,승용,남,67세,경상
2016022000100268,2016년 2월 20일 12시,토요일,경상남도 김해시 서상동,경상사고,0,0,1,0,차대차 - 측면충돌,안전운전불이행,건조,흐림,교차로 - 교차로안,원동기,남,70세,경상,화물,남,21세,상해없음
2016022000100303,2016년 2월 20일 13시,토요일,경상남도 거제시 문동동,중상사고,0,2,3,0,차대차 - 정면충돌,중앙선침범,건조,맑음,단일로 - 기타,승용,남,50세,기타불명,승용,남,32세,경상
2016022000100331,2016년 2월 20일 14시,토요일,경상남도 창원시 마산합포구 월남동3가,경상사고,0,0,4,1,차대차 - 측면직각충돌,안전운전불이행,건조,맑음,단일로 - 기타,승용,남,48세,경상,승합,남,41세,부상신고
2016022000100332,2016년 2월 20일 14시,토요일,경상남도 창원시 진해구 안골동,중상사고,0,1,0,0,차대차 - 추돌,안전운전불이행,건조,맑음,교차로 - 교차로안,승용,남,68세,상해없음,승용,남,54세,중상
2016022000100333,2016년 2월 20일 14시,토요일,경상남도 창원시 의창구 팔용동,경상사고,0,0,1,0,차대차 - 추돌,안전거리미확보,건조,맑음,단일로 - 기타,승용,남,56세,상해없음,승용,남,52세,경상
2016022000100361,2016년 2월 20일 15시,토요일,경상남도 양산시 중부동,경상사고,0,0,1,0,차대차 - 기타,안전운전불이행,건조,맑음,기타 - 기타,승용,남,54세,상해없음,자전거,여,45세,경상
2016022000100362,2016년 2월 20일 15시,토요일,경상남도 산청군 생비량면,중상사고,0,1,0,0,차대차 - 측면충돌,교차로운행방법위반,건조,맑음,교차로 - 교차로안,승용,남,63세,상해없음,이륜,남,52세,중상
2016022000100404,2016년 2월 20일 16시,토요일,경상남도 창원시 마산합포구 추산동,경상사고,0,0,1,0,차대사람 - 횡단중,안전운전불이행,건조,맑음,교차로 - 교차로부근,이륜,남,63세,상해없음,보행자,남,7세,경상
2016022000100405,2016년 2월 20일 16시,토요일,경상남도 양산시 북부동,경상사고,0,0,1,0,차대사람 - 횡단중,보행자보호의무위반,건조,맑음,기타 - 기타,화물,남,69세,상해없음,보행자,여,16세,경상
2016022000100433,2016년 2월 20일 17시,토요일,경상남도 사천시 용현면,중상사고,0,1,2,1,차대차 - 측면직각충돌,안전운전불이행,건조,맑음,교차로 - 교차로안,승용,남,51세,경상,승용,남,32세,경상
2016022000100434,2016년 2월 20일 17시,토요일,경상남도 고성군 거류면,경상사고,0,0,2,0,차대차 - 측면충돌,중앙선침범,건조,맑음,단일로 - 기타,승용,남,40세,상해없음,승용,남,42세,경상
2016022000100435,2016년 2월 20일 17시,토요일,경상남도 창원시 마산회원구 구암동,사망사고,1,0,0,0,차대사람 - 횡단중,안전운전불이행,건조,맑음,단일로 - 기타,화물,남,30세,상해없음,보행자,남,85세,사망
2016022000100465,2016년 2월 20일 18시,토요일,경상남도 통영시 북신동,경상사고,0,0,1,0,차대차 - 기타,안전운전불이행,건조,맑음,단일로 - 기타,승용,남,35세,상해없음,이륜,남,24세,경상
2016022000100466,2016년 2월 20일 18시,토요일,경상남도 거제시 동부면,경상사고,0,0,2,0,차대차 - 측면충돌,안전운전불이행,건조,맑음,교차로 - 교차로안,화물,남,52세,상해없음,승용,남,22세,경상
2016022000100566,2016년 2월 20일 21시,토요일,경상남도 함양군 서하면,경상사고,0,0,1,0,차량단독 - 기타,안전운전불이행,건조,맑음,단일로 - 기타,승합,남,62세,상해없음,,,,
2016022000100609,2016년 2월 20일 23시,토요일,경상남도 창원시 진해구 석동,중상사고,0,1,0,0,차대차 - 기타,안전운전불이행,건조,맑음,교차로 - 교차로부근,승용,남,25세,기타불명,승용,여,55세,상해없음
2016022000100610,2016년 2월 20일 23시,토요일,경상남도 밀양시 삼문동,부상신고사고,0,0,0,2,차대차 - 측면직각충돌,교차로운행방법위반,건조,맑음,교차로 - 교차로안,승용,남,66세,상해없음,승용,남,51세,상해없음
2016022100100078,2016년 2월 21일 06시,일요일,경상남도 김해시 삼정동,중상사고,0,1,0,0,차대사람 - 횡단중,안전운전불이행,건조,맑음,단일로 - 기타,승용,여,59세,상해없음,보행자,남,19세,중상
2016022100100079,2016년 2월 21일 06시,일요일,경상남도 창원시 의창구 봉곡동,중상사고,0,1,0,0,차대사람 - 횡단중,안전운전불이행,건조,맑음,단일로 - 기타,승용,남,39세,상해없음,보행자,남,57세,중상
2016022100100085,2016년 2월 21일 07시,일요일,경상남도 창원시 마산회원구 내서읍,사망사고,1,0,0,0,차대차 - 측면직각충돌,신호위반,건조,맑음,교차로 - 교차로안,원동기,남,77세,사망,승용,남,62세,상해없음
2016022100100107,2016년 2월 21일 09시,일요일,경상남도 하동군 하동읍,경상사고,0,0,1,0,차대차 - 측면충돌,교차로운행방법위반,건조,맑음,교차로 - 교차로안,승용,남,34세,상해없음,승용,여,39세,상해없음
2016022100100132,2016년 2월 21일 10시,일요일,경상남도 창원시 마산합포구 중앙동3가,경상사고,0,0,1,0,차대사람 - 횡단중,안전운전불이행,건조,맑음,단일로 - 기타,승용,남,45세,상해없음,보행자,남,76세,경상
2016022100100133,2016년 2월 21일 10시,일요일,경상남도 통영시 태평동,경상사고,0,0,1,0,차대사람 - 횡단중,안전운전불이행,건조,맑음,단일로 - 기타,승용,남,24세,상해없음,보행자,남,7세,경상
2016022100100134,2016년 2월 21일 10시,일요일,경상남도 김해시 어방동,중상사고,0,2,1,0,차대차 - 측면직각충돌,신호위반,건조,맑음,교차로 - 교차로안,화물,남,59세,중상,승용,여,44세,경상
2016022100100135,2016년 2월 21일 10시,일요일,경상남도 양산시 북정동,경상사고,0,0,1,0,차대차 - 정면충돌,안전운전불이행,건조,맑음,교차로 - 교차로부근,이륜,남,36세,경상,화물,남,55세,상해없음
2016022100100160,2016년 2월 21일 11시,일요일,경상남도 양산시 물금읍,중상사고,0,1,0,0,차대차 - 정면충돌,교차로운행방법위반,건조,맑음,단일로 - 기타,이륜,여,58세,중상,화물,남,41세,상해없음
2016022100100203,2016년 2월 21일 13시,일요일,경상남도 창원시 의창구 두대동,중상사고,0,1,0,0,차대차 - 측면충돌,안전운전불이행,건조,맑음,단일로 - 기타,승용,남,34세,상해없음,이륜,남,22세,중상
2016022100100228,2016년 2월 21일 14시,일요일,경상남도 통영시 무전동,경상사고,0,0,2,0,차대차 - 정면충돌,중앙선침범,건조,맑음,단일로 - 기타,승용,남,55세,상해없음,승용,남,31세,경상
2016022100100229,2016년 2월 21일 14시,일요일,경상남도 통영시 동호동,경상사고,0,0,1,0,차대사람 - 횡단중,보행자보호의무위반,건조,맑음,교차로 - 교차로부근,승용,여,45세,상해없음,보행자,남,13세,경상
2016022100100230,2016년 2월 21일 14시,일요일,경상남도 김해시 한림면,중상사고,0,1,0,0,차대차 - 측면충돌,교차로운행방법위반,건조,맑음,교차로 - 교차로안,승용,여,68세,상해없음,승용,남,52세,중상
2016022100100231,2016년 2월 21일 14시,일요일,경상남도 김해시 장유면,중상사고,0,1,0,0,차대차 - 측면충돌,직진우회전진행방해,건조,맑음,교차로 - 교차로안,승용,여,49세,상해없음,이륜,남,21세,중상
2016022100100254,2016년 2월 21일 15시,일요일,경상남도 사천시 사천읍,경상사고,0,0,1,2,차대차 - 측면직각충돌,안전운전불이행,건조,맑음,단일로 - 기타,승용,남,34세,상해없음,승용,여,36세,부상신고
2016022100100255,2016년 2월 21일 15시,일요일,경상남도 밀양시 삼랑진읍,경상사고,0,0,1,0,차대차 - 추돌,안전운전불이행,건조,맑음,교차로 - 교차로안,화물,남,18세,상해없음,이륜,남,36세,경상
2016022100100256,2016년 2월 21일 15시,일요일,경상남도 함안군 칠원읍,중상사고,0,1,0,0,차대차 - 측면충돌,교차로운행방법위반,건조,맑음,교차로 - 교차로안,승용,남,49세,상해없음,이륜,남,51세,중상
2016022100100280,2016년 2월 21일 16시,일요일,경상남도 김해시 어방동,중상사고,0,1,2,0,차대차 - 측면직각충돌,안전운전불이행,건조,맑음,단일로 - 기타,승용,남,46세,경상,승용,남,37세,중상
2016022100100281,2016년 2월 21일 16시,일요일,경상남도 거제시 연초면,경상사고,0,0,2,0,차대차 - 기타,안전운전불이행,건조,맑음,단일로 - 기타,원동기,남,31세,경상,승용,남,29세,경상
2016022100100282,2016년 2월 21일 16시,일요일,경상남도 창원시 성산구 신촌동,중상사고,0,3,0,0,차대차 - 추돌,안전운전불이행,건조,맑음,단일로 - 기타,승용,남,46세,상해없음,승용,남,39세,중상
2016022100100305,2016년 2월 21일 17시,일요일,경상남도 김해시 내동,중상사고,0,1,0,0,차대차 - 측면직각충돌,중앙선침범,건조,맑음,단일로 - 기타,승용,남,27세,상해없음,이륜,남,19세,중상
2016022100100306,2016년 2월 21일 17시,일요일,경상남도 창녕군 대합면,중상사고,0,1,2,0,차대차 - 측면충돌,안전운전불이행,건조,맑음,단일로 - 기타,농기계,남,63세,경상,승용,남,52세,경상
2016022100100307,2016년 2월 21일 17시,일요일,경상남도 창녕군 창녕읍,중상사고,0,1,0,0,차대사람 - 횡단중,안전운전불이행,건조,맑음,단일로 - 기타,승용,여,50세,상해없음,보행자,여,77세,중상
2016022100100325,2016년 2월 21일 18시,일요일,경상남도 김해시 장유면,중상사고,0,1,0,0,차량단독 - 전도전복,안전운전불이행,건조,맑음,단일로 - 기타,승용,여,38세,중상,,,,
2016022100100338,2016년 2월 21일 18시,일요일,경상남도 창원시 마산합포구 상남동,중상사고,0,1,0,0,차대차 - 측면직각충돌,안전운전불이행,건조,맑음,교차로 - 교차로안,원동기,여,62세,중상,승용,남,24세,상해없음
2016022100100339,2016년 2월 21일 18시,일요일,경상남도 진주시 내동면,중상사고,0,1,0,0,차대차 - 측면충돌,교차로운행방법위반,건조,맑음,교차로 - 교차로부근,화물,남,56세,상해없음,승용,여,51세,중상
2016022100100368,2016년 2월 21일 19시,일요일,경상남도 김해시 진영읍,경상사고,0,0,2,0,차대차 - 추돌,안전운전불이행,건조,맑음,단일로 - 기타,승용,남,26세,상해없음,승용,남,46세,상해없음
2016022100100395,2016년 2월 21일 20시,일요일,경상남도 통영시 광도면,경상사고,0,0,1,0,차대차 - 측면충돌,안전운전불이행,건조,맑음,단일로 - 기타,승용,남,33세,상해없음,승용,남,46세,경상
2016022100100396,2016년 2월 21일 20시,일요일,경상남도 밀양시 하남읍,중상사고,0,1,0,0,차대사람 - 횡단중,안전운전불이행,건조,흐림,교차로 - 교차로안,화물,여,53세,상해없음,보행자,남,49세,중상
2016022100100397,2016년 2월 21일 20시,일요일,경상남도 거제시 고현동,중상사고,0,1,0,0,차대차 - 정면충돌,안전운전불이행,건조,맑음,교차로 - 교차로안,승용,여,46세,상해없음,승용,여,48세,중상
2016022100100398,2016년 2월 21일 20시,일요일,경상남도 창원시 성산구 중앙동,경상사고,0,0,1,0,차대차 - 측면충돌,안전운전불이행,건조,맑음,교차로 - 교차로안,승용,남,21세,상해없음,승용,남,61세,경상
2016022100100399,2016년 2월 21일 20시,일요일,경상남도 창원시 성산구 외동,경상사고,0,0,1,0,차대차 - 기타,신호위반,건조,맑음,교차로 - 교차로안,승용,남,37세,상해없음,이륜,남,24세,경상
2016022100100441,2016년 2월 21일 22시,일요일,경상남도 김해시 외동,중상사고,0,1,0,0,차대차 - 측면직각충돌,안전운전불이행,건조,맑음,교차로 - 교차로안,승용,여,36세,상해없음,원동기,남,22세,중상
2016022100100442,2016년 2월 21일 22시,일요일,경상남도 양산시 하북면,경상사고,0,0,1,0,차대차 - 측면충돌,안전운전불이행,건조,맑음,교차로 - 교차로안,승용,남,25세,상해없음,승합,남,54세,경상
2016022100100443,2016년 2월 21일 22시,일요일,경상남도 거제시 장평동,중상사고,0,1,1,0,차대차 - 추돌,안전운전불이행,건조,맑음,교차로 - 교차로부근,승용,남,41세,상해없음,승용,남,42세,경상
2016022200100008,2016년 2월 22일 00시,월요일,경상남도 김해시 외동,중상사고,0,1,0,0,차대차 - 추돌,안전운전불이행,건조,맑음,단일로 - 기타,승용,남,29세,중상,승합,남,65세,기타불명
2016022200100032,2016년 2월 22일 05시,월요일,경상남도 밀양시 삼랑진읍,경상사고,0,0,2,0,차대차 - 추돌,안전운전불이행,건조,맑음,단일로 - 기타,화물,남,59세,상해없음,승용,남,51세,경상
2016022200100037,2016년 2월 22일 05시,월요일,경상남도 창녕군 부곡면,중상사고,0,2,0,0,차량단독 - 전도전복,안전운전불이행,건조,맑음,교차로 - 교차로부근,승용,남,79세,중상,,,,
2016022200100091,2016년 2월 22일 08시,월요일,경상남도 진주시 상대동,경상사고,0,0,1,0,차대사람 - 횡단중,안전운전불이행,건조,맑음,교차로 - 교차로안,승합,남,61세,상해없음,보행자,남,31세,경상
2016022200100092,2016년 2월 22일 08시,월요일,경상남도 진주시 정촌면,경상사고,0,0,1,1,차대차 - 측면충돌,안전운전불이행,건조,맑음,교차로 - 교차로안,승용,남,24세,부상신고,승용,남,45세,경상
2016022200100093,2016년 2월 22일 08시,월요일,경상남도 밀양시 내이동,경상사고,0,0,1,0,차대차 - 추돌,안전운전불이행,건조,맑음,단일로 - 기타,승용,남,33세,상해없음,자전거,남,52세,경상
2016022200100094,2016년 2월 22일 08시,월요일,경상남도 양산시 주남동,경상사고,0,0,1,0,차대차 - 측면충돌,신호위반,건조,맑음,교차로 - 교차로안,승용,남,28세,상해없음,자전거,남,24세,경상
2016022200100118,2016년 2월 22일 09시,월요일,경상남도 양산시 동면,중상사고,0,1,3,0,차대차 - 측면충돌,신호위반,건조,맑음,교차로 - 교차로안,승합,남,38세,상해없음,승용,남,61세,경상
2016022200100140,2016년 2월 22일 10시,월요일,경상남도 김해시 부원동,경상사고,0,0,1,0,차대차 - 기타,안전운전불이행,건조,맑음,교차로 - 교차로안,이륜,남,66세,경상,승용,남,79세,상해없음
2016022200100141,2016년 2월 22일 10시,월요일,경상남도 하동군 금남면,중상사고,0,1,0,0,차대사람 - 횡단중,안전운전불이행,건조,맑음,교차로 - 교차로부근,건설기계,남,38세,상해없음,보행자,여,46세,중상
2016022200100142,2016년 2월 22일 10시,월요일,경상남도 거제시 거제면,사망사고,1,0,1,0,차대차 - 추돌,안전거리미확보,건조,맑음,단일로 - 기타,화물,남,71세,사망,화물,남,56세,경상
2016022200100200,2016년 2월 22일 13시,월요일,경상남도 밀양시 삼문동,중상사고,0,1,0,0,차대차 - 정면충돌,안전운전불이행,건조,맑음,교차로 - 교차로안,승용,여,63세,상해없음,자전거,남,58세,중상
2016022200100201,2016년 2월 22일 13시,월요일,경상남도 김해시 대동면,중상사고,0,1,0,0,차대차 - 기타,중앙선침범,건조,흐림,단일로 - 기타,승용,여,54세,상해없음,화물,남,54세,중상
2016022200100202,2016년 2월 22일 13시,월요일,경상남도 창녕군 영산면,중상사고,0,1,0,0,차대사람 - 횡단중,안전운전불이행,건조,맑음,교차로 - 교차로안,승용,남,42세,상해없음,보행자,남,89세,중상
2016022200100272,2016년 2월 22일 16시,월요일,경상남도 사천시 실안동,경상사고,0,0,3,0,차대차 - 정면충돌,중앙선침범,건조,맑음,단일로 - 기타,승용,여,49세,상해없음,화물,남,48세,경상
2016022200100333,2016년 2월 22일 18시,월요일,경상남도 거창군 마리면,사망사고,1,0,0,0,차대차 - 기타,중앙선침범,건조,맑음,단일로 - 기타,화물,남,51세,사망,화물,남,47세,기타불명
2016022200100334,2016년 2월 22일 18시,월요일,경상남도 의령군 의령읍,부상신고사고,0,0,0,1,차대차 - 측면충돌,신호위반,건조,맑음,교차로 - 교차로부근,자전거,남,74세,부상신고,승용,여,41세,상해없음
2016022200100375,2016년 2월 22일 19시,월요일,경상남도 김해시 내동,경상사고,0,0,4,0,차대차 - 추돌,안전운전불이행,건조,맑음,단일로 - 기타,승용,남,45세,경상,승용,여,62세,경상
2016022200100389,2016년 2월 22일 20시,월요일,경상남도 김해시 장유면,중상사고,0,2,2,0,차대차 - 추돌,안전운전불이행,건조,맑음,단일로 - 기타,화물,남,46세,상해없음,화물,남,31세,중상
2016022200100410,2016년 2월 22일 21시,월요일,경상남도 창원시 진해구 용원동,경상사고,0,0,1,0,차대사람 - 길가장자리구역통행중,안전운전불이행,건조,맑음,단일로 - 기타,승용,남,58세,상해없음,보행자,여,46세,경상
2016022200100433,2016년 2월 22일 22시,월요일,경상남도 합천군 야로면,사망사고,1,0,0,0,차량단독 - 공작물충돌,안전운전불이행,건조,맑음,단일로 - 기타,승용,여,55세,사망,,,,
2016022300100017,2016년 2월 23일 00시,화요일,경상남도 사천시 용현면,경상사고,0,0,1,0,차량단독 - 전도전복,안전운전불이행,건조,맑음,교차로 - 교차로부근,승용,남,44세,경상,,,,
2016022300100028,2016년 2월 23일 01시,화요일,경상남도 거제시 장평동,중상사고,0,1,0,0,차대차 - 추돌,교차로운행방법위반,건조,맑음,교차로 - 교차로부근,승용,남,35세,상해없음,승용,여,25세,중상
2016022300100045,2016년 2월 23일 04시,화요일,경상남도 진주시 명석면,중상사고,0,1,0,0,차대차 - 추돌,안전운전불이행,건조,맑음,단일로 - 기타,화물,남,46세,기타불명,화물,남,51세,중상
2016022300100069,2016년 2월 23일 06시,화요일,경상남도 사천시 용현면,경상사고,0,0,1,0,차량단독 - 전도전복,안전운전불이행,건조,맑음,단일로 - 기타,승용,남,22세,경상,,,,
2016022300100070,2016년 2월 23일 06시,화요일,경상남도 창원시 의창구 봉곡동,경상사고,0,0,1,0,차대차 - 정면충돌,신호위반,건조,맑음,교차로 - 교차로안,승용,남,63세,상해없음,승용,남,31세,경상
2016022300100071,2016년 2월 23일 06시,화요일,경상남도 김해시 진영읍,경상사고,0,0,2,0,차대차 - 정면충돌,안전운전불이행,건조,맑음,단일로 - 횡단보도부근,승용,여,44세,상해없음,승용,남,51세,경상
2016022300100093,2016년 2월 23일 07시,화요일,경상남도 진주시 상평동,중상사고,0,1,1,0,차대차 - 정면충돌,중앙선침범,건조,맑음,교차로 - 교차로부근,승용,남,33세,경상,승용,남,55세,중상
2016022300100094,2016년 2월 23일 07시,화요일,경상남도 거창군 거창읍,경상사고,0,0,1,0,차대차 - 정면충돌,안전운전불이행,건조,맑음,교차로 - 교차로안,승용,남,54세,상해없음,이륜,남,47세,경상
2016022300100171,2016년 2월 23일 10시,화요일,경상남도 양산시 상북면,경상사고,0,0,1,0,차대차 - 기타,안전거리미확보,건조,맑음,교차로 - 교차로부근,화물,남,40세,상해없음,화물,남,57세,경상
2016022300100222,2016년 2월 23일 12시,화요일,경상남도 창원시 진해구 풍호동,중상사고,0,1,0,0,차대사람 - 차도통행중,안전운전불이행,건조,맑음,단일로 - 기타,원동기,남,78세,상해없음,보행자,여,80세,중상
2016022300100223,2016년 2월 23일 12시,화요일,경상남도 창녕군 유어면,경상사고,0,0,3,0,차대차 - 추돌,안전운전불이행,건조,맑음,단일로 - 기타,승용,남,26세,경상,승용,여,52세,경상
2016022300100224,2016년 2월 23일 12시,화요일,경상남도 창원시 의창구 명서동,경상사고,0,0,1,0,차대차 - 측면직각충돌,안전운전불이행,건조,맑음,교차로 - 교차로안,승용,여,28세,상해없음,승용,남,35세,경상
2016022300100253,2016년 2월 23일 13시,화요일,경상남도 밀양시 교동,중상사고,0,1,0,0,차대차 - 측면직각충돌,신호위반,건조,맑음,교차로 - 교차로안,자전거,남,80세,중상,화물,남,59세,상해없음
2016022300100303,2016년 2월 23일 15시,화요일,경상남도 밀양시 내이동,경상사고,0,0,1,0,차대차 - 측면충돌,신호위반,건조,맑음,교차로 - 교차로안,원동기,남,37세,경상,승용,남,60세,상해없음
2016022300100304,2016년 2월 23일 15시,화요일,경상남도 하동군 진교면,중상사고,0,1,0,0,차대차 - 기타,안전운전불이행,건조,맑음,기타 - 기타,화물,남,57세,상해없음,자전거,여,53세,중상
2016022300100336,2016년 2월 23일 16시,화요일,경상남도 거제시 고현동,경상사고,0,0,1,0,차대차 - 정면충돌,중앙선침범,건조,맑음,단일로 - 기타,승용,남,42세,상해없음,이륜,남,35세,경상