사고번호,사고일시,요일,시군구,사고내용,사망자수,중상자수,경상자수,부상신고자수,사고유형,법규위반,노면상태,기상상태,도로형태,가해운전자 차종,가해운전자 성별,가해운전자 연령,가해운전자 상해정도,피해운전자 차종,피해운전자 성별,피해운전자 연령,피해운전자 상해정도
2016022600100489,2016년 2월 26일 19시,금요일,경상남도 하동군 하동읍,중상사고,0,1,0,0,차대사람 - 차도통행중,안전운전불이행,건조,맑음,단일로 - 기타,화물,남,33세,상해없음,보행자,여,84세,중상
2016022600100504,2016년 2월 26일 20시,금요일,경상남도 김해시 대동면,중상사고,0,1,1,1,차대차 - 측면직각충돌,차로위반,건조,맑음,단일로 - 기타,승용,남,41세,상해없음,승용,남,56세,상해없음
2016022600100522,2016년 2월 26일 20시,금요일,경상남도 통영시 서호동,경상사고,0,0,1,0,차대차 - 측면직각충돌,안전운전불이행,건조,맑음,교차로 - 교차로부근,승용,남,59세,상해없음,자전거,남,44세,경상
2016022600100558,2016년 2월 26일 21시,금요일,경상남도 창원시 진해구 자은동,경상사고,0,0,1,0,차대사람 - 차도통행중,안전운전불이행,건조,맑음,단일로 - 기타,자전거,남,16세,기타불명,보행자,여,32세,경상
2016022600100559,2016년 2월 26일 21시,금요일,경상남도 거제시 고현동,경상사고,0,0,1,0,차대사람 - 횡단중,보행자보호의무위반,건조,맑음,단일로 - 기타,승용,남,27세,상해없음,보행자,남,31세,경상
2016022600100560,2016년 2월 26일 21시,금요일,경상남도 창원시 의창구 도계동,경상사고,0,0,1,0,차대사람 - 차도통행중,안전운전불이행,건조,흐림,단일로 - 기타,승용,남,56세,상해없음,보행자,남,3세,경상
2016022600100598,2016년 2월 26일 22시,금요일,경상남도 사천시 죽림동,경상사고,0,0,1,0,차대차 - 추돌,안전운전불이행,건조,맑음,단일로 - 기타,승용,남,40세,상해없음,승용,남,29세,경상
2016022600100599,2016년 2월 26일 22시,금요일,경상남도 거제시 연초면,중상사고,0,1,0,0,차대차 - 측면충돌,신호위반,건조,맑음,단일로 - 기타,승용,남,52세,상해없음,승용,여,31세,중상
2016022600100600,2016년 2월 26일 22시,금요일,경상남도 김해시 진영읍,경상사고,0,0,1,0,차대사람 - 보도통행중,안전운전불이행,건조,맑음,단일로 - 기타,원동기,남,19세,상해없음,보행자,남,52세,경상
2016022700100010,2016년 2월 27일 00시,토요일,경상남도 김해시 삼정동,부상신고사고,0,0,0,1,차대차 - 정면충돌,중앙선침범,건조,맑음,단일로 - 기타,승용,남,32세,상해없음,승용,남,39세,부상신고
2016022700100126,2016년 2월 27일 06시,토요일,경상남도 진주시 평거동,중상사고,0,1,0,0,차대사람 - 기타,안전운전불이행,습기,흐림,단일로 - 기타,승용,남,36세,상해없음,보행자,남,71세,중상
2016022700100127,2016년 2월 27일 06시,토요일,경상남도 거제시 옥포동,경상사고,0,0,1,0,차대차 - 측면충돌,교차로운행방법위반,건조,맑음,단일로 - 기타,승용,남,46세,상해없음,자전거,남,43세,경상
2016022700100147,2016년 2월 27일 07시,토요일,경상남도 통영시 명정동,경상사고,0,0,2,0,차대차 - 추돌,기타,건조,맑음,단일로 - 기타,승용,남,38세,상해없음,승용,남,30세,경상
2016022700100148,2016년 2월 27일 07시,토요일,경상남도 창원시 의창구 팔용동,중상사고,0,1,0,0,차대차 - 기타,신호위반,습기,비,교차로 - 교차로안,승용,남,54세,상해없음,화물,남,49세,상해없음
2016022700100166,2016년 2월 27일 08시,토요일,경상남도 거제시 아주동,중상사고,0,1,5,0,차대차 - 기타,안전운전불이행,건조,맑음,교차로 - 교차로부근,승용,남,49세,상해없음,승용,남,35세,중상
2016022700100239,2016년 2월 27일 11시,토요일,경상남도 김해시 구산동,중상사고,0,1,0,0,차대차 - 정면충돌,중앙선침범,건조,맑음,단일로 - 기타,승용,남,44세,상해없음,승용,여,46세,중상
2016022700100240,2016년 2월 27일 11시,토요일,경상남도 합천군 삼가면,중상사고,0,1,1,0,차량단독 - 전도전복,안전운전불이행,건조,맑음,단일로 - 기타,승용,여,28세,경상,,,,
2016022700100241,2016년 2월 27일 11시,토요일,경상남도 창녕군 창녕읍,중상사고,0,1,0,0,차대사람 - 기타,안전운전불이행,건조,맑음,단일로 - 기타,승용,여,55세,상해없음,보행자,여,2세,중상
2016022700100242,2016년 2월 27일 11시,토요일,경상남도 거제시 동부면,경상사고,0,0,1,0,차대사람 - 횡단중,안전운전불이행,건조,맑음,단일로 - 횡단보도부근,특수,남,54세,상해없음,보행자,여,76세,경상
2016022700100259,2016년 2월 27일 12시,토요일,경상남도 고성군 회화면,경상사고,0,0,1,0,차대차 - 추돌,안전거리미확보,건조,맑음,단일로 - 기타,화물,남,67세,상해없음,승용,남,33세,경상
2016022700100281,2016년 2월 27일 13시,토요일,경상남도 창원시 마산합포구 신포동1가,중상사고,0,1,0,0,차대차 - 측면직각충돌,신호위반,건조,맑음,단일로 - 횡단보도상,승용,여,51세,상해없음,이륜,남,64세,중상
2016022700100282,2016년 2월 27일 13시,토요일,경상남도 거제시 사등면,경상사고,0,0,2,0,차대차 - 추돌,안전운전불이행,건조,맑음,단일로 - 기타,승용,여,51세,상해없음,승용,남,52세,상해없음
2016022700100312,2016년 2월 27일 14시,토요일,경상남도 창녕군 영산면,경상사고,0,0,1,0,차량단독 - 전도전복,안전운전불이행,건조,맑음,교차로 - 교차로안,원동기,남,70세,경상,,,,
2016022700100370,2016년 2월 27일 16시,토요일,경상남도 양산시 중부동,경상사고,0,0,1,0,차대사람 - 횡단중,안전운전불이행,건조,맑음,교차로 - 교차로부근,화물,남,60세,상해없음,보행자,여,17세,경상
2016022700100400,2016년 2월 27일 17시,토요일,경상남도 김해시 삼방동,경상사고,0,0,1,0,차대사람 - 기타,안전운전불이행,건조,맑음,단일로 - 기타,승용,여,56세,상해없음,보행자,남,30세,경상
2016022700100401,2016년 2월 27일 17시,토요일,경상남도 양산시 하북면,경상사고,0,0,1,0,차대차 - 측면충돌,기타,건조,맑음,교차로 - 교차로안,승용,남,55세,상해없음,이륜,남,35세,경상
2016022700100402,2016년 2월 27일 17시,토요일,경상남도 창원시 의창구 사림동,경상사고,0,0,1,0,차대차 - 기타,안전운전불이행,건조,맑음,단일로 - 기타,승합,남,60세,상해없음,자전거,남,23세,경상
2016022700100403,2016년 2월 27일 17시,토요일,경상남도 창원시 마산회원구 회성동,중상사고,0,1,0,0,차대차 - 측면충돌,안전운전불이행,건조,맑음,단일로 - 기타,자전거,남,85세,중상,승용,여,27세,상해없음
2016022700100411,2016년 2월 27일 18시,토요일,경상남도 김해시 진례면,중상사고,0,1,4,0,차대차 - 추돌,안전운전불이행,건조,맑음,단일로 - 기타,화물,남,67세,상해없음,승용,남,54세,중상
2016022700100428,2016년 2월 27일 18시,토요일,경상남도 창원시 진해구 용원동,경상사고,0,0,1,0,차대사람 - 차도통행중,보행자보호의무위반,건조,맑음,교차로 - 교차로안,승용,남,59세,상해없음,보행자,남,52세,경상
2016022700100429,2016년 2월 27일 18시,토요일,경상남도 김해시 외동,경상사고,0,0,2,2,차대차 - 추돌,안전운전불이행,건조,맑음,교차로 - 교차로부근,승용,남,57세,상해없음,승용,남,30세,부상신고
2016022700100430,2016년 2월 27일 18시,토요일,경상남도 창녕군 창녕읍,중상사고,0,1,2,0,차대차 - 기타,안전운전불이행,건조,맑음,단일로 - 기타,승용,여,20세,경상,승용,남,52세,상해없음
2016022700100542,2016년 2월 27일 22시,토요일,경상남도 창원시 마산회원구 합성동,중상사고,0,1,1,0,차대차 - 측면직각충돌,신호위반,건조,맑음,교차로 - 교차로안,승용,남,55세,상해없음,승용,남,51세,경상
2016022700100565,2016년 2월 27일 23시,토요일,경상남도 김해시 동상동,중상사고,0,2,0,0,차대차 - 추돌,안전거리미확보,건조,맑음,단일로 - 기타,화물,남,35세,상해없음,승용,여,36세,중상
2016022700100566,2016년 2월 27일 23시,토요일,경상남도 창녕군 창녕읍,경상사고,0,0,1,0,차대사람 - 기타,안전운전불이행,건조,맑음,단일로 - 기타,승용,남,53세,상해없음,보행자,남,34세,경상
2016022800100047,2016년 2월 28일 03시,일요일,경상남도 함양군 서상면,사망사고,1,0,0,0,차량단독 - 전도전복,안전거리미확보,건조,맑음,단일로 - 기타,승용,여,36세,사망,,,,
2016022800100048,2016년 2월 28일 03시,일요일,경상남도 창원시 의창구 봉곡동,경상사고,0,0,1,0,차대사람 - 길가장자리구역통행중,안전운전불이행,건조,맑음,교차로 - 교차로안,승용,남,56세,상해없음,보행자,남,55세,경상
2016022800100072,2016년 2월 28일 06시,일요일,경상남도 창원시 마산합포구 상남동,중상사고,0,1,0,0,차대사람 - 횡단중,안전운전불이행,건조,맑음,단일로 - 기타,승용,남,61세,상해없음,보행자,남,73세,중상
2016022800100127,2016년 2월 28일 10시,일요일,경상남도 창녕군 유어면,중상사고,0,2,1,1,차대차 - 측면직각충돌,신호위반,건조,맑음,교차로 - 교차로안,승용,남,80세,부상신고,승용,남,39세,중상
2016022800100128,2016년 2월 28일 10시,일요일,경상남도 창원시 성산구 가음정동,중상사고,0,3,0,0,차대차 - 추돌,안전운전불이행,건조,맑음,교차로 - 교차로부근,승용,남,27세,상해없음,승용,남,36세,중상
2016022800100129,2016년 2월 28일 10시,일요일,경상남도 김해시 진영읍,중상사고,0,1,0,0,차대차 - 측면충돌,교차로운행방법위반,건조,맑음,교차로 - 교차로안,자전거,남,51세,중상,승용,남,58세,상해없음
2016022800100162,2016년 2월 28일 12시,일요일,경상남도 고성군 회화면,경상사고,0,0,1,0,차대차 - 추돌,안전운전불이행,건조,맑음,단일로 - 기타,승용,남,33세,상해없음,승용,남,39세,경상
2016022800100163,2016년 2월 28일 12시,일요일,경상남도 거제시 연초면,중상사고,0,4,0,0,차대차 - 추돌,안전운전불이행,건조,맑음,단일로 - 기타,승용,여,34세,중상,승용,여,41세,기타불명
2016022800100178,2016년 2월 28일 13시,일요일,경상남도 창원시 마산합포구 교방동,중상사고,0,1,0,0,차대차 - 추돌,안전운전불이행,건조,흐림,단일로 - 기타,이륜,남,18세,상해없음,이륜,남,35세,중상
2016022800100179,2016년 2월 28일 13시,일요일,경상남도 통영시 서호동,경상사고,0,0,1,0,차대사람 - 횡단중,보행자보호의무위반,건조,흐림,교차로 - 교차로부근,승용,남,51세,상해없음,보행자,남,43세,경상
2016022800100217,2016년 2월 28일 14시,일요일,경상남도 창녕군 영산면,부상신고사고,0,0,0,1,차대차 - 측면직각충돌,안전운전불이행,건조,맑음,단일로 - 기타,이륜,남,69세,부상신고,승용,남,55세,상해없음
2016022800100251,2016년 2월 28일 15시,일요일,경상남도 통영시 항남동,경상사고,0,0,1,0,차대차 - 측면직각충돌,안전운전불이행,건조,맑음,단일로 - 기타,화물,남,67세,상해없음,승합,남,60세,상해없음
2016022800100294,2016년 2월 28일 16시,일요일,경상남도 거제시 고현동,중상사고,0,1,4,0,차대차 - 추돌,신호위반,건조,맑음,교차로 - 교차로안,화물,남,62세,상해없음,승합,남,54세,중상
2016022800100369,2016년 2월 28일 18시,일요일,경상남도 창원시 마산합포구 예곡동,사망사고,1,0,0,0,차대사람 - 횡단중,안전운전불이행,습기,비,단일로 - 기타,화물,남,61세,상해없음,보행자,남,57세,사망
2016022800100370,2016년 2월 28일 18시,일요일,경상남도 밀양시 하남읍,중상사고,0,1,0,0,차대사람 - 횡단중,안전운전불이행,건조,맑음,단일로 - 기타,원동기,남,61세,상해없음,보행자,남,6세,중상
2016022800100371,2016년 2월 28일 18시,일요일,경상남도 창원시 의창구 동정동,경상사고,0,0,1,0,차대차 - 측면충돌,안전운전불이행,습기,비,단일로 - 기타,승용,남,17세,상해없음,승용,남,33세,경상
2016022800100412,2016년 2월 28일 19시,일요일,경상남도 사천시 사천읍,중상사고,0,1,0,0,차대사람 - 차도통행중,안전운전불이행,습기,비,단일로 - 기타,화물,남,24세,상해없음,보행자,남,65세,중상
2016022800100413,2016년 2월 28일 19시,일요일,경상남도 밀양시 내이동,경상사고,0,0,1,0,차대차 - 측면충돌,교차로운행방법위반,건조,맑음,교차로 - 교차로안,승용,남,43세,상해없음,화물,남,60세,경상
2016022800100414,2016년 2월 28일 19시,일요일,경상남도 김해시 외동,경상사고,0,0,4,0,차대차 - 측면직각충돌,안전운전불이행,습기,비,교차로 - 교차로안,승용,남,53세,경상,승용,남,37세,경상
2016022800100415,2016년 2월 28일 19시,일요일,경상남도 김해시 내동,경상사고,0,0,1,0,차대사람 - 횡단중,신호위반,습기,비,교차로 - 교차로안,이륜,남,21세,상해없음,보행자,여,16세,경상
2016022800100416,2016년 2월 28일 19시,일요일,경상남도 거제시 일운면,경상사고,0,0,1,0,차대차 - 정면충돌,중앙선침범,습기,비,단일로 - 기타,승용,남,54세,상해없음,승용,남,33세,경상
2016022800100440,2016년 2월 28일 20시,일요일,경상남도 양산시 북정동,부상신고사고,0,0,0,1,차대차 - 측면충돌,안전운전불이행,습기,비,교차로 - 교차로안,승용,남,25세,상해없음,승용,남,53세,부상신고
2016022800100473,2016년 2월 28일 21시,일요일,경상남도 창원시 의창구 팔용동,경상사고,0,0,2,0,차대차 - 추돌,안전운전불이행,건조,맑음,단일로 - 기타,승용,남,41세,상해없음,승용,남,26세,경상
2016022800100474,2016년 2월 28일 21시,일요일,경상남도 김해시 한림면,중상사고,0,4,0,0,차대차 - 정면충돌,교차로운행방법위반,습기,비,교차로 - 교차로안,화물,여,63세,중상,화물,남,61세,중상
2016022800100499,2016년 2월 28일 22시,일요일,경상남도 창원시 의창구 도계동,경상사고,0,0,1,0,차대사람 - 기타,안전운전불이행,건조,맑음,교차로 - 교차로부근,기타불명,기타불명,기타불명,기타불명,보행자,남,40세,경상
2016022900100055,2016년 2월 29일 06시,월요일,경상남도 함안군 가야읍,경상사고,0,0,1,0,차대차 - 추돌,안전운전불이행,건조,맑음,단일로 - 기타,승용,남,24세,상해없음,승용,여,47세,경상
2016022900100068,2016년 2월 29일 07시,월요일,경상남도 고성군 동해면,중상사고,0,1,0,0,차대사람 - 길가장자리구역통행중,안전운전불이행,건조,맑음,단일로 - 기타,승용,여,55세,상해없음,보행자,남,27세,중상
2016022900100108,2016년 2월 29일 09시,월요일,경상남도 통영시 북신동,경상사고,0,0,2,0,차대차 - 측면직각충돌,안전운전불이행,건조,맑음,교차로 - 교차로안,승용,여,69세,상해없음,승합,남,62세,경상
2016022900100109,2016년 2월 29일 09시,월요일,경상남도 창원시 의창구 신월동,경상사고,0,0,2,0,차대차 - 추돌,안전운전불이행,건조,맑음,단일로 - 기타,승용,남,58세,상해없음,승용,남,69세,경상
2016022900100152,2016년 2월 29일 11시,월요일,경상남도 양산시 중부동,부상신고사고,0,0,0,1,차대차 - 측면충돌,안전운전불이행,건조,맑음,단일로 - 기타,승용,남,45세,기타불명,자전거,남,10세,부상신고
2016022900100181,2016년 2월 29일 12시,월요일,경상남도 진주시 정촌면,중상사고,0,1,0,1,차대차 - 추돌,안전운전불이행,건조,맑음,단일로 - 기타,화물,남,25세,부상신고,농기계,남,74세,중상
2016022900100182,2016년 2월 29일 12시,월요일,경상남도 진주시 금산면,중상사고,0,2,1,0,차대차 - 측면직각충돌,신호위반,건조,맑음,교차로 - 교차로안,이륜,남,72세,중상,승용,남,53세,상해없음
2016022900100234,2016년 2월 29일 13시,월요일,경상남도 창원시 진해구 여좌동,경상사고,0,0,2,0,차대차 - 추돌,안전거리미확보,건조,맑음,교차로 - 교차로부근,승용,남,37세,상해없음,승용,여,39세,경상
2016022900100235,2016년 2월 29일 13시,월요일,경상남도 김해시 서상동,중상사고,0,1,0,0,차대차 - 측면직각충돌,직진우회전진행방해,건조,맑음,교차로 - 교차로안,승용,남,22세,상해없음,승용,여,53세,중상
2016022900100236,2016년 2월 29일 13시,월요일,경상남도 양산시 주진동,경상사고,0,0,1,0,차대차 - 기타,안전운전불이행,건조,맑음,교차로 - 교차로부근,승용,남,45세,상해없음,승용,여,31세,경상
2016022900100237,2016년 2월 29일 13시,월요일,경상남도 김해시 흥동,경상사고,0,0,1,0,차대차 - 측면직각충돌,교차로운행방법위반,건조,맑음,교차로 - 교차로안,승용,여,41세,상해없음,승합,남,31세,경상
2016022900100264,2016년 2월 29일 14시,월요일,경상남도 창원시 마산합포구 오동동,경상사고,0,0,1,0,차대차 - 측면충돌,안전운전불이행,건조,맑음,단일로 - 기타,승용,여,32세,상해없음,원동기,남,45세,경상
2016022900100294,2016년 2월 29일 15시,월요일,경상남도 진주시 가좌동,경상사고,0,0,1,0,차대사람 - 횡단중,안전운전불이행,건조,맑음,교차로 - 교차로안,승용,남,47세,상해없음,보행자,남,22세,경상
2016022900100295,2016년 2월 29일 15시,월요일,경상남도 김해시 장유면,중상사고,0,1,0,0,차대차 - 추돌,안전운전불이행,건조,맑음,단일로 - 기타,화물,남,45세,상해없음,승용,여,42세,중상
2016022900100329,2016년 2월 29일 16시,월요일,경상남도 진주시 평거동,중상사고,0,1,0,0,차대사람 - 횡단중,보행자보호의무위반,건조,맑음,교차로 - 교차로부근,화물,남,54세,상해없음,보행자,남,8세,중상
2016022900100330,2016년 2월 29일 16시,월요일,경상남도 양산시 평산동,경상사고,0,0,1,0,차대차 - 측면충돌,안전운전불이행,습기,맑음,교차로 - 교차로부근,화물,남,54세,상해없음,승용,여,30세,경상
2016022900100362,2016년 2월 29일 17시,월요일,경상남도 거제시 장평동,중상사고,0,1,0,0,차대사람 - 기타,안전운전불이행,건조,맑음,단일로 - 기타,승용,여,50세,상해없음,보행자,남,42세,중상
2016022900100363,2016년 2월 29일 17시,월요일,경상남도 산청군 산청읍,중상사고,0,1,0,0,차량단독 - 전도전복,안전운전불이행,결빙,눈,단일로 - 교량,화물,남,53세,중상,,,,
2016022900100364,2016년 2월 29일 17시,월요일,경상남도 창원시 의창구 봉곡동,중상사고,0,1,0,0,차대사람 - 횡단중,안전운전불이행,건조,맑음,단일로 - 기타,승용,여,31세,기타불명,보행자,남,9세,중상
2016022900100401,2016년 2월 29일 18시,월요일,경상남도 진주시 가좌동,부상신고사고,0,0,0,1,차대차 - 측면직각충돌,직진우회전진행방해,건조,맑음,교차로 - 교차로안,이륜,남,30세,부상신고,승용,여,46세,상해없음
2016022900100402,2016년 2월 29일 18시,월요일,경상남도 창원시 진해구 석동,경상사고,0,0,1,0,차대차 - 기타,안전운전불이행,건조,맑음,기타 - 기타,승용,여,37세,상해없음,승용,남,25세,경상
2016022900100403,2016년 2월 29일 18시,월요일,경상남도 의령군 부림면,중상사고,0,1,0,0,차대차 - 측면충돌,신호위반,건조,맑음,교차로 - 교차로안,자전거,여,48세,중상,승용,남,40세,상해없음
2016022900100443,2016년 2월 29일 19시,월요일,경상남도 창원시 마산합포구 해운동,중상사고,0,2,0,0,차대차 - 측면충돌,교차로운행방법위반,건조,맑음,교차로 - 교차로안,승용,남,62세,상해없음,승용,여,35세,중상
2016022900100444,2016년 2월 29일 19시,월요일,경상남도 사천시 정동면,중상사고,0,1,0,0,차대차 - 측면직각충돌,교차로운행방법위반,건조,맑음,교차로 - 교차로안,승용,남,31세,상해없음,이륜,남,19세,중상
2016022900100484,2016년 2월 29일 20시,월요일,경상남도 사천시 사천읍,중상사고,0,1,1,0,차대차 - 측면충돌,교차로운행방법위반,건조,맑음,교차로 - 교차로안,승용,남,31세,상해없음,승용,남,50세,중상
2016022900100485,2016년 2월 29일 20시,월요일,경상남도 양산시 유산동,중상사고,0,1,1,0,차대차 - 정면충돌,안전거리미확보,건조,맑음,단일로 - 기타,승용,남,58세,경상,승용,남,35세,중상
2016022900100486,2016년 2월 29일 20시,월요일,경상남도 창원시 성산구 중앙동,경상사고,0,0,1,0,차대차 - 기타,안전운전불이행,건조,맑음,단일로 - 기타,특수,남,38세,상해없음,승합,남,48세,경상
2016022900100512,2016년 2월 29일 21시,월요일,경상남도 김해시 외동,부상신고사고,0,0,0,1,차대차 - 측면충돌,안전운전불이행,건조,맑음,교차로 - 교차로부근,이륜,남,35세,부상신고,승용,여,28세,상해없음
2016022900100513,2016년 2월 29일 21시,월요일,경상남도 거제시 아주동,중상사고,0,1,1,0,차대차 - 기타,교차로운행방법위반,건조,맑음,교차로 - 교차로안,승용,여,58세,기타불명,승용,여,29세,중상
2016022900100573,2016년 2월 29일 23시,월요일,경상남도 양산시 동면,경상사고,0,0,1,0,차대차 - 기타,안전운전불이행,건조,맑음,단일로 - 기타,승용,남,35세,상해없음,승용,남,50세,경상
2016022900100585,2016년 2월 29일 23시,월요일,경상남도 창원시 마산합포구 가포동,중상사고,0,1,1,0,차대차 - 측면직각충돌,신호위반,건조,맑음,교차로 - 교차로안,승용,남,23세,상해없음,승합,남,47세,중상
2016030100100016,2016년 3월 1일 00시,화요일,경상남도 거제시 고현동,경상사고,0,0,3,0,차대차 - 기타,안전운전불이행,건조,맑음,교차로 - 교차로부근,승용,남,30세,상해없음,승용,여,37세,경상
2016030100100052,2016년 3월 1일 01시,화요일,경상남도 통영시 무전동,중상사고,0,1,0,0,차대사람 - 횡단중,안전운전불이행,건조,맑음,교차로 - 교차로안,화물,남,35세,상해없음,보행자,남,38세,중상
2016030100100099,2016년 3월 1일 04시,화요일,경상남도 양산시 북부동,부상신고사고,0,0,0,1,차량단독 - 전도전복,안전운전불이행,건조,맑음,단일로 - 기타,승용,남,19세,상해없음,,,,
2016030100100131,2016년 3월 1일 06시,화요일,경상남도 함양군 함양읍,부상신고사고,0,0,0,1,차대차 - 정면충돌,안전운전불이행,결빙,눈,단일로 - 기타,승용,남,30세,부상신고,승합,남,42세,상해없음
2016030100100159,2016년 3월 1일 08시,화요일,경상남도 함안군 칠원읍,중상사고,0,1,0,0,차대차 - 기타,안전운전불이행,건조,맑음,단일로 - 기타,화물,남,54세,상해없음,자전거,남,22세,중상
2016030100100178,2016년 3월 1일 09시,화요일,경상남도 남해군 서면,사망사고,1,0,0,0,차량단독 - 전도전복,안전운전불이행,건조,맑음,단일로 - 기타,이륜,남,51세,사망,,,,
2016030100100197,2016년 3월 1일 10시,화요일,경상남도 창원시 의창구 동읍,경상사고,0,0,1,0,차대차 - 측면직각충돌,안전운전불이행,건조,맑음,교차로 - 교차로부근,승용,남,25세,상해없음,승용,여,43세,상해없음
2016030100100210,2016년 3월 1일 11시,화요일,경상남도 사천시 용현면,경상사고,0,0,2,0,차대차 - 측면직각충돌,안전운전불이행,건조,맑음,단일로 - 기타,승용,남,43세,상해없음,승용,여,49세,경상
2016030100100257,2016년 3월 1일 13시,화요일,경상남도 창원시 마산합포구 중성동,경상사고,0,0,3,0,차대차 - 측면직각충돌,중앙선침범,건조,맑음,단일로 - 기타,승용,남,50세,상해없음,승용,남,55세,경상
2016030100100258,2016년 3월 1일 13시,화요일,경상남도 진주시 상대동,중상사고,0,1,0,0,차대사람 - 횡단중,보행자보호의무위반,건조,맑음,단일로 - 횡단보도상,승용,남,69세,상해없음,보행자,남,42세,중상
2016030100100259,2016년 3월 1일 13시,화요일,경상남도 창원시 진해구 용원동,중상사고,0,1,0,0,차대차 - 측면직각충돌,교차로운행방법위반,건조,맑음,교차로 - 교차로안,승용,남,25세,상해없음,원동기,남,37세,중상
2016030100100260,2016년 3월 1일 13시,화요일,경상남도 양산시 동면,경상사고,0,0,2,1,차대차 - 추돌,안전거리미확보,건조,맑음,단일로 - 기타,승용,남,57세,상해없음,승용,여,43세,부상신고
2016030100100280,2016년 3월 1일 14시,화요일,경상남도 거제시 연초면,중상사고,0,1,0,0,차대사람 - 횡단중,안전운전불이행,건조,맑음,단일로 - 횡단보도상,이륜,남,50세,상해없음,보행자,남,59세,중상
2016030100100302,2016년 3월 1일 15시,화요일,경상남도 통영시 광도면,중상사고,0,1,0,0,차량단독 - 전도전복,안전운전불이행,건조,맑음,단일로 - 기타,원동기,남,69세,중상,,,,
2016030100100303,2016년 3월 1일 15시,화요일,경상남도 양산시 동면,경상사고,0,0,1,0,차대사람 - 길가장자리구역통행중,안전운전불이행,건조,맑음,단일로 - 기타,승합,남,21세,상해없음,보행자,여,61세,경상
2016030100100304,2016년 3월 1일 15시,화요일,경상남도 양산시 북부동,경상사고,0,0,3,1,차대차 - 추돌,안전운전불이행,건조,맑음,단일로 - 기타,승용,남,49세,상해없음,승용,남,71세,부상신고
2016030100100336,2016년 3월 1일 16시,화요일,경상남도 창녕군 창녕읍,중상사고,0,2,4,0,차대차 - 기타,교차로운행방법위반,건조,맑음,교차로 - 교차로안,화물,남,56세,상해없음,승용,여,53세,중상
2016030100100370,2016년 3월 1일 17시,화요일,경상남도 통영시 광도면,경상사고,0,0,4,0,차대차 - 추돌,안전운전불이행,건조,맑음,교차로 - 교차로부근,승용,남,41세,상해없음,승용,여,35세,경상
2016030100100371,2016년 3월 1일 17시,화요일,경상남도 사천시 용현면,부상신고사고,0,0,0,2,차대차 - 추돌,안전운전불이행,건조,맑음,단일로 - 기타,승용,남,50세,상해없음,승용,여,59세,부상신고
2016030100100372,2016년 3월 1일 17시,화요일,경상남도 함안군 칠서면,중상사고,0,6,3,0,차대차 - 측면충돌,안전운전불이행,건조,맑음,단일로 - 기타,화물,남,51세,상해없음,승합,남,51세,경상
2016030100100403,2016년 3월 1일 18시,화요일,경상남도 김해시 외동,중상사고,0,1,0,0,차대사람 - 기타,안전운전불이행,건조,맑음,단일로 - 기타,승합,남,36세,상해없음,보행자,여,55세,중상
2016030100100404,2016년 3월 1일 18시,화요일,경상남도 남해군 창선면,사망사고,1,1,0,0,차대차 - 정면충돌,중앙선침범,건조,맑음,단일로 - 기타,승용,남,56세,사망,화물,남,44세,상해없음
2016030100100444,2016년 3월 1일 19시,화요일,경상남도 양산시 중부동,경상사고,0,0,1,0,차대사람 - 횡단중,안전운전불이행,건조,맑음,교차로 - 교차로부근,승합,남,55세,상해없음,보행자,여,25세,경상
2016030100100445,2016년 3월 1일 19시,화요일,경상남도 양산시 북부동,경상사고,0,0,2,0,차대차 - 기타,안전운전불이행,건조,맑음,단일로 - 기타,승합,남,58세,상해없음,승용,여,35세,경상
2016030100100446,2016년 3월 1일 19시,화요일,경상남도 창원시 성산구 상남동,중상사고,0,2,2,0,차대차 - 측면직각충돌,신호위반,건조,맑음,교차로 - 교차로안,승용,남,33세,상해없음,승용,여,45세,중상
2016030100100447,2016년 3월 1일 19시,화요일,경상남도 김해시 진영읍,중상사고,0,1,0,3,차대차 - 추돌,안전운전불이행,건조,맑음,교차로 - 교차로부근,승용,남,58세,상해없음,승용,남,47세,중상
2016030100100474,2016년 3월 1일 20시,화요일,경상남도 창원시 마산합포구 두월동1가,중상사고,0,3,1,0,차대차 - 측면충돌,안전운전불이행,건조,맑음,교차로 - 교차로안,승용,남,59세,경상,승용,남,43세,중상
2016030100100475,2016년 3월 1일 20시,화요일,경상남도 양산시 물금읍,경상사고,0,0,1,0,차대차 - 측면충돌,안전거리미확보,건조,맑음,교차로 - 교차로안,승용,남,22세,상해없음,승용,남,35세,경상
2016030100100512,2016년 3월 1일 22시,화요일,경상남도 진주시 칠암동,중상사고,0,1,0,0,차대사람 - 길가장자리구역통행중,안전운전불이행,건조,맑음,교차로 - 교차로부근,원동기,남,31세,상해없음,보행자,여,61세,중상
2016030100100530,2016년 3월 1일 23시,화요일,경상남도 사천시 용현면,중상사고,0,1,0,0,차대사람 - 횡단중,안전운전불이행,건조,맑음,단일로 - 기타,승용,남,62세,상해없음,보행자,여,30세,중상
2016030100100531,2016년 3월 1일 23시,화요일,경상남도 창원시 성산구 상남동,경상사고,0,0,1,0,차대사람 - 차도통행중,안전운전불이행,건조,맑음,단일로 - 기타,승용,남,29세,상해없음,보행자,남,25세,경상
2016030200100004,2016년 3월 2일 00시,수요일,경상남도 김해시 진례면,사망사고,1,0,0,0,차대사람 - 기타,안전운전불이행,건조,맑음,단일로 - 기타,화물,남,40세,상해없음,보행자,여,52세,사망