사고번호,사고일시,요일,시군구,사고내용,사망자수,중상자수,경상자수,부상신고자수,사고유형,법규위반,노면상태,기상상태,도로형태,가해운전자 차종,가해운전자 성별,가해운전자 연령,가해운전자 상해정도,피해운전자 차종,피해운전자 성별,피해운전자 연령,피해운전자 상해정도
2016030200100008,2016년 3월 2일 00시,수요일,경상남도 거제시 아주동,경상사고,0,0,1,0,차대차 - 추돌,안전거리미확보,건조,맑음,단일로 - 기타,승용,여,49세,상해없음,승용,남,50세,경상
2016030200100042,2016년 3월 2일 05시,수요일,경상남도 양산시 덕계동,중상사고,0,1,0,0,차대차 - 정면충돌,안전거리미확보,건조,맑음,교차로 - 교차로부근,승합,남,68세,상해없음,승용,남,41세,중상
2016030200100055,2016년 3월 2일 06시,수요일,경상남도 진주시 집현면,사망사고,1,0,0,0,차량단독 - 기타,안전운전불이행,건조,맑음,단일로 - 기타,원동기,남,81세,상해없음,,,,
2016030200100056,2016년 3월 2일 06시,수요일,경상남도 거제시 고현동,경상사고,0,0,1,0,차대차 - 추돌,안전거리미확보,건조,맑음,단일로 - 기타,승용,여,44세,상해없음,이륜,남,41세,경상
2016030200100077,2016년 3월 2일 07시,수요일,경상남도 창원시 마산회원구 구암동,중상사고,0,1,1,0,차대차 - 정면충돌,중앙선침범,건조,맑음,단일로 - 기타,승용,남,52세,경상,승용,남,58세,중상
2016030200100078,2016년 3월 2일 07시,수요일,경상남도 김해시 화목동,중상사고,0,2,0,0,차대차 - 측면충돌,신호위반,건조,맑음,교차로 - 교차로안,승용,남,34세,상해없음,이륜,남,78세,중상
2016030200100116,2016년 3월 2일 08시,수요일,경상남도 창원시 마산합포구 진동면,경상사고,0,0,1,0,차대차 - 기타,안전운전불이행,건조,맑음,단일로 - 기타,화물,남,51세,상해없음,승용,여,31세,경상
2016030200100117,2016년 3월 2일 08시,수요일,경상남도 창원시 의창구 사림동,경상사고,0,0,1,0,차대차 - 기타,안전운전불이행,건조,맑음,교차로 - 교차로안,승용,남,64세,상해없음,승합,남,56세,경상
2016030200100144,2016년 3월 2일 09시,수요일,경상남도 진주시 문산읍,중상사고,0,1,9,0,차대차 - 측면직각충돌,교차로운행방법위반,건조,맑음,교차로 - 교차로안,승합,남,73세,상해없음,화물,남,49세,중상
2016030200100145,2016년 3월 2일 09시,수요일,경상남도 창원시 진해구 두동,중상사고,0,1,0,0,차량단독 - 공작물충돌,안전운전불이행,건조,맑음,교차로 - 교차로안,승용,남,41세,중상,,,,
2016030200100146,2016년 3월 2일 09시,수요일,경상남도 의령군 용덕면,사망사고,1,1,1,0,차대차 - 측면충돌,과속,건조,맑음,교차로 - 교차로안,승용,남,37세,상해없음,이륜,남,71세,사망
2016030200100172,2016년 3월 2일 10시,수요일,경상남도 김해시 삼계동,중상사고,0,3,0,0,차대차 - 측면충돌,직진우회전진행방해,건조,맑음,교차로 - 교차로안,승용,여,47세,중상,승합,남,32세,중상
2016030200100194,2016년 3월 2일 11시,수요일,경상남도 거제시 거제면,중상사고,0,1,1,0,차대차 - 정면충돌,기타,건조,맑음,단일로 - 기타,승용,여,53세,상해없음,승용,남,36세,경상
2016030200100248,2016년 3월 2일 13시,수요일,경상남도 진주시 금산면,중상사고,0,1,0,0,차대사람 - 횡단중,기타,건조,맑음,교차로 - 교차로안,승용,여,36세,상해없음,보행자,남,9세,중상
2016030200100249,2016년 3월 2일 13시,수요일,경상남도 통영시 한산면,중상사고,0,1,0,0,차대차 - 측면직각충돌,안전운전불이행,건조,맑음,단일로 - 기타,승용,남,73세,상해없음,승합,남,46세,상해없음
2016030200100250,2016년 3월 2일 13시,수요일,경상남도 사천시 사천읍,중상사고,0,1,0,0,차대차 - 정면충돌,신호위반,건조,맑음,교차로 - 교차로안,원동기,남,68세,중상,승용,남,81세,상해없음
2016030200100285,2016년 3월 2일 14시,수요일,경상남도 창녕군 이방면,중상사고,0,1,0,0,차대차 - 기타,안전운전불이행,건조,맑음,단일로 - 기타,승용,남,29세,상해없음,원동기,남,48세,중상
2016030200100315,2016년 3월 2일 15시,수요일,경상남도 창원시 진해구 이동,부상신고사고,0,0,0,1,차대차 - 측면직각충돌,안전거리미확보,건조,맑음,단일로 - 기타,화물,남,70세,상해없음,승용,남,28세,부상신고
2016030200100316,2016년 3월 2일 15시,수요일,경상남도 창원시 마산회원구 봉암동,경상사고,0,0,1,0,차대차 - 측면충돌,안전운전불이행,건조,맑음,교차로 - 교차로부근,건설기계,남,55세,상해없음,승합,남,57세,상해없음
2016030200100349,2016년 3월 2일 16시,수요일,경상남도 김해시 대동면,경상사고,0,0,2,0,차대차 - 측면직각충돌,안전운전불이행,건조,맑음,단일로 - 기타,화물,남,34세,상해없음,승용,여,63세,경상
2016030200100367,2016년 3월 2일 17시,수요일,경상남도 통영시 북신동,중상사고,0,1,0,0,차대사람 - 횡단중,안전운전불이행,건조,맑음,교차로 - 교차로안,이륜,남,16세,상해없음,보행자,여,51세,중상
2016030200100368,2016년 3월 2일 17시,수요일,경상남도 김해시 장유면,중상사고,0,1,0,0,차대사람 - 보도통행중,안전운전불이행,건조,맑음,단일로 - 기타,자전거,남,43세,상해없음,보행자,여,72세,중상
2016030200100406,2016년 3월 2일 18시,수요일,경상남도 창원시 마산합포구 동성동,경상사고,0,0,1,0,차대차 - 측면직각충돌,안전운전불이행,건조,맑음,단일로 - 기타,승용,남,44세,상해없음,승용,남,70세,경상
2016030200100408,2016년 3월 2일 18시,수요일,경상남도 양산시 물금읍,경상사고,0,0,1,0,차대차 - 측면충돌,신호위반,건조,맑음,교차로 - 교차로안,승용,남,32세,상해없음,승용,여,42세,경상
2016030200100454,2016년 3월 2일 19시,수요일,경상남도 함양군 함양읍,중상사고,0,1,0,0,차대차 - 측면직각충돌,신호위반,건조,맑음,교차로 - 교차로안,승용,여,44세,상해없음,이륜,남,57세,중상
2016030200100455,2016년 3월 2일 19시,수요일,경상남도 양산시 북정동,중상사고,0,1,0,0,차대사람 - 횡단중,보행자보호의무위반,건조,맑음,교차로 - 교차로안,승용,여,59세,상해없음,보행자,여,53세,중상
2016030200100480,2016년 3월 2일 20시,수요일,경상남도 김해시 삼계동,경상사고,0,0,1,0,차대사람 - 횡단중,안전운전불이행,건조,맑음,교차로 - 교차로안,승용,남,48세,상해없음,보행자,남,40세,경상
2016030200100504,2016년 3월 2일 21시,수요일,경상남도 통영시 태평동,경상사고,0,0,4,0,차대차 - 추돌,안전운전불이행,건조,맑음,교차로 - 교차로부근,승용,여,41세,상해없음,승용,남,34세,경상
2016030200100505,2016년 3월 2일 21시,수요일,경상남도 창녕군 영산면,중상사고,0,1,0,0,차대사람 - 횡단중,안전운전불이행,건조,맑음,단일로 - 기타,기타불명,기타불명,기타불명,기타불명,보행자,남,63세,중상
2016030200100506,2016년 3월 2일 21시,수요일,경상남도 창원시 의창구 용호동,중상사고,0,1,0,0,차대사람 - 횡단중,보행자보호의무위반,건조,맑음,교차로 - 교차로안,승용,남,61세,상해없음,보행자,남,39세,중상
2016030200100535,2016년 3월 2일 22시,수요일,경상남도 김해시 외동,중상사고,0,1,0,0,차대차 - 기타,안전운전불이행,건조,맑음,단일로 - 기타,승용,남,64세,상해없음,이륜,남,53세,중상
2016030200100536,2016년 3월 2일 22시,수요일,경상남도 김해시 외동,경상사고,0,0,1,0,차대사람 - 횡단중,안전운전불이행,건조,맑음,단일로 - 기타,승용,여,58세,상해없음,보행자,여,41세,경상
2016030200100537,2016년 3월 2일 22시,수요일,경상남도 김해시 진영읍,중상사고,0,1,0,0,차량단독 - 전도전복,안전운전불이행,건조,맑음,단일로 - 기타,승용,남,54세,중상,,,,
2016030200100564,2016년 3월 2일 23시,수요일,경상남도 창원시 의창구 팔용동,경상사고,0,0,2,0,차대차 - 추돌,안전운전불이행,건조,맑음,단일로 - 기타,승용,남,36세,상해없음,승용,남,41세,상해없음
2016030300100047,2016년 3월 3일 05시,목요일,경상남도 사천시 이홀동,중상사고,0,1,0,0,차대사람 - 기타,안전운전불이행,건조,맑음,단일로 - 횡단보도부근,화물,남,40세,상해없음,보행자,남,65세,중상
2016030300100074,2016년 3월 3일 06시,목요일,경상남도 김해시 삼정동,중상사고,0,1,0,0,차대차 - 측면직각충돌,직진우회전진행방해,건조,맑음,교차로 - 교차로안,승용,남,52세,상해없음,자전거,남,50세,중상
2016030300100095,2016년 3월 3일 07시,목요일,경상남도 진주시 초전동,중상사고,0,2,1,0,차대차 - 측면충돌,신호위반,건조,맑음,교차로 - 교차로안,승용,남,45세,경상,승용,남,47세,중상
2016030300100123,2016년 3월 3일 08시,목요일,경상남도 창원시 진해구 이동,중상사고,0,1,0,0,차대사람 - 차도통행중,보행자보호의무위반,건조,맑음,교차로 - 교차로안,승용,여,42세,상해없음,보행자,남,52세,중상
2016030300100124,2016년 3월 3일 08시,목요일,경상남도 김해시 외동,중상사고,0,1,0,0,차대사람 - 횡단중,안전운전불이행,건조,맑음,단일로 - 기타,이륜,남,31세,상해없음,보행자,남,66세,중상
2016030300100158,2016년 3월 3일 09시,목요일,경상남도 양산시 유산동,중상사고,0,1,0,1,차대차 - 정면충돌,안전거리미확보,건조,맑음,교차로 - 교차로부근,승용,남,57세,상해없음,승용,남,36세,중상
2016030300100181,2016년 3월 3일 10시,목요일,경상남도 양산시 삼호동,부상신고사고,0,0,0,1,차대사람 - 기타,기타,건조,맑음,기타 - 기타,승합,남,31세,상해없음,보행자,남,83세,부상신고
2016030300100223,2016년 3월 3일 12시,목요일,경상남도 진주시 충무공동,중상사고,0,1,0,0,차대차 - 측면직각충돌,직진우회전진행방해,건조,맑음,교차로 - 교차로안,승용,여,34세,상해없음,자전거,여,36세,중상
2016030300100224,2016년 3월 3일 12시,목요일,경상남도 진주시 상평동,중상사고,0,1,1,0,차대차 - 측면충돌,직진우회전진행방해,건조,맑음,교차로 - 교차로안,승용,남,64세,상해없음,승용,남,60세,중상
2016030300100251,2016년 3월 3일 13시,목요일,경상남도 진주시 금산면,경상사고,0,0,1,0,차대사람 - 횡단중,안전운전불이행,건조,맑음,단일로 - 기타,승용,남,19세,상해없음,보행자,남,47세,경상
2016030300100252,2016년 3월 3일 13시,목요일,경상남도 김해시 불암동,중상사고,0,1,0,0,차대사람 - 횡단중,보행자보호의무위반,건조,맑음,교차로 - 교차로부근,건설기계,남,55세,기타불명,보행자,여,81세,중상
2016030300100253,2016년 3월 3일 13시,목요일,경상남도 거창군 거창읍,경상사고,0,0,1,0,차대차 - 측면충돌,교차로운행방법위반,건조,맑음,교차로 - 교차로안,이륜,남,52세,경상,승합,남,57세,상해없음
2016030300100254,2016년 3월 3일 13시,목요일,경상남도 거제시 상동동,경상사고,0,0,1,0,차대차 - 추돌,안전운전불이행,건조,맑음,단일로 - 기타,승용,여,30세,상해없음,승용,여,44세,경상
2016030300100280,2016년 3월 3일 14시,목요일,경상남도 하동군 하동읍,중상사고,0,2,0,0,차대차 - 측면직각충돌,안전운전불이행,건조,맑음,교차로 - 교차로안,승용,남,50세,상해없음,승용,남,44세,중상
2016030300100281,2016년 3월 3일 14시,목요일,경상남도 창원시 마산회원구 석전동,중상사고,0,1,1,0,차대차 - 측면충돌,신호위반,건조,맑음,교차로 - 교차로안,화물,남,34세,상해없음,승용,남,57세,경상
2016030300100310,2016년 3월 3일 15시,목요일,경상남도 밀양시 내이동,중상사고,0,1,0,0,차대차 - 측면직각충돌,중앙선침범,건조,맑음,단일로 - 기타,승용,남,60세,상해없음,원동기,남,68세,중상
2016030300100338,2016년 3월 3일 16시,목요일,경상남도 양산시 평산동,부상신고사고,0,0,0,1,차대사람 - 횡단중,안전운전불이행,건조,맑음,단일로 - 횡단보도상,기타불명,기타불명,기타불명,기타불명,보행자,남,15세,부상신고
2016030300100369,2016년 3월 3일 17시,목요일,경상남도 창원시 진해구 석동,중상사고,0,1,1,0,차대차 - 추돌,안전운전불이행,건조,맑음,단일로 - 기타,특수,남,33세,경상,승용,남,45세,중상
2016030300100370,2016년 3월 3일 17시,목요일,경상남도 남해군 삼동면,중상사고,0,1,0,1,차대차 - 측면충돌,중앙선침범,건조,맑음,단일로 - 기타,승용,여,36세,부상신고,승용,여,51세,중상
2016030300100371,2016년 3월 3일 17시,목요일,경상남도 함안군 가야읍,경상사고,0,0,1,0,차대차 - 측면직각충돌,신호위반,건조,맑음,교차로 - 교차로부근,자전거,남,82세,경상,승용,여,29세,상해없음
2016030300100372,2016년 3월 3일 17시,목요일,경상남도 창원시 의창구 동읍,경상사고,0,0,3,0,차대차 - 측면직각충돌,안전운전불이행,건조,맑음,단일로 - 기타,화물,남,60세,경상,화물,남,58세,경상
2016030300100373,2016년 3월 3일 17시,목요일,경상남도 창원시 의창구 봉곡동,경상사고,0,0,1,0,차대차 - 측면직각충돌,안전운전불이행,건조,맑음,교차로 - 교차로안,승용,여,33세,상해없음,승용,남,27세,경상
2016030300100424,2016년 3월 3일 18시,목요일,경상남도 김해시 내동,경상사고,0,0,1,0,차대차 - 기타,안전운전불이행,건조,맑음,단일로 - 기타,원동기,남,35세,경상,승용,남,28세,상해없음
2016030300100472,2016년 3월 3일 19시,목요일,경상남도 거제시 고현동,중상사고,0,1,0,0,차대사람 - 횡단중,안전운전불이행,건조,맑음,교차로 - 교차로안,화물,남,50세,상해없음,보행자,남,39세,중상
2016030300100473,2016년 3월 3일 19시,목요일,경상남도 김해시 주촌면,중상사고,0,1,0,0,차대차 - 추돌,안전운전불이행,건조,맑음,단일로 - 기타,승용,남,36세,상해없음,자전거,남,75세,중상
2016030300100500,2016년 3월 3일 20시,목요일,경상남도 통영시 정량동,경상사고,0,0,1,0,차대사람 - 기타,안전운전불이행,건조,흐림,교차로 - 교차로부근,이륜,남,75세,상해없음,보행자,남,41세,경상
2016030300100501,2016년 3월 3일 20시,목요일,경상남도 거창군 남하면,경상사고,0,0,1,0,차량단독 - 전도전복,안전운전불이행,건조,흐림,단일로 - 기타,화물,남,54세,경상,,,,
2016030300100517,2016년 3월 3일 21시,목요일,경상남도 양산시 다방동,경상사고,0,0,2,2,차대차 - 추돌,안전운전불이행,건조,맑음,단일로 - 기타,승용,남,32세,경상,화물,남,60세,경상
2016030300100555,2016년 3월 3일 22시,목요일,경상남도 창원시 마산합포구 상남동,중상사고,0,1,3,0,차대차 - 추돌,안전운전불이행,건조,맑음,교차로 - 교차로부근,승용,남,35세,상해없음,승용,남,56세,경상
2016030300100556,2016년 3월 3일 22시,목요일,경상남도 통영시 북신동,중상사고,0,1,0,0,차대사람 - 횡단중,안전운전불이행,습기,비,교차로 - 교차로부근,이륜,남,17세,상해없음,보행자,남,53세,중상
2016030300100557,2016년 3월 3일 22시,목요일,경상남도 사천시 선구동,경상사고,0,0,1,0,차대차 - 측면직각충돌,직진우회전진행방해,건조,맑음,교차로 - 교차로안,승용,남,21세,상해없음,승용,남,51세,상해없음
2016030300100581,2016년 3월 3일 23시,목요일,경상남도 진주시 초전동,중상사고,0,1,0,0,차대차 - 추돌,안전거리미확보,건조,맑음,교차로 - 교차로부근,화물,남,37세,상해없음,승용,남,41세,중상
2016030400100027,2016년 3월 4일 00시,금요일,경상남도 창원시 성산구 대방동,경상사고,0,0,1,0,차대사람 - 횡단중,안전운전불이행,습기,비,교차로 - 교차로안,승합,남,48세,상해없음,보행자,남,61세,경상
2016030400100058,2016년 3월 4일 04시,금요일,경상남도 남해군 남해읍,중상사고,0,1,0,0,차대차 - 측면직각충돌,안전운전불이행,습기,비,교차로 - 교차로안,승용,남,41세,상해없음,원동기,남,81세,중상
2016030400100106,2016년 3월 4일 07시,금요일,경상남도 김해시 외동,경상사고,0,0,2,0,차대차 - 측면충돌,신호위반,습기,비,교차로 - 교차로안,승용,남,61세,상해없음,승용,남,26세,경상
2016030400100107,2016년 3월 4일 07시,금요일,경상남도 양산시 북정동,경상사고,0,0,1,1,차대차 - 측면직각충돌,안전거리미확보,습기,비,교차로 - 교차로부근,승용,남,26세,부상신고,승용,남,54세,경상
2016030400100108,2016년 3월 4일 07시,금요일,경상남도 거제시 아주동,중상사고,0,1,0,0,차대차 - 측면직각충돌,안전운전불이행,습기,비,단일로 - 기타,승용,남,50세,상해없음,승용,여,33세,중상
2016030400100109,2016년 3월 4일 07시,금요일,경상남도 김해시 장유면,중상사고,0,7,2,0,차대차 - 추돌,안전운전불이행,건조,맑음,단일로 - 기타,승용,여,35세,상해없음,승용,남,28세,중상
2016030400100157,2016년 3월 4일 08시,금요일,경상남도 거제시 아양동,경상사고,0,0,1,0,차대차 - 추돌,안전운전불이행,습기,흐림,단일로 - 기타,승용,남,38세,상해없음,승용,여,41세,상해없음
2016030400100158,2016년 3월 4일 08시,금요일,경상남도 창원시 성산구 사파동,부상신고사고,0,0,0,1,차대차 - 추돌,안전운전불이행,습기,비,미분류 - 미분류,승용,남,40세,부상신고,승용,여,45세,상해없음
2016030400100181,2016년 3월 4일 09시,금요일,경상남도 양산시 북부동,경상사고,0,0,1,0,차대차 - 측면충돌,안전운전불이행,습기,비,교차로 - 교차로부근,승용,여,38세,상해없음,승용,남,48세,상해없음
2016030400100208,2016년 3월 4일 10시,금요일,경상남도 김해시 장유면,중상사고,0,1,0,0,차대차 - 측면직각충돌,신호위반,습기,비,교차로 - 교차로안,승용,남,26세,상해없음,이륜,남,16세,중상
2016030400100242,2016년 3월 4일 11시,금요일,경상남도 창원시 진해구 풍호동,경상사고,0,0,1,0,차대차 - 측면충돌,안전거리미확보,습기,비,기타 - 기타,승용,남,53세,상해없음,화물,남,36세,경상
2016030400100243,2016년 3월 4일 11시,금요일,경상남도 창원시 의창구 팔용동,중상사고,0,1,0,0,차대사람 - 횡단중,보행자보호의무위반,습기,비,교차로 - 교차로안,화물,남,41세,상해없음,보행자,여,68세,중상
2016030400100271,2016년 3월 4일 12시,금요일,경상남도 남해군 미조면,경상사고,0,0,2,0,차대차 - 정면충돌,중앙선침범,습기,비,단일로 - 기타,특수,남,38세,상해없음,승용,여,60세,경상
2016030400100272,2016년 3월 4일 12시,금요일,경상남도 창원시 성산구 남산동,중상사고,0,1,1,0,차대차 - 추돌,안전운전불이행,습기,비,교차로 - 교차로부근,승용,남,56세,상해없음,승용,남,54세,중상
2016030400100273,2016년 3월 4일 12시,금요일,경상남도 진주시 가좌동,중상사고,0,1,1,0,차대차 - 기타,차로위반,습기,비,단일로 - 기타,화물,남,54세,기타불명,승용,여,58세,중상
2016030400100308,2016년 3월 4일 13시,금요일,경상남도 고성군 마암면,경상사고,0,0,4,0,차대차 - 정면충돌,안전거리미확보,건조,맑음,단일로 - 기타,승용,남,60세,상해없음,승용,남,46세,경상
2016030400100309,2016년 3월 4일 13시,금요일,경상남도 하동군 하동읍,중상사고,0,1,0,0,차대차 - 정면충돌,중앙선침범,습기,비,단일로 - 기타,화물,남,45세,상해없음,화물,남,38세,중상
2016030400100341,2016년 3월 4일 14시,금요일,경상남도 창원시 의창구 퇴촌동,중상사고,0,1,1,0,차대차 - 추돌,안전운전불이행,습기,흐림,단일로 - 기타,승용,남,33세,상해없음,승용,남,61세,경상
2016030400100342,2016년 3월 4일 14시,금요일,경상남도 창원시 마산회원구 합성동,경상사고,0,0,1,0,차대차 - 측면충돌,중앙선침범,습기,비,단일로 - 기타,승용,남,61세,상해없음,승용,남,33세,경상
2016030400100373,2016년 3월 4일 15시,금요일,경상남도 통영시 무전동,중상사고,0,1,0,0,차대사람 - 횡단중,중앙선침범,건조,맑음,단일로 - 횡단보도상,승용,남,45세,상해없음,보행자,여,65세,중상
2016030400100374,2016년 3월 4일 15시,금요일,경상남도 함양군 함양읍,부상신고사고,0,0,0,1,차대차 - 추돌,안전운전불이행,습기,비,교차로 - 교차로안,이륜,남,48세,부상신고,승용,남,48세,상해없음
2016030400100375,2016년 3월 4일 15시,금요일,경상남도 양산시 신기동,경상사고,0,0,1,0,차대차 - 측면직각충돌,중앙선침범,습기,비,단일로 - 기타,승용,남,52세,상해없음,승용,남,43세,경상
2016030400100399,2016년 3월 4일 16시,금요일,경상남도 창원시 진해구 석동,경상사고,0,0,1,0,차대차 - 추돌,차로위반,습기,비,단일로 - 기타,승용,여,49세,경상,화물,남,52세,상해없음
2016030400100400,2016년 3월 4일 16시,금요일,경상남도 밀양시 용평동,중상사고,0,1,0,0,차대차 - 기타,안전운전불이행,건조,맑음,단일로 - 기타,기타불명,기타불명,기타불명,기타불명,승용,남,65세,중상
2016030400100401,2016년 3월 4일 16시,금요일,경상남도 거창군 거창읍,경상사고,0,0,2,0,차대차 - 정면충돌,안전운전불이행,건조,맑음,단일로 - 기타,화물,남,71세,상해없음,승용,여,25세,경상
2016030400100402,2016년 3월 4일 16시,금요일,경상남도 함양군 함양읍,경상사고,0,0,2,0,차대차 - 측면직각충돌,안전운전불이행,습기,흐림,교차로 - 교차로안,승용,여,53세,경상,승용,여,38세,경상
2016030400100403,2016년 3월 4일 16시,금요일,경상남도 함양군 함양읍,중상사고,0,1,0,1,차대차 - 측면직각충돌,안전운전불이행,습기,흐림,단일로 - 기타,승용,남,68세,부상신고,승용,여,45세,중상
2016030400100404,2016년 3월 4일 16시,금요일,경상남도 고성군 동해면,중상사고,0,2,0,0,차량단독 - 전도전복,안전운전불이행,건조,맑음,단일로 - 기타,승용,남,28세,상해없음,,,,
2016030400100405,2016년 3월 4일 16시,금요일,경상남도 남해군 남해읍,중상사고,0,2,0,0,차대차 - 측면충돌,안전운전불이행,건조,맑음,교차로 - 교차로부근,승용,남,61세,상해없음,이륜,남,74세,중상
2016030400100429,2016년 3월 4일 17시,금요일,경상남도 진주시 신안동,경상사고,0,0,2,0,차대차 - 측면직각충돌,중앙선침범,습기,비,교차로 - 교차로부근,승용,남,60세,상해없음,승용,여,39세,경상
2016030400100475,2016년 3월 4일 18시,금요일,경상남도 김해시 삼계동,중상사고,0,1,0,0,차대사람 - 기타,안전운전불이행,건조,맑음,단일로 - 기타,승합,남,53세,상해없음,보행자,남,33세,중상
2016030400100476,2016년 3월 4일 18시,금요일,경상남도 양산시 물금읍,경상사고,0,0,1,0,차대사람 - 횡단중,보행자보호의무위반,습기,비,교차로 - 교차로안,화물,남,56세,상해없음,보행자,여,22세,경상
2016030400100477,2016년 3월 4일 18시,금요일,경상남도 양산시 삼호동,경상사고,0,0,1,0,차대사람 - 횡단중,안전운전불이행,건조,맑음,단일로 - 기타,승용,남,47세,기타불명,보행자,여,49세,경상
2016030400100478,2016년 3월 4일 18시,금요일,경상남도 거제시 장평동,경상사고,0,0,1,0,차대차 - 추돌,차로위반,건조,맑음,단일로 - 기타,승용,남,41세,상해없음,이륜,여,48세,경상
2016030400100520,2016년 3월 4일 19시,금요일,경상남도 양산시 삼호동,경상사고,0,0,1,0,차대차 - 측면충돌,중앙선침범,습기,비,단일로 - 기타,승용,남,51세,상해없음,화물,여,30세,경상
2016030400100521,2016년 3월 4일 19시,금요일,경상남도 거제시 능포동,부상신고사고,0,0,0,1,차대차 - 측면충돌,안전운전불이행,건조,흐림,단일로 - 기타,승용,남,49세,상해없음,이륜,남,18세,부상신고
2016030400100522,2016년 3월 4일 19시,금요일,경상남도 창원시 마산회원구 합성동,경상사고,0,0,1,0,차대사람 - 길가장자리구역통행중,안전운전불이행,습기,비,교차로 - 교차로안,승용,남,54세,상해없음,보행자,남,30세,경상
2016030400100523,2016년 3월 4일 19시,금요일,경상남도 김해시 진영읍,중상사고,0,1,0,0,차대차 - 측면직각충돌,안전운전불이행,습기,비,교차로 - 교차로안,승용,여,47세,상해없음,이륜,남,55세,중상
2016030400100570,2016년 3월 4일 20시,금요일,경상남도 양산시 남부동,부상신고사고,0,0,0,1,차대차 - 정면충돌,교차로운행방법위반,습기,비,교차로 - 교차로안,승용,여,40세,상해없음,원동기,남,31세,부상신고
2016030400100571,2016년 3월 4일 20시,금요일,경상남도 양산시 덕계동,중상사고,0,1,0,0,차대차 - 정면충돌,신호위반,습기,비,교차로 - 교차로부근,승용,남,53세,상해없음,승용,남,29세,중상
2016030400100603,2016년 3월 4일 21시,금요일,경상남도 양산시 명동,경상사고,0,0,3,0,차대차 - 추돌,안전거리미확보,습기,비,단일로 - 기타,승용,남,48세,상해없음,승용,남,54세,경상
2016030400100672,2016년 3월 4일 23시,금요일,경상남도 진주시 상봉동,경상사고,0,0,1,1,차대차 - 추돌,안전운전불이행,습기,비,단일로 - 횡단보도부근,승용,남,35세,부상신고,화물,남,50세,기타불명
2016030400100673,2016년 3월 4일 23시,금요일,경상남도 진주시 평거동,중상사고,0,1,0,0,차대사람 - 횡단중,보행자보호의무위반,건조,맑음,교차로 - 교차로안,승용,남,50세,상해없음,보행자,남,29세,중상
2016030500100039,2016년 3월 5일 00시,토요일,경상남도 창원시 마산합포구 완월동,경상사고,0,0,2,0,차대차 - 정면충돌,중앙선침범,습기,흐림,단일로 - 기타,화물,남,51세,상해없음,승용,남,51세,경상
2016030500100077,2016년 3월 5일 01시,토요일,경상남도 산청군 신안면,부상신고사고,0,0,0,2,차량단독 - 전도전복,안전운전불이행,습기,비,단일로 - 기타,화물,남,50세,상해없음,,,,
2016030500100078,2016년 3월 5일 01시,토요일,경상남도 김해시 장유면,경상사고,0,0,1,0,차대차 - 측면직각충돌,교차로운행방법위반,건조,맑음,교차로 - 교차로안,승용,여,35세,상해없음,승용,남,48세,경상
2016030500100114,2016년 3월 5일 03시,토요일,경상남도 창원시 마산합포구 오동동,중상사고,0,1,0,0,차대사람 - 기타,안전운전불이행,습기,흐림,교차로 - 교차로부근,승용,남,58세,상해없음,보행자,남,49세,중상
2016030500100115,2016년 3월 5일 03시,토요일,경상남도 양산시 동면,중상사고,0,3,2,0,차대차 - 추돌,과속,건조,맑음,단일로 - 횡단보도부근,승합,남,51세,경상,승용,남,47세,중상
2016030500100152,2016년 3월 5일 06시,토요일,경상남도 밀양시 상남면,중상사고,0,1,1,0,차대차 - 추돌,안전운전불이행,건조,맑음,단일로 - 기타,화물,남,55세,상해없음,승용,남,52세,상해없음
2016030500100168,2016년 3월 5일 07시,토요일,경상남도 창원시 마산합포구 진동면,경상사고,0,0,1,0,차대사람 - 길가장자리구역통행중,안전운전불이행,건조,흐림,단일로 - 기타,승용,남,26세,상해없음,보행자,여,77세,경상
2016030500100183,2016년 3월 5일 08시,토요일,경상남도 양산시 북부동,부상신고사고,0,0,0,1,차대차 - 정면충돌,안전운전불이행,건조,맑음,교차로 - 교차로부근,화물,남,59세,상해없음,승용,남,54세,부상신고
2016030500100184,2016년 3월 5일 08시,토요일,경상남도 김해시 진영읍,경상사고,0,0,1,0,차대사람 - 횡단중,신호위반,건조,맑음,단일로 - 횡단보도상,승용,여,51세,상해없음,보행자,남,68세,경상
2016030500100205,2016년 3월 5일 09시,토요일,경상남도 의령군 의령읍,중상사고,0,1,0,0,차대차 - 측면직각충돌,중앙선침범,건조,맑음,단일로 - 횡단보도상,승용,남,66세,상해없음,승용,여,61세,중상
2016030500100222,2016년 3월 5일 10시,토요일,경상남도 김해시 진영읍,중상사고,0,1,0,0,차대차 - 정면충돌,안전운전불이행,건조,맑음,교차로 - 교차로안,원동기,남,59세,상해없음,화물,남,78세,상해없음
2016030500100257,2016년 3월 5일 11시,토요일,경상남도 사천시 정동면,경상사고,0,0,1,0,차대차 - 정면충돌,안전운전불이행,건조,맑음,단일로 - 기타,승용,남,54세,기타불명,승용,여,40세,경상
2016030500100280,2016년 3월 5일 12시,토요일,경상남도 창원시 마산합포구 월영동,경상사고,0,0,3,0,차대차 - 측면충돌,안전거리미확보,건조,맑음,단일로 - 기타,승용,여,44세,상해없음,승용,남,54세,경상
2016030500100333,2016년 3월 5일 14시,토요일,경상남도 사천시 사남면,경상사고,0,0,1,0,차량단독 - 전도전복,안전운전불이행,습기,비,단일로 - 기타,승용,여,65세,경상,,,,