사고번호,사고일시,요일,시군구,사고내용,사망자수,중상자수,경상자수,부상신고자수,사고유형,법규위반,노면상태,기상상태,도로형태,가해운전자 차종,가해운전자 성별,가해운전자 연령,가해운전자 상해정도,피해운전자 차종,피해운전자 성별,피해운전자 연령,피해운전자 상해정도
2016033000100213,2016년 3월 30일 11시,수요일,경상남도 산청군 금서면,중상사고,0,1,1,0,차대차 - 측면충돌,교차로운행방법위반,건조,맑음,교차로 - 교차로안,승용,여,52세,중상,화물,남,61세,상해없음
2016033000100244,2016년 3월 30일 12시,수요일,경상남도 남해군 삼동면,중상사고,0,1,1,0,차대차 - 측면충돌,안전운전불이행,건조,맑음,교차로 - 교차로안,승용,여,46세,상해없음,승용,남,51세,경상
2016033000100276,2016년 3월 30일 13시,수요일,경상남도 밀양시 하남읍,경상사고,0,0,1,0,차대차 - 정면충돌,안전운전불이행,건조,맑음,단일로 - 기타,승용,여,53세,상해없음,자전거,남,80세,경상
2016033000100277,2016년 3월 30일 13시,수요일,경상남도 거창군 가조면,중상사고,0,2,0,0,차대차 - 정면충돌,중앙선침범,건조,맑음,교차로 - 교차로부근,화물,남,57세,상해없음,농기계,남,75세,중상
2016033000100278,2016년 3월 30일 13시,수요일,경상남도 고성군 거류면,중상사고,0,1,0,0,차대차 - 측면직각충돌,교차로운행방법위반,건조,맑음,교차로 - 교차로안,승용,여,59세,상해없음,화물,남,55세,상해없음
2016033000100316,2016년 3월 30일 14시,수요일,경상남도 진주시 사봉면,중상사고,0,1,0,1,차대차 - 측면충돌,안전운전불이행,건조,맑음,교차로 - 교차로안,승용,여,40세,부상신고,화물,남,73세,중상
2016033000100317,2016년 3월 30일 14시,수요일,경상남도 김해시 삼계동,경상사고,0,0,1,0,차대차 - 측면충돌,직진우회전진행방해,건조,맑음,교차로 - 교차로안,이륜,남,29세,경상,화물,남,67세,상해없음
2016033000100319,2016년 3월 30일 14시,수요일,경상남도 창원시 성산구 상남동,경상사고,0,0,1,0,차대사람 - 기타,기타,건조,맑음,단일로 - 기타,승합,남,40세,상해없음,보행자,남,56세,경상
2016033000100320,2016년 3월 30일 14시,수요일,경상남도 창원시 마산회원구 석전동,중상사고,0,1,0,0,차대차 - 측면충돌,안전운전불이행,건조,맑음,단일로 - 기타,승용,여,38세,상해없음,이륜,남,59세,중상
2016033000100321,2016년 3월 30일 14시,수요일,경상남도 창원시 마산회원구 양덕동,중상사고,0,1,0,0,차대차 - 측면충돌,신호위반,건조,맑음,단일로 - 기타,승용,남,34세,상해없음,이륜,남,54세,중상
2016033000100353,2016년 3월 30일 15시,수요일,경상남도 창원시 마산합포구 오동동,경상사고,0,0,1,0,차대차 - 추돌,안전운전불이행,건조,맑음,기타 - 기타,승용,여,55세,상해없음,승용,여,35세,경상
2016033000100354,2016년 3월 30일 15시,수요일,경상남도 통영시 무전동,중상사고,0,1,0,0,차대사람 - 횡단중,보행자보호의무위반,건조,맑음,교차로 - 교차로부근,승합,남,62세,상해없음,보행자,남,79세,중상
2016033000100391,2016년 3월 30일 16시,수요일,경상남도 통영시 중앙동,중상사고,0,1,1,0,차대사람 - 횡단중,신호위반,건조,맑음,단일로 - 횡단보도상,승용,여,53세,상해없음,보행자,여,51세,중상
2016033000100392,2016년 3월 30일 16시,수요일,경상남도 창원시 마산회원구 내서읍,경상사고,0,0,1,0,차대차 - 측면충돌,안전운전불이행,건조,맑음,교차로 - 교차로안,승용,남,77세,상해없음,승용,여,51세,경상
2016033000100424,2016년 3월 30일 17시,수요일,경상남도 김해시 구산동,중상사고,0,1,1,0,차대차 - 측면충돌,중앙선침범,건조,맑음,단일로 - 기타,자전거,남,54세,경상,이륜,남,57세,중상
2016033000100461,2016년 3월 30일 18시,수요일,경상남도 창원시 마산합포구 우산동,중상사고,0,1,0,0,차대차 - 추돌,안전운전불이행,건조,맑음,단일로 - 기타,승용,여,45세,상해없음,이륜,남,73세,중상
2016033000100462,2016년 3월 30일 18시,수요일,경상남도 진주시 하대동,중상사고,0,1,0,0,차대사람 - 횡단중,안전운전불이행,건조,맑음,단일로 - 기타,승용,남,55세,상해없음,보행자,남,11세,중상
2016033000100494,2016년 3월 30일 19시,수요일,경상남도 창원시 의창구 명서동,경상사고,0,0,2,0,차대차 - 측면직각충돌,신호위반,건조,맑음,교차로 - 교차로안,승용,남,47세,상해없음,승용,남,54세,경상
2016033000100519,2016년 3월 30일 20시,수요일,경상남도 사천시 사천읍,경상사고,0,0,1,0,차대차 - 정면충돌,중앙선침범,건조,맑음,단일로 - 기타,승용,여,24세,상해없음,이륜,남,56세,경상
2016033000100520,2016년 3월 30일 20시,수요일,경상남도 고성군 고성읍,중상사고,0,1,0,0,차대차 - 정면충돌,교차로운행방법위반,건조,맑음,교차로 - 교차로안,승용,남,64세,상해없음,이륜,남,16세,중상
2016033000100575,2016년 3월 30일 22시,수요일,경상남도 창원시 마산회원구 합성동,사망사고,1,0,0,0,차대사람 - 횡단중,안전운전불이행,건조,맑음,단일로 - 횡단보도상,승용,남,26세,상해없음,보행자,남,46세,사망
2016033000100576,2016년 3월 30일 22시,수요일,경상남도 창원시 의창구 명서동,사망사고,1,0,0,0,차대차 - 추돌,신호위반,건조,맑음,교차로 - 교차로안,원동기,남,47세,사망,승용,남,27세,상해없음
2016033100100035,2016년 3월 31일 03시,목요일,경상남도 창원시 의창구 팔용동,중상사고,0,1,0,0,차대차 - 추돌,안전운전불이행,건조,맑음,교차로 - 교차로부근,승용,남,45세,상해없음,승용,여,49세,중상
2016033100100055,2016년 3월 31일 06시,목요일,경상남도 사천시 선구동,경상사고,0,0,1,0,차대차 - 측면충돌,안전운전불이행,건조,맑음,교차로 - 교차로안,승용,여,24세,상해없음,화물,여,57세,경상
2016033100100111,2016년 3월 31일 08시,목요일,경상남도 진주시 인사동,경상사고,0,0,1,0,차대차 - 기타,안전운전불이행,건조,맑음,단일로 - 기타,승용,남,58세,상해없음,자전거,남,17세,경상
2016033100100112,2016년 3월 31일 08시,목요일,경상남도 거제시 고현동,경상사고,0,0,1,0,차대사람 - 횡단중,안전운전불이행,건조,맑음,교차로 - 교차로부근,승용,여,32세,상해없음,보행자,남,47세,경상
2016033100100113,2016년 3월 31일 08시,목요일,경상남도 창원시 마산회원구 내서읍,경상사고,0,0,1,0,차대차 - 추돌,안전운전불이행,건조,맑음,교차로 - 교차로부근,승용,남,28세,상해없음,승용,남,30세,경상
2016033100100140,2016년 3월 31일 09시,목요일,경상남도 통영시 도천동,경상사고,0,0,3,0,차대차 - 추돌,안전거리미확보,건조,맑음,단일로 - 기타,승용,여,26세,상해없음,승용,남,32세,경상
2016033100100141,2016년 3월 31일 09시,목요일,경상남도 사천시 서동,중상사고,0,1,1,0,차대사람 - 기타,안전운전불이행,건조,맑음,단일로 - 기타,화물,남,34세,상해없음,보행자,남,70세,중상
2016033100100142,2016년 3월 31일 09시,목요일,경상남도 남해군 창선면,경상사고,0,0,1,0,차대차 - 측면충돌,안전운전불이행,건조,맑음,단일로 - 기타,승용,남,64세,상해없음,승용,남,23세,경상
2016033100100175,2016년 3월 31일 10시,목요일,경상남도 거제시 고현동,중상사고,0,1,0,0,차대사람 - 횡단중,보행자보호의무위반,건조,맑음,단일로 - 기타,이륜,남,37세,상해없음,보행자,여,68세,중상
2016033100100203,2016년 3월 31일 11시,목요일,경상남도 김해시 어방동,중상사고,0,1,1,0,차대차 - 측면직각충돌,신호위반,건조,맑음,교차로 - 교차로안,승용,남,18세,경상,화물,남,59세,중상
2016033100100204,2016년 3월 31일 11시,목요일,경상남도 거제시 고현동,경상사고,0,0,1,0,차대차 - 추돌,안전운전불이행,건조,맑음,단일로 - 기타,승용,여,37세,상해없음,승용,여,40세,경상
2016033100100223,2016년 3월 31일 12시,목요일,경상남도 진주시 집현면,경상사고,0,0,1,0,차량단독 - 기타,안전운전불이행,건조,맑음,교차로 - 교차로부근,승용,남,56세,상해없음,,,,
2016033100100224,2016년 3월 31일 12시,목요일,경상남도 사천시 곤명면,중상사고,0,1,2,0,차대차 - 추돌,안전운전불이행,건조,맑음,단일로 - 기타,승용,여,60세,상해없음,승용,남,45세,상해없음
2016033100100225,2016년 3월 31일 12시,목요일,경상남도 합천군 초계면,경상사고,0,0,1,0,차대차 - 추돌,안전운전불이행,건조,맑음,단일로 - 기타,승용,남,33세,상해없음,이륜,남,33세,경상
2016033100100226,2016년 3월 31일 12시,목요일,경상남도 창원시 마산회원구 봉암동,경상사고,0,0,4,1,차대차 - 측면충돌,안전운전불이행,건조,맑음,단일로 - 기타,건설기계,남,33세,상해없음,승용,여,51세,경상
2016033100100227,2016년 3월 31일 12시,목요일,경상남도 김해시 장유면,중상사고,0,1,0,0,차대차 - 측면직각충돌,기타,건조,맑음,단일로 - 기타,승용,여,40세,상해없음,승용,여,50세,중상
2016033100100275,2016년 3월 31일 14시,목요일,경상남도 양산시 북부동,경상사고,0,0,1,0,차대차 - 정면충돌,안전운전불이행,건조,맑음,기타 - 기타,이륜,남,73세,상해없음,승용,남,41세,경상
2016033100100310,2016년 3월 31일 15시,목요일,경상남도 창원시 진해구 이동,중상사고,0,1,0,0,차대차 - 측면충돌,안전운전불이행,건조,맑음,교차로 - 교차로안,승용,남,47세,상해없음,이륜,남,36세,중상
2016033100100311,2016년 3월 31일 15시,목요일,경상남도 창녕군 장마면,중상사고,0,1,0,0,차대사람 - 기타,기타,건조,맑음,단일로 - 기타,승합,남,56세,상해없음,보행자,여,73세,중상
2016033100100312,2016년 3월 31일 15시,목요일,경상남도 양산시 평산동,중상사고,0,1,0,0,차대차 - 측면충돌,교차로운행방법위반,건조,맑음,교차로 - 교차로안,화물,남,40세,상해없음,이륜,남,39세,중상
2016033100100313,2016년 3월 31일 15시,목요일,경상남도 고성군 삼산면,사망사고,1,0,1,0,차대차 - 정면충돌,중앙선침범,건조,맑음,단일로 - 기타,화물,여,57세,사망,특수,남,44세,경상
2016033100100348,2016년 3월 31일 16시,목요일,경상남도 김해시 어방동,경상사고,0,0,1,0,차대차 - 추돌,안전거리미확보,건조,맑음,단일로 - 기타,화물,남,26세,상해없음,화물,남,63세,경상
2016033100100349,2016년 3월 31일 16시,목요일,경상남도 거제시 능포동,경상사고,0,0,1,0,차대사람 - 기타,안전운전불이행,건조,맑음,단일로 - 기타,승용,남,62세,상해없음,보행자,여,69세,경상
2016033100100379,2016년 3월 31일 17시,목요일,경상남도 창원시 마산합포구 우산동,부상신고사고,0,0,0,1,차대차 - 측면충돌,안전거리미확보,건조,맑음,교차로 - 교차로부근,승용,여,43세,상해없음,승용,여,22세,상해없음
2016033100100380,2016년 3월 31일 17시,목요일,경상남도 진주시 신안동,중상사고,0,1,0,0,차대차 - 측면직각충돌,안전운전불이행,건조,맑음,단일로 - 기타,승용,여,39세,상해없음,자전거,남,69세,중상
2016033100100381,2016년 3월 31일 17시,목요일,경상남도 양산시 교동,중상사고,0,1,0,0,차대차 - 정면충돌,안전운전불이행,건조,맑음,기타 - 기타,승용,남,39세,상해없음,자전거,남,10세,중상
2016033100100382,2016년 3월 31일 17시,목요일,경상남도 거제시 문동동,중상사고,0,1,0,0,차대사람 - 횡단중,안전운전불이행,건조,맑음,단일로 - 기타,승합,여,46세,상해없음,보행자,여,6세,중상
2016033100100423,2016년 3월 31일 18시,목요일,경상남도 김해시 삼방동,경상사고,0,0,1,0,차대차 - 기타,안전운전불이행,건조,맑음,교차로 - 교차로안,승용,남,57세,상해없음,승용,남,58세,경상
2016033100100424,2016년 3월 31일 18시,목요일,경상남도 창녕군 창녕읍,중상사고,0,3,0,1,차대차 - 추돌,안전운전불이행,건조,맑음,교차로 - 교차로부근,화물,남,57세,부상신고,승용,여,32세,중상
2016033100100462,2016년 3월 31일 19시,목요일,경상남도 통영시 북신동,중상사고,0,1,0,0,차대사람 - 기타,안전운전불이행,건조,맑음,단일로 - 기타,승용,남,55세,상해없음,보행자,여,58세,중상
2016033100100492,2016년 3월 31일 20시,목요일,경상남도 통영시 도천동,경상사고,0,0,1,0,차대차 - 측면직각충돌,신호위반,건조,맑음,교차로 - 교차로안,화물,남,53세,상해없음,승용,남,57세,경상
2016033100100526,2016년 3월 31일 21시,목요일,경상남도 김해시 삼정동,중상사고,0,1,0,0,차대차 - 기타,안전운전불이행,건조,맑음,단일로 - 기타,기타불명,기타불명,기타불명,기타불명,자전거,남,48세,중상
2016033100100527,2016년 3월 31일 21시,목요일,경상남도 거제시 옥포동,경상사고,0,0,1,0,차대차 - 기타,기타,건조,맑음,단일로 - 기타,승용,남,30세,상해없음,자전거,남,24세,경상
2016033100100548,2016년 3월 31일 22시,목요일,경상남도 김해시 외동,경상사고,0,0,1,0,차대차 - 측면직각충돌,안전운전불이행,건조,맑음,교차로 - 교차로안,승용,남,30세,상해없음,승용,남,56세,경상
2016033100100549,2016년 3월 31일 22시,목요일,경상남도 양산시 중부동,경상사고,0,0,2,0,차대차 - 정면충돌,교차로운행방법위반,건조,맑음,교차로 - 교차로안,승용,남,59세,상해없음,승용,남,25세,경상
2016033100100550,2016년 3월 31일 22시,목요일,경상남도 김해시 진영읍,중상사고,0,1,0,0,차대사람 - 횡단중,안전운전불이행,건조,맑음,교차로 - 교차로안,승용,남,32세,상해없음,보행자,남,42세,중상
2016033100100572,2016년 3월 31일 23시,목요일,경상남도 양산시 평산동,중상사고,0,1,0,0,차대사람 - 보도통행중,안전운전불이행,건조,맑음,교차로 - 교차로부근,승용,남,51세,상해없음,보행자,남,44세,중상
2016033100100573,2016년 3월 31일 23시,목요일,경상남도 창원시 의창구 팔용동,경상사고,0,0,2,0,차대차 - 추돌,안전운전불이행,건조,맑음,단일로 - 기타,화물,남,49세,상해없음,승용,여,47세,경상
2016040100100011,2016년 4월 1일 00시,금요일,경상남도 김해시 구산동,중상사고,0,1,0,0,차대차 - 기타,안전운전불이행,건조,맑음,단일로 - 기타,기타불명,기타불명,기타불명,기타불명,이륜,남,61세,중상
2016040100100030,2016년 4월 1일 01시,금요일,경상남도 창원시 마산합포구 현동,중상사고,0,1,0,0,차대차 - 추돌,안전운전불이행,건조,맑음,단일로 - 기타,화물,남,53세,중상,화물,남,50세,기타불명
2016040100100031,2016년 4월 1일 01시,금요일,경상남도 통영시 광도면,경상사고,0,0,1,0,차대차 - 기타,중앙선침범,건조,맑음,단일로 - 기타,기타불명,기타불명,기타불명,기타불명,승용,여,51세,경상
2016040100100032,2016년 4월 1일 01시,금요일,경상남도 통영시 북신동,경상사고,0,0,2,0,차대차 - 측면충돌,중앙선침범,건조,맑음,단일로 - 기타,승용,여,45세,경상,승용,남,35세,경상
2016040100100033,2016년 4월 1일 01시,금요일,경상남도 거제시 옥포동,경상사고,0,0,1,0,차대차 - 추돌,안전운전불이행,건조,맑음,단일로 - 기타,승용,남,43세,상해없음,승용,남,51세,경상
2016040100100055,2016년 4월 1일 04시,금요일,경상남도 창원시 진해구 용원동,경상사고,0,0,1,0,차대차 - 측면충돌,안전운전불이행,습기,흐림,교차로 - 교차로부근,원동기,남,36세,경상,승용,남,32세,기타불명
2016040100100076,2016년 4월 1일 06시,금요일,경상남도 창원시 마산합포구 중성동,중상사고,0,1,0,0,차대차 - 측면직각충돌,안전운전불이행,건조,맑음,단일로 - 기타,승용,남,27세,상해없음,승용,남,65세,중상
2016040100100100,2016년 4월 1일 07시,금요일,경상남도 창원시 진해구 석동,경상사고,0,0,1,0,차대사람 - 차도통행중,안전운전불이행,건조,맑음,단일로 - 기타,승용,남,55세,상해없음,보행자,여,15세,경상
2016040100100101,2016년 4월 1일 07시,금요일,경상남도 거창군 거창읍,중상사고,0,1,1,0,차대차 - 측면직각충돌,교차로운행방법위반,건조,맑음,교차로 - 교차로안,이륜,남,78세,경상,이륜,남,71세,중상
2016040100100102,2016년 4월 1일 07시,금요일,경상남도 고성군 상리면,중상사고,0,4,0,0,차대차 - 측면충돌,신호위반,습기,안개,교차로 - 교차로안,화물,남,42세,상해없음,화물,남,59세,중상
2016040100100103,2016년 4월 1일 07시,금요일,경상남도 고성군 고성읍,중상사고,0,2,0,0,차대차 - 정면충돌,중앙선침범,습기,흐림,단일로 - 기타,승용,남,31세,상해없음,원동기,남,58세,중상
2016040100100146,2016년 4월 1일 08시,금요일,경상남도 함양군 함양읍,경상사고,0,0,2,0,차대차 - 추돌,안전운전불이행,건조,맑음,단일로 - 기타,승용,여,55세,상해없음,화물,남,66세,경상
2016040100100147,2016년 4월 1일 08시,금요일,경상남도 양산시 동면,경상사고,0,0,1,0,차대차 - 정면충돌,안전운전불이행,건조,맑음,기타 - 기타,화물,남,47세,상해없음,승용,여,66세,경상
2016040100100148,2016년 4월 1일 08시,금요일,경상남도 창원시 마산회원구 내서읍,경상사고,0,0,1,0,차대차 - 측면충돌,안전운전불이행,건조,맑음,단일로 - 기타,이륜,남,68세,경상,승용,여,27세,상해없음
2016040100100168,2016년 4월 1일 09시,금요일,경상남도 양산시 동면,사망사고,1,0,0,0,차대차 - 기타,안전운전불이행,건조,맑음,단일로 - 기타,화물,남,57세,상해없음,자전거,남,68세,사망
2016040100100182,2016년 4월 1일 09시,금요일,경상남도 창원시 마산합포구 두월동1가,경상사고,0,0,3,0,차대차 - 측면직각충돌,교차로운행방법위반,건조,맑음,교차로 - 교차로안,승용,여,76세,경상,승용,여,27세,경상
2016040100100183,2016년 4월 1일 09시,금요일,경상남도 양산시 동면,중상사고,0,1,0,0,차대차 - 측면충돌,안전운전불이행,건조,맑음,단일로 - 기타,승용,남,57세,상해없음,자전거,남,68세,중상
2016040100100184,2016년 4월 1일 09시,금요일,경상남도 양산시 물금읍,중상사고,0,1,0,1,차대차 - 추돌,안전거리미확보,건조,맑음,교차로 - 교차로부근,승용,남,53세,상해없음,승용,여,45세,중상
2016040100100185,2016년 4월 1일 09시,금요일,경상남도 거제시 능포동,경상사고,0,0,1,0,차대차 - 기타,안전운전불이행,건조,맑음,단일로 - 기타,승용,남,64세,상해없음,원동기,남,41세,경상
2016040100100186,2016년 4월 1일 09시,금요일,경상남도 김해시 장유면,중상사고,0,2,0,0,차대차 - 측면직각충돌,교차로운행방법위반,건조,맑음,교차로 - 교차로부근,승용,여,53세,상해없음,이륜,남,78세,중상
2016040100100216,2016년 4월 1일 10시,금요일,경상남도 양산시 물금읍,중상사고,0,2,0,0,차대차 - 정면충돌,신호위반,건조,맑음,교차로 - 교차로안,승용,남,61세,상해없음,건설기계,남,48세,중상
2016040100100268,2016년 4월 1일 12시,금요일,경상남도 진주시 망경동,중상사고,0,1,0,0,차대차 - 측면직각충돌,안전운전불이행,건조,맑음,단일로 - 기타,승용,남,28세,상해없음,자전거,남,78세,중상
2016040100100303,2016년 4월 1일 13시,금요일,경상남도 창원시 진해구 여좌동,경상사고,0,0,1,0,차대차 - 추돌,안전운전불이행,건조,맑음,기타 - 기타,승용,여,37세,상해없음,승용,여,41세,경상
2016040100100329,2016년 4월 1일 14시,금요일,경상남도 창녕군 이방면,중상사고,0,1,0,0,차대차 - 추돌,안전운전불이행,건조,맑음,단일로 - 기타,화물,남,22세,상해없음,원동기,남,70세,중상
2016040100100365,2016년 4월 1일 15시,금요일,경상남도 통영시 태평동,경상사고,0,0,1,0,차대사람 - 횡단중,안전운전불이행,건조,맑음,단일로 - 기타,승용,남,56세,상해없음,보행자,남,59세,경상
2016040100100366,2016년 4월 1일 15시,금요일,경상남도 하동군 화개면,중상사고,0,1,0,0,차대사람 - 횡단중,안전운전불이행,건조,맑음,단일로 - 기타,승용,남,63세,상해없음,보행자,남,76세,중상
2016040100100367,2016년 4월 1일 15시,금요일,경상남도 남해군 삼동면,경상사고,0,0,1,0,차량단독 - 전도전복,안전운전불이행,건조,맑음,단일로 - 기타,농기계,남,73세,경상,,,,
2016040100100409,2016년 4월 1일 16시,금요일,경상남도 창원시 진해구 풍호동,경상사고,0,0,2,0,차대차 - 측면충돌,안전운전불이행,건조,맑음,단일로 - 기타,승용,여,48세,경상,승용,여,60세,경상
2016040100100410,2016년 4월 1일 16시,금요일,경상남도 창원시 진해구 용원동,경상사고,0,0,2,0,차대차 - 측면직각충돌,중앙선침범,건조,흐림,단일로 - 기타,원동기,남,16세,경상,승용,여,61세,경상
2016040100100411,2016년 4월 1일 16시,금요일,경상남도 사천시 사남면,중상사고,0,2,0,0,차대차 - 측면충돌,중앙선침범,건조,맑음,단일로 - 기타,자전거,여,65세,중상,원동기,남,36세,중상
2016040100100412,2016년 4월 1일 16시,금요일,경상남도 사천시 정동면,중상사고,0,1,0,0,차대차 - 정면충돌,교차로운행방법위반,건조,맑음,교차로 - 교차로안,화물,남,67세,중상,승용,남,29세,상해없음
2016040100100413,2016년 4월 1일 16시,금요일,경상남도 거제시 상동동,경상사고,0,0,1,0,차대차 - 기타,안전운전불이행,건조,맑음,단일로 - 기타,승합,남,38세,상해없음,승용,여,45세,경상
2016040100100456,2016년 4월 1일 17시,금요일,경상남도 양산시 삼호동,중상사고,0,1,0,0,차대차 - 측면충돌,직진우회전진행방해,건조,맑음,교차로 - 교차로안,승용,남,42세,상해없음,이륜,남,59세,중상
2016040100100457,2016년 4월 1일 17시,금요일,경상남도 하동군 하동읍,경상사고,0,0,1,0,차대차 - 측면충돌,안전운전불이행,건조,맑음,단일로 - 횡단보도상,승용,남,39세,상해없음,이륜,남,59세,경상
2016040100100503,2016년 4월 1일 18시,금요일,경상남도 창원시 마산합포구 월포동,중상사고,0,1,0,0,차대차 - 측면충돌,안전운전불이행,건조,맑음,교차로 - 교차로부근,승용,여,43세,상해없음,승용,남,47세,상해없음
2016040100100504,2016년 4월 1일 18시,금요일,경상남도 창원시 마산합포구 월영동,중상사고,0,1,0,0,차대사람 - 횡단중,안전운전불이행,건조,맑음,교차로 - 교차로안,화물,남,56세,상해없음,보행자,여,81세,중상
2016040100100505,2016년 4월 1일 18시,금요일,경상남도 창원시 마산회원구 양덕동,경상사고,0,0,1,0,차대사람 - 횡단중,기타,건조,맑음,기타 - 기타,원동기,남,32세,상해없음,보행자,남,41세,경상
2016040100100561,2016년 4월 1일 19시,금요일,경상남도 김해시 삼방동,경상사고,0,0,1,0,차대차 - 측면직각충돌,안전운전불이행,건조,맑음,교차로 - 교차로안,이륜,남,15세,경상,승용,남,53세,상해없음
2016040100100562,2016년 4월 1일 19시,금요일,경상남도 창원시 의창구 용호동,경상사고,0,0,1,0,차대차 - 측면충돌,안전운전불이행,건조,맑음,단일로 - 기타,승용,남,28세,상해없음,이륜,남,39세,경상
2016040100100615,2016년 4월 1일 20시,금요일,경상남도 양산시 중부동,경상사고,0,0,1,0,차대사람 - 횡단중,안전운전불이행,건조,맑음,교차로 - 교차로부근,승용,여,27세,상해없음,보행자,남,59세,경상
2016040100100658,2016년 4월 1일 21시,금요일,경상남도 창원시 진해구 경화동,경상사고,0,0,1,0,차대차 - 추돌,교차로운행방법위반,건조,맑음,교차로 - 교차로안,승용,남,51세,상해없음,승용,남,23세,경상
2016040100100659,2016년 4월 1일 21시,금요일,경상남도 김해시 삼계동,경상사고,0,0,1,0,차대차 - 정면충돌,직진우회전진행방해,건조,맑음,교차로 - 교차로안,승용,여,46세,경상,승용,남,46세,상해없음
2016040100100660,2016년 4월 1일 21시,금요일,경상남도 창원시 성산구 중앙동,중상사고,0,1,0,0,차대차 - 측면충돌,안전운전불이행,건조,맑음,단일로 - 기타,승용,남,48세,상해없음,이륜,남,52세,중상
2016040100100661,2016년 4월 1일 21시,금요일,경상남도 창원시 성산구 중앙동,경상사고,0,0,1,0,차대차 - 정면충돌,안전운전불이행,건조,맑음,단일로 - 기타,승용,남,56세,상해없음,자전거,남,44세,경상
2016040100100662,2016년 4월 1일 21시,금요일,경상남도 창원시 마산회원구 구암동,중상사고,0,1,0,0,차대사람 - 횡단중,보행자보호의무위반,건조,맑음,교차로 - 교차로안,승용,남,36세,상해없음,보행자,남,38세,중상
2016040100100663,2016년 4월 1일 21시,금요일,경상남도 창원시 의창구 팔용동,중상사고,0,1,0,0,차대차 - 측면충돌,신호위반,건조,맑음,교차로 - 교차로안,승용,남,50세,상해없음,원동기,남,35세,중상
2016040100100693,2016년 4월 1일 22시,금요일,경상남도 양산시 원동면,경상사고,0,0,2,0,차대차 - 정면충돌,안전거리미확보,건조,맑음,단일로 - 기타,승용,남,22세,상해없음,승용,여,47세,경상
2016040100100694,2016년 4월 1일 22시,금요일,경상남도 창원시 의창구 서상동,중상사고,0,1,0,0,차대차 - 측면충돌,안전운전불이행,건조,맑음,교차로 - 교차로부근,승용,여,54세,상해없음,승용,남,37세,중상
2016040100100727,2016년 4월 1일 23시,금요일,경상남도 진주시 하대동,경상사고,0,0,1,0,차대차 - 기타,안전운전불이행,건조,맑음,단일로 - 기타,기타불명,기타불명,기타불명,기타불명,승용,여,46세,경상
2016040100100728,2016년 4월 1일 23시,금요일,경상남도 거제시 옥포동,중상사고,0,5,0,0,차대차 - 정면충돌,중앙선침범,건조,맑음,미분류 - 미분류,승용,남,45세,중상,승용,남,22세,중상
2016040200100056,2016년 4월 2일 02시,토요일,경상남도 창원시 진해구 서중동,경상사고,0,0,2,0,차대차 - 측면직각충돌,안전운전불이행,습기,비,단일로 - 기타,승용,남,48세,상해없음,승용,남,24세,경상
2016040200100057,2016년 4월 2일 02시,토요일,경상남도 거창군 거창읍,중상사고,0,2,0,0,차대차 - 측면직각충돌,불법유턴,건조,맑음,단일로 - 기타,승용,남,52세,상해없음,이륜,남,16세,중상
2016040200100094,2016년 4월 2일 05시,토요일,경상남도 밀양시 교동,경상사고,0,0,1,0,차대차 - 정면충돌,신호위반,건조,맑음,교차로 - 교차로안,화물,남,68세,상해없음,이륜,남,26세,경상
2016040200100095,2016년 4월 2일 05시,토요일,경상남도 김해시 삼정동,중상사고,0,1,0,0,차대차 - 추돌,안전운전불이행,건조,맑음,단일로 - 기타,승용,남,31세,상해없음,자전거,남,22세,중상
2016040200100127,2016년 4월 2일 07시,토요일,경상남도 사천시 곤명면,중상사고,0,1,0,0,차량단독 - 전도전복,안전운전불이행,건조,맑음,단일로 - 기타,화물,남,53세,중상,,,,
2016040200100153,2016년 4월 2일 08시,토요일,경상남도 거창군 거창읍,중상사고,0,1,0,0,차대차 - 정면충돌,안전운전불이행,건조,맑음,단일로 - 기타,승용,여,47세,상해없음,자전거,남,69세,중상
2016040200100154,2016년 4월 2일 08시,토요일,경상남도 합천군 율곡면,중상사고,0,1,0,0,차대차 - 기타,안전운전불이행,건조,맑음,단일로 - 기타,이륜,남,68세,중상,승용,남,50세,상해없음
2016040200100155,2016년 4월 2일 08시,토요일,경상남도 양산시 물금읍,경상사고,0,0,1,0,차대사람 - 보도통행중,안전운전불이행,건조,맑음,단일로 - 기타,자전거,남,16세,상해없음,보행자,여,48세,경상
2016040200100185,2016년 4월 2일 09시,토요일,경상남도 하동군 하동읍,중상사고,0,1,0,0,차대차 - 측면충돌,안전운전불이행,건조,맑음,단일로 - 기타,승용,남,70세,상해없음,자전거,남,76세,중상
2016040200100213,2016년 4월 2일 10시,토요일,경상남도 밀양시 상남면,경상사고,0,0,4,0,차대차 - 추돌,안전거리미확보,건조,맑음,단일로 - 기타,화물,남,53세,상해없음,승용,여,50세,경상
2016040200100214,2016년 4월 2일 10시,토요일,경상남도 의령군 부림면,중상사고,0,1,1,0,차대차 - 측면충돌,안전운전불이행,건조,맑음,교차로 - 교차로안,화물,남,56세,상해없음,원동기,남,56세,경상
2016040200100251,2016년 4월 2일 11시,토요일,경상남도 진주시 문산읍,사망사고,1,0,0,0,차량단독 - 전도전복,안전운전불이행,건조,맑음,단일로 - 기타,농기계,여,71세,사망,,,,
2016040200100252,2016년 4월 2일 11시,토요일,경상남도 밀양시 내이동,경상사고,0,0,2,0,차대차 - 추돌,안전운전불이행,건조,맑음,단일로 - 기타,승용,남,56세,상해없음,화물,남,49세,경상