사고번호,사고일시,요일,시군구,사고내용,사망자수,중상자수,경상자수,부상신고자수,사고유형,법규위반,노면상태,기상상태,도로형태,가해운전자 차종,가해운전자 성별,가해운전자 연령,가해운전자 상해정도,피해운전자 차종,피해운전자 성별,피해운전자 연령,피해운전자 상해정도
2016040200100253,2016년 4월 2일 11시,토요일,경상남도 김해시 어방동,중상사고,0,1,0,0,차대차 - 측면충돌,안전운전불이행,건조,맑음,교차로 - 교차로부근,승용,남,30세,상해없음,승용,여,52세,중상
2016040200100254,2016년 4월 2일 11시,토요일,경상남도 하동군 화개면,중상사고,0,1,0,0,차대사람 - 길가장자리구역통행중,안전운전불이행,건조,맑음,단일로 - 기타,승용,남,70세,상해없음,보행자,여,60세,중상
2016040200100286,2016년 4월 2일 12시,토요일,경상남도 고성군 고성읍,경상사고,0,0,1,0,차대차 - 측면직각충돌,교차로운행방법위반,건조,맑음,교차로 - 교차로안,승합,여,48세,상해없음,승용,여,41세,경상
2016040200100287,2016년 4월 2일 12시,토요일,경상남도 하동군 화개면,경상사고,0,0,1,0,차대사람 - 길가장자리구역통행중,안전운전불이행,건조,맑음,단일로 - 기타,승용,남,70세,상해없음,보행자,여,36세,경상
2016040200100288,2016년 4월 2일 12시,토요일,경상남도 창원시 의창구 용호동,중상사고,0,1,0,0,차대사람 - 차도통행중,안전운전불이행,건조,맑음,단일로 - 기타,승용,남,69세,상해없음,보행자,남,7세,중상
2016040200100326,2016년 4월 2일 13시,토요일,경상남도 창원시 마산합포구 중앙동1가,중상사고,0,1,0,0,차대사람 - 차도통행중,안전운전불이행,건조,맑음,교차로 - 교차로부근,승용,남,84세,상해없음,보행자,남,55세,중상
2016040200100327,2016년 4월 2일 13시,토요일,경상남도 창원시 마산합포구 오동동,경상사고,0,0,1,0,차대차 - 측면충돌,안전운전불이행,건조,맑음,교차로 - 교차로안,승용,남,59세,기타불명,승용,남,52세,경상
2016040200100328,2016년 4월 2일 13시,토요일,경상남도 양산시 덕계동,경상사고,0,0,3,1,차대차 - 정면충돌,교차로운행방법위반,건조,맑음,교차로 - 교차로안,승용,여,47세,상해없음,승용,남,53세,경상
2016040200100373,2016년 4월 2일 14시,토요일,경상남도 진주시 신안동,경상사고,0,0,2,0,차대차 - 측면충돌,신호위반,건조,맑음,교차로 - 교차로안,승합,남,75세,경상,승용,남,50세,경상
2016040200100374,2016년 4월 2일 14시,토요일,경상남도 진주시 일반성면,중상사고,0,1,0,0,차대차 - 측면충돌,직진우회전진행방해,건조,맑음,교차로 - 교차로안,이륜,남,56세,중상,승용,남,55세,상해없음
2016040200100375,2016년 4월 2일 14시,토요일,경상남도 창원시 진해구 석동,경상사고,0,0,1,0,차대차 - 추돌,안전운전불이행,건조,맑음,단일로 - 기타,원동기,남,66세,경상,승용,남,44세,상해없음
2016040200100376,2016년 4월 2일 14시,토요일,경상남도 통영시 미수동,경상사고,0,0,1,0,차대사람 - 횡단중,신호위반,건조,맑음,교차로 - 교차로안,승용,남,62세,상해없음,보행자,남,48세,경상
2016040200100377,2016년 4월 2일 14시,토요일,경상남도 거제시 장평동,경상사고,0,0,2,0,차대차 - 추돌,안전거리미확보,건조,맑음,단일로 - 기타,승용,남,53세,상해없음,승용,여,31세,경상
2016040200100378,2016년 4월 2일 14시,토요일,경상남도 창원시 성산구 성주동,중상사고,0,1,0,0,차대차 - 측면직각충돌,신호위반,건조,맑음,단일로 - 횡단보도상,승용,남,42세,상해없음,원동기,남,24세,중상
2016040200100379,2016년 4월 2일 14시,토요일,경상남도 김해시 강동,중상사고,0,1,1,0,차대차 - 측면충돌,안전운전불이행,건조,맑음,단일로 - 기타,화물,남,65세,상해없음,이륜,남,28세,중상
2016040200100380,2016년 4월 2일 14시,토요일,경상남도 함안군 칠원읍,경상사고,0,0,2,0,차대차 - 추돌,안전운전불이행,건조,맑음,단일로 - 기타,승용,여,37세,상해없음,승용,남,34세,경상
2016040200100422,2016년 4월 2일 15시,토요일,경상남도 진주시 수곡면,중상사고,0,2,0,0,차대차 - 정면충돌,중앙선침범,건조,맑음,단일로 - 기타,화물,남,59세,중상,승용,남,54세,중상
2016040200100423,2016년 4월 2일 15시,토요일,경상남도 통영시 당동,경상사고,0,0,1,0,차대사람 - 횡단중,안전운전불이행,건조,맑음,단일로 - 기타,승용,남,62세,상해없음,보행자,여,1세,경상
2016040200100424,2016년 4월 2일 15시,토요일,경상남도 사천시 선구동,중상사고,0,1,1,0,차대차 - 측면직각충돌,직진우회전진행방해,건조,맑음,교차로 - 교차로안,이륜,남,61세,중상,승용,남,45세,경상
2016040200100425,2016년 4월 2일 15시,토요일,경상남도 김해시 부원동,중상사고,0,1,0,0,차량단독 - 전도전복,안전운전불이행,건조,맑음,단일로 - 기타,승용,남,41세,중상,,,,
2016040200100426,2016년 4월 2일 15시,토요일,경상남도 거창군 거창읍,경상사고,0,0,1,0,차대차 - 측면충돌,교차로운행방법위반,건조,맑음,교차로 - 교차로안,이륜,남,77세,상해없음,승용,여,56세,경상
2016040200100427,2016년 4월 2일 15시,토요일,경상남도 남해군 고현면,중상사고,0,1,0,0,차대사람 - 기타,안전운전불이행,건조,맑음,단일로 - 기타,농기계,남,57세,상해없음,보행자,여,65세,중상
2016040200100468,2016년 4월 2일 16시,토요일,경상남도 진주시 칠암동,중상사고,0,1,0,0,차대차 - 정면충돌,중앙선침범,건조,맑음,단일로 - 기타,승용,여,45세,상해없음,이륜,남,43세,중상
2016040200100505,2016년 4월 2일 17시,토요일,경상남도 창원시 진해구 죽곡동,중상사고,0,1,0,0,차량단독 - 전도전복,안전운전불이행,습기,비,단일로 - 기타,이륜,남,52세,중상,,,,
2016040200100506,2016년 4월 2일 17시,토요일,경상남도 거제시 아주동,경상사고,0,0,1,0,차대사람 - 횡단중,안전운전불이행,건조,맑음,단일로 - 기타,이륜,남,24세,상해없음,보행자,남,20세,경상
2016040200100507,2016년 4월 2일 17시,토요일,경상남도 김해시 화목동,중상사고,0,1,0,0,차대사람 - 보도통행중,안전운전불이행,건조,맑음,단일로 - 기타,화물,남,60세,상해없음,보행자,여,56세,중상
2016040200100545,2016년 4월 2일 18시,토요일,경상남도 창원시 진해구 경화동,경상사고,0,0,1,0,차대사람 - 차도통행중,안전운전불이행,건조,맑음,교차로 - 교차로부근,승용,여,69세,상해없음,보행자,남,19세,경상
2016040200100558,2016년 4월 2일 19시,토요일,경상남도 양산시 동면,경상사고,0,0,1,0,차대차 - 추돌,안전운전불이행,건조,맑음,단일로 - 기타,승용,남,35세,기타불명,승용,여,52세,상해없음
2016040200100574,2016년 4월 2일 19시,토요일,경상남도 통영시 도천동,경상사고,0,0,1,0,차대차 - 측면직각충돌,중앙선침범,건조,맑음,단일로 - 기타,승용,여,43세,상해없음,승용,여,47세,경상
2016040200100575,2016년 4월 2일 19시,토요일,경상남도 사천시 사천읍,중상사고,0,1,0,0,차대차 - 측면직각충돌,직진우회전진행방해,건조,맑음,교차로 - 교차로안,승용,남,35세,상해없음,자전거,남,20세,중상
2016040200100576,2016년 4월 2일 19시,토요일,경상남도 김해시 생림면,부상신고사고,0,0,0,1,차대사람 - 기타,안전운전불이행,건조,맑음,단일로 - 기타,기타불명,기타불명,기타불명,기타불명,보행자,남,75세,부상신고
2016040200100577,2016년 4월 2일 19시,토요일,경상남도 양산시 신기동,중상사고,0,1,0,0,차대차 - 측면충돌,신호위반,건조,맑음,교차로 - 교차로안,이륜,남,19세,중상,승용,여,51세,상해없음
2016040200100578,2016년 4월 2일 19시,토요일,경상남도 창원시 의창구 도계동,경상사고,0,0,1,0,차대차 - 측면직각충돌,안전운전불이행,건조,맑음,단일로 - 기타,화물,남,34세,상해없음,승합,남,42세,상해없음
2016040200100579,2016년 4월 2일 19시,토요일,경상남도 김해시 장유면,중상사고,0,1,0,0,차대차 - 측면충돌,안전운전불이행,건조,맑음,단일로 - 기타,승합,남,28세,상해없음,이륜,남,17세,중상
2016040200100616,2016년 4월 2일 20시,토요일,경상남도 창원시 마산합포구 월남동1가,경상사고,0,0,2,0,차대차 - 기타,교차로운행방법위반,건조,맑음,교차로 - 교차로안,승용,남,27세,상해없음,승합,남,54세,상해없음
2016040200100617,2016년 4월 2일 20시,토요일,경상남도 창원시 마산합포구 해운동,경상사고,0,0,2,0,차대차 - 추돌,안전운전불이행,습기,비,교차로 - 교차로부근,승용,남,36세,상해없음,승용,여,46세,경상
2016040200100618,2016년 4월 2일 20시,토요일,경상남도 진주시 주약동,중상사고,0,1,0,0,차대차 - 추돌,안전운전불이행,건조,맑음,단일로 - 기타,승용,남,62세,중상,승용,남,36세,기타불명
2016040200100619,2016년 4월 2일 20시,토요일,경상남도 거창군 거창읍,중상사고,0,1,1,0,차대차 - 정면충돌,중앙선침범,건조,맑음,교차로 - 교차로부근,승용,남,58세,경상,승용,여,53세,중상
2016040200100642,2016년 4월 2일 21시,토요일,경상남도 통영시 도남동,경상사고,0,0,1,0,차대차 - 기타,안전운전불이행,건조,맑음,단일로 - 기타,승용,남,46세,상해없음,이륜,남,72세,경상
2016040200100655,2016년 4월 2일 22시,토요일,경상남도 김해시 상동면,부상신고사고,0,0,0,1,차대차 - 측면직각충돌,안전운전불이행,건조,맑음,단일로 - 터널,승용,남,49세,상해없음,승합,남,43세,부상신고
2016040200100663,2016년 4월 2일 22시,토요일,경상남도 밀양시 가곡동,사망사고,1,0,0,0,차대사람 - 횡단중,안전운전불이행,건조,흐림,단일로 - 기타,승용,남,68세,상해없음,보행자,남,55세,사망
2016040300100014,2016년 4월 3일 00시,일요일,경상남도 창원시 마산회원구 봉암동,경상사고,0,0,3,0,차대차 - 측면충돌,안전운전불이행,건조,맑음,단일로 - 기타,승용,남,47세,상해없음,승용,남,53세,경상
2016040300100044,2016년 4월 3일 01시,일요일,경상남도 창원시 진해구 마천동,경상사고,0,0,1,0,차대사람 - 기타,안전운전불이행,건조,맑음,기타 - 기타,기타불명,기타불명,기타불명,기타불명,보행자,남,48세,경상
2016040300100045,2016년 4월 3일 01시,일요일,경상남도 창원시 의창구 팔용동,경상사고,0,0,2,0,차대차 - 측면직각충돌,신호위반,건조,맑음,교차로 - 교차로안,승용,여,52세,상해없음,승용,남,57세,경상
2016040300100061,2016년 4월 3일 02시,일요일,경상남도 진주시 장대동,중상사고,0,1,0,0,차대사람 - 횡단중,보행자보호의무위반,건조,흐림,단일로 - 횡단보도상,승용,남,39세,상해없음,보행자,여,36세,중상
2016040300100062,2016년 4월 3일 02시,일요일,경상남도 김해시 진영읍,경상사고,0,0,1,0,차대사람 - 횡단중,안전운전불이행,건조,맑음,교차로 - 교차로안,승용,남,22세,상해없음,보행자,남,54세,경상
2016040300100083,2016년 4월 3일 03시,일요일,경상남도 창원시 마산합포구 해운동,경상사고,0,0,1,0,차대사람 - 기타,안전운전불이행,건조,맑음,교차로 - 교차로안,승용,남,50세,상해없음,보행자,남,44세,경상
2016040300100101,2016년 4월 3일 04시,일요일,경상남도 창원시 성산구 성주동,중상사고,0,3,0,0,차대차 - 정면충돌,중앙선침범,건조,맑음,단일로 - 기타,승용,남,32세,상해없음,승용,남,47세,중상
2016040300100109,2016년 4월 3일 05시,일요일,경상남도 창원시 마산합포구 산호동,중상사고,0,1,2,0,차대차 - 측면충돌,신호위반,건조,맑음,교차로 - 교차로안,원동기,여,20세,중상,승용,남,66세,상해없음
2016040300100140,2016년 4월 3일 08시,일요일,경상남도 김해시 장유면,중상사고,0,1,0,0,차대차 - 측면직각충돌,차로위반,건조,맑음,교차로 - 교차로안,이륜,남,74세,중상,승용,남,63세,상해없음
2016040300100155,2016년 4월 3일 09시,일요일,경상남도 창원시 진해구 장천동,경상사고,0,0,1,0,차대차 - 측면충돌,안전거리미확보,습기,비,교차로 - 교차로부근,승용,남,60세,상해없음,이륜,남,57세,경상
2016040300100176,2016년 4월 3일 10시,일요일,경상남도 통영시 봉평동,중상사고,0,2,0,0,차대차 - 측면직각충돌,중앙선침범,습기,비,단일로 - 기타,승용,남,50세,상해없음,승용,남,40세,중상
2016040300100177,2016년 4월 3일 10시,일요일,경상남도 밀양시 삼랑진읍,경상사고,0,0,1,0,차대차 - 측면충돌,기타,습기,비,교차로 - 교차로안,승용,남,53세,상해없음,승용,여,50세,경상
2016040300100226,2016년 4월 3일 12시,일요일,경상남도 창원시 마산합포구 문화동,경상사고,0,0,1,0,차대사람 - 기타,안전운전불이행,습기,비,단일로 - 기타,승합,남,54세,상해없음,보행자,여,51세,경상
2016040300100227,2016년 4월 3일 12시,일요일,경상남도 진주시 중안동,경상사고,0,0,1,0,차대차 - 측면충돌,교차로운행방법위반,건조,맑음,교차로 - 교차로안,화물,남,54세,상해없음,승용,여,55세,경상
2016040300100228,2016년 4월 3일 12시,일요일,경상남도 남해군 설천면,중상사고,0,1,4,0,차대차 - 추돌,안전운전불이행,습기,비,단일로 - 기타,화물,남,47세,상해없음,승용,남,61세,경상
2016040300100260,2016년 4월 3일 13시,일요일,경상남도 밀양시 상남면,경상사고,0,0,2,0,차대차 - 추돌,안전운전불이행,습기,비,단일로 - 기타,승용,남,55세,상해없음,승용,남,26세,경상
2016040300100261,2016년 4월 3일 13시,일요일,경상남도 창녕군 영산면,중상사고,0,1,0,0,차대차 - 추돌,직진우회전진행방해,습기,비,교차로 - 교차로안,승용,여,61세,상해없음,승용,여,48세,상해없음
2016040300100262,2016년 4월 3일 13시,일요일,경상남도 양산시 북부동,경상사고,0,0,1,1,차대차 - 추돌,안전거리미확보,습기,흐림,교차로 - 교차로부근,승용,남,64세,부상신고,승용,남,23세,경상
2016040300100263,2016년 4월 3일 13시,일요일,경상남도 하동군 진교면,경상사고,0,0,1,0,차대차 - 추돌,안전운전불이행,습기,비,단일로 - 기타,승용,남,33세,상해없음,승용,남,38세,경상
2016040300100291,2016년 4월 3일 14시,일요일,경상남도 창원시 진해구 숭인동,경상사고,0,0,1,0,차대사람 - 차도통행중,안전운전불이행,건조,맑음,교차로 - 교차로안,이륜,남,71세,상해없음,보행자,남,62세,경상
2016040300100292,2016년 4월 3일 14시,일요일,경상남도 김해시 구산동,경상사고,0,0,1,0,차대차 - 측면직각충돌,직진우회전진행방해,습기,비,교차로 - 교차로안,이륜,남,27세,경상,승용,여,48세,상해없음
2016040300100293,2016년 4월 3일 14시,일요일,경상남도 김해시 진영읍,경상사고,0,0,5,0,차대차 - 측면충돌,안전운전불이행,습기,비,교차로 - 교차로안,승용,남,77세,상해없음,승용,남,36세,경상
2016040300100324,2016년 4월 3일 15시,일요일,경상남도 창원시 진해구 숭인동,경상사고,0,0,1,0,차대사람 - 차도통행중,안전운전불이행,습기,비,단일로 - 기타,승용,남,22세,상해없음,보행자,남,67세,경상
2016040300100325,2016년 4월 3일 15시,일요일,경상남도 창원시 진해구 풍호동,경상사고,0,0,2,0,차대차 - 측면충돌,교차로운행방법위반,습기,비,교차로 - 교차로안,승용,남,58세,경상,승용,남,68세,경상
2016040300100326,2016년 4월 3일 15시,일요일,경상남도 김해시 어방동,중상사고,0,1,0,0,차대차 - 추돌,안전운전불이행,습기,비,단일로 - 기타,승용,남,56세,상해없음,승용,남,58세,중상
2016040300100327,2016년 4월 3일 15시,일요일,경상남도 산청군 생초면,경상사고,0,0,3,0,차량단독 - 전도전복,안전운전불이행,습기,비,교차로 - 교차로안,화물,여,62세,상해없음,,,,
2016040300100372,2016년 4월 3일 16시,일요일,경상남도 거창군 거창읍,중상사고,0,1,0,0,차대차 - 정면충돌,신호위반,습기,비,교차로 - 교차로안,승용,남,65세,상해없음,승용,여,54세,중상
2016040300100402,2016년 4월 3일 17시,일요일,경상남도 진주시 이반성면,중상사고,0,2,0,0,차대차 - 측면직각충돌,교차로운행방법위반,건조,맑음,교차로 - 교차로안,화물,남,36세,상해없음,승용,여,36세,중상
2016040300100403,2016년 4월 3일 17시,일요일,경상남도 김해시 장유면,중상사고,0,1,0,0,차대차 - 기타,안전운전불이행,건조,맑음,단일로 - 기타,승용,남,44세,상해없음,이륜,남,36세,중상
2016040300100427,2016년 4월 3일 18시,일요일,경상남도 창원시 마산합포구 월영동,중상사고,0,3,4,0,차대차 - 측면직각충돌,안전운전불이행,습기,비,교차로 - 교차로부근,승합,남,54세,기타불명,승용,남,26세,경상
2016040300100428,2016년 4월 3일 18시,일요일,경상남도 통영시 도남동,중상사고,0,1,0,0,차대사람 - 횡단중,보행자보호의무위반,습기,비,단일로 - 횡단보도상,승용,남,36세,상해없음,보행자,여,59세,중상
2016040300100429,2016년 4월 3일 18시,일요일,경상남도 통영시 동호동,중상사고,0,1,0,0,차대차 - 측면충돌,교차로운행방법위반,습기,비,교차로 - 교차로안,승용,여,47세,기타불명,원동기,남,30세,중상
2016040300100470,2016년 4월 3일 19시,일요일,경상남도 창녕군 도천면,경상사고,0,0,1,0,차량단독 - 전도전복,안전운전불이행,습기,비,단일로 - 기타,승용,여,32세,경상,,,,
2016040300100471,2016년 4월 3일 19시,일요일,경상남도 창원시 마산회원구 양덕동,중상사고,0,1,0,0,차대사람 - 횡단중,안전운전불이행,습기,비,단일로 - 기타,승용,남,30세,상해없음,보행자,여,72세,중상
2016040300100499,2016년 4월 3일 20시,일요일,경상남도 창원시 마산합포구 상남동,경상사고,0,0,1,0,차대차 - 측면충돌,교차로운행방법위반,습기,비,교차로 - 교차로부근,승용,남,35세,상해없음,승용,여,42세,경상
2016040300100500,2016년 4월 3일 20시,일요일,경상남도 창원시 마산합포구 진북면,부상신고사고,0,0,0,1,차량단독 - 주/정차차량 충돌,안전운전불이행,습기,비,단일로 - 기타,원동기,남,32세,상해없음,,,,
2016040300100501,2016년 4월 3일 20시,일요일,경상남도 사천시 동동,중상사고,0,3,0,0,차대차 - 측면직각충돌,교차로운행방법위반,습기,비,교차로 - 교차로안,승용,남,58세,상해없음,승용,남,56세,중상
2016040300100502,2016년 4월 3일 20시,일요일,경상남도 거제시 두모동,경상사고,0,0,1,0,차대차 - 추돌,안전운전불이행,습기,비,단일로 - 기타,승용,남,39세,상해없음,승용,남,23세,경상
2016040300100503,2016년 4월 3일 20시,일요일,경상남도 창원시 성산구 반지동,경상사고,0,0,1,0,차대차 - 추돌,안전운전불이행,습기,비,교차로 - 교차로안,승용,남,49세,기타불명,승용,남,58세,경상
2016040300100504,2016년 4월 3일 20시,일요일,경상남도 김해시 장유면,경상사고,0,0,1,0,차대차 - 측면충돌,안전운전불이행,습기,비,교차로 - 교차로안,이륜,남,35세,경상,승용,여,55세,상해없음
2016040300100540,2016년 4월 3일 21시,일요일,경상남도 창원시 마산합포구 완월동,경상사고,0,0,3,0,차대차 - 측면충돌,교차로운행방법위반,습기,비,교차로 - 교차로안,승용,남,61세,상해없음,승용,남,25세,경상
2016040400100021,2016년 4월 4일 01시,월요일,경상남도 창원시 성산구 삼정자동,중상사고,0,1,1,0,차대차 - 추돌,안전운전불이행,건조,맑음,단일로 - 기타,화물,남,43세,상해없음,화물,남,56세,중상
2016040400100042,2016년 4월 4일 04시,월요일,경상남도 양산시 남부동,중상사고,0,1,0,0,차대사람 - 횡단중,안전운전불이행,습기,안개,단일로 - 기타,화물,남,43세,상해없음,보행자,여,84세,중상
2016040400100068,2016년 4월 4일 06시,월요일,경상남도 진주시 신안동,중상사고,0,1,0,0,차대차 - 정면충돌,신호위반,건조,맑음,교차로 - 교차로안,승용,여,61세,상해없음,원동기,남,74세,중상
2016040400100069,2016년 4월 4일 06시,월요일,경상남도 창원시 마산회원구 회원동,중상사고,0,1,0,0,차대차 - 정면충돌,신호위반,건조,맑음,교차로 - 교차로안,승용,남,70세,상해없음,승용,여,34세,중상
2016040400100101,2016년 4월 4일 07시,월요일,경상남도 창원시 마산합포구 완월동,중상사고,0,1,0,0,차량단독 - 기타,안전운전불이행,습기,비,단일로 - 기타,승합,남,53세,상해없음,,,,
2016040400100102,2016년 4월 4일 07시,월요일,경상남도 양산시 동면,중상사고,0,1,0,0,차대사람 - 횡단중,안전운전불이행,습기,비,단일로 - 기타,승용,여,35세,상해없음,보행자,남,14세,중상
2016040400100103,2016년 4월 4일 07시,월요일,경상남도 양산시 북정동,경상사고,0,0,3,2,차대차 - 측면충돌,교차로운행방법위반,건조,맑음,교차로 - 교차로안,승용,남,50세,상해없음,승합,남,49세,상해없음
2016040400100104,2016년 4월 4일 07시,월요일,경상남도 양산시 북정동,경상사고,0,0,1,1,차대차 - 측면충돌,교차로운행방법위반,습기,비,교차로 - 교차로안,승용,여,34세,부상신고,승용,남,56세,경상
2016040400100105,2016년 4월 4일 07시,월요일,경상남도 의령군 의령읍,경상사고,0,0,2,0,차대차 - 측면충돌,교차로운행방법위반,습기,맑음,교차로 - 교차로안,승용,여,44세,경상,승용,남,67세,경상
2016040400100144,2016년 4월 4일 08시,월요일,경상남도 진주시 수정동,중상사고,0,1,1,0,차대사람 - 횡단중,보행자보호의무위반,건조,맑음,교차로 - 교차로부근,승용,남,25세,상해없음,보행자,여,47세,중상
2016040400100145,2016년 4월 4일 08시,월요일,경상남도 김해시 장유면,중상사고,0,1,0,0,차대차 - 측면충돌,안전운전불이행,건조,맑음,단일로 - 횡단보도상,승합,남,49세,상해없음,자전거,남,71세,중상
2016040400100198,2016년 4월 4일 09시,월요일,경상남도 밀양시 상동면,중상사고,0,1,0,0,차대차 - 측면직각충돌,안전운전불이행,건조,맑음,교차로 - 교차로안,화물,남,57세,상해없음,원동기,남,64세,중상
2016040400100235,2016년 4월 4일 10시,월요일,경상남도 하동군 하동읍,중상사고,0,1,0,0,차대차 - 측면충돌,안전운전불이행,건조,맑음,교차로 - 교차로안,화물,남,66세,상해없음,이륜,남,69세,중상
2016040400100293,2016년 4월 4일 12시,월요일,경상남도 거창군 거창읍,중상사고,0,1,0,0,차대차 - 측면충돌,안전운전불이행,건조,맑음,단일로 - 기타,이륜,남,87세,중상,승합,남,57세,상해없음
2016040400100316,2016년 4월 4일 13시,월요일,경상남도 창원시 진해구 여좌동,경상사고,0,0,4,0,차대차 - 추돌,안전운전불이행,건조,맑음,교차로 - 교차로부근,승용,남,37세,상해없음,승용,여,33세,경상
2016040400100352,2016년 4월 4일 14시,월요일,경상남도 진주시 하대동,경상사고,0,0,1,0,차대차 - 기타,안전운전불이행,건조,맑음,단일로 - 기타,승용,여,45세,상해없음,자전거,남,34세,경상
2016040400100353,2016년 4월 4일 14시,월요일,경상남도 밀양시 청도면,중상사고,0,1,0,0,차대차 - 정면충돌,중앙선침범,건조,맑음,단일로 - 기타,승용,여,56세,상해없음,화물,남,42세,중상
2016040400100414,2016년 4월 4일 16시,월요일,경상남도 창원시 진해구 경화동,부상신고사고,0,0,0,1,차대차 - 기타,안전운전불이행,건조,맑음,교차로 - 교차로부근,화물,남,69세,상해없음,승용,남,56세,상해없음
2016040400100466,2016년 4월 4일 17시,월요일,경상남도 창원시 진해구 풍호동,중상사고,0,1,0,0,차대사람 - 차도통행중,안전운전불이행,건조,맑음,단일로 - 기타,승용,남,52세,상해없음,보행자,여,7세,중상
2016040400100467,2016년 4월 4일 17시,월요일,경상남도 양산시 물금읍,중상사고,0,1,0,0,차대차 - 정면충돌,신호위반,건조,맑음,교차로 - 교차로안,승용,여,40세,상해없음,이륜,남,36세,중상
2016040400100468,2016년 4월 4일 17시,월요일,경상남도 양산시 삼호동,경상사고,0,0,1,0,차대차 - 정면충돌,기타,건조,맑음,기타 - 기타,승용,남,62세,상해없음,자전거,여,54세,경상
2016040400100533,2016년 4월 4일 19시,월요일,경상남도 거제시 고현동,중상사고,0,1,0,0,차대차 - 측면직각충돌,기타,건조,맑음,단일로 - 기타,승용,남,34세,상해없음,자전거,남,10세,중상
2016040400100570,2016년 4월 4일 20시,월요일,경상남도 창원시 진해구 석동,중상사고,0,1,0,0,차대사람 - 횡단중,보행자보호의무위반,건조,맑음,단일로 - 횡단보도상,승용,여,48세,상해없음,보행자,여,59세,중상
2016040400100571,2016년 4월 4일 20시,월요일,경상남도 남해군 남해읍,중상사고,0,1,0,0,차량단독 - 전도전복,안전운전불이행,습기,흐림,단일로 - 기타,승용,여,46세,중상,,,,
2016040400100572,2016년 4월 4일 20시,월요일,경상남도 창원시 성산구 반지동,경상사고,0,0,2,0,차대차 - 추돌,안전운전불이행,건조,맑음,단일로 - 기타,승합,남,67세,상해없음,승용,남,55세,경상
2016040400100601,2016년 4월 4일 21시,월요일,경상남도 진주시 충무공동,중상사고,0,2,1,0,차대차 - 측면충돌,신호위반,건조,맑음,교차로 - 교차로안,승용,남,46세,경상,승용,남,29세,중상
2016040400100620,2016년 4월 4일 22시,월요일,경상남도 창원시 진해구 자은동,중상사고,0,1,0,0,차대차 - 측면직각충돌,중앙선침범,건조,흐림,교차로 - 교차로안,승용,남,30세,상해없음,이륜,남,32세,중상
2016040400100621,2016년 4월 4일 22시,월요일,경상남도 양산시 중부동,중상사고,0,1,0,0,차대사람 - 횡단중,신호위반,건조,맑음,교차로 - 교차로안,승용,남,37세,상해없음,보행자,남,37세,중상
2016040400100622,2016년 4월 4일 22시,월요일,경상남도 거제시 하청면,경상사고,0,0,1,0,차대차 - 추돌,안전운전불이행,건조,맑음,단일로 - 기타,승용,남,41세,상해없음,승용,여,56세,기타불명
2016040400100642,2016년 4월 4일 23시,월요일,경상남도 사천시 향촌동,중상사고,0,1,1,0,차대차 - 측면충돌,안전운전불이행,건조,맑음,단일로 - 기타,화물,남,45세,경상,건설기계,남,52세,기타불명
2016040500100013,2016년 4월 5일 00시,화요일,경상남도 창원시 마산합포구 월영동,중상사고,0,1,0,0,차대차 - 기타,안전운전불이행,건조,맑음,단일로 - 기타,승용,남,18세,상해없음,이륜,남,37세,중상
2016040500100014,2016년 4월 5일 00시,화요일,경상남도 양산시 동면,부상신고사고,0,0,0,1,차량단독 - 공작물충돌,안전운전불이행,건조,맑음,교차로 - 교차로부근,승용,여,36세,부상신고,,,,
2016040500100088,2016년 4월 5일 07시,화요일,경상남도 양산시 물금읍,중상사고,0,1,0,0,차대사람 - 기타,안전운전불이행,건조,맑음,단일로 - 기타,승합,남,58세,상해없음,보행자,여,56세,중상
2016040500100133,2016년 4월 5일 08시,화요일,경상남도 사천시 대방동,경상사고,0,0,1,0,차대차 - 정면충돌,안전운전불이행,건조,맑음,교차로 - 교차로안,화물,여,38세,기타불명,승용,남,49세,경상
2016040500100180,2016년 4월 5일 09시,화요일,경상남도 진주시 강남동,중상사고,0,1,0,0,차대사람 - 횡단중,보행자보호의무위반,건조,맑음,단일로 - 횡단보도상,승용,남,35세,상해없음,보행자,여,85세,중상
2016040500100181,2016년 4월 5일 09시,화요일,경상남도 김해시 안동,부상신고사고,0,0,0,1,차대차 - 측면직각충돌,안전운전불이행,건조,맑음,교차로 - 교차로안,이륜,남,77세,부상신고,승용,남,44세,상해없음
2016040500100182,2016년 4월 5일 09시,화요일,경상남도 창원시 의창구 서상동,경상사고,0,0,1,0,차대차 - 정면충돌,안전운전불이행,건조,맑음,교차로 - 교차로안,승용,남,37세,상해없음,자전거,여,63세,경상
2016040500100219,2016년 4월 5일 10시,화요일,경상남도 김해시 장유면,중상사고,0,2,0,0,차대차 - 추돌,안전운전불이행,건조,맑음,단일로 - 기타,화물,남,50세,상해없음,승용,남,74세,중상
2016040500100256,2016년 4월 5일 11시,화요일,경상남도 함양군 안의면,중상사고,0,2,0,0,차대차 - 기타,안전운전불이행,건조,맑음,단일로 - 기타,승용,남,52세,상해없음,화물,남,71세,중상
2016040500100257,2016년 4월 5일 11시,화요일,경상남도 양산시 평산동,경상사고,0,0,1,0,차대사람 - 횡단중,안전운전불이행,건조,맑음,단일로 - 기타,승용,남,76세,상해없음,보행자,남,44세,경상
2016040500100258,2016년 4월 5일 11시,화요일,경상남도 창원시 의창구 명서동,사망사고,1,0,1,0,차대차 - 측면충돌,신호위반,건조,맑음,교차로 - 교차로안,승용,여,52세,상해없음,승용,남,58세,경상
2016040500100295,2016년 4월 5일 12시,화요일,경상남도 진주시 칠암동,경상사고,0,0,2,0,차대차 - 측면충돌,안전운전불이행,건조,맑음,교차로 - 교차로부근,승용,남,58세,상해없음,승용,여,35세,경상