사고번호,사고일시,요일,시군구,사고내용,사망자수,중상자수,경상자수,부상신고자수,사고유형,법규위반,노면상태,기상상태,도로형태,가해운전자 차종,가해운전자 성별,가해운전자 연령,가해운전자 상해정도,피해운전자 차종,피해운전자 성별,피해운전자 연령,피해운전자 상해정도
2016040500100296,2016년 4월 5일 12시,화요일,경상남도 합천군 합천읍,중상사고,0,1,0,0,차량단독 - 기타,안전운전불이행,건조,맑음,단일로 - 기타,원동기,여,72세,중상,,,,
2016040500100318,2016년 4월 5일 13시,화요일,경상남도 사천시 서동,경상사고,0,0,1,0,차대사람 - 횡단중,안전운전불이행,건조,맑음,단일로 - 기타,승용,여,33세,상해없음,보행자,여,75세,경상
2016040500100319,2016년 4월 5일 13시,화요일,경상남도 김해시 주촌면,경상사고,0,0,1,0,차대차 - 정면충돌,중앙선침범,건조,맑음,단일로 - 기타,승용,남,35세,기타불명,승합,남,55세,경상
2016040500100320,2016년 4월 5일 13시,화요일,경상남도 김해시 장유면,경상사고,0,0,1,0,차대차 - 측면직각충돌,안전운전불이행,건조,맑음,단일로 - 기타,승용,남,68세,상해없음,화물,남,61세,상해없음
2016040500100348,2016년 4월 5일 14시,화요일,경상남도 진주시 대안동,경상사고,0,0,1,0,차대사람 - 횡단중,안전운전불이행,건조,맑음,단일로 - 횡단보도부근,화물,남,21세,상해없음,보행자,여,57세,경상
2016040500100349,2016년 4월 5일 14시,화요일,경상남도 창원시 진해구 여좌동,중상사고,0,1,0,0,차대차 - 측면직각충돌,안전거리미확보,건조,맑음,교차로 - 교차로부근,승용,남,45세,상해없음,화물,남,39세,중상
2016040500100350,2016년 4월 5일 14시,화요일,경상남도 양산시 소주동,경상사고,0,0,1,0,차대사람 - 횡단중,안전운전불이행,건조,맑음,단일로 - 기타,승합,남,50세,상해없음,보행자,남,70세,경상
2016040500100425,2016년 4월 5일 16시,화요일,경상남도 통영시 평림동,경상사고,0,0,1,0,차대차 - 추돌,안전운전불이행,건조,맑음,교차로 - 교차로부근,승용,남,53세,상해없음,승용,여,33세,경상
2016040500100426,2016년 4월 5일 16시,화요일,경상남도 김해시 내동,경상사고,0,0,1,0,차대차 - 기타,안전운전불이행,건조,맑음,단일로 - 기타,승용,남,61세,상해없음,승용,남,36세,경상
2016040500100427,2016년 4월 5일 16시,화요일,경상남도 양산시 동면,중상사고,0,1,0,0,차대사람 - 기타,안전운전불이행,건조,맑음,단일로 - 기타,자전거,남,43세,상해없음,보행자,남,59세,중상
2016040500100428,2016년 4월 5일 16시,화요일,경상남도 창원시 의창구 팔용동,경상사고,0,0,2,0,차대차 - 추돌,안전운전불이행,건조,맑음,교차로 - 교차로부근,승용,남,53세,상해없음,승용,여,31세,경상
2016040500100472,2016년 4월 5일 17시,화요일,경상남도 창원시 마산회원구 합성동,중상사고,0,1,0,0,차대차 - 추돌,안전운전불이행,건조,맑음,단일로 - 기타,화물,남,30세,상해없음,화물,남,52세,중상
2016040500100507,2016년 4월 5일 18시,화요일,경상남도 통영시 북신동,경상사고,0,0,1,0,차대사람 - 기타,안전운전불이행,건조,맑음,교차로 - 교차로안,승용,남,63세,상해없음,보행자,여,51세,경상
2016040500100508,2016년 4월 5일 18시,화요일,경상남도 김해시 어방동,경상사고,0,0,1,0,차대차 - 추돌,안전운전불이행,건조,맑음,교차로 - 교차로부근,승용,여,55세,상해없음,승용,여,41세,경상
2016040500100509,2016년 4월 5일 18시,화요일,경상남도 창녕군 도천면,부상신고사고,0,0,0,5,차대차 - 추돌,안전운전불이행,건조,맑음,교차로 - 교차로부근,승합,여,47세,부상신고,승용,여,57세,부상신고
2016040500100510,2016년 4월 5일 18시,화요일,경상남도 함양군 지곡면,경상사고,0,0,1,1,차대차 - 측면직각충돌,교차로운행방법위반,건조,맑음,교차로 - 교차로안,화물,남,61세,부상신고,화물,남,36세,경상
2016040500100511,2016년 4월 5일 18시,화요일,경상남도 양산시 유산동,경상사고,0,0,1,0,차대차 - 측면충돌,신호위반,건조,맑음,교차로 - 교차로안,승용,남,30세,상해없음,승합,남,69세,경상
2016040500100549,2016년 4월 5일 19시,화요일,경상남도 진주시 일반성면,중상사고,0,1,0,0,차대사람 - 횡단중,안전운전불이행,건조,맑음,단일로 - 기타,승용,남,50세,상해없음,보행자,여,77세,중상
2016040500100578,2016년 4월 5일 20시,화요일,경상남도 창원시 마산합포구 가포동,경상사고,0,0,1,0,차대차 - 기타,안전거리미확보,건조,맑음,단일로 - 기타,승용,여,59세,상해없음,승합,남,42세,상해없음
2016040500100579,2016년 4월 5일 20시,화요일,경상남도 밀양시 삼문동,중상사고,0,1,0,0,차대차 - 측면직각충돌,안전운전불이행,건조,맑음,단일로 - 기타,이륜,남,23세,중상,건설기계,남,37세,상해없음
2016040500100580,2016년 4월 5일 20시,화요일,경상남도 밀양시 무안면,경상사고,0,0,1,0,차대사람 - 길가장자리구역통행중,안전운전불이행,건조,흐림,단일로 - 기타,화물,여,61세,상해없음,보행자,여,63세,경상
2016040500100609,2016년 4월 5일 21시,화요일,경상남도 통영시 광도면,경상사고,0,0,2,0,차대차 - 측면충돌,안전운전불이행,건조,맑음,교차로 - 교차로안,승용,여,30세,상해없음,승용,여,33세,경상
2016040500100610,2016년 4월 5일 21시,화요일,경상남도 창원시 성산구 내동,경상사고,0,0,4,0,차대차 - 추돌,안전운전불이행,건조,맑음,단일로 - 기타,화물,남,50세,상해없음,승용,남,60세,경상
2016040500100611,2016년 4월 5일 21시,화요일,경상남도 창원시 마산회원구 내서읍,경상사고,0,0,1,0,차대차 - 추돌,안전운전불이행,건조,맑음,단일로 - 기타,승용,남,76세,상해없음,승용,남,57세,경상
2016040500100627,2016년 4월 5일 22시,화요일,경상남도 김해시 장유면,중상사고,0,3,3,0,차대차 - 기타,안전거리미확보,건조,맑음,단일로 - 기타,화물,남,62세,상해없음,승용,남,38세,중상
2016040500100636,2016년 4월 5일 22시,화요일,경상남도 창원시 마산합포구 월영동,경상사고,0,0,1,0,차대차 - 추돌,안전운전불이행,건조,맑음,단일로 - 기타,승용,남,32세,상해없음,승용,여,28세,경상
2016040500100637,2016년 4월 5일 22시,화요일,경상남도 거창군 거창읍,중상사고,0,2,0,0,차대차 - 측면직각충돌,신호위반,건조,맑음,교차로 - 교차로안,승용,남,62세,중상,화물,남,52세,상해없음
2016040500100664,2016년 4월 5일 23시,화요일,경상남도 김해시 불암동,경상사고,0,0,4,0,차대차 - 측면충돌,안전거리미확보,건조,맑음,단일로 - 기타,승용,남,44세,상해없음,승합,남,60세,상해없음
2016040500100665,2016년 4월 5일 23시,화요일,경상남도 김해시 어방동,경상사고,0,0,2,0,차대차 - 추돌,안전운전불이행,건조,맑음,단일로 - 기타,승용,남,57세,상해없음,승용,남,46세,경상
2016040500100666,2016년 4월 5일 23시,화요일,경상남도 하동군 북천면,경상사고,0,0,1,0,차대차 - 정면충돌,중앙선침범,건조,맑음,기타 - 기타,이륜,남,58세,경상,화물,남,50세,상해없음
2016040500100667,2016년 4월 5일 23시,화요일,경상남도 창원시 의창구 명서동,경상사고,0,0,1,0,차대차 - 정면충돌,신호위반,건조,맑음,교차로 - 교차로안,승용,여,32세,상해없음,이륜,남,27세,경상
2016040600100028,2016년 4월 6일 02시,수요일,경상남도 창녕군 영산면,중상사고,0,2,0,0,차대차 - 정면충돌,중앙선침범,건조,맑음,교차로 - 교차로부근,건설기계,남,23세,상해없음,승용,남,29세,중상
2016040600100081,2016년 4월 6일 07시,수요일,경상남도 창원시 마산합포구 자산동,경상사고,0,0,1,0,차대차 - 측면충돌,교차로운행방법위반,건조,맑음,교차로 - 교차로안,화물,남,47세,상해없음,승용,남,54세,경상
2016040600100082,2016년 4월 6일 07시,수요일,경상남도 김해시 주촌면,경상사고,0,0,1,0,차대사람 - 길가장자리구역통행중,안전운전불이행,건조,맑음,단일로 - 기타,승용,여,43세,상해없음,보행자,남,47세,경상
2016040600100109,2016년 4월 6일 08시,수요일,경상남도 양산시 신기동,경상사고,0,0,1,0,차대차 - 측면충돌,교차로운행방법위반,건조,맑음,교차로 - 교차로안,승용,남,51세,상해없음,승용,남,53세,경상
2016040600100110,2016년 4월 6일 08시,수요일,경상남도 양산시 신기동,경상사고,0,0,1,1,차대차 - 측면충돌,직진우회전진행방해,건조,맑음,교차로 - 교차로안,승용,남,27세,경상,승용,남,29세,부상신고
2016040600100111,2016년 4월 6일 08시,수요일,경상남도 창원시 마산회원구 봉암동,중상사고,0,1,0,0,차대사람 - 횡단중,안전운전불이행,건조,맑음,단일로 - 기타,승합,남,57세,기타불명,보행자,여,34세,중상
2016040600100141,2016년 4월 6일 09시,수요일,경상남도 창원시 진해구 석동,중상사고,0,1,0,0,차대사람 - 기타,보행자보호의무위반,건조,맑음,단일로 - 기타,승용,여,59세,상해없음,보행자,여,31세,중상
2016040600100142,2016년 4월 6일 09시,수요일,경상남도 밀양시 내일동,중상사고,0,1,0,0,차대사람 - 횡단중,안전운전불이행,건조,맑음,단일로 - 기타,화물,남,39세,상해없음,보행자,여,59세,중상
2016040600100143,2016년 4월 6일 09시,수요일,경상남도 김해시 장유면,경상사고,0,0,1,0,차대차 - 정면충돌,중앙선침범,건조,맑음,단일로 - 기타,자전거,여,79세,경상,건설기계,남,55세,상해없음
2016040600100144,2016년 4월 6일 09시,수요일,경상남도 김해시 진영읍,중상사고,0,2,0,0,차대차 - 정면충돌,안전운전불이행,건조,맑음,단일로 - 기타,화물,남,52세,중상,화물,남,47세,중상
2016040600100201,2016년 4월 6일 11시,수요일,경상남도 산청군 단성면,중상사고,0,1,1,0,차량단독 - 전도전복,안전운전불이행,건조,맑음,단일로 - 기타,승용,남,77세,중상,,,,
2016040600100298,2016년 4월 6일 14시,수요일,경상남도 창원시 마산합포구 서성동,경상사고,0,0,1,0,차대차 - 기타,안전거리미확보,건조,맑음,단일로 - 기타,승용,남,76세,상해없음,승합,남,54세,상해없음
2016040600100324,2016년 4월 6일 15시,수요일,경상남도 거창군 신원면,중상사고,0,1,0,0,차대차 - 기타,교차로운행방법위반,건조,맑음,교차로 - 교차로안,화물,남,54세,상해없음,농기계,남,81세,중상
2016040600100325,2016년 4월 6일 15시,수요일,경상남도 의령군 대의면,경상사고,0,0,1,0,차량단독 - 전도전복,안전운전불이행,건조,맑음,단일로 - 기타,화물,남,46세,경상,,,,
2016040600100326,2016년 4월 6일 15시,수요일,경상남도 창원시 마산회원구 양덕동,경상사고,0,0,3,0,차대차 - 측면충돌,중앙선침범,건조,맑음,교차로 - 교차로부근,승용,남,66세,상해없음,승용,남,42세,경상
2016040600100327,2016년 4월 6일 15시,수요일,경상남도 창원시 의창구 봉곡동,경상사고,0,0,2,0,차대차 - 기타,안전운전불이행,건조,흐림,교차로 - 교차로부근,승용,여,46세,상해없음,화물,남,49세,경상
2016040600100372,2016년 4월 6일 16시,수요일,경상남도 김해시 어방동,경상사고,0,0,1,0,차대사람 - 횡단중,중앙선침범,건조,맑음,단일로 - 기타,승용,여,47세,상해없음,보행자,여,73세,경상
2016040600100373,2016년 4월 6일 16시,수요일,경상남도 김해시 장유면,중상사고,0,1,0,0,차대차 - 정면충돌,안전운전불이행,습기,비,단일로 - 기타,승용,남,75세,상해없음,자전거,남,37세,중상
2016040600100412,2016년 4월 6일 17시,수요일,경상남도 양산시 북정동,경상사고,0,0,1,0,차대사람 - 기타,안전운전불이행,건조,맑음,기타 - 기타,승용,여,60세,상해없음,보행자,남,2세,경상
2016040600100413,2016년 4월 6일 17시,수요일,경상남도 창원시 성산구 반지동,경상사고,0,0,1,0,차대사람 - 횡단중,안전운전불이행,습기,비,교차로 - 교차로부근,승용,남,49세,상해없음,보행자,여,64세,경상
2016040600100414,2016년 4월 6일 17시,수요일,경상남도 김해시 장유면,경상사고,0,0,1,0,차대차 - 정면충돌,안전운전불이행,건조,맑음,단일로 - 기타,승용,남,55세,상해없음,승용,여,51세,경상
2016040600100459,2016년 4월 6일 18시,수요일,경상남도 진주시 하대동,경상사고,0,0,1,0,차대차 - 측면충돌,신호위반,습기,비,교차로 - 교차로안,승용,남,80세,상해없음,승용,여,55세,경상
2016040600100460,2016년 4월 6일 18시,수요일,경상남도 진주시 봉래동,경상사고,0,0,1,0,차대차 - 기타,기타,건조,맑음,교차로 - 교차로안,승용,여,50세,상해없음,승용,남,31세,경상
2016040600100461,2016년 4월 6일 18시,수요일,경상남도 진주시 대곡면,부상신고사고,0,0,0,1,차량단독 - 전도전복,기타,습기,비,단일로 - 기타,원동기,남,17세,부상신고,,,,
2016040600100462,2016년 4월 6일 18시,수요일,경상남도 거제시 고현동,경상사고,0,0,1,0,차대차 - 기타,안전운전불이행,습기,비,단일로 - 기타,승용,남,35세,상해없음,이륜,남,51세,경상
2016040600100463,2016년 4월 6일 18시,수요일,경상남도 창원시 의창구 용호동,중상사고,0,1,0,0,차대차 - 측면직각충돌,안전운전불이행,습기,비,교차로 - 교차로부근,승용,남,57세,상해없음,자전거,남,23세,중상
2016040600100464,2016년 4월 6일 18시,수요일,경상남도 창원시 의창구 서상동,경상사고,0,0,1,0,차대사람 - 횡단중,안전운전불이행,습기,비,단일로 - 기타,원동기,남,37세,상해없음,보행자,남,10세,경상
2016040600100465,2016년 4월 6일 18시,수요일,경상남도 창원시 의창구 명서동,중상사고,0,1,0,0,차대차 - 측면충돌,교차로운행방법위반,건조,흐림,교차로 - 교차로안,승용,남,43세,상해없음,승용,여,31세,중상
2016040600100505,2016년 4월 6일 19시,수요일,경상남도 양산시 동면,경상사고,0,0,1,1,차대차 - 정면충돌,차로위반,건조,맑음,단일로 - 기타,승용,남,26세,상해없음,원동기,남,24세,경상
2016040600100506,2016년 4월 6일 19시,수요일,경상남도 양산시 물금읍,경상사고,0,0,1,0,차대차 - 추돌,안전운전불이행,건조,맑음,단일로 - 기타,승용,여,41세,상해없음,승용,남,29세,상해없음
2016040600100507,2016년 4월 6일 19시,수요일,경상남도 창원시 마산회원구 합성동,중상사고,0,1,0,0,차대차 - 측면충돌,신호위반,건조,맑음,교차로 - 교차로안,자전거,남,53세,중상,승용,남,33세,기타불명
2016040600100508,2016년 4월 6일 19시,수요일,경상남도 창원시 의창구 봉곡동,중상사고,0,1,1,0,차대사람 - 기타,안전운전불이행,습기,비,단일로 - 기타,승용,여,52세,상해없음,보행자,여,68세,중상
2016040600100509,2016년 4월 6일 19시,수요일,경상남도 창원시 의창구 팔용동,경상사고,0,0,4,0,차대차 - 정면충돌,신호위반,습기,비,교차로 - 교차로안,승용,남,53세,상해없음,승합,남,49세,경상
2016040600100510,2016년 4월 6일 19시,수요일,경상남도 창원시 의창구 북면,중상사고,0,1,5,0,차대차 - 측면직각충돌,신호위반,습기,비,교차로 - 교차로안,승합,남,42세,상해없음,승용,남,34세,경상
2016040600100540,2016년 4월 6일 20시,수요일,경상남도 김해시 주촌면,중상사고,0,10,5,1,차대차 - 추돌,안전운전불이행,습기,비,단일로 - 기타,승합,남,52세,상해없음,건설기계,남,54세,기타불명
2016040600100549,2016년 4월 6일 20시,수요일,경상남도 진주시 판문동,경상사고,0,0,1,0,차대차 - 측면충돌,안전운전불이행,습기,비,단일로 - 기타,원동기,남,40세,경상,승용,남,58세,상해없음
2016040600100550,2016년 4월 6일 20시,수요일,경상남도 통영시 미수동,경상사고,0,0,2,0,차대차 - 측면직각충돌,안전운전불이행,습기,비,단일로 - 기타,승용,남,57세,상해없음,승용,남,48세,상해없음
2016040600100551,2016년 4월 6일 20시,수요일,경상남도 양산시 삼호동,사망사고,1,0,0,0,차대차 - 측면충돌,신호위반,습기,비,교차로 - 교차로안,승용,남,60세,상해없음,이륜,남,36세,사망
2016040600100552,2016년 4월 6일 20시,수요일,경상남도 양산시 동면,경상사고,0,0,2,0,차대차 - 측면직각충돌,기타,습기,비,단일로 - 기타,승합,남,64세,상해없음,화물,여,36세,경상
2016040600100553,2016년 4월 6일 20시,수요일,경상남도 창원시 성산구 가음동,경상사고,0,0,1,0,차대차 - 기타,안전운전불이행,습기,비,교차로 - 교차로안,승용,남,52세,상해없음,이륜,남,33세,경상
2016040600100554,2016년 4월 6일 20시,수요일,경상남도 김해시 진영읍,경상사고,0,0,1,0,차대차 - 측면충돌,신호위반,습기,비,교차로 - 교차로안,승용,남,53세,상해없음,승용,남,63세,경상
2016040600100605,2016년 4월 6일 21시,수요일,경상남도 창원시 마산합포구 오동동,중상사고,0,3,1,0,차대차 - 추돌,안전거리미확보,습기,맑음,단일로 - 기타,승합,남,43세,중상,화물,남,49세,중상
2016040600100606,2016년 4월 6일 21시,수요일,경상남도 김해시 외동,경상사고,0,0,2,0,차대차 - 추돌,안전운전불이행,습기,비,교차로 - 교차로부근,승용,남,30세,상해없음,승용,여,46세,경상
2016040600100607,2016년 4월 6일 21시,수요일,경상남도 창원시 성산구 상남동,경상사고,0,0,1,0,차대차 - 측면충돌,신호위반,습기,비,교차로 - 교차로안,승용,남,59세,기타불명,승용,여,38세,경상
2016040600100649,2016년 4월 6일 22시,수요일,경상남도 진주시 신안동,경상사고,0,0,1,0,차대사람 - 횡단중,안전운전불이행,습기,비,교차로 - 교차로부근,원동기,여,22세,상해없음,보행자,여,57세,경상
2016040600100650,2016년 4월 6일 22시,수요일,경상남도 김해시 내동,경상사고,0,0,1,0,차대사람 - 기타,안전운전불이행,습기,비,단일로 - 기타,승용,남,53세,상해없음,보행자,남,59세,경상
2016040600100652,2016년 4월 6일 22시,수요일,경상남도 창원시 성산구 상복동,사망사고,1,0,0,0,차대차 - 정면충돌,신호위반,습기,비,교차로 - 교차로안,이륜,남,47세,사망,승용,남,30세,상해없음
2016040600100653,2016년 4월 6일 22시,수요일,경상남도 김해시 장유면,중상사고,0,1,0,0,차대차 - 추돌,안전운전불이행,습기,비,단일로 - 기타,승용,남,33세,상해없음,화물,남,58세,중상
2016040600100692,2016년 4월 6일 23시,수요일,경상남도 양산시 상북면,중상사고,0,1,2,0,차대차 - 추돌,안전운전불이행,습기,비,단일로 - 기타,화물,남,43세,경상,화물,남,50세,경상
2016040600100717,2016년 4월 6일 23시,수요일,경상남도 김해시 내동,경상사고,0,0,1,0,차대사람 - 횡단중,안전운전불이행,습기,비,단일로 - 기타,승용,남,57세,상해없음,보행자,남,42세,경상
2016040600100718,2016년 4월 6일 23시,수요일,경상남도 양산시 물금읍,중상사고,0,1,0,0,차대차 - 정면충돌,안전운전불이행,습기,비,단일로 - 기타,승용,여,50세,상해없음,승용,남,29세,중상
2016040700100028,2016년 4월 7일 00시,목요일,경상남도 거제시 장평동,경상사고,0,0,1,0,차대차 - 정면충돌,중앙선침범,습기,비,단일로 - 기타,승용,남,45세,상해없음,원동기,남,36세,경상
2016040700100078,2016년 4월 7일 02시,목요일,경상남도 창원시 진해구 충무동,중상사고,0,1,0,0,차대차 - 측면충돌,안전운전불이행,습기,비,단일로 - 기타,승용,남,25세,상해없음,화물,남,65세,기타불명
2016040700100092,2016년 4월 7일 03시,목요일,경상남도 김해시 어방동,중상사고,0,1,0,0,차대차 - 추돌,안전운전불이행,습기,비,교차로 - 교차로부근,승용,남,43세,중상,화물,남,44세,상해없음
2016040700100103,2016년 4월 7일 04시,목요일,경상남도 김해시 진영읍,중상사고,0,1,0,0,차대차 - 측면충돌,안전운전불이행,습기,비,단일로 - 기타,승용,남,35세,상해없음,승용,남,45세,상해없음
2016040700100115,2016년 4월 7일 05시,목요일,경상남도 통영시 정량동,경상사고,0,0,1,0,차대차 - 측면직각충돌,교차로운행방법위반,습기,비,교차로 - 교차로안,승용,남,75세,상해없음,승용,여,40세,경상
2016040700100134,2016년 4월 7일 06시,목요일,경상남도 양산시 동면,중상사고,0,1,0,1,차량단독 - 전도전복,안전운전불이행,습기,비,단일로 - 기타,화물,남,53세,상해없음,,,,
2016040700100161,2016년 4월 7일 07시,목요일,경상남도 거제시 고현동,중상사고,0,1,0,0,차대차 - 측면충돌,안전운전불이행,습기,비,단일로 - 기타,승용,남,68세,상해없음,이륜,남,42세,중상
2016040700100162,2016년 4월 7일 07시,목요일,경상남도 거제시 연초면,경상사고,0,0,1,0,차대차 - 추돌,안전운전불이행,습기,비,단일로 - 기타,승용,남,45세,상해없음,승용,남,33세,상해없음
2016040700100235,2016년 4월 7일 09시,목요일,경상남도 김해시 삼계동,중상사고,0,3,0,0,차량단독 - 전도전복,안전운전불이행,습기,비,단일로 - 기타,화물,남,59세,중상,,,,
2016040700100236,2016년 4월 7일 09시,목요일,경상남도 창원시 의창구 동읍,중상사고,0,1,1,0,차대차 - 정면충돌,중앙선침범,습기,비,단일로 - 기타,승용,여,31세,경상,승용,남,58세,중상
2016040700100305,2016년 4월 7일 11시,목요일,경상남도 밀양시 내이동,경상사고,0,0,1,0,차대사람 - 횡단중,교차로운행방법위반,건조,흐림,교차로 - 교차로안,승용,남,59세,상해없음,보행자,남,63세,경상
2016040700100306,2016년 4월 7일 11시,목요일,경상남도 창원시 마산회원구 석전동,경상사고,0,0,1,0,차대사람 - 기타,안전운전불이행,건조,맑음,단일로 - 기타,승용,남,64세,상해없음,보행자,여,76세,경상
2016040700100329,2016년 4월 7일 12시,목요일,경상남도 진주시 정촌면,부상신고사고,0,0,0,1,차대사람 - 횡단중,안전운전불이행,기타,맑음,기타 - 기타,승용,남,68세,상해없음,보행자,여,63세,부상신고
2016040700100330,2016년 4월 7일 12시,목요일,경상남도 사천시 곤양면,중상사고,0,1,1,0,차대차 - 측면충돌,교차로운행방법위반,건조,맑음,교차로 - 교차로안,승용,남,64세,상해없음,원동기,남,78세,경상
2016040700100436,2016년 4월 7일 16시,목요일,경상남도 통영시 항남동,중상사고,0,4,3,0,차대차 - 측면직각충돌,안전운전불이행,건조,맑음,교차로 - 교차로안,승용,여,35세,중상,승합,남,38세,중상
2016040700100437,2016년 4월 7일 16시,목요일,경상남도 밀양시 내이동,경상사고,0,0,3,0,차대차 - 추돌,안전운전불이행,건조,맑음,단일로 - 기타,화물,남,23세,상해없음,승용,남,47세,경상
2016040700100438,2016년 4월 7일 16시,목요일,경상남도 합천군 합천읍,경상사고,0,0,1,0,차대사람 - 횡단중,보행자보호의무위반,건조,맑음,단일로 - 기타,승용,남,66세,상해없음,보행자,여,8세,경상
2016040700100439,2016년 4월 7일 16시,목요일,경상남도 거제시 아양동,경상사고,0,0,1,0,차대차 - 정면충돌,신호위반,건조,맑음,교차로 - 교차로안,승용,여,56세,상해없음,승용,남,65세,경상
2016040700100474,2016년 4월 7일 17시,목요일,경상남도 창원시 진해구 도천동,중상사고,0,1,2,0,차대차 - 측면충돌,안전운전불이행,건조,맑음,기타 - 기타,승용,여,48세,경상,승용,남,59세,중상
2016040700100475,2016년 4월 7일 17시,목요일,경상남도 창녕군 도천면,중상사고,0,1,0,0,차량단독 - 전도전복,안전운전불이행,건조,맑음,단일로 - 기타,원동기,남,50세,중상,,,,
2016040700100511,2016년 4월 7일 18시,목요일,경상남도 창원시 의창구 봉곡동,경상사고,0,0,3,0,차대차 - 추돌,안전운전불이행,습기,흐림,단일로 - 기타,승용,남,51세,상해없음,승용,여,26세,경상
2016040700100512,2016년 4월 7일 18시,목요일,경상남도 창원시 의창구 팔용동,경상사고,0,0,1,0,차대차 - 측면직각충돌,안전운전불이행,건조,맑음,교차로 - 교차로안,화물,남,50세,상해없음,승용,남,37세,경상
2016040700100543,2016년 4월 7일 19시,목요일,경상남도 김해시 삼계동,경상사고,0,0,1,0,차대차 - 측면충돌,중앙선침범,습기,흐림,단일로 - 기타,승용,여,36세,상해없음,이륜,남,19세,경상
2016040700100544,2016년 4월 7일 19시,목요일,경상남도 거제시 옥포동,경상사고,0,0,1,0,차대차 - 추돌,기타,건조,맑음,기타 - 기타,승용,남,51세,상해없음,승용,여,52세,경상
2016040700100545,2016년 4월 7일 19시,목요일,경상남도 산청군 시천면,경상사고,0,0,1,0,차대차 - 측면충돌,안전운전불이행,건조,맑음,교차로 - 교차로안,화물,여,66세,상해없음,승용,여,40세,경상
2016040700100585,2016년 4월 7일 20시,목요일,경상남도 통영시 서호동,경상사고,0,0,1,0,차대차 - 정면충돌,안전운전불이행,건조,맑음,교차로 - 교차로부근,승용,남,63세,상해없음,이륜,남,44세,경상
2016040700100586,2016년 4월 7일 20시,목요일,경상남도 김해시 어방동,경상사고,0,0,2,0,차대차 - 측면충돌,안전운전불이행,건조,흐림,단일로 - 기타,이륜,남,21세,경상,이륜,남,46세,경상
2016040700100587,2016년 4월 7일 20시,목요일,경상남도 김해시 진례면,부상신고사고,0,0,0,1,차대차 - 기타,중앙선침범,건조,맑음,단일로 - 기타,자전거,남,71세,부상신고,승용,남,57세,상해없음
2016040700100613,2016년 4월 7일 21시,목요일,경상남도 창원시 의창구 동읍,중상사고,0,1,0,0,차대차 - 측면직각충돌,안전운전불이행,건조,맑음,교차로 - 교차로안,승합,남,64세,상해없음,이륜,남,58세,중상
2016040700100614,2016년 4월 7일 21시,목요일,경상남도 김해시 장유면,중상사고,0,1,1,0,차대차 - 측면충돌,직진우회전진행방해,건조,맑음,교차로 - 교차로안,승용,여,42세,경상,이륜,남,51세,중상
2016040700100642,2016년 4월 7일 22시,목요일,경상남도 창원시 의창구 동읍,중상사고,0,1,0,0,차대사람 - 기타,안전운전불이행,건조,맑음,단일로 - 기타,승용,남,33세,상해없음,보행자,여,66세,중상
2016040800100013,2016년 4월 8일 00시,금요일,경상남도 창원시 성산구 상남동,경상사고,0,0,1,0,차대차 - 측면충돌,중앙선침범,건조,맑음,단일로 - 기타,승용,남,30세,상해없음,승용,남,68세,경상
2016040800100014,2016년 4월 8일 00시,금요일,경상남도 창원시 성산구 외동,중상사고,0,1,0,0,차대차 - 기타,신호위반,건조,맑음,교차로 - 교차로안,승용,남,46세,상해없음,화물,남,33세,중상
2016040800100041,2016년 4월 8일 02시,금요일,경상남도 사천시 서금동,경상사고,0,0,1,0,차대차 - 추돌,안전운전불이행,건조,맑음,교차로 - 교차로부근,원동기,남,46세,경상,승용,남,35세,기타불명
2016040800100042,2016년 4월 8일 02시,금요일,경상남도 창원시 성산구 웅남동,경상사고,0,0,2,0,차대차 - 추돌,안전운전불이행,건조,맑음,교차로 - 교차로안,화물,남,57세,상해없음,승용,여,60세,상해없음
2016040800100077,2016년 4월 8일 06시,금요일,경상남도 창원시 마산합포구 구산면,경상사고,0,0,1,0,차대차 - 측면직각충돌,중앙선침범,건조,흐림,단일로 - 기타,화물,남,58세,상해없음,승용,여,28세,경상
2016040800100102,2016년 4월 8일 07시,금요일,경상남도 거제시 장평동,경상사고,0,0,1,0,차대사람 - 횡단중,보행자보호의무위반,건조,맑음,단일로 - 횡단보도상,자전거,남,33세,상해없음,보행자,남,31세,경상
2016040800100103,2016년 4월 8일 07시,금요일,경상남도 김해시 진례면,경상사고,0,0,1,0,차대차 - 측면충돌,안전운전불이행,건조,맑음,교차로 - 교차로부근,승용,남,27세,상해없음,승용,남,56세,경상
2016040800100138,2016년 4월 8일 08시,금요일,경상남도 김해시 삼정동,중상사고,0,1,0,0,차대차 - 기타,신호위반,건조,흐림,교차로 - 교차로안,승용,여,45세,상해없음,원동기,남,42세,중상
2016040800100139,2016년 4월 8일 08시,금요일,경상남도 거제시 고현동,부상신고사고,0,0,0,1,차대사람 - 횡단중,안전운전불이행,건조,맑음,단일로 - 기타,자전거,남,14세,상해없음,보행자,여,7세,부상신고
2016040800100140,2016년 4월 8일 08시,금요일,경상남도 의령군 의령읍,경상사고,0,0,2,0,차대차 - 측면직각충돌,안전운전불이행,건조,맑음,교차로 - 교차로안,화물,남,66세,경상,승용,남,43세,경상
2016040800100141,2016년 4월 8일 08시,금요일,경상남도 김해시 장유면,경상사고,0,0,2,0,차대차 - 측면충돌,교차로운행방법위반,건조,맑음,교차로 - 교차로안,승용,여,68세,경상,승용,남,40세,경상