사고번호,사고일시,요일,시군구,사고내용,사망자수,중상자수,경상자수,부상신고자수,사고유형,법규위반,노면상태,기상상태,도로형태,가해운전자 차종,가해운전자 성별,가해운전자 연령,가해운전자 상해정도,피해운전자 차종,피해운전자 성별,피해운전자 연령,피해운전자 상해정도
2016040800100168,2016년 4월 8일 09시,금요일,경상남도 창녕군 창녕읍,중상사고,0,1,0,0,차대사람 - 횡단중,안전운전불이행,건조,맑음,기타 - 기타,승용,여,56세,상해없음,보행자,여,80세,중상
2016040800100169,2016년 4월 8일 09시,금요일,경상남도 양산시 물금읍,중상사고,0,1,0,0,차대사람 - 횡단중,안전운전불이행,건조,맑음,기타 - 기타,승용,여,46세,상해없음,보행자,남,3세,중상
2016040800100222,2016년 4월 8일 11시,금요일,경상남도 사천시 이금동,경상사고,0,0,5,0,차대차 - 추돌,안전운전불이행,건조,맑음,단일로 - 기타,승용,여,63세,상해없음,승용,남,53세,경상
2016040800100252,2016년 4월 8일 12시,금요일,경상남도 진주시 판문동,중상사고,0,1,0,0,차대차 - 정면충돌,중앙선침범,건조,맑음,단일로 - 기타,승용,남,45세,상해없음,이륜,남,74세,중상
2016040800100282,2016년 4월 8일 13시,금요일,경상남도 창원시 마산합포구 월영동,경상사고,0,0,1,1,차대차 - 추돌,안전운전불이행,건조,맑음,교차로 - 교차로부근,화물,남,44세,상해없음,승용,남,65세,경상
2016040800100283,2016년 4월 8일 13시,금요일,경상남도 양산시 주진동,경상사고,0,0,1,0,차대차 - 측면충돌,안전운전불이행,건조,맑음,단일로 - 기타,승용,여,45세,경상,화물,남,67세,상해없음
2016040800100284,2016년 4월 8일 13시,금요일,경상남도 양산시 덕계동,중상사고,0,1,0,0,차대사람 - 횡단중,보행자보호의무위반,건조,맑음,단일로 - 횡단보도상,승용,남,66세,상해없음,보행자,여,70세,중상
2016040800100285,2016년 4월 8일 13시,금요일,경상남도 함안군 군북면,경상사고,0,0,2,0,차대차 - 측면직각충돌,안전운전불이행,건조,맑음,교차로 - 교차로부근,이륜,남,81세,경상,승용,남,70세,상해없음
2016040800100318,2016년 4월 8일 14시,금요일,경상남도 하동군 화개면,경상사고,0,0,1,0,차대사람 - 횡단중,안전운전불이행,건조,맑음,단일로 - 기타,승용,여,47세,상해없음,보행자,남,86세,경상
2016040800100319,2016년 4월 8일 14시,금요일,경상남도 창원시 마산회원구 합성동,경상사고,0,0,1,0,차대사람 - 횡단중,안전운전불이행,건조,맑음,교차로 - 교차로안,승용,남,51세,상해없음,보행자,남,61세,경상
2016040800100348,2016년 4월 8일 15시,금요일,경상남도 합천군 삼가면,경상사고,0,0,1,0,차대차 - 측면충돌,교차로운행방법위반,건조,맑음,교차로 - 교차로안,승용,여,51세,상해없음,이륜,여,60세,경상
2016040800100385,2016년 4월 8일 16시,금요일,경상남도 창원시 진해구 경화동,경상사고,0,0,1,0,차대사람 - 보도통행중,기타,건조,맑음,단일로 - 기타,화물,남,63세,상해없음,보행자,남,67세,경상
2016040800100386,2016년 4월 8일 16시,금요일,경상남도 거제시 덕포동,중상사고,0,1,1,0,차대차 - 측면충돌,중앙선침범,건조,맑음,단일로 - 기타,승용,남,29세,상해없음,이륜,남,66세,경상
2016040800100411,2016년 4월 8일 17시,금요일,경상남도 양산시 하북면,경상사고,0,0,1,0,차대차 - 추돌,안전거리미확보,건조,맑음,단일로 - 기타,승용,남,36세,상해없음,승용,남,35세,경상
2016040800100437,2016년 4월 8일 17시,금요일,경상남도 창원시 진해구 용원동,중상사고,0,1,1,0,차대차 - 측면충돌,직진우회전진행방해,건조,맑음,교차로 - 교차로안,승용,남,33세,상해없음,자전거,여,37세,중상
2016040800100438,2016년 4월 8일 17시,금요일,경상남도 거제시 고현동,경상사고,0,0,1,0,차대차 - 측면충돌,안전운전불이행,건조,맑음,단일로 - 기타,승용,여,20세,상해없음,이륜,남,51세,경상
2016040800100439,2016년 4월 8일 17시,금요일,경상남도 김해시 장유면,경상사고,0,0,1,0,차대차 - 측면충돌,교차로운행방법위반,건조,맑음,교차로 - 교차로안,승용,여,44세,경상,승합,남,55세,상해없음
2016040800100477,2016년 4월 8일 18시,금요일,경상남도 진주시 문산읍,중상사고,0,1,0,0,차대사람 - 횡단중,보행자보호의무위반,건조,맑음,단일로 - 횡단보도상,승용,남,58세,상해없음,보행자,남,16세,중상
2016040800100478,2016년 4월 8일 18시,금요일,경상남도 통영시 광도면,경상사고,0,0,1,0,차대차 - 기타,안전운전불이행,건조,맑음,단일로 - 기타,이륜,남,23세,경상,승용,남,48세,상해없음
2016040800100479,2016년 4월 8일 18시,금요일,경상남도 거제시 장평동,경상사고,0,0,1,0,차대차 - 기타,안전운전불이행,건조,맑음,교차로 - 교차로부근,승용,남,29세,상해없음,이륜,남,17세,경상
2016040800100480,2016년 4월 8일 18시,금요일,경상남도 함안군 가야읍,경상사고,0,0,1,0,차대차 - 측면직각충돌,직진우회전진행방해,건조,맑음,교차로 - 교차로안,승용,여,48세,상해없음,자전거,여,42세,경상
2016040800100526,2016년 4월 8일 19시,금요일,경상남도 창원시 마산합포구 월남동4가,부상신고사고,0,0,0,1,차대차 - 추돌,안전거리미확보,건조,맑음,단일로 - 기타,승합,남,57세,상해없음,승용,여,53세,부상신고
2016040800100527,2016년 4월 8일 19시,금요일,경상남도 거제시 고현동,중상사고,0,1,0,0,차대차 - 추돌,안전운전불이행,건조,맑음,단일로 - 기타,승용,남,54세,상해없음,승용,남,43세,중상
2016040800100528,2016년 4월 8일 19시,금요일,경상남도 창원시 의창구 대산면,경상사고,0,0,1,0,차대차 - 측면충돌,안전거리미확보,건조,맑음,단일로 - 기타,건설기계,남,50세,상해없음,승용,여,24세,경상
2016040800100575,2016년 4월 8일 20시,금요일,경상남도 김해시 삼정동,중상사고,0,2,1,0,차대차 - 측면직각충돌,신호위반,건조,맑음,교차로 - 교차로안,승용,남,37세,상해없음,이륜,여,36세,중상
2016040800100616,2016년 4월 8일 21시,금요일,경상남도 밀양시 삼문동,경상사고,0,0,1,1,차대차 - 추돌,안전거리미확보,건조,맑음,단일로 - 기타,승용,남,53세,상해없음,승용,남,47세,경상
2016040800100617,2016년 4월 8일 21시,금요일,경상남도 김해시 진영읍,중상사고,0,1,0,0,차대차 - 측면충돌,안전운전불이행,건조,맑음,단일로 - 기타,승용,남,59세,상해없음,승용,남,23세,중상
2016040800100677,2016년 4월 8일 23시,금요일,경상남도 창원시 진해구 용원동,경상사고,0,0,1,0,차대차 - 측면충돌,직진우회전진행방해,건조,맑음,교차로 - 교차로안,화물,남,68세,상해없음,승용,남,50세,경상
2016040800100678,2016년 4월 8일 23시,금요일,경상남도 창원시 마산회원구 구암동,중상사고,0,1,0,0,차대사람 - 횡단중,안전운전불이행,건조,맑음,교차로 - 교차로안,승용,남,49세,상해없음,보행자,남,47세,중상
2016040900100018,2016년 4월 9일 00시,토요일,경상남도 산청군 생초면,중상사고,0,1,0,0,차량단독 - 전도전복,안전운전불이행,건조,맑음,단일로 - 교량,이륜,남,71세,중상,,,,
2016040900100055,2016년 4월 9일 02시,토요일,경상남도 통영시 정량동,중상사고,0,1,3,0,차대차 - 측면직각충돌,신호위반,건조,맑음,교차로 - 교차로안,승용,여,51세,상해없음,승용,남,38세,상해없음
2016040900100056,2016년 4월 9일 02시,토요일,경상남도 김해시 부원동,경상사고,0,0,2,0,차대차 - 기타,신호위반,건조,맑음,교차로 - 교차로안,승용,여,56세,상해없음,승용,남,59세,경상
2016040900100067,2016년 4월 9일 03시,토요일,경상남도 창원시 진해구 용원동,경상사고,0,0,2,0,차대차 - 추돌,안전거리미확보,건조,맑음,교차로 - 교차로안,승용,남,36세,기타불명,승용,남,41세,경상
2016040900100135,2016년 4월 9일 07시,토요일,경상남도 창원시 마산합포구 창동,중상사고,0,1,0,0,차대차 - 측면직각충돌,안전운전불이행,건조,맑음,교차로 - 교차로안,승용,남,69세,상해없음,원동기,남,35세,중상
2016040900100136,2016년 4월 9일 07시,토요일,경상남도 김해시 장유면,중상사고,0,1,0,0,차대차 - 정면충돌,신호위반,건조,맑음,교차로 - 교차로안,승용,남,58세,상해없음,승합,남,51세,상해없음
2016040900100159,2016년 4월 9일 08시,토요일,경상남도 사천시 늑도동,중상사고,0,2,0,1,차대차 - 추돌,안전거리미확보,건조,맑음,단일로 - 기타,승용,남,53세,상해없음,승용,여,60세,부상신고
2016040900100160,2016년 4월 9일 08시,토요일,경상남도 양산시 북정동,경상사고,0,0,1,0,차대차 - 정면충돌,교차로운행방법위반,건조,맑음,교차로 - 교차로안,승용,남,40세,경상,승용,남,39세,상해없음
2016040900100188,2016년 4월 9일 09시,토요일,경상남도 진주시 상평동,경상사고,0,0,1,0,차대차 - 측면직각충돌,안전운전불이행,건조,맑음,교차로 - 교차로안,화물,남,49세,상해없음,자전거,남,64세,경상
2016040900100189,2016년 4월 9일 09시,토요일,경상남도 창원시 의창구 대원동,경상사고,0,0,1,0,차대차 - 측면충돌,중앙선침범,건조,맑음,단일로 - 기타,승용,여,59세,상해없음,승용,남,39세,상해없음
2016040900100219,2016년 4월 9일 10시,토요일,경상남도 김해시 어방동,중상사고,0,1,0,0,차대차 - 측면직각충돌,안전운전불이행,건조,맑음,교차로 - 교차로안,승용,남,55세,상해없음,자전거,여,58세,중상
2016040900100220,2016년 4월 9일 10시,토요일,경상남도 하동군 하동읍,경상사고,0,0,1,0,차대차 - 추돌,안전운전불이행,건조,맑음,단일로 - 기타,승용,여,59세,상해없음,이륜,남,75세,경상
2016040900100221,2016년 4월 9일 10시,토요일,경상남도 창원시 성산구 가음정동,중상사고,0,1,0,0,차대사람 - 차도통행중,안전운전불이행,건조,맑음,단일로 - 교량,자전거,남,63세,상해없음,보행자,여,32세,중상
2016040900100222,2016년 4월 9일 10시,토요일,경상남도 김해시 진영읍,중상사고,0,2,1,2,차대차 - 측면직각충돌,안전거리미확보,건조,맑음,단일로 - 기타,화물,남,40세,상해없음,승용,남,51세,중상
2016040900100257,2016년 4월 9일 11시,토요일,경상남도 김해시 삼정동,경상사고,0,0,1,1,차대차 - 측면직각충돌,직진우회전진행방해,건조,맑음,교차로 - 교차로안,승용,남,50세,상해없음,승용,남,31세,부상신고
2016040900100258,2016년 4월 9일 11시,토요일,경상남도 창녕군 창녕읍,중상사고,0,1,1,0,차대차 - 측면직각충돌,신호위반,건조,맑음,교차로 - 교차로안,이륜,남,31세,상해없음,이륜,남,77세,경상
2016040900100259,2016년 4월 9일 11시,토요일,경상남도 하동군 악양면,중상사고,0,3,3,0,차대차 - 정면충돌,중앙선침범,건조,맑음,단일로 - 기타,승용,여,56세,경상,승용,남,65세,경상
2016040900100295,2016년 4월 9일 12시,토요일,경상남도 진주시 평거동,부상신고사고,0,0,0,1,차대차 - 측면충돌,안전운전불이행,건조,맑음,단일로 - 기타,이륜,남,38세,부상신고,화물,남,36세,상해없음
2016040900100296,2016년 4월 9일 12시,토요일,경상남도 합천군 용주면,사망사고,1,0,0,0,차대차 - 측면충돌,교차로운행방법위반,건조,맑음,교차로 - 교차로안,원동기,남,81세,사망,승용,남,22세,상해없음
2016040900100297,2016년 4월 9일 12시,토요일,경상남도 창원시 성산구 상남동,중상사고,0,1,6,0,차대차 - 추돌,안전운전불이행,건조,맑음,단일로 - 기타,승합,남,40세,상해없음,승용,남,54세,경상
2016040900100298,2016년 4월 9일 12시,토요일,경상남도 창원시 성산구 외동,경상사고,0,0,1,0,차대차 - 측면충돌,신호위반,건조,맑음,교차로 - 교차로안,승용,남,42세,상해없음,승용,남,64세,경상
2016040900100299,2016년 4월 9일 12시,토요일,경상남도 창원시 성산구 상남동,경상사고,0,0,1,0,차대차 - 추돌,안전운전불이행,건조,맑음,단일로 - 기타,승용,남,23세,상해없음,승용,남,29세,상해없음
2016040900100335,2016년 4월 9일 13시,토요일,경상남도 진주시 인사동,중상사고,0,1,0,0,차대차 - 측면충돌,안전운전불이행,건조,맑음,교차로 - 교차로안,승용,남,64세,상해없음,이륜,남,23세,중상
2016040900100336,2016년 4월 9일 13시,토요일,경상남도 고성군 상리면,경상사고,0,0,1,0,차대차 - 정면충돌,안전운전불이행,건조,맑음,단일로 - 기타,화물,남,68세,상해없음,승용,남,29세,경상
2016040900100337,2016년 4월 9일 13시,토요일,경상남도 창원시 성산구 양곡동,경상사고,0,0,3,0,차대차 - 추돌,안전운전불이행,건조,맑음,교차로 - 교차로부근,승용,남,30세,상해없음,승용,남,34세,경상
2016040900100338,2016년 4월 9일 13시,토요일,경상남도 김해시 진영읍,중상사고,0,1,1,0,차대차 - 측면직각충돌,교차로운행방법위반,건조,맑음,교차로 - 교차로안,승용,남,42세,상해없음,승용,여,46세,중상
2016040900100365,2016년 4월 9일 14시,토요일,경상남도 창원시 진해구 석동,중상사고,0,1,1,0,차대차 - 측면충돌,안전운전불이행,건조,맑음,기타 - 기타,원동기,남,39세,중상,승용,남,31세,경상
2016040900100398,2016년 4월 9일 15시,토요일,경상남도 통영시 광도면,중상사고,0,1,0,0,차대차 - 측면충돌,중앙선침범,건조,맑음,교차로 - 교차로안,승용,여,49세,상해없음,승용,남,52세,중상
2016040900100399,2016년 4월 9일 15시,토요일,경상남도 창원시 성산구 웅남동,경상사고,0,0,1,0,차대차 - 측면충돌,안전운전불이행,건조,맑음,교차로 - 교차로부근,승용,남,51세,상해없음,승용,남,40세,경상
2016040900100400,2016년 4월 9일 15시,토요일,경상남도 창원시 마산회원구 석전동,경상사고,0,0,1,0,차대차 - 측면직각충돌,안전운전불이행,건조,맑음,단일로 - 기타,건설기계,남,68세,상해없음,원동기,여,41세,경상
2016040900100428,2016년 4월 9일 16시,토요일,경상남도 함양군 안의면,부상신고사고,0,0,0,1,차대차 - 측면직각충돌,교차로운행방법위반,건조,맑음,교차로 - 교차로부근,이륜,여,62세,부상신고,건설기계,남,46세,상해없음
2016040900100429,2016년 4월 9일 16시,토요일,경상남도 양산시 원동면,경상사고,0,0,2,0,차대차 - 정면충돌,안전운전불이행,건조,맑음,단일로 - 기타,자전거,남,33세,경상,자전거,남,60세,경상
2016040900100465,2016년 4월 9일 17시,토요일,경상남도 사천시 축동면,부상신고사고,0,0,0,1,차대차 - 측면충돌,중앙선침범,건조,맑음,단일로 - 기타,승용,여,46세,부상신고,승용,남,76세,상해없음
2016040900100466,2016년 4월 9일 17시,토요일,경상남도 합천군 대병면,중상사고,0,2,1,1,차대차 - 정면충돌,안전운전불이행,건조,맑음,단일로 - 기타,승용,남,74세,부상신고,승용,남,45세,중상
2016040900100467,2016년 4월 9일 17시,토요일,경상남도 창녕군 부곡면,경상사고,0,0,1,0,차대차 - 추돌,안전운전불이행,건조,맑음,단일로 - 기타,승용,여,52세,상해없음,승용,남,43세,경상
2016040900100468,2016년 4월 9일 17시,토요일,경상남도 거제시 사등면,중상사고,0,1,1,0,차대차 - 추돌,안전거리미확보,건조,맑음,단일로 - 기타,승용,남,48세,상해없음,건설기계,남,51세,상해없음
2016040900100502,2016년 4월 9일 18시,토요일,경상남도 창원시 마산합포구 상남동,경상사고,0,0,2,0,차대차 - 측면직각충돌,신호위반,건조,맑음,교차로 - 교차로안,승용,여,22세,상해없음,승용,남,55세,경상
2016040900100503,2016년 4월 9일 18시,토요일,경상남도 창원시 마산합포구 월영동,경상사고,0,0,2,0,차대차 - 정면충돌,안전운전불이행,건조,맑음,단일로 - 기타,승용,남,57세,상해없음,승용,남,43세,경상
2016040900100504,2016년 4월 9일 18시,토요일,경상남도 진주시 금산면,중상사고,0,1,0,0,차대차 - 측면충돌,차로위반,건조,맑음,교차로 - 교차로안,승용,여,49세,상해없음,이륜,남,41세,중상
2016040900100547,2016년 4월 9일 19시,토요일,경상남도 양산시 북정동,경상사고,0,0,1,1,차대차 - 측면직각충돌,교차로운행방법위반,건조,맑음,교차로 - 교차로안,승합,남,39세,기타불명,승용,남,25세,부상신고
2016040900100548,2016년 4월 9일 19시,토요일,경상남도 함안군 칠원읍,중상사고,0,1,0,0,차대사람 - 횡단중,안전운전불이행,건조,맑음,단일로 - 기타,승용,남,39세,상해없음,보행자,남,52세,중상
2016040900100578,2016년 4월 9일 20시,토요일,경상남도 창원시 성산구 반림동,중상사고,0,1,0,0,차대차 - 측면충돌,안전운전불이행,건조,맑음,단일로 - 기타,이륜,남,19세,상해없음,이륜,남,43세,중상
2016040900100579,2016년 4월 9일 20시,토요일,경상남도 창원시 마산회원구 양덕동,중상사고,0,1,0,0,차대차 - 측면충돌,신호위반,건조,맑음,교차로 - 교차로안,이륜,남,19세,중상,승용,남,67세,상해없음
2016040900100622,2016년 4월 9일 21시,토요일,경상남도 진주시 칠암동,중상사고,0,1,0,0,차대사람 - 횡단중,보행자보호의무위반,건조,맑음,단일로 - 기타,승용,남,48세,상해없음,보행자,남,23세,중상
2016040900100623,2016년 4월 9일 21시,토요일,경상남도 사천시 곤양면,경상사고,0,0,3,0,차대차 - 측면직각충돌,중앙선침범,건조,맑음,단일로 - 기타,승용,남,54세,상해없음,승용,남,33세,경상
2016040900100624,2016년 4월 9일 21시,토요일,경상남도 양산시 하북면,경상사고,0,0,1,0,차량단독 - 전도전복,안전운전불이행,건조,맑음,단일로 - 기타,승용,남,33세,경상,,,,
2016040900100625,2016년 4월 9일 21시,토요일,경상남도 거제시 사등면,중상사고,0,1,0,0,차대사람 - 횡단중,안전운전불이행,건조,맑음,단일로 - 기타,승용,여,51세,상해없음,보행자,남,42세,중상
2016040900100626,2016년 4월 9일 21시,토요일,경상남도 김해시 장유면,중상사고,0,1,0,0,차대사람 - 횡단중,신호위반,건조,맑음,교차로 - 교차로안,이륜,남,17세,상해없음,보행자,여,11세,중상
2016040900100655,2016년 4월 9일 22시,토요일,경상남도 거창군 거창읍,중상사고,0,1,0,0,차대차 - 측면직각충돌,안전운전불이행,건조,맑음,교차로 - 교차로안,승용,남,24세,상해없음,이륜,여,54세,중상
2016040900100687,2016년 4월 9일 23시,토요일,경상남도 통영시 도남동,중상사고,0,1,0,0,차대사람 - 횡단중,안전운전불이행,건조,맑음,교차로 - 교차로안,승용,여,31세,상해없음,보행자,여,50세,중상
2016040900100688,2016년 4월 9일 23시,토요일,경상남도 양산시 북정동,경상사고,0,0,2,0,차대차 - 기타,안전운전불이행,건조,맑음,교차로 - 교차로부근,승용,남,26세,상해없음,승용,기타불명,기타불명,기타불명
2016041000100009,2016년 4월 10일 00시,일요일,경상남도 창원시 마산회원구 석전동,중상사고,0,1,0,0,차대사람 - 횡단중,안전운전불이행,건조,맑음,교차로 - 교차로안,승용,남,68세,상해없음,보행자,남,42세,중상
2016041000100060,2016년 4월 10일 04시,일요일,경상남도 진주시 본성동,중상사고,0,1,0,0,차대사람 - 횡단중,안전운전불이행,건조,맑음,교차로 - 교차로안,승용,남,44세,상해없음,보행자,여,58세,중상
2016041000100061,2016년 4월 10일 04시,일요일,경상남도 진주시 하대동,경상사고,0,0,1,0,차대사람 - 기타,안전운전불이행,건조,맑음,단일로 - 기타,기타불명,기타불명,기타불명,기타불명,보행자,남,39세,경상
2016041000100142,2016년 4월 10일 10시,일요일,경상남도 양산시 삼호동,경상사고,0,0,1,0,차대사람 - 횡단중,안전운전불이행,건조,맑음,교차로 - 교차로안,승용,남,56세,상해없음,보행자,여,66세,경상
2016041000100169,2016년 4월 10일 11시,일요일,경상남도 거제시 장평동,경상사고,0,0,2,3,차대차 - 측면직각충돌,안전운전불이행,건조,맑음,단일로 - 기타,승합,여,46세,상해없음,승용,남,27세,경상
2016041000100197,2016년 4월 10일 12시,일요일,경상남도 창녕군 영산면,중상사고,0,1,0,0,차량단독 - 기타,안전운전불이행,건조,맑음,단일로 - 기타,원동기,여,73세,중상,,,,
2016041000100233,2016년 4월 10일 13시,일요일,경상남도 양산시 동면,부상신고사고,0,0,0,2,차대차 - 측면충돌,안전거리미확보,건조,맑음,교차로 - 교차로부근,화물,남,43세,상해없음,승용,남,49세,부상신고
2016041000100234,2016년 4월 10일 13시,일요일,경상남도 창원시 마산회원구 합성동,중상사고,0,1,0,0,차대차 - 측면충돌,안전운전불이행,건조,맑음,기타 - 기타,승용,여,43세,상해없음,자전거,남,68세,중상
2016041000100264,2016년 4월 10일 14시,일요일,경상남도 거제시 옥포동,중상사고,0,1,0,0,차대차 - 측면직각충돌,교차로운행방법위반,건조,맑음,교차로 - 교차로안,승용,여,55세,상해없음,승용,남,35세,중상
2016041000100297,2016년 4월 10일 15시,일요일,경상남도 사천시 향촌동,경상사고,0,0,1,0,차대차 - 측면충돌,안전운전불이행,건조,맑음,교차로 - 교차로부근,원동기,남,68세,경상,승용,남,51세,상해없음
2016041000100333,2016년 4월 10일 16시,일요일,경상남도 창원시 마산합포구 장군동4가,경상사고,0,0,1,0,차대차 - 정면충돌,안전운전불이행,건조,맑음,단일로 - 기타,화물,남,44세,상해없음,원동기,남,57세,경상
2016041000100406,2016년 4월 10일 18시,일요일,경상남도 창원시 진해구 석동,중상사고,0,1,0,0,차대사람 - 차도통행중,안전운전불이행,건조,맑음,단일로 - 기타,승용,남,32세,상해없음,보행자,여,44세,중상
2016041000100407,2016년 4월 10일 18시,일요일,경상남도 함안군 군북면,경상사고,0,0,1,0,차대차 - 추돌,안전운전불이행,건조,맑음,교차로 - 교차로안,승용,남,55세,상해없음,승용,여,50세,상해없음
2016041000100422,2016년 4월 10일 19시,일요일,경상남도 양산시 다방동,중상사고,0,2,2,0,차대차 - 추돌,안전거리미확보,건조,맑음,단일로 - 기타,승합,남,73세,상해없음,승합,여,39세,중상
2016041000100471,2016년 4월 10일 20시,일요일,경상남도 거제시 옥포동,부상신고사고,0,0,0,1,차대사람 - 횡단중,교차로운행방법위반,건조,맑음,교차로 - 교차로안,승용,남,51세,상해없음,보행자,여,47세,부상신고
2016041000100472,2016년 4월 10일 20시,일요일,경상남도 창원시 마산회원구 회원동,중상사고,0,1,0,0,차대사람 - 횡단중,안전운전불이행,건조,맑음,교차로 - 교차로안,원동기,남,17세,상해없음,보행자,여,50세,중상
2016041000100527,2016년 4월 10일 23시,일요일,경상남도 고성군 고성읍,경상사고,0,0,2,0,차대차 - 측면충돌,신호위반,건조,맑음,교차로 - 교차로안,승용,여,39세,상해없음,화물,남,64세,경상
2016041100100041,2016년 4월 11일 05시,월요일,경상남도 진주시 평거동,경상사고,0,0,1,0,차대사람 - 횡단중,보행자보호의무위반,건조,맑음,교차로 - 교차로부근,승용,남,65세,상해없음,보행자,여,58세,경상
2016041100100078,2016년 4월 11일 07시,월요일,경상남도 창원시 마산합포구 문화동,중상사고,0,1,0,0,차대차 - 측면직각충돌,안전운전불이행,건조,맑음,교차로 - 교차로안,승합,남,53세,상해없음,자전거,남,39세,중상
2016041100100079,2016년 4월 11일 07시,월요일,경상남도 의령군 부림면,경상사고,0,0,1,0,차대사람 - 기타,안전운전불이행,건조,맑음,단일로 - 기타,승용,남,60세,상해없음,보행자,여,47세,경상
2016041100100131,2016년 4월 11일 08시,월요일,경상남도 김해시 봉황동,중상사고,0,1,0,0,차대차 - 측면직각충돌,불법유턴,건조,맑음,단일로 - 횡단보도상,이륜,여,69세,중상,승용,남,30세,상해없음
2016041100100171,2016년 4월 11일 09시,월요일,경상남도 김해시 부원동,경상사고,0,0,1,0,차대차 - 기타,직진우회전진행방해,건조,맑음,교차로 - 교차로안,승용,여,54세,상해없음,자전거,여,62세,경상
2016041100100172,2016년 4월 11일 09시,월요일,경상남도 함안군 칠원읍,경상사고,0,0,1,0,차대차 - 추돌,안전운전불이행,건조,맑음,교차로 - 교차로부근,건설기계,남,50세,상해없음,승용,남,36세,경상
2016041100100231,2016년 4월 11일 11시,월요일,경상남도 김해시 외동,경상사고,0,0,1,0,차대사람 - 기타,안전운전불이행,건조,맑음,교차로 - 교차로부근,화물,남,60세,상해없음,보행자,여,73세,경상
2016041100100305,2016년 4월 11일 13시,월요일,경상남도 창원시 마산합포구 중앙동2가,부상신고사고,0,0,0,2,차대차 - 측면충돌,안전운전불이행,건조,맑음,단일로 - 기타,승용,여,55세,상해없음,승용,남,34세,부상신고
2016041100100306,2016년 4월 11일 13시,월요일,경상남도 진주시 금산면,중상사고,0,1,0,0,차대차 - 측면충돌,신호위반,건조,맑음,교차로 - 교차로안,승용,남,34세,상해없음,화물,남,58세,상해없음
2016041100100307,2016년 4월 11일 13시,월요일,경상남도 사천시 송포동,경상사고,0,0,2,0,차대차 - 추돌,안전운전불이행,건조,맑음,단일로 - 기타,승용,남,74세,상해없음,승용,여,50세,상해없음
2016041100100308,2016년 4월 11일 13시,월요일,경상남도 거창군 거창읍,중상사고,0,1,0,0,차대사람 - 횡단중,안전운전불이행,건조,맑음,단일로 - 기타,승용,남,34세,상해없음,보행자,여,49세,중상
2016041100100339,2016년 4월 11일 14시,월요일,경상남도 김해시 상동면,경상사고,0,0,1,0,차대차 - 정면충돌,중앙선침범,건조,맑음,단일로 - 기타,화물,남,27세,상해없음,화물,남,57세,경상
2016041100100340,2016년 4월 11일 14시,월요일,경상남도 고성군 고성읍,경상사고,0,0,5,0,차대차 - 추돌,안전거리미확보,건조,맑음,단일로 - 기타,화물,남,49세,상해없음,승용,남,36세,경상
2016041100100377,2016년 4월 11일 15시,월요일,경상남도 창원시 진해구 경화동,경상사고,0,0,1,0,차대사람 - 차도통행중,안전운전불이행,건조,맑음,단일로 - 기타,승합,남,46세,상해없음,보행자,남,10세,경상
2016041100100378,2016년 4월 11일 15시,월요일,경상남도 통영시 광도면,경상사고,0,0,1,0,차대차 - 측면직각충돌,안전운전불이행,건조,맑음,단일로 - 기타,승용,남,40세,상해없음,화물,남,56세,경상
2016041100100421,2016년 4월 11일 16시,월요일,경상남도 창원시 마산합포구 부림동,경상사고,0,0,1,0,차대차 - 추돌,안전운전불이행,건조,맑음,단일로 - 기타,승용,여,64세,상해없음,승용,남,40세,경상
2016041100100454,2016년 4월 11일 17시,월요일,경상남도 창원시 진해구 남문동,중상사고,0,1,1,0,차대차 - 측면충돌,교차로운행방법위반,건조,맑음,교차로 - 교차로안,승용,남,70세,상해없음,승용,남,53세,경상
2016041100100455,2016년 4월 11일 17시,월요일,경상남도 거창군 남상면,사망사고,1,0,0,0,차량단독 - 전도전복,안전운전불이행,건조,맑음,단일로 - 기타,화물,남,64세,사망,,,,
2016041100100456,2016년 4월 11일 17시,월요일,경상남도 남해군 이동면,경상사고,0,0,1,0,차대사람 - 횡단중,안전운전불이행,건조,맑음,단일로 - 기타,승용,남,73세,상해없음,보행자,여,16세,경상
2016041100100457,2016년 4월 11일 17시,월요일,경상남도 함안군 가야읍,중상사고,0,1,0,0,차대차 - 측면충돌,직진우회전진행방해,건조,맑음,교차로 - 교차로안,승용,남,52세,상해없음,이륜,남,69세,중상
2016041100100530,2016년 4월 11일 19시,월요일,경상남도 거제시 고현동,중상사고,0,1,0,0,차대사람 - 횡단중,안전운전불이행,건조,맑음,단일로 - 기타,승용,남,37세,상해없음,보행자,남,12세,중상
2016041100100531,2016년 4월 11일 19시,월요일,경상남도 남해군 창선면,경상사고,0,0,4,1,차대차 - 측면충돌,중앙선침범,건조,흐림,단일로 - 기타,화물,남,64세,상해없음,승용,남,28세,경상
2016041100100555,2016년 4월 11일 20시,월요일,경상남도 사천시 사남면,중상사고,0,1,0,0,차대차 - 측면충돌,안전운전불이행,건조,맑음,교차로 - 교차로부근,승용,여,49세,상해없음,화물,남,68세,중상
2016041100100604,2016년 4월 11일 22시,월요일,경상남도 산청군 신안면,중상사고,0,2,0,1,차대차 - 추돌,안전운전불이행,건조,맑음,단일로 - 기타,화물,남,54세,부상신고,승용,남,44세,중상
2016041100100624,2016년 4월 11일 23시,월요일,경상남도 창원시 마산합포구 오동동,경상사고,0,0,1,0,차대사람 - 횡단중,안전운전불이행,건조,맑음,단일로 - 기타,승용,여,58세,상해없음,보행자,남,55세,경상