사고번호,사고일시,요일,시군구,사고내용,사망자수,중상자수,경상자수,부상신고자수,사고유형,법규위반,노면상태,기상상태,도로형태,가해운전자 차종,가해운전자 성별,가해운전자 연령,가해운전자 상해정도,피해운전자 차종,피해운전자 성별,피해운전자 연령,피해운전자 상해정도
2016041200100013,2016년 4월 12일 00시,화요일,경상남도 양산시 평산동,경상사고,0,0,1,0,차대차 - 측면충돌,기타,건조,맑음,교차로 - 교차로안,화물,남,58세,상해없음,화물,남,41세,경상
2016041200100045,2016년 4월 12일 04시,화요일,경상남도 창원시 의창구 동읍,부상신고사고,0,0,0,1,차량단독 - 전도전복,안전운전불이행,건조,맑음,단일로 - 기타,이륜,남,16세,상해없음,,,,
2016041200100085,2016년 4월 12일 07시,화요일,경상남도 창원시 마산합포구 두월동1가,경상사고,0,0,1,0,차대차 - 측면충돌,교차로운행방법위반,건조,맑음,교차로 - 교차로안,승용,여,53세,상해없음,승용,남,50세,경상
2016041200100086,2016년 4월 12일 07시,화요일,경상남도 밀양시 무안면,중상사고,0,1,1,0,차대차 - 측면직각충돌,교차로운행방법위반,건조,맑음,교차로 - 교차로안,화물,여,66세,상해없음,승용,여,33세,중상
2016041200100087,2016년 4월 12일 07시,화요일,경상남도 김해시 어방동,경상사고,0,0,1,0,차대차 - 추돌,안전운전불이행,건조,맑음,단일로 - 기타,승용,남,53세,상해없음,승용,여,47세,경상
2016041200100088,2016년 4월 12일 07시,화요일,경상남도 거제시 아주동,중상사고,0,1,1,0,차대차 - 정면충돌,교차로운행방법위반,건조,맑음,교차로 - 교차로안,승용,남,30세,상해없음,승용,남,38세,경상
2016041200100089,2016년 4월 12일 07시,화요일,경상남도 창원시 의창구 명서동,중상사고,0,2,1,0,차대차 - 기타,안전운전불이행,건조,맑음,교차로 - 교차로안,승용,남,28세,기타불명,승합,남,44세,상해없음
2016041200100132,2016년 4월 12일 08시,화요일,경상남도 진주시 평거동,중상사고,0,1,0,0,차대사람 - 횡단중,안전운전불이행,건조,맑음,단일로 - 기타,승합,남,60세,상해없음,보행자,남,4세,중상
2016041200100133,2016년 4월 12일 08시,화요일,경상남도 사천시 사천읍,부상신고사고,0,0,0,1,차대사람 - 횡단중,안전운전불이행,건조,맑음,단일로 - 기타,승용,남,59세,상해없음,보행자,여,64세,부상신고
2016041200100134,2016년 4월 12일 08시,화요일,경상남도 거제시 연초면,중상사고,0,1,0,0,차대차 - 정면충돌,안전운전불이행,건조,맑음,단일로 - 기타,승합,남,34세,상해없음,승용,여,27세,중상
2016041200100172,2016년 4월 12일 09시,화요일,경상남도 진주시 칠암동,사망사고,1,0,0,0,차대사람 - 횡단중,안전운전불이행,건조,맑음,단일로 - 기타,화물,남,76세,상해없음,보행자,여,73세,사망
2016041200100173,2016년 4월 12일 09시,화요일,경상남도 사천시 선구동,중상사고,0,1,0,0,차대사람 - 차도통행중,안전운전불이행,건조,맑음,단일로 - 기타,승용,여,63세,상해없음,보행자,여,73세,중상
2016041200100174,2016년 4월 12일 09시,화요일,경상남도 함안군 칠서면,중상사고,0,2,1,0,차대차 - 측면직각충돌,중앙선침범,건조,맑음,단일로 - 기타,승합,남,30세,상해없음,승용,남,26세,중상
2016041200100175,2016년 4월 12일 09시,화요일,경상남도 김해시 진영읍,중상사고,0,1,0,0,차대차 - 측면직각충돌,교차로운행방법위반,건조,맑음,교차로 - 교차로안,건설기계,남,35세,상해없음,화물,남,38세,중상
2016041200100197,2016년 4월 12일 10시,화요일,경상남도 창원시 마산합포구 월영동,경상사고,0,0,2,0,차대차 - 측면충돌,안전운전불이행,건조,맑음,교차로 - 교차로부근,승용,남,67세,상해없음,승용,여,36세,경상
2016041200100198,2016년 4월 12일 10시,화요일,경상남도 통영시 북신동,중상사고,0,1,0,0,차대차 - 측면직각충돌,직진우회전진행방해,건조,맑음,교차로 - 교차로안,승용,남,60세,상해없음,승합,남,50세,중상
2016041200100261,2016년 4월 12일 12시,화요일,경상남도 거창군 거창읍,경상사고,0,0,1,0,차대차 - 기타,안전운전불이행,건조,맑음,교차로 - 교차로안,이륜,남,65세,경상,승용,남,43세,상해없음
2016041200100262,2016년 4월 12일 12시,화요일,경상남도 함안군 가야읍,경상사고,0,0,4,0,차대차 - 추돌,안전운전불이행,건조,맑음,교차로 - 교차로부근,승용,남,34세,상해없음,승용,남,58세,경상
2016041200100284,2016년 4월 12일 13시,화요일,경상남도 합천군 가회면,사망사고,1,0,1,0,차대차 - 측면충돌,중앙선침범,건조,맑음,단일로 - 기타,이륜,남,74세,사망,승용,여,25세,경상
2016041200100285,2016년 4월 12일 13시,화요일,경상남도 양산시 동면,경상사고,0,0,1,0,차대차 - 추돌,기타,건조,맑음,단일로 - 기타,승용,남,55세,상해없음,화물,남,40세,경상
2016041200100286,2016년 4월 12일 13시,화요일,경상남도 의령군 정곡면,중상사고,0,1,0,0,차대차 - 측면직각충돌,안전운전불이행,건조,맑음,단일로 - 기타,화물,여,59세,상해없음,원동기,남,69세,중상
2016041200100317,2016년 4월 12일 14시,화요일,경상남도 창원시 의창구 봉곡동,경상사고,0,0,1,0,차대차 - 추돌,안전운전불이행,건조,맑음,단일로 - 기타,승합,남,66세,상해없음,승합,남,52세,기타불명
2016041200100386,2016년 4월 12일 16시,화요일,경상남도 창녕군 남지읍,중상사고,0,1,0,0,차대차 - 추돌,안전운전불이행,건조,맑음,단일로 - 기타,승용,여,37세,상해없음,자전거,남,59세,중상
2016041200100387,2016년 4월 12일 16시,화요일,경상남도 창녕군 남지읍,경상사고,0,0,1,0,차대사람 - 횡단중,안전운전불이행,건조,맑음,단일로 - 기타,승용,여,39세,상해없음,보행자,남,8세,경상
2016041200100388,2016년 4월 12일 16시,화요일,경상남도 양산시 원동면,중상사고,0,1,0,0,차대차 - 기타,직진우회전진행방해,건조,맑음,교차로 - 교차로안,화물,남,42세,상해없음,자전거,남,33세,중상
2016041200100389,2016년 4월 12일 16시,화요일,경상남도 거제시 남부면,경상사고,0,0,1,0,차대사람 - 기타,안전운전불이행,건조,맑음,단일로 - 기타,승합,여,54세,상해없음,보행자,남,39세,경상
2016041200100390,2016년 4월 12일 16시,화요일,경상남도 김해시 진영읍,중상사고,0,1,0,0,차대차 - 측면충돌,안전운전불이행,건조,맑음,교차로 - 교차로부근,자전거,남,13세,중상,화물,기타불명,기타불명,기타불명
2016041200100423,2016년 4월 12일 17시,화요일,경상남도 남해군 창선면,중상사고,0,1,0,0,차대사람 - 기타,안전운전불이행,건조,맑음,단일로 - 기타,승용,여,55세,상해없음,보행자,여,67세,중상
2016041200100468,2016년 4월 12일 18시,화요일,경상남도 양산시 물금읍,경상사고,0,0,1,0,차대차 - 추돌,안전운전불이행,건조,맑음,단일로 - 기타,승용,여,40세,상해없음,원동기,남,33세,경상
2016041200100469,2016년 4월 12일 18시,화요일,경상남도 창원시 의창구 신월동,경상사고,0,0,1,0,차대차 - 추돌,신호위반,건조,맑음,단일로 - 기타,이륜,남,25세,상해없음,승용,여,32세,경상
2016041200100505,2016년 4월 12일 19시,화요일,경상남도 밀양시 상남면,중상사고,0,1,0,0,차대차 - 측면충돌,교차로운행방법위반,건조,맑음,교차로 - 교차로안,화물,남,44세,상해없음,이륜,남,58세,중상
2016041200100506,2016년 4월 12일 19시,화요일,경상남도 합천군 삼가면,중상사고,0,2,1,0,차대차 - 측면충돌,안전운전불이행,건조,흐림,단일로 - 기타,승용,여,65세,중상,승용,남,56세,경상
2016041200100507,2016년 4월 12일 19시,화요일,경상남도 창원시 마산회원구 양덕동,경상사고,0,0,1,0,차대차 - 정면충돌,안전운전불이행,건조,맑음,단일로 - 기타,화물,남,39세,상해없음,원동기,남,20세,경상
2016041200100547,2016년 4월 12일 20시,화요일,경상남도 창원시 진해구 자은동,경상사고,0,0,1,0,차대사람 - 횡단중,보행자보호의무위반,건조,맑음,교차로 - 교차로부근,승용,남,23세,상해없음,보행자,여,22세,경상
2016041200100548,2016년 4월 12일 20시,화요일,경상남도 김해시 삼방동,중상사고,0,1,0,0,차대사람 - 횡단중,안전운전불이행,건조,맑음,단일로 - 기타,이륜,남,52세,상해없음,보행자,여,49세,중상
2016041200100549,2016년 4월 12일 20시,화요일,경상남도 창원시 마산회원구 합성동,경상사고,0,0,1,0,차대사람 - 횡단중,보행자보호의무위반,건조,맑음,교차로 - 교차로부근,승용,남,72세,상해없음,보행자,여,24세,경상
2016041200100586,2016년 4월 12일 21시,화요일,경상남도 창원시 진해구 덕산동,경상사고,0,0,1,0,차대차 - 측면충돌,신호위반,건조,맑음,교차로 - 교차로안,승용,여,45세,상해없음,화물,남,55세,경상
2016041200100587,2016년 4월 12일 21시,화요일,경상남도 양산시 용당동,경상사고,0,0,1,0,차대차 - 정면충돌,안전운전불이행,건조,맑음,기타 - 기타,승용,남,18세,상해없음,승용,남,25세,경상
2016041200100622,2016년 4월 12일 22시,화요일,경상남도 김해시 구산동,경상사고,0,0,1,0,차대차 - 기타,안전운전불이행,건조,맑음,단일로 - 횡단보도상,자전거,남,14세,경상,승용,여,47세,기타불명
2016041200100661,2016년 4월 12일 23시,화요일,경상남도 창원시 진해구 여좌동,경상사고,0,0,1,0,차대사람 - 차도통행중,안전운전불이행,습기,비,교차로 - 교차로안,원동기,남,23세,상해없음,보행자,남,34세,경상
2016041200100662,2016년 4월 12일 23시,화요일,경상남도 창원시 의창구 팔용동,경상사고,0,0,1,0,차대차 - 측면직각충돌,안전운전불이행,습기,비,교차로 - 교차로안,승용,남,62세,상해없음,이륜,남,42세,경상
2016041200100663,2016년 4월 12일 23시,화요일,경상남도 창원시 의창구 소답동,경상사고,0,0,1,0,차대차 - 기타,안전운전불이행,건조,맑음,기타 - 기타,승용,여,25세,경상,승용,남,27세,기타불명
2016041300100016,2016년 4월 13일 00시,수요일,경상남도 사천시 동금동,경상사고,0,0,2,0,차대차 - 측면직각충돌,안전운전불이행,습기,비,교차로 - 교차로안,승용,남,33세,상해없음,승용,남,28세,경상
2016041300100043,2016년 4월 13일 01시,수요일,경상남도 김해시 동상동,경상사고,0,0,1,0,차대차 - 정면충돌,중앙선침범,건조,흐림,교차로 - 교차로부근,승합,남,67세,상해없음,승용,남,56세,경상
2016041300100044,2016년 4월 13일 01시,수요일,경상남도 김해시 외동,중상사고,0,2,0,0,차대차 - 측면직각충돌,불법유턴,건조,맑음,교차로 - 교차로안,승용,남,31세,상해없음,승용,여,44세,중상
2016041300100045,2016년 4월 13일 01시,수요일,경상남도 창원시 마산회원구 내서읍,경상사고,0,0,1,0,차대사람 - 횡단중,보행자보호의무위반,습기,비,교차로 - 교차로부근,승용,남,63세,상해없음,보행자,남,49세,경상
2016041300100064,2016년 4월 13일 02시,수요일,경상남도 김해시 삼계동,사망사고,1,0,0,0,차대사람 - 기타,안전운전불이행,습기,비,단일로 - 기타,승용,남,55세,상해없음,보행자,남,43세,사망
2016041300100081,2016년 4월 13일 03시,수요일,경상남도 밀양시 내이동,중상사고,0,1,0,0,차대차 - 측면직각충돌,교차로운행방법위반,습기,비,교차로 - 교차로안,승용,남,37세,상해없음,이륜,남,49세,중상
2016041300100082,2016년 4월 13일 03시,수요일,경상남도 창원시 의창구 팔용동,경상사고,0,0,2,0,차대차 - 측면직각충돌,안전운전불이행,습기,비,교차로 - 교차로안,승합,남,70세,상해없음,승용,남,55세,경상
2016041300100114,2016년 4월 13일 05시,수요일,경상남도 창원시 진해구 용원동,중상사고,0,1,0,0,차대사람 - 기타,안전운전불이행,건조,흐림,교차로 - 교차로부근,승용,남,59세,상해없음,보행자,여,68세,중상
2016041300100115,2016년 4월 13일 05시,수요일,경상남도 창녕군 도천면,중상사고,0,1,1,0,차대차 - 추돌,안전운전불이행,습기,비,단일로 - 기타,화물,남,62세,경상,승용,남,69세,중상
2016041300100136,2016년 4월 13일 06시,수요일,경상남도 창원시 마산합포구 서성동,중상사고,0,1,0,0,차대사람 - 횡단중,안전운전불이행,건조,맑음,교차로 - 교차로안,승합,남,71세,상해없음,보행자,여,86세,중상
2016041300100151,2016년 4월 13일 07시,수요일,경상남도 창원시 마산회원구 양덕동,중상사고,0,1,0,0,차대차 - 측면직각충돌,안전운전불이행,건조,맑음,단일로 - 기타,화물,남,37세,상해없음,승용,남,45세,중상
2016041300100179,2016년 4월 13일 08시,수요일,경상남도 창원시 마산합포구 오동동,경상사고,0,0,1,0,차량단독 - 기타,안전운전불이행,습기,비,단일로 - 기타,승합,여,48세,상해없음,,,,
2016041300100180,2016년 4월 13일 08시,수요일,경상남도 김해시 장유면,중상사고,0,1,0,0,차대차 - 정면충돌,안전운전불이행,건조,흐림,교차로 - 교차로안,승용,남,64세,상해없음,승용,여,38세,중상
2016041300100208,2016년 4월 13일 09시,수요일,경상남도 창원시 마산합포구 진동면,중상사고,0,1,0,0,차대차 - 추돌,안전운전불이행,습기,비,단일로 - 기타,승용,여,72세,중상,화물,남,64세,기타불명
2016041300100209,2016년 4월 13일 09시,수요일,경상남도 통영시 용남면,경상사고,0,0,2,0,차대차 - 추돌,안전운전불이행,습기,비,교차로 - 교차로부근,승용,남,65세,상해없음,화물,남,47세,상해없음
2016041300100210,2016년 4월 13일 09시,수요일,경상남도 창원시 마산회원구 석전동,경상사고,0,0,1,0,차대차 - 측면충돌,안전운전불이행,건조,맑음,단일로 - 기타,승용,남,51세,상해없음,승용,여,32세,경상
2016041300100237,2016년 4월 13일 10시,수요일,경상남도 창원시 마산합포구 진동면,중상사고,0,1,0,0,차량단독 - 기타,안전운전불이행,습기,비,단일로 - 기타,승용,남,62세,기타불명,,,,
2016041300100238,2016년 4월 13일 10시,수요일,경상남도 진주시 호탄동,경상사고,0,0,2,0,차대차 - 측면직각충돌,교차로운행방법위반,습기,비,교차로 - 교차로안,승용,여,45세,상해없음,승용,남,43세,경상
2016041300100239,2016년 4월 13일 10시,수요일,경상남도 함안군 군북면,중상사고,0,1,0,0,차대차 - 측면충돌,안전운전불이행,습기,비,단일로 - 기타,화물,남,45세,기타불명,화물,남,55세,중상
2016041300100268,2016년 4월 13일 11시,수요일,경상남도 남해군 서면,중상사고,0,2,1,0,차대차 - 정면충돌,중앙선침범,습기,비,단일로 - 기타,승용,여,24세,경상,화물,여,42세,중상
2016041300100269,2016년 4월 13일 11시,수요일,경상남도 창원시 의창구 중동,부상신고사고,0,0,0,6,차대차 - 추돌,안전운전불이행,습기,비,교차로 - 교차로부근,승용,남,52세,상해없음,승용,남,43세,부상신고
2016041300100303,2016년 4월 13일 12시,수요일,경상남도 진주시 금산면,경상사고,0,0,1,0,차대차 - 측면충돌,직진우회전진행방해,건조,맑음,교차로 - 교차로안,승용,남,52세,상해없음,승용,남,62세,경상
2016041300100304,2016년 4월 13일 12시,수요일,경상남도 통영시 명정동,부상신고사고,0,0,0,1,차대차 - 추돌,안전운전불이행,습기,비,교차로 - 교차로부근,화물,남,56세,상해없음,승용,남,35세,부상신고
2016041300100305,2016년 4월 13일 12시,수요일,경상남도 김해시 동상동,중상사고,0,1,0,0,차대차 - 측면직각충돌,안전운전불이행,습기,비,교차로 - 교차로안,승용,남,67세,기타불명,이륜,남,24세,중상
2016041300100306,2016년 4월 13일 12시,수요일,경상남도 양산시 물금읍,경상사고,0,0,1,0,차대차 - 측면충돌,직진우회전진행방해,습기,비,교차로 - 교차로안,승용,여,33세,경상,승용,남,39세,상해없음
2016041300100307,2016년 4월 13일 12시,수요일,경상남도 거제시 연초면,중상사고,0,1,0,0,차대차 - 추돌,안전운전불이행,건조,맑음,단일로 - 기타,승용,남,51세,상해없음,승용,남,47세,중상
2016041300100308,2016년 4월 13일 12시,수요일,경상남도 창원시 마산회원구 내서읍,경상사고,0,0,1,0,차대차 - 추돌,안전운전불이행,건조,맑음,단일로 - 기타,승용,남,22세,상해없음,승용,여,31세,경상
2016041300100309,2016년 4월 13일 12시,수요일,경상남도 김해시 장유면,경상사고,0,0,1,0,차대차 - 측면직각충돌,직진우회전진행방해,습기,비,교차로 - 교차로안,승용,남,46세,상해없음,승용,여,32세,경상
2016041300100334,2016년 4월 13일 13시,수요일,경상남도 김해시 내동,중상사고,0,1,1,0,차대차 - 측면직각충돌,안전운전불이행,습기,비,교차로 - 교차로안,승용,여,47세,상해없음,승용,남,38세,중상
2016041300100335,2016년 4월 13일 13시,수요일,경상남도 양산시 상북면,부상신고사고,0,0,0,3,차대차 - 추돌,안전거리미확보,건조,맑음,미분류 - 미분류,승용,여,52세,상해없음,화물,남,42세,부상신고
2016041300100336,2016년 4월 13일 13시,수요일,경상남도 남해군 서면,중상사고,0,1,1,0,차대차 - 정면충돌,중앙선침범,습기,비,단일로 - 기타,화물,남,19세,경상,특수,남,29세,중상
2016041300100361,2016년 4월 13일 14시,수요일,경상남도 사천시 사천읍,경상사고,0,0,1,0,차대차 - 측면충돌,안전운전불이행,건조,맑음,교차로 - 교차로부근,자전거,여,65세,경상,승용,여,40세,상해없음
2016041300100362,2016년 4월 13일 14시,수요일,경상남도 김해시 삼계동,중상사고,0,1,0,0,차대차 - 정면충돌,중앙선침범,습기,비,단일로 - 기타,승용,남,63세,상해없음,이륜,남,32세,중상
2016041300100363,2016년 4월 13일 14시,수요일,경상남도 의령군 대의면,부상신고사고,0,0,0,4,차대차 - 측면충돌,안전운전불이행,건조,맑음,교차로 - 교차로안,승용,남,70세,상해없음,승용,남,35세,부상신고
2016041300100398,2016년 4월 13일 15시,수요일,경상남도 통영시 산양읍,경상사고,0,0,1,0,차대차 - 정면충돌,안전운전불이행,건조,맑음,단일로 - 기타,화물,남,63세,상해없음,이륜,남,42세,경상
2016041300100399,2016년 4월 13일 15시,수요일,경상남도 김해시 진영읍,경상사고,0,0,1,0,차대차 - 추돌,안전운전불이행,습기,흐림,단일로 - 기타,승용,남,34세,상해없음,승용,남,38세,경상
2016041300100429,2016년 4월 13일 16시,수요일,경상남도 밀양시 삼문동,경상사고,0,0,2,0,차대차 - 측면충돌,교차로운행방법위반,습기,맑음,교차로 - 교차로안,승용,여,54세,상해없음,승용,남,73세,경상
2016041300100430,2016년 4월 13일 16시,수요일,경상남도 의령군 유곡면,경상사고,0,0,2,0,차대차 - 측면충돌,안전운전불이행,습기,흐림,교차로 - 교차로부근,특수,남,38세,상해없음,승용,남,27세,경상
2016041300100431,2016년 4월 13일 16시,수요일,경상남도 창원시 성산구 상남동,경상사고,0,0,1,0,차대차 - 측면직각충돌,안전운전불이행,건조,맑음,단일로 - 기타,승용,여,54세,상해없음,승용,남,56세,경상
2016041300100473,2016년 4월 13일 17시,수요일,경상남도 진주시 상대동,중상사고,0,1,0,0,차대차 - 측면직각충돌,안전운전불이행,건조,맑음,단일로 - 기타,승용,남,32세,상해없음,원동기,남,44세,중상
2016041300100474,2016년 4월 13일 17시,수요일,경상남도 사천시 서포면,중상사고,0,1,1,0,차대차 - 측면충돌,중앙선침범,습기,흐림,단일로 - 기타,화물,남,58세,중상,승용,남,63세,경상
2016041300100475,2016년 4월 13일 17시,수요일,경상남도 남해군 설천면,경상사고,0,0,1,0,차대사람 - 기타,안전운전불이행,건조,맑음,단일로 - 기타,승용,남,58세,상해없음,보행자,남,52세,경상
2016041300100476,2016년 4월 13일 17시,수요일,경상남도 창원시 의창구 서상동,경상사고,0,0,1,0,차대차 - 측면충돌,중앙선침범,건조,맑음,교차로 - 교차로안,승용,남,72세,상해없음,승용,남,53세,경상
2016041300100519,2016년 4월 13일 18시,수요일,경상남도 합천군 합천읍,경상사고,0,0,1,0,차대차 - 추돌,안전운전불이행,습기,비,단일로 - 기타,승용,남,34세,상해없음,승용,남,26세,경상
2016041300100520,2016년 4월 13일 18시,수요일,경상남도 양산시 원동면,사망사고,1,0,0,0,차대차 - 정면충돌,중앙선침범,습기,흐림,단일로 - 기타,승용,여,41세,상해없음,승합,여,61세,사망
2016041300100542,2016년 4월 13일 19시,수요일,경상남도 진주시 정촌면,경상사고,0,0,1,0,차대차 - 측면직각충돌,안전운전불이행,건조,맑음,단일로 - 기타,승용,남,65세,상해없음,승용,남,28세,경상
2016041300100572,2016년 4월 13일 20시,수요일,경상남도 창원시 마산합포구 남성동,중상사고,0,1,0,0,차대차 - 측면직각충돌,교차로운행방법위반,습기,흐림,교차로 - 교차로안,승용,남,57세,상해없음,이륜,남,49세,중상
2016041300100573,2016년 4월 13일 20시,수요일,경상남도 창원시 마산합포구 중앙동3가,경상사고,0,0,1,0,차대차 - 기타,신호위반,건조,맑음,교차로 - 교차로안,기타불명,기타불명,기타불명,기타불명,승합,남,56세,상해없음
2016041300100574,2016년 4월 13일 20시,수요일,경상남도 창원시 의창구 도계동,경상사고,0,0,1,1,차대차 - 추돌,안전운전불이행,건조,맑음,교차로 - 교차로부근,승용,남,45세,상해없음,승용,남,30세,부상신고
2016041300100575,2016년 4월 13일 20시,수요일,경상남도 김해시 진영읍,중상사고,0,1,0,0,차량단독 - 전도전복,안전운전불이행,건조,맑음,단일로 - 기타,승용,남,67세,상해없음,,,,
2016041300100598,2016년 4월 13일 21시,수요일,경상남도 김해시 풍유동,중상사고,0,1,1,0,차대차 - 측면직각충돌,안전거리미확보,건조,맑음,교차로 - 교차로부근,승용,남,53세,상해없음,승용,남,48세,중상
2016041300100637,2016년 4월 13일 23시,수요일,경상남도 합천군 율곡면,중상사고,0,1,1,0,차량단독 - 전도전복,안전운전불이행,습기,비,단일로 - 기타,화물,남,53세,중상,,,,
2016041400100018,2016년 4월 14일 01시,목요일,경상남도 거창군 거창읍,중상사고,0,1,0,0,차대차 - 추돌,안전운전불이행,건조,맑음,교차로 - 교차로부근,화물,남,35세,상해없음,이륜,남,44세,중상
2016041400100019,2016년 4월 14일 01시,목요일,경상남도 양산시 북부동,경상사고,0,0,2,0,차대차 - 측면충돌,신호위반,건조,맑음,교차로 - 교차로안,승용,남,59세,상해없음,승용,남,40세,경상
2016041400100037,2016년 4월 14일 03시,목요일,경상남도 창원시 성산구 사파동,경상사고,0,0,1,0,차대차 - 측면충돌,안전운전불이행,건조,흐림,단일로 - 기타,승용,여,43세,상해없음,이륜,남,42세,경상
2016041400100051,2016년 4월 14일 05시,목요일,경상남도 거제시 옥포동,중상사고,0,1,0,0,차대차 - 정면충돌,교차로운행방법위반,건조,맑음,교차로 - 교차로안,승용,남,23세,상해없음,이륜,남,18세,상해없음
2016041400100052,2016년 4월 14일 05시,목요일,경상남도 남해군 이동면,중상사고,0,1,0,0,차대사람 - 길가장자리구역통행중,안전운전불이행,건조,맑음,단일로 - 기타,화물,남,62세,상해없음,보행자,남,69세,중상
2016041400100085,2016년 4월 14일 07시,목요일,경상남도 거제시 장평동,중상사고,0,1,1,0,차대차 - 추돌,안전거리미확보,건조,맑음,단일로 - 기타,이륜,남,29세,상해없음,이륜,남,29세,중상
2016041400100086,2016년 4월 14일 07시,목요일,경상남도 거제시 아주동,경상사고,0,0,1,0,차대차 - 정면충돌,안전운전불이행,건조,맑음,단일로 - 기타,승용,남,27세,상해없음,승용,여,24세,경상
2016041400100087,2016년 4월 14일 07시,목요일,경상남도 창원시 의창구 두대동,중상사고,0,1,0,0,차대사람 - 횡단중,안전운전불이행,건조,맑음,단일로 - 기타,승용,남,33세,상해없음,보행자,여,15세,중상
2016041400100088,2016년 4월 14일 07시,목요일,경상남도 창원시 성산구 중앙동,경상사고,0,0,1,0,차대차 - 측면충돌,신호위반,건조,맑음,교차로 - 교차로안,승용,남,61세,상해없음,승용,남,54세,경상
2016041400100089,2016년 4월 14일 07시,목요일,경상남도 창원시 의창구 팔용동,중상사고,0,1,0,0,차대차 - 측면충돌,안전운전불이행,건조,맑음,교차로 - 교차로부근,승합,남,61세,상해없음,승용,남,38세,중상
2016041400100132,2016년 4월 14일 08시,목요일,경상남도 창원시 진해구 태백동,경상사고,0,0,1,0,차대차 - 측면충돌,안전운전불이행,건조,맑음,기타 - 기타,승용,여,31세,경상,특수,남,57세,상해없음
2016041400100133,2016년 4월 14일 08시,목요일,경상남도 고성군 마암면,중상사고,0,1,0,0,차대사람 - 횡단중,보행자보호의무위반,건조,맑음,단일로 - 횡단보도상,승용,남,43세,기타불명,보행자,여,70세,중상
2016041400100134,2016년 4월 14일 08시,목요일,경상남도 거제시 일운면,경상사고,0,0,1,0,차대차 - 정면충돌,안전운전불이행,건조,맑음,교차로 - 교차로안,승용,남,43세,상해없음,승용,남,36세,경상
2016041400100135,2016년 4월 14일 08시,목요일,경상남도 함안군 가야읍,중상사고,0,1,0,0,차대차 - 정면충돌,안전운전불이행,건조,맑음,교차로 - 교차로부근,승용,여,44세,상해없음,이륜,남,62세,중상
2016041400100160,2016년 4월 14일 09시,목요일,경상남도 창녕군 부곡면,중상사고,0,1,0,0,차대차 - 측면직각충돌,직진우회전진행방해,건조,맑음,교차로 - 교차로안,승용,여,56세,상해없음,자전거,여,65세,중상
2016041400100161,2016년 4월 14일 09시,목요일,경상남도 양산시 덕계동,경상사고,0,0,1,1,차대차 - 추돌,안전운전불이행,건조,맑음,단일로 - 기타,승용,남,42세,상해없음,승용,여,51세,경상
2016041400100187,2016년 4월 14일 10시,목요일,경상남도 밀양시 내이동,중상사고,0,1,0,0,차대사람 - 횡단중,안전운전불이행,건조,맑음,교차로 - 교차로안,화물,남,40세,상해없음,보행자,여,73세,중상
2016041400100188,2016년 4월 14일 10시,목요일,경상남도 밀양시 내이동,중상사고,0,1,0,0,차대차 - 정면충돌,안전운전불이행,건조,맑음,교차로 - 교차로안,이륜,남,56세,중상,승용,여,25세,상해없음
2016041400100189,2016년 4월 14일 10시,목요일,경상남도 창녕군 창녕읍,중상사고,0,1,0,0,차대차 - 측면직각충돌,안전운전불이행,건조,맑음,교차로 - 교차로안,원동기,여,77세,중상,승용,남,80세,상해없음
2016041400100190,2016년 4월 14일 10시,목요일,경상남도 고성군 고성읍,경상사고,0,0,2,0,차대차 - 측면직각충돌,교차로운행방법위반,건조,맑음,교차로 - 교차로안,승용,남,76세,상해없음,승용,여,33세,경상
2016041400100223,2016년 4월 14일 11시,목요일,경상남도 창원시 마산합포구 진동면,중상사고,0,1,0,0,차량단독 - 전도전복,안전운전불이행,건조,맑음,단일로 - 기타,화물,남,47세,중상,,,,
2016041400100224,2016년 4월 14일 11시,목요일,경상남도 진주시 강남동,중상사고,0,5,2,0,차대차 - 기타,안전운전불이행,건조,맑음,단일로 - 기타,화물,남,42세,상해없음,승합,남,50세,중상
2016041400100251,2016년 4월 14일 12시,목요일,경상남도 창원시 진해구 경화동,경상사고,0,0,4,0,차대차 - 추돌,안전거리미확보,건조,맑음,교차로 - 교차로부근,승용,남,51세,상해없음,승용,남,53세,경상
2016041400100252,2016년 4월 14일 12시,목요일,경상남도 거제시 상동동,경상사고,0,0,1,0,차대차 - 기타,안전운전불이행,건조,맑음,단일로 - 기타,승용,여,28세,상해없음,승용,여,42세,경상
2016041400100253,2016년 4월 14일 12시,목요일,경상남도 창원시 마산회원구 양덕동,경상사고,0,0,1,0,차대차 - 측면충돌,안전운전불이행,건조,맑음,단일로 - 횡단보도상,이륜,남,86세,상해없음,화물,남,51세,경상
2016041400100300,2016년 4월 14일 14시,목요일,경상남도 거창군 북상면,중상사고,0,2,0,0,차대차 - 정면충돌,중앙선침범,건조,맑음,단일로 - 기타,화물,남,64세,상해없음,승용,남,67세,중상
2016041400100337,2016년 4월 14일 15시,목요일,경상남도 창원시 진해구 화천동,경상사고,0,0,1,0,차대차 - 추돌,안전운전불이행,건조,맑음,교차로 - 교차로부근,승합,남,73세,상해없음,이륜,남,26세,경상
2016041400100338,2016년 4월 14일 15시,목요일,경상남도 거제시 문동동,중상사고,0,3,2,0,차량단독 - 전도전복,안전운전불이행,건조,맑음,단일로 - 기타,승용,여,51세,경상,,,,
2016041400100339,2016년 4월 14일 15시,목요일,경상남도 창원시 성산구 대방동,중상사고,0,1,0,0,차대사람 - 횡단중,보행자보호의무위반,건조,맑음,단일로 - 횡단보도상,승용,남,44세,상해없음,보행자,여,7세,중상