사고번호,사고일시,요일,시군구,사고내용,사망자수,중상자수,경상자수,부상신고자수,사고유형,법규위반,노면상태,기상상태,도로형태,가해운전자 차종,가해운전자 성별,가해운전자 연령,가해운전자 상해정도,피해운전자 차종,피해운전자 성별,피해운전자 연령,피해운전자 상해정도
2016041400100386,2016년 4월 14일 16시,목요일,경상남도 창원시 진해구 마천동,중상사고,0,1,0,0,차대사람 - 차도통행중,안전운전불이행,건조,맑음,교차로 - 교차로부근,승용,여,49세,상해없음,보행자,여,43세,중상
2016041400100387,2016년 4월 14일 16시,목요일,경상남도 양산시 하북면,경상사고,0,0,1,0,차대차 - 정면충돌,교차로운행방법위반,건조,맑음,교차로 - 교차로안,승용,여,66세,상해없음,원동기,남,17세,경상
2016041400100388,2016년 4월 14일 16시,목요일,경상남도 창원시 성산구 대방동,경상사고,0,0,1,0,차대사람 - 횡단중,보행자보호의무위반,건조,맑음,교차로 - 교차로부근,승용,여,41세,상해없음,보행자,여,10세,경상
2016041400100432,2016년 4월 14일 17시,목요일,경상남도 진주시 봉곡동,경상사고,0,0,1,0,차대차 - 기타,안전운전불이행,건조,맑음,단일로 - 기타,승용,남,51세,상해없음,승용,남,29세,경상
2016041400100433,2016년 4월 14일 17시,목요일,경상남도 합천군 삼가면,중상사고,0,1,0,0,차대차 - 측면충돌,안전운전불이행,건조,맑음,단일로 - 기타,이륜,남,75세,중상,승용,여,24세,상해없음
2016041400100474,2016년 4월 14일 18시,목요일,경상남도 사천시 대방동,경상사고,0,0,1,0,차대차 - 측면직각충돌,신호위반,건조,맑음,교차로 - 교차로안,승용,남,22세,상해없음,승용,남,43세,경상
2016041400100475,2016년 4월 14일 18시,목요일,경상남도 거제시 옥포동,중상사고,0,1,1,0,차대사람 - 차도통행중,안전운전불이행,건조,맑음,단일로 - 기타,이륜,남,43세,경상,보행자,남,35세,중상
2016041400100476,2016년 4월 14일 18시,목요일,경상남도 김해시 진영읍,경상사고,0,0,1,0,차대차 - 추돌,안전운전불이행,건조,맑음,단일로 - 기타,승용,여,49세,상해없음,승용,남,45세,경상
2016041400100510,2016년 4월 14일 19시,목요일,경상남도 합천군 합천읍,중상사고,0,1,0,0,차대차 - 정면충돌,중앙선침범,건조,맑음,단일로 - 기타,이륜,여,57세,중상,화물,남,75세,상해없음
2016041400100511,2016년 4월 14일 19시,목요일,경상남도 남해군 남해읍,경상사고,0,0,4,0,차대차 - 측면충돌,안전운전불이행,건조,맑음,교차로 - 교차로안,승용,여,44세,경상,승용,여,52세,경상
2016041400100512,2016년 4월 14일 19시,목요일,경상남도 창원시 성산구 내동,중상사고,0,1,0,0,차대차 - 측면직각충돌,신호위반,건조,맑음,교차로 - 교차로안,승용,남,21세,상해없음,자전거,남,46세,중상
2016041400100540,2016년 4월 14일 20시,목요일,경상남도 김해시 내동,중상사고,0,1,1,0,차대차 - 측면충돌,신호위반,건조,맑음,교차로 - 교차로안,승용,여,58세,경상,원동기,남,55세,중상
2016041400100541,2016년 4월 14일 20시,목요일,경상남도 거제시 상동동,경상사고,0,0,1,0,차대차 - 측면충돌,안전운전불이행,건조,맑음,단일로 - 기타,승용,여,38세,상해없음,승용,여,47세,경상
2016041500100045,2016년 4월 15일 02시,금요일,경상남도 양산시 중부동,경상사고,0,0,1,0,차대차 - 정면충돌,안전운전불이행,건조,맑음,단일로 - 기타,승용,남,25세,상해없음,승용,남,54세,경상
2016041500100085,2016년 4월 15일 06시,금요일,경상남도 김해시 봉황동,중상사고,0,1,1,0,차대차 - 측면직각충돌,교차로운행방법위반,건조,맑음,교차로 - 교차로안,승용,남,29세,상해없음,승용,남,57세,경상
2016041500100106,2016년 4월 15일 07시,금요일,경상남도 거제시 능포동,부상신고사고,0,0,0,1,차대사람 - 횡단중,보행자보호의무위반,건조,맑음,교차로 - 교차로부근,기타불명,기타불명,기타불명,기타불명,보행자,여,15세,부상신고
2016041500100150,2016년 4월 15일 08시,금요일,경상남도 통영시 무전동,경상사고,0,0,2,0,차대차 - 추돌,안전운전불이행,건조,맑음,단일로 - 기타,승용,여,30세,상해없음,승용,여,40세,경상
2016041500100151,2016년 4월 15일 08시,금요일,경상남도 김해시 부원동,부상신고사고,0,0,0,1,차대차 - 측면충돌,안전운전불이행,건조,맑음,교차로 - 교차로안,이륜,남,65세,부상신고,승용,남,47세,상해없음
2016041500100152,2016년 4월 15일 08시,금요일,경상남도 양산시 남부동,경상사고,0,0,1,0,차대차 - 정면충돌,중앙선침범,건조,맑음,단일로 - 기타,화물,남,75세,상해없음,승용,여,53세,경상
2016041500100153,2016년 4월 15일 08시,금요일,경상남도 양산시 삼호동,중상사고,0,2,0,0,차대차 - 측면충돌,차로위반,건조,맑음,단일로 - 기타,승용,여,42세,상해없음,화물,남,56세,상해없음
2016041500100154,2016년 4월 15일 08시,금요일,경상남도 창원시 성산구 삼정자동,경상사고,0,0,1,0,차대사람 - 기타,안전운전불이행,건조,맑음,단일로 - 기타,승합,남,53세,상해없음,보행자,여,70세,경상
2016041500100183,2016년 4월 15일 09시,금요일,경상남도 함안군 가야읍,경상사고,0,0,1,0,차대차 - 측면직각충돌,안전운전불이행,건조,맑음,교차로 - 교차로안,승용,남,67세,상해없음,승용,남,29세,경상
2016041500100206,2016년 4월 15일 10시,금요일,경상남도 진주시 미천면,중상사고,0,1,0,0,차대사람 - 횡단중,안전운전불이행,건조,맑음,단일로 - 기타,화물,남,46세,상해없음,보행자,남,46세,중상
2016041500100207,2016년 4월 15일 10시,금요일,경상남도 창원시 의창구 도계동,경상사고,0,0,1,0,차대차 - 정면충돌,안전운전불이행,건조,맑음,단일로 - 기타,화물,남,57세,상해없음,자전거,여,52세,경상
2016041500100232,2016년 4월 15일 11시,금요일,경상남도 양산시 북부동,경상사고,0,0,1,0,차대사람 - 횡단중,신호위반,건조,맑음,교차로 - 교차로안,이륜,남,51세,상해없음,보행자,여,58세,경상
2016041500100233,2016년 4월 15일 11시,금요일,경상남도 함안군 칠서면,중상사고,0,1,0,0,차대차 - 기타,안전운전불이행,건조,맑음,단일로 - 기타,승용,여,53세,상해없음,승용,남,73세,중상
2016041500100298,2016년 4월 15일 13시,금요일,경상남도 사천시 벌리동,경상사고,0,0,1,0,차대차 - 측면충돌,중앙선침범,건조,맑음,교차로 - 교차로안,자전거,남,75세,경상,승용,여,39세,상해없음
2016041500100299,2016년 4월 15일 13시,금요일,경상남도 김해시 봉황동,경상사고,0,0,1,0,차대차 - 추돌,안전운전불이행,건조,맑음,단일로 - 기타,승용,남,39세,상해없음,승용,남,48세,경상
2016041500100300,2016년 4월 15일 13시,금요일,경상남도 창녕군 이방면,중상사고,0,1,0,0,차대차 - 기타,안전운전불이행,건조,맑음,단일로 - 기타,이륜,남,40세,상해없음,원동기,남,77세,중상
2016041500100301,2016년 4월 15일 13시,금요일,경상남도 창원시 마산회원구 합성동,경상사고,0,0,1,0,차대차 - 정면충돌,안전운전불이행,건조,맑음,단일로 - 기타,승용,여,23세,상해없음,승용,여,52세,경상
2016041500100334,2016년 4월 15일 14시,금요일,경상남도 진주시 대안동,경상사고,0,0,1,0,차대사람 - 횡단중,안전운전불이행,건조,맑음,단일로 - 기타,승용,여,72세,상해없음,보행자,남,66세,경상
2016041500100335,2016년 4월 15일 14시,금요일,경상남도 산청군 단성면,중상사고,0,1,1,0,차대차 - 측면충돌,신호위반,건조,맑음,교차로 - 교차로안,승용,남,64세,상해없음,승용,남,47세,경상
2016041500100336,2016년 4월 15일 14시,금요일,경상남도 창원시 마산회원구 합성동,경상사고,0,0,1,0,차대차 - 정면충돌,안전운전불이행,건조,맑음,단일로 - 기타,승용,남,69세,상해없음,승용,여,50세,경상
2016041500100372,2016년 4월 15일 15시,금요일,경상남도 진주시 평거동,경상사고,0,0,2,0,차대차 - 측면충돌,안전운전불이행,건조,맑음,교차로 - 교차로부근,승용,남,50세,상해없음,승용,남,36세,경상
2016041500100373,2016년 4월 15일 15시,금요일,경상남도 창원시 마산회원구 회성동,경상사고,0,0,2,0,차대차 - 측면충돌,신호위반,건조,맑음,교차로 - 교차로안,승용,남,68세,상해없음,승용,남,55세,경상
2016041500100421,2016년 4월 15일 16시,금요일,경상남도 진주시 문산읍,경상사고,0,0,1,0,차대사람 - 횡단중,보행자보호의무위반,건조,맑음,단일로 - 횡단보도상,화물,남,57세,상해없음,보행자,여,7세,경상
2016041500100422,2016년 4월 15일 16시,금요일,경상남도 통영시 항남동,중상사고,0,1,0,0,차대차 - 정면충돌,중앙선침범,건조,맑음,단일로 - 기타,승용,남,45세,상해없음,이륜,남,37세,중상
2016041500100423,2016년 4월 15일 16시,금요일,경상남도 양산시 물금읍,중상사고,0,1,0,1,차대차 - 정면충돌,중앙선침범,건조,맑음,단일로 - 기타,승용,여,40세,부상신고,이륜,남,34세,중상
2016041500100424,2016년 4월 15일 16시,금요일,경상남도 고성군 하이면,경상사고,0,0,1,0,차대차 - 측면충돌,안전거리미확보,건조,맑음,단일로 - 기타,승용,남,71세,상해없음,승용,남,44세,경상
2016041500100425,2016년 4월 15일 16시,금요일,경상남도 남해군 남해읍,중상사고,0,1,0,0,차량단독 - 전도전복,안전운전불이행,건조,맑음,단일로 - 기타,이륜,남,83세,중상,,,,
2016041500100465,2016년 4월 15일 17시,금요일,경상남도 통영시 동호동,중상사고,0,1,0,0,차대사람 - 기타,안전운전불이행,건조,맑음,단일로 - 기타,승용,남,51세,상해없음,보행자,남,44세,중상
2016041500100466,2016년 4월 15일 17시,금요일,경상남도 사천시 용현면,경상사고,0,0,1,0,차대차 - 측면직각충돌,안전운전불이행,건조,맑음,단일로 - 기타,승용,남,77세,상해없음,이륜,남,67세,경상
2016041500100467,2016년 4월 15일 17시,금요일,경상남도 김해시 동상동,경상사고,0,0,1,0,차대차 - 추돌,안전거리미확보,건조,맑음,단일로 - 기타,이륜,남,66세,경상,승용,남,57세,상해없음
2016041500100468,2016년 4월 15일 17시,금요일,경상남도 창원시 의창구 대산면,중상사고,0,1,0,0,차대사람 - 횡단중,안전운전불이행,건조,맑음,단일로 - 기타,승용,여,53세,상해없음,보행자,남,13세,중상
2016041500100503,2016년 4월 15일 18시,금요일,경상남도 통영시 광도면,중상사고,0,1,0,0,차대차 - 측면직각충돌,안전운전불이행,건조,맑음,교차로 - 교차로안,승용,여,34세,상해없음,승용,남,64세,중상
2016041500100504,2016년 4월 15일 18시,금요일,경상남도 김해시 삼정동,경상사고,0,0,1,0,차대사람 - 횡단중,보행자보호의무위반,건조,맑음,단일로 - 횡단보도상,화물,남,29세,상해없음,보행자,남,8세,경상
2016041500100505,2016년 4월 15일 18시,금요일,경상남도 창녕군 창녕읍,경상사고,0,0,1,0,차대사람 - 횡단중,안전운전불이행,건조,맑음,단일로 - 기타,승용,여,69세,상해없음,보행자,여,15세,경상
2016041500100506,2016년 4월 15일 18시,금요일,경상남도 산청군 삼장면,중상사고,0,1,0,0,차량단독 - 전도전복,안전운전불이행,건조,맑음,단일로 - 기타,승용,여,45세,중상,,,,
2016041500100507,2016년 4월 15일 18시,금요일,경상남도 창원시 성산구 상남동,중상사고,0,1,0,0,차대차 - 기타,안전운전불이행,건조,맑음,단일로 - 기타,승용,여,28세,상해없음,자전거,남,27세,중상
2016041500100508,2016년 4월 15일 18시,금요일,경상남도 김해시 전하동,중상사고,0,1,0,0,차대차 - 추돌,안전운전불이행,건조,맑음,교차로 - 교차로부근,승용,남,44세,상해없음,승용,여,45세,중상
2016041500100555,2016년 4월 15일 19시,금요일,경상남도 창원시 진해구 석동,경상사고,0,0,1,0,차대차 - 측면충돌,안전운전불이행,건조,맑음,교차로 - 교차로부근,승용,남,70세,상해없음,이륜,남,18세,경상
2016041500100556,2016년 4월 15일 19시,금요일,경상남도 김해시 외동,경상사고,0,0,1,0,차대사람 - 차도통행중,안전운전불이행,건조,맑음,단일로 - 기타,승용,여,24세,상해없음,보행자,남,46세,경상
2016041500100557,2016년 4월 15일 19시,금요일,경상남도 산청군 차황면,경상사고,0,0,2,0,차대차 - 측면충돌,안전운전불이행,건조,맑음,단일로 - 교량,승용,남,63세,상해없음,화물,남,59세,경상
2016041500100558,2016년 4월 15일 19시,금요일,경상남도 창원시 성산구 중앙동,경상사고,0,0,1,0,차대사람 - 길가장자리구역통행중,안전운전불이행,건조,맑음,단일로 - 기타,승용,남,28세,상해없음,보행자,여,23세,경상
2016041500100606,2016년 4월 15일 20시,금요일,경상남도 김해시 동상동,중상사고,0,2,4,0,차대차 - 추돌,안전거리미확보,건조,맑음,단일로 - 기타,승용,남,50세,경상,승용,남,48세,경상
2016041500100607,2016년 4월 15일 20시,금요일,경상남도 하동군 옥종면,경상사고,0,0,1,0,차량단독 - 전도전복,안전운전불이행,건조,맑음,기타 - 기타,이륜,여,74세,경상,,,,
2016041500100608,2016년 4월 15일 20시,금요일,경상남도 김해시 장유면,경상사고,0,0,1,0,차대사람 - 횡단중,보행자보호의무위반,건조,맑음,단일로 - 횡단보도상,승용,남,36세,상해없음,보행자,남,33세,경상
2016041500100640,2016년 4월 15일 21시,금요일,경상남도 거제시 장목면,경상사고,0,0,1,0,차대차 - 측면충돌,안전운전불이행,건조,맑음,단일로 - 기타,승합,남,52세,상해없음,승용,여,54세,경상
2016041500100708,2016년 4월 15일 23시,금요일,경상남도 통영시 산양읍,경상사고,0,0,2,0,차대차 - 측면직각충돌,교차로운행방법위반,건조,맑음,교차로 - 교차로안,승용,여,28세,상해없음,승용,남,27세,경상
2016041500100709,2016년 4월 15일 23시,금요일,경상남도 밀양시 삼문동,경상사고,0,0,2,0,차대사람 - 횡단중,안전운전불이행,건조,맑음,교차로 - 교차로부근,승용,남,51세,상해없음,보행자,여,48세,경상
2016041500100710,2016년 4월 15일 23시,금요일,경상남도 밀양시 삼문동,경상사고,0,0,1,0,차대차 - 측면직각충돌,안전운전불이행,건조,맑음,교차로 - 교차로안,승용,남,49세,상해없음,승용,남,46세,경상
2016041500100711,2016년 4월 15일 23시,금요일,경상남도 양산시 북부동,경상사고,0,0,1,0,차대사람 - 차도통행중,안전운전불이행,건조,맑음,기타 - 기타,승용,남,26세,상해없음,보행자,남,23세,경상
2016041500100712,2016년 4월 15일 23시,금요일,경상남도 거제시 장평동,중상사고,0,1,0,0,차대차 - 기타,안전운전불이행,건조,맑음,단일로 - 기타,이륜,남,47세,상해없음,자전거,남,33세,중상
2016041600100012,2016년 4월 16일 00시,토요일,경상남도 창원시 의창구 명서동,사망사고,1,0,0,0,차대차 - 측면직각충돌,교차로운행방법위반,건조,맑음,교차로 - 교차로안,이륜,남,51세,사망,화물,남,53세,상해없음
2016041600100042,2016년 4월 16일 01시,토요일,경상남도 양산시 중부동,부상신고사고,0,0,0,1,차대차 - 측면충돌,안전거리미확보,건조,맑음,단일로 - 기타,승용,남,19세,상해없음,승용,남,68세,부상신고
2016041600100079,2016년 4월 16일 03시,토요일,경상남도 함안군 가야읍,경상사고,0,0,2,1,차대차 - 추돌,안전운전불이행,건조,맑음,단일로 - 기타,승용,남,41세,상해없음,승용,남,22세,경상
2016041600100118,2016년 4월 16일 06시,토요일,경상남도 창원시 성산구 상남동,중상사고,0,1,1,0,차대차 - 정면충돌,안전운전불이행,건조,맑음,단일로 - 기타,승용,남,30세,상해없음,승용,남,24세,경상
2016041600100129,2016년 4월 16일 07시,토요일,경상남도 사천시 벌리동,중상사고,0,1,0,0,차대사람 - 횡단중,안전운전불이행,건조,흐림,교차로 - 교차로안,승용,여,23세,상해없음,보행자,여,77세,중상
2016041600100159,2016년 4월 16일 08시,토요일,경상남도 합천군 대양면,중상사고,0,1,0,0,차대차 - 추돌,안전운전불이행,건조,맑음,단일로 - 교량,화물,남,61세,상해없음,승용,남,40세,중상
2016041600100214,2016년 4월 16일 10시,토요일,경상남도 함안군 산인면,중상사고,0,1,0,0,차대차 - 측면충돌,안전운전불이행,건조,맑음,기타 - 기타,승용,여,50세,상해없음,이륜,남,84세,중상
2016041600100234,2016년 4월 16일 11시,토요일,경상남도 밀양시 상동면,중상사고,0,1,2,0,차대차 - 추돌,안전거리미확보,건조,흐림,단일로 - 기타,승용,남,33세,상해없음,승용,여,40세,경상
2016041600100253,2016년 4월 16일 11시,토요일,경상남도 통영시 광도면,경상사고,0,0,1,0,차대차 - 측면직각충돌,안전운전불이행,건조,맑음,단일로 - 기타,화물,남,70세,상해없음,승용,남,26세,경상
2016041600100254,2016년 4월 16일 11시,토요일,경상남도 거제시 사등면,중상사고,0,1,0,0,차량단독 - 전도전복,안전운전불이행,건조,맑음,단일로 - 기타,승용,남,23세,상해없음,,,,
2016041600100255,2016년 4월 16일 11시,토요일,경상남도 창원시 마산회원구 회원동,경상사고,0,0,1,0,차대사람 - 횡단중,안전운전불이행,건조,맑음,교차로 - 교차로부근,이륜,남,35세,상해없음,보행자,여,73세,경상
2016041600100256,2016년 4월 16일 11시,토요일,경상남도 창원시 의창구 팔용동,경상사고,0,0,1,0,차대차 - 측면충돌,차로위반,건조,맑음,단일로 - 횡단보도상,승용,여,20세,상해없음,승용,여,34세,경상
2016041600100281,2016년 4월 16일 12시,토요일,경상남도 고성군 고성읍,중상사고,0,1,0,0,차대차 - 측면충돌,안전운전불이행,건조,맑음,단일로 - 기타,승용,여,46세,상해없음,원동기,남,20세,중상
2016041600100312,2016년 4월 16일 13시,토요일,경상남도 창원시 진해구 자은동,중상사고,0,1,2,0,차대차 - 측면직각충돌,신호위반,건조,흐림,교차로 - 교차로안,화물,여,66세,상해없음,승용,여,46세,경상
2016041600100313,2016년 4월 16일 13시,토요일,경상남도 사천시 동금동,중상사고,0,1,0,0,차대차 - 측면충돌,교차로운행방법위반,건조,맑음,교차로 - 교차로안,화물,남,63세,기타불명,이륜,남,54세,중상
2016041600100314,2016년 4월 16일 13시,토요일,경상남도 김해시 내동,중상사고,0,1,0,0,차대차 - 기타,안전운전불이행,건조,맑음,교차로 - 교차로안,승용,남,35세,상해없음,자전거,남,65세,중상
2016041600100315,2016년 4월 16일 13시,토요일,경상남도 창원시 성산구 남양동,경상사고,0,0,1,0,차대차 - 기타,안전운전불이행,건조,맑음,단일로 - 기타,화물,남,22세,상해없음,원동기,남,16세,경상
2016041600100353,2016년 4월 16일 14시,토요일,경상남도 김해시 삼방동,경상사고,0,0,1,0,차대사람 - 횡단중,안전운전불이행,건조,맑음,단일로 - 기타,승용,남,44세,상해없음,보행자,여,56세,경상
2016041600100354,2016년 4월 16일 14시,토요일,경상남도 양산시 중부동,부상신고사고,0,0,0,2,차대사람 - 횡단중,안전운전불이행,건조,맑음,기타 - 기타,승용,남,39세,상해없음,보행자,여,74세,부상신고
2016041600100355,2016년 4월 16일 14시,토요일,경상남도 창원시 의창구 봉곡동,경상사고,0,0,2,0,차대사람 - 기타,안전운전불이행,건조,맑음,단일로 - 기타,승용,여,49세,기타불명,보행자,여,12세,경상
2016041600100387,2016년 4월 16일 15시,토요일,경상남도 거제시 일운면,중상사고,0,3,0,0,차대차 - 추돌,안전운전불이행,건조,맑음,단일로 - 기타,승용,남,58세,중상,승용,남,44세,상해없음
2016041600100419,2016년 4월 16일 16시,토요일,경상남도 창원시 진해구 경화동,경상사고,0,0,1,0,차대사람 - 차도통행중,안전운전불이행,건조,맑음,단일로 - 기타,승용,남,52세,상해없음,보행자,여,43세,경상
2016041600100420,2016년 4월 16일 16시,토요일,경상남도 사천시 사남면,중상사고,0,1,0,0,차대차 - 측면충돌,신호위반,습기,비,교차로 - 교차로안,승용,여,40세,상해없음,승용,남,30세,중상
2016041600100421,2016년 4월 16일 16시,토요일,경상남도 밀양시 무안면,경상사고,0,0,1,0,차대차 - 정면충돌,안전운전불이행,건조,맑음,교차로 - 교차로안,화물,남,60세,상해없음,승용,남,37세,경상
2016041600100422,2016년 4월 16일 16시,토요일,경상남도 창원시 성산구 대방동,경상사고,0,0,1,0,차대사람 - 횡단중,안전운전불이행,건조,맑음,단일로 - 기타,승용,남,39세,상해없음,보행자,남,12세,경상
2016041600100463,2016년 4월 16일 17시,토요일,경상남도 창원시 성산구 상남동,중상사고,0,1,0,0,차대사람 - 횡단중,안전운전불이행,건조,맑음,단일로 - 기타,승용,남,53세,상해없음,보행자,여,43세,중상
2016041600100498,2016년 4월 16일 18시,토요일,경상남도 김해시 내동,경상사고,0,0,1,0,차대차 - 측면충돌,교차로운행방법위반,습기,비,교차로 - 교차로부근,승용,남,71세,상해없음,화물,남,38세,경상
2016041600100499,2016년 4월 16일 18시,토요일,경상남도 양산시 중부동,경상사고,0,0,1,0,차대차 - 기타,안전운전불이행,건조,맑음,기타 - 기타,승용,남,57세,기타불명,승용,여,37세,기타불명
2016041600100500,2016년 4월 16일 18시,토요일,경상남도 함안군 칠원읍,중상사고,0,3,2,0,차대차 - 기타,안전운전불이행,건조,맑음,단일로 - 기타,화물,남,29세,상해없음,승용,여,33세,경상
2016041600100555,2016년 4월 16일 19시,토요일,경상남도 창원시 마산합포구 자산동,중상사고,0,1,0,0,차대차 - 정면충돌,안전운전불이행,습기,비,교차로 - 교차로안,승용,남,63세,상해없음,승용,남,42세,중상
2016041600100556,2016년 4월 16일 19시,토요일,경상남도 진주시 옥봉동,중상사고,0,1,0,0,차대차 - 측면직각충돌,중앙선침범,습기,비,교차로 - 교차로부근,승용,남,33세,상해없음,화물,남,51세,상해없음
2016041600100557,2016년 4월 16일 19시,토요일,경상남도 창원시 성산구 사파동,중상사고,0,1,1,0,차대사람 - 횡단중,신호위반,습기,비,단일로 - 횡단보도상,원동기,남,19세,상해없음,보행자,여,53세,중상
2016041600100558,2016년 4월 16일 19시,토요일,경상남도 김해시 진영읍,경상사고,0,0,3,0,차대차 - 측면충돌,안전운전불이행,습기,비,단일로 - 기타,승합,남,38세,경상,승용,남,45세,경상
2016041600100612,2016년 4월 16일 20시,토요일,경상남도 통영시 북신동,중상사고,0,1,0,0,차대사람 - 횡단중,보행자보호의무위반,습기,비,단일로 - 횡단보도상,승용,남,44세,상해없음,보행자,여,46세,중상
2016041600100613,2016년 4월 16일 20시,토요일,경상남도 사천시 사천읍,경상사고,0,0,1,0,차대사람 - 차도통행중,안전운전불이행,습기,비,단일로 - 기타,승용,남,25세,상해없음,보행자,남,45세,경상
2016041600100614,2016년 4월 16일 20시,토요일,경상남도 밀양시 상남면,경상사고,0,0,1,0,차대차 - 측면직각충돌,신호위반,습기,비,교차로 - 교차로안,승용,남,37세,상해없음,승용,여,39세,상해없음
2016041600100615,2016년 4월 16일 20시,토요일,경상남도 거제시 옥포동,중상사고,0,1,0,0,차대차 - 추돌,안전운전불이행,습기,비,단일로 - 기타,승용,남,46세,상해없음,승용,남,44세,중상
2016041600100616,2016년 4월 16일 20시,토요일,경상남도 창원시 성산구 가음정동,경상사고,0,0,2,0,차대차 - 추돌,안전운전불이행,습기,비,교차로 - 교차로부근,기타불명,기타불명,기타불명,기타불명,승용,남,36세,경상
2016041600100617,2016년 4월 16일 20시,토요일,경상남도 창원시 마산회원구 구암동,경상사고,0,0,1,0,차대사람 - 횡단중,안전운전불이행,습기,비,교차로 - 교차로부근,승용,남,41세,상해없음,보행자,남,15세,경상
2016041600100618,2016년 4월 16일 20시,토요일,경상남도 창원시 마산회원구 내서읍,중상사고,0,1,0,0,차량단독 - 기타,기타,습기,비,단일로 - 기타,승합,남,49세,상해없음,,,,
2016041600100683,2016년 4월 16일 21시,토요일,경상남도 김해시 삼계동,중상사고,0,1,0,0,차대차 - 기타,안전운전불이행,습기,비,단일로 - 기타,승용,남,46세,중상,화물,남,47세,상해없음
2016041600100684,2016년 4월 16일 21시,토요일,경상남도 김해시 상동면,중상사고,0,2,1,0,차대차 - 기타,중앙선침범,습기,비,단일로 - 기타,화물,남,46세,중상,승용,남,51세,경상
2016041600100685,2016년 4월 16일 21시,토요일,경상남도 거제시 아주동,경상사고,0,0,1,0,차대차 - 기타,중앙선침범,습기,비,단일로 - 기타,승용,남,35세,상해없음,승용,남,41세,경상
2016041600100686,2016년 4월 16일 21시,토요일,경상남도 창원시 의창구 봉곡동,중상사고,0,1,0,0,차대차 - 측면충돌,안전거리미확보,습기,비,단일로 - 기타,승용,남,64세,상해없음,이륜,남,24세,중상
2016041600100751,2016년 4월 16일 22시,토요일,경상남도 진주시 가좌동,부상신고사고,0,0,0,1,차량단독 - 전도전복,안전운전불이행,습기,비,단일로 - 기타,승용,남,49세,부상신고,,,,
2016041600100752,2016년 4월 16일 22시,토요일,경상남도 통영시 무전동,중상사고,0,1,0,0,차대사람 - 횡단중,안전운전불이행,습기,비,단일로 - 횡단보도상,원동기,남,17세,상해없음,보행자,여,54세,중상
2016041600100753,2016년 4월 16일 22시,토요일,경상남도 거제시 아주동,경상사고,0,0,1,0,차대차 - 측면직각충돌,안전운전불이행,습기,비,교차로 - 교차로안,승용,여,57세,경상,승용,남,34세,상해없음
2016041600100754,2016년 4월 16일 22시,토요일,경상남도 진주시 지수면,경상사고,0,0,3,0,차대차 - 측면충돌,안전운전불이행,습기,비,단일로 - 기타,승용,남,22세,기타불명,승용,여,48세,경상
2016041600100796,2016년 4월 16일 23시,토요일,경상남도 진주시 사봉면,경상사고,0,0,1,0,차량단독 - 전도전복,안전운전불이행,습기,비,단일로 - 기타,승용,여,63세,경상,,,,
2016041600100797,2016년 4월 16일 23시,토요일,경상남도 김해시 어방동,경상사고,0,0,2,0,차대차 - 추돌,안전거리미확보,습기,비,교차로 - 교차로부근,승용,남,55세,상해없음,승용,남,25세,경상
2016041600100798,2016년 4월 16일 23시,토요일,경상남도 거제시 고현동,경상사고,0,0,2,0,차대차 - 정면충돌,중앙선침범,습기,비,교차로 - 교차로부근,승용,남,42세,기타불명,승용,남,47세,경상
2016041700100033,2016년 4월 17일 00시,일요일,경상남도 진주시 평안동,중상사고,0,1,0,0,차대사람 - 기타,안전운전불이행,건조,맑음,단일로 - 기타,승용,남,41세,상해없음,보행자,남,26세,중상
2016041700100034,2016년 4월 17일 00시,일요일,경상남도 밀양시 삼문동,중상사고,0,1,2,0,차대차 - 정면충돌,안전운전불이행,습기,비,교차로 - 교차로안,승용,남,28세,상해없음,승용,여,43세,경상
2016041700100035,2016년 4월 17일 00시,일요일,경상남도 양산시 물금읍,중상사고,0,1,0,0,차대사람 - 횡단중,보행자보호의무위반,습기,비,단일로 - 횡단보도상,승합,남,38세,상해없음,보행자,남,42세,중상
2016041700100036,2016년 4월 17일 00시,일요일,경상남도 양산시 동면,중상사고,0,1,0,0,차대차 - 정면충돌,안전운전불이행,습기,비,기타 - 기타,승용,남,47세,상해없음,승용,남,26세,중상
2016041700100037,2016년 4월 17일 00시,일요일,경상남도 창원시 마산합포구 산호동,중상사고,0,1,3,0,차대차 - 정면충돌,안전운전불이행,습기,비,단일로 - 기타,승용,남,24세,상해없음,승용,여,29세,중상
2016041700100038,2016년 4월 17일 00시,일요일,경상남도 창원시 의창구 팔용동,중상사고,0,1,0,0,차대차 - 측면충돌,안전거리미확보,습기,비,단일로 - 기타,승용,남,53세,상해없음,이륜,남,42세,중상
2016041700100039,2016년 4월 17일 00시,일요일,경상남도 창원시 의창구 명서동,중상사고,0,1,1,0,차대차 - 정면충돌,중앙선침범,습기,비,단일로 - 기타,승합,남,42세,상해없음,화물,남,68세,중상
2016041700100084,2016년 4월 17일 01시,일요일,경상남도 통영시 미수동,경상사고,0,0,1,0,차대차 - 정면충돌,교차로운행방법위반,습기,비,교차로 - 교차로안,승합,남,56세,상해없음,승용,남,56세,경상
2016041700100085,2016년 4월 17일 01시,일요일,경상남도 거제시 아주동,경상사고,0,0,2,0,차대차 - 추돌,안전운전불이행,습기,비,단일로 - 기타,승용,남,50세,상해없음,승용,남,56세,경상