사고번호,사고일시,요일,시군구,사고내용,사망자수,중상자수,경상자수,부상신고자수,사고유형,법규위반,노면상태,기상상태,도로형태,가해운전자 차종,가해운전자 성별,가해운전자 연령,가해운전자 상해정도,피해운전자 차종,피해운전자 성별,피해운전자 연령,피해운전자 상해정도
2016041700100111,2016년 4월 17일 02시,일요일,경상남도 양산시 북부동,경상사고,0,0,2,0,차대차 - 정면충돌,중앙선침범,습기,비,교차로 - 교차로안,승용,남,33세,기타불명,승용,남,27세,경상
2016041700100112,2016년 4월 17일 02시,일요일,경상남도 거제시 상동동,중상사고,0,1,0,0,차량단독 - 전도전복,안전운전불이행,습기,비,단일로 - 기타,승용,남,37세,상해없음,,,,
2016041700100113,2016년 4월 17일 02시,일요일,경상남도 창원시 마산회원구 합성동,경상사고,0,0,3,0,차대차 - 추돌,안전운전불이행,습기,비,교차로 - 교차로부근,승용,남,26세,상해없음,승용,남,24세,경상
2016041700100136,2016년 4월 17일 03시,일요일,경상남도 진주시 가좌동,중상사고,0,1,0,0,차대차 - 측면충돌,신호위반,습기,비,교차로 - 교차로안,원동기,남,22세,상해없음,승용,남,25세,기타불명
2016041700100179,2016년 4월 17일 06시,일요일,경상남도 창원시 마산회원구 봉암동,중상사고,0,1,1,0,차대차 - 측면충돌,안전운전불이행,습기,비,단일로 - 기타,승용,남,55세,상해없음,승용,남,41세,경상
2016041700100180,2016년 4월 17일 06시,일요일,경상남도 김해시 명법동,중상사고,0,1,0,0,차대차 - 측면충돌,신호위반,건조,맑음,교차로 - 교차로부근,승용,남,26세,상해없음,화물,남,26세,중상
2016041700100220,2016년 4월 17일 10시,일요일,경상남도 밀양시 내이동,중상사고,0,1,0,0,차대차 - 측면직각충돌,교차로운행방법위반,건조,맑음,교차로 - 교차로안,승용,남,55세,상해없음,이륜,남,83세,중상
2016041700100234,2016년 4월 17일 11시,일요일,경상남도 김해시 내동,중상사고,0,3,0,0,차대차 - 추돌,안전거리미확보,건조,맑음,교차로 - 교차로부근,화물,남,62세,상해없음,승용,남,52세,중상
2016041700100235,2016년 4월 17일 11시,일요일,경상남도 창원시 성산구 중앙동,중상사고,0,1,0,0,차대차 - 추돌,안전운전불이행,건조,맑음,교차로 - 교차로안,승용,남,46세,상해없음,자전거,남,72세,중상
2016041700100254,2016년 4월 17일 12시,일요일,경상남도 산청군 단성면,경상사고,0,0,2,0,차대차 - 추돌,안전운전불이행,건조,맑음,교차로 - 교차로부근,승용,남,77세,상해없음,승용,남,33세,경상
2016041700100289,2016년 4월 17일 13시,일요일,경상남도 사천시 동금동,부상신고사고,0,0,0,1,차대사람 - 횡단중,보행자보호의무위반,건조,맑음,단일로 - 횡단보도상,승용,남,56세,상해없음,보행자,남,84세,부상신고
2016041700100290,2016년 4월 17일 13시,일요일,경상남도 양산시 중부동,경상사고,0,0,1,0,차대차 - 측면충돌,안전운전불이행,건조,맑음,단일로 - 기타,승용,남,58세,상해없음,이륜,남,53세,경상
2016041700100291,2016년 4월 17일 13시,일요일,경상남도 거제시 일운면,경상사고,0,0,2,0,차대차 - 기타,안전운전불이행,건조,맑음,단일로 - 기타,승용,남,54세,상해없음,이륜,남,23세,경상
2016041700100417,2016년 4월 17일 17시,일요일,경상남도 창원시 마산합포구 중앙동1가,경상사고,0,0,1,0,차대차 - 측면충돌,교차로운행방법위반,건조,맑음,교차로 - 교차로부근,승용,남,57세,상해없음,원동기,남,26세,경상
2016041700100418,2016년 4월 17일 17시,일요일,경상남도 진주시 평거동,경상사고,0,0,1,0,차대차 - 측면충돌,직진우회전진행방해,건조,맑음,교차로 - 교차로안,승용,남,35세,상해없음,자전거,남,14세,경상
2016041700100419,2016년 4월 17일 17시,일요일,경상남도 창원시 진해구 여좌동,중상사고,0,1,0,0,차대차 - 추돌,차로위반,건조,맑음,기타 - 기타,승용,남,60세,상해없음,이륜,남,25세,중상
2016041700100420,2016년 4월 17일 17시,일요일,경상남도 통영시 광도면,경상사고,0,0,1,0,차대사람 - 횡단중,안전운전불이행,건조,맑음,단일로 - 기타,승용,여,34세,상해없음,보행자,여,10세,경상
2016041700100421,2016년 4월 17일 17시,일요일,경상남도 창원시 의창구 동읍,경상사고,0,0,2,0,차대차 - 추돌,안전운전불이행,건조,맑음,교차로 - 교차로부근,승용,남,53세,상해없음,승용,여,56세,경상
2016041700100444,2016년 4월 17일 18시,일요일,경상남도 김해시 내동,경상사고,0,0,2,0,차대차 - 추돌,안전거리미확보,건조,맑음,단일로 - 기타,승용,남,36세,상해없음,승용,남,59세,경상
2016041700100475,2016년 4월 17일 19시,일요일,경상남도 김해시 외동,중상사고,0,2,1,0,차대차 - 추돌,안전운전불이행,건조,맑음,교차로 - 교차로부근,승용,남,63세,상해없음,승용,남,44세,경상
2016041700100508,2016년 4월 17일 20시,일요일,경상남도 김해시 외동,중상사고,0,1,0,0,차대차 - 측면직각충돌,불법유턴,건조,맑음,교차로 - 교차로부근,자전거,남,43세,중상,승용,남,32세,상해없음
2016041700100535,2016년 4월 17일 21시,일요일,경상남도 합천군 합천읍,중상사고,0,1,2,0,차대차 - 측면직각충돌,교차로운행방법위반,건조,맑음,교차로 - 교차로안,승용,여,42세,상해없음,승용,남,35세,상해없음
2016041700100536,2016년 4월 17일 21시,일요일,경상남도 산청군 단성면,중상사고,0,1,0,0,차량단독 - 전도전복,안전운전불이행,건조,맑음,단일로 - 기타,승용,여,51세,중상,,,,
2016041700100558,2016년 4월 17일 22시,일요일,경상남도 양산시 삼호동,경상사고,0,0,1,0,차대차 - 측면충돌,직진우회전진행방해,건조,맑음,교차로 - 교차로안,화물,남,36세,상해없음,승용,여,31세,경상
2016041700100559,2016년 4월 17일 22시,일요일,경상남도 창원시 마산회원구 합성동,중상사고,0,1,0,0,차대차 - 측면충돌,안전운전불이행,건조,맑음,단일로 - 기타,이륜,남,20세,중상,승용,남,61세,상해없음
2016041800100006,2016년 4월 18일 00시,월요일,경상남도 남해군 남면,사망사고,1,0,0,0,차량단독 - 전도전복,안전운전불이행,건조,맑음,교차로 - 교차로안,이륜,남,36세,사망,,,,
2016041800100015,2016년 4월 18일 02시,월요일,경상남도 김해시 동상동,경상사고,0,0,1,0,차대사람 - 기타,안전운전불이행,건조,맑음,단일로 - 기타,승용,남,56세,상해없음,보행자,남,27세,경상
2016041800100029,2016년 4월 18일 05시,월요일,경상남도 김해시 삼정동,중상사고,0,2,1,0,차대차 - 기타,신호위반,건조,맑음,교차로 - 교차로안,승용,남,44세,상해없음,승용,남,38세,중상
2016041800100058,2016년 4월 18일 07시,월요일,경상남도 사천시 정동면,경상사고,0,0,1,0,차대차 - 측면직각충돌,안전운전불이행,건조,맑음,단일로 - 기타,승용,남,63세,상해없음,승용,남,33세,경상
2016041800100059,2016년 4월 18일 07시,월요일,경상남도 창원시 성산구 양곡동,경상사고,0,0,1,0,차대차 - 측면충돌,안전거리미확보,건조,맑음,단일로 - 기타,승용,남,63세,상해없음,화물,남,49세,경상
2016041800100109,2016년 4월 18일 08시,월요일,경상남도 밀양시 부북면,경상사고,0,0,2,3,차대차 - 추돌,안전거리미확보,건조,맑음,단일로 - 교량,승용,여,33세,상해없음,승용,남,50세,상해없음
2016041800100158,2016년 4월 18일 09시,월요일,경상남도 사천시 벌리동,경상사고,0,0,1,0,차대차 - 측면직각충돌,안전운전불이행,건조,맑음,교차로 - 교차로안,화물,남,60세,상해없음,승용,여,32세,경상
2016041800100159,2016년 4월 18일 09시,월요일,경상남도 김해시 지내동,중상사고,0,1,0,0,차대사람 - 횡단중,안전운전불이행,건조,맑음,단일로 - 기타,화물,남,40세,상해없음,보행자,여,62세,중상
2016041800100190,2016년 4월 18일 10시,월요일,경상남도 창원시 의창구 팔용동,사망사고,1,0,0,0,차량단독 - 기타,안전운전불이행,건조,맑음,교차로 - 교차로안,원동기,남,71세,사망,,,,
2016041800100222,2016년 4월 18일 11시,월요일,경상남도 창원시 마산합포구 완월동,경상사고,0,0,1,0,차대차 - 추돌,안전운전불이행,건조,맑음,교차로 - 교차로안,승합,남,61세,상해없음,승용,여,33세,경상
2016041800100223,2016년 4월 18일 11시,월요일,경상남도 진주시 남성동,중상사고,0,1,0,0,차대사람 - 횡단중,안전운전불이행,건조,맑음,단일로 - 기타,승용,남,53세,상해없음,보행자,남,74세,중상
2016041800100224,2016년 4월 18일 11시,월요일,경상남도 통영시 도산면,경상사고,0,0,2,0,차대차 - 측면직각충돌,안전운전불이행,건조,맑음,단일로 - 기타,특수,남,55세,상해없음,승용,남,41세,경상
2016041800100225,2016년 4월 18일 11시,월요일,경상남도 하동군 옥종면,중상사고,0,1,0,0,차대차 - 측면충돌,안전운전불이행,건조,맑음,단일로 - 기타,화물,남,30세,상해없음,농기계,남,80세,중상
2016041800100253,2016년 4월 18일 12시,월요일,경상남도 김해시 상동면,중상사고,0,1,2,0,차대차 - 정면충돌,중앙선침범,건조,맑음,단일로 - 기타,화물,남,31세,상해없음,승용,여,45세,경상
2016041800100254,2016년 4월 18일 12시,월요일,경상남도 창원시 마산회원구 석전동,중상사고,0,1,0,0,차대사람 - 횡단중,신호위반,건조,맑음,교차로 - 교차로부근,승용,여,60세,상해없음,보행자,여,65세,중상
2016041800100288,2016년 4월 18일 13시,월요일,경상남도 통영시 미수동,중상사고,0,1,0,0,차대사람 - 횡단중,안전운전불이행,건조,맑음,교차로 - 교차로안,승용,남,68세,상해없음,보행자,여,76세,중상
2016041800100321,2016년 4월 18일 14시,월요일,경상남도 통영시 무전동,중상사고,0,5,1,0,차대차 - 측면직각충돌,안전운전불이행,건조,맑음,교차로 - 교차로안,승합,남,59세,상해없음,승용,여,56세,중상
2016041800100322,2016년 4월 18일 14시,월요일,경상남도 의령군 의령읍,경상사고,0,0,1,0,차대차 - 추돌,안전운전불이행,건조,맑음,단일로 - 기타,건설기계,남,50세,경상,화물,남,83세,상해없음
2016041800100323,2016년 4월 18일 14시,월요일,경상남도 창원시 성산구 반림동,중상사고,0,1,0,0,차대차 - 기타,안전운전불이행,건조,맑음,단일로 - 횡단보도부근,승합,남,53세,상해없음,승용,남,31세,상해없음
2016041800100370,2016년 4월 18일 15시,월요일,경상남도 김해시 삼정동,경상사고,0,0,1,0,차대사람 - 횡단중,중앙선침범,건조,맑음,단일로 - 기타,승용,남,51세,상해없음,보행자,여,36세,경상
2016041800100371,2016년 4월 18일 15시,월요일,경상남도 합천군 봉산면,경상사고,0,0,1,0,차대차 - 기타,안전운전불이행,건조,맑음,교차로 - 교차로안,농기계,남,79세,경상,화물,남,56세,상해없음
2016041800100372,2016년 4월 18일 15시,월요일,경상남도 거제시 옥포동,중상사고,0,1,0,0,차대사람 - 횡단중,보행자보호의무위반,건조,맑음,단일로 - 횡단보도상,승용,여,38세,상해없음,보행자,여,57세,중상
2016041800100373,2016년 4월 18일 15시,월요일,경상남도 의령군 부림면,중상사고,0,1,0,0,차대차 - 측면직각충돌,안전운전불이행,건조,맑음,단일로 - 기타,승용,여,20세,상해없음,자전거,여,72세,중상
2016041800100408,2016년 4월 18일 16시,월요일,경상남도 창원시 마산합포구 두월동3가,경상사고,0,0,1,0,차대차 - 측면충돌,안전운전불이행,건조,맑음,교차로 - 교차로안,승용,남,59세,상해없음,원동기,남,39세,경상
2016041800100409,2016년 4월 18일 16시,월요일,경상남도 창원시 의창구 북면,중상사고,0,1,0,0,차대차 - 정면충돌,안전운전불이행,건조,맑음,교차로 - 교차로부근,승용,남,27세,상해없음,원동기,여,75세,중상
2016041800100455,2016년 4월 18일 17시,월요일,경상남도 통영시 광도면,경상사고,0,0,1,0,차대차 - 측면직각충돌,안전운전불이행,건조,맑음,교차로 - 교차로안,승용,여,40세,상해없음,승용,여,58세,상해없음
2016041800100456,2016년 4월 18일 17시,월요일,경상남도 사천시 용현면,경상사고,0,0,1,0,차대차 - 추돌,안전운전불이행,건조,맑음,단일로 - 기타,승용,여,53세,경상,건설기계,남,34세,상해없음
2016041800100457,2016년 4월 18일 17시,월요일,경상남도 사천시 서포면,경상사고,0,0,1,0,차대차 - 측면직각충돌,안전운전불이행,건조,맑음,단일로 - 기타,이륜,여,55세,경상,승용,남,52세,상해없음
2016041800100512,2016년 4월 18일 18시,월요일,경상남도 김해시 구산동,경상사고,0,0,2,0,차대차 - 추돌,안전운전불이행,건조,맑음,단일로 - 기타,승용,남,56세,상해없음,승용,여,55세,경상
2016041800100544,2016년 4월 18일 19시,월요일,경상남도 창원시 진해구 자은동,중상사고,0,1,0,0,차대사람 - 차도통행중,안전운전불이행,건조,맑음,교차로 - 교차로부근,승용,남,26세,상해없음,보행자,남,84세,중상
2016041800100619,2016년 4월 18일 21시,월요일,경상남도 양산시 동면,경상사고,0,0,3,0,차대차 - 측면충돌,안전거리미확보,건조,맑음,단일로 - 기타,승용,남,30세,상해없음,승용,남,35세,경상
2016041800100644,2016년 4월 18일 22시,월요일,경상남도 김해시 동상동,경상사고,0,0,2,1,차대차 - 측면충돌,불법유턴,건조,맑음,단일로 - 기타,승용,여,52세,부상신고,승용,남,59세,경상
2016041900100022,2016년 4월 19일 01시,화요일,경상남도 진주시 본성동,경상사고,0,0,2,0,차대차 - 측면직각충돌,신호위반,건조,맑음,교차로 - 교차로안,승합,남,48세,상해없음,승용,남,19세,경상
2016041900100031,2016년 4월 19일 02시,화요일,경상남도 진주시 상평동,중상사고,0,1,1,0,차량단독 - 전도전복,안전운전불이행,건조,맑음,단일로 - 기타,이륜,남,24세,중상,,,,
2016041900100039,2016년 4월 19일 03시,화요일,경상남도 김해시 어방동,경상사고,0,0,1,0,차대차 - 측면직각충돌,안전운전불이행,건조,맑음,단일로 - 기타,이륜,남,54세,경상,승합,기타불명,기타불명,기타불명
2016041900100046,2016년 4월 19일 04시,화요일,경상남도 사천시 서동,중상사고,0,1,0,0,차대사람 - 길가장자리구역통행중,안전운전불이행,건조,맑음,교차로 - 교차로안,승용,남,68세,상해없음,보행자,여,64세,중상
2016041900100061,2016년 4월 19일 06시,화요일,경상남도 창원시 마산합포구 중앙동3가,중상사고,0,1,1,0,차대차 - 추돌,안전운전불이행,건조,맑음,교차로 - 교차로부근,승용,남,25세,경상,승용,남,36세,중상
2016041900100083,2016년 4월 19일 07시,화요일,경상남도 김해시 삼계동,경상사고,0,0,1,0,차대차 - 기타,차로위반,건조,맑음,단일로 - 기타,화물,남,51세,상해없음,승용,남,30세,경상
2016041900100084,2016년 4월 19일 07시,화요일,경상남도 창녕군 창녕읍,중상사고,0,1,0,0,차대차 - 측면직각충돌,안전운전불이행,건조,맑음,교차로 - 교차로부근,승용,남,87세,상해없음,승용,남,36세,중상
2016041900100085,2016년 4월 19일 07시,화요일,경상남도 고성군 마암면,경상사고,0,0,2,0,차대차 - 측면충돌,안전운전불이행,건조,맑음,교차로 - 교차로안,승합,남,58세,상해없음,승용,남,56세,경상
2016041900100086,2016년 4월 19일 07시,화요일,경상남도 창원시 마산회원구 양덕동,중상사고,0,1,0,0,차대차 - 측면충돌,안전운전불이행,건조,맑음,교차로 - 교차로안,화물,남,64세,상해없음,자전거,여,58세,중상
2016041900100128,2016년 4월 19일 08시,화요일,경상남도 양산시 어곡동,경상사고,0,0,3,0,차대차 - 측면충돌,안전운전불이행,건조,맑음,단일로 - 기타,승용,여,50세,상해없음,승용,여,37세,경상
2016041900100129,2016년 4월 19일 08시,화요일,경상남도 창원시 마산회원구 양덕동,중상사고,0,1,0,0,차대차 - 측면충돌,안전운전불이행,건조,맑음,단일로 - 횡단보도상,이륜,기타불명,기타불명,기타불명,자전거,남,33세,중상
2016041900100172,2016년 4월 19일 10시,화요일,경상남도 창원시 진해구 경화동,경상사고,0,0,1,0,차대차 - 측면충돌,안전거리미확보,건조,맑음,기타 - 기타,승용,남,37세,상해없음,승용,여,56세,경상
2016041900100173,2016년 4월 19일 10시,화요일,경상남도 사천시 벌리동,중상사고,0,1,0,0,차대사람 - 횡단중,안전운전불이행,건조,맑음,교차로 - 교차로안,승용,남,58세,상해없음,보행자,남,78세,중상
2016041900100207,2016년 4월 19일 11시,화요일,경상남도 김해시 이동,경상사고,0,0,1,0,차대차 - 측면충돌,안전운전불이행,건조,맑음,교차로 - 교차로부근,건설기계,남,65세,상해없음,화물,남,46세,경상
2016041900100240,2016년 4월 19일 12시,화요일,경상남도 창원시 진해구 안골동,부상신고사고,0,0,0,1,차대사람 - 길가장자리구역통행중,안전운전불이행,건조,맑음,교차로 - 교차로부근,기타불명,기타불명,기타불명,기타불명,보행자,여,31세,부상신고
2016041900100241,2016년 4월 19일 12시,화요일,경상남도 사천시 서포면,중상사고,0,2,1,0,차대차 - 측면충돌,직진우회전진행방해,건조,맑음,교차로 - 교차로안,화물,남,59세,경상,승용,남,37세,중상
2016041900100242,2016년 4월 19일 12시,화요일,경상남도 밀양시 하남읍,중상사고,0,1,0,0,차대사람 - 차도통행중,안전운전불이행,건조,맑음,교차로 - 교차로안,화물,남,52세,상해없음,보행자,남,46세,중상
2016041900100243,2016년 4월 19일 12시,화요일,경상남도 함안군 칠원읍,경상사고,0,0,2,0,차대차 - 측면직각충돌,안전운전불이행,건조,맑음,단일로 - 기타,승용,여,37세,상해없음,화물,남,24세,경상
2016041900100244,2016년 4월 19일 12시,화요일,경상남도 김해시 장유면,경상사고,0,0,1,0,차대차 - 측면충돌,차로위반,건조,맑음,단일로 - 기타,승용,남,34세,상해없음,승합,남,55세,상해없음
2016041900100274,2016년 4월 19일 13시,화요일,경상남도 합천군 묘산면,중상사고,0,1,0,0,차대차 - 정면충돌,안전운전불이행,건조,맑음,교차로 - 교차로안,화물,남,61세,상해없음,이륜,남,76세,중상
2016041900100275,2016년 4월 19일 13시,화요일,경상남도 창녕군 남지읍,중상사고,0,1,0,0,차대차 - 기타,안전운전불이행,건조,맑음,단일로 - 기타,자전거,여,48세,중상,승합,남,66세,상해없음
2016041900100310,2016년 4월 19일 14시,화요일,경상남도 거제시 사등면,경상사고,0,0,1,0,차대차 - 측면충돌,안전운전불이행,건조,맑음,교차로 - 교차로부근,화물,남,58세,상해없음,승용,남,74세,경상
2016041900100311,2016년 4월 19일 14시,화요일,경상남도 창원시 마산회원구 양덕동,경상사고,0,0,1,0,차대사람 - 기타,안전운전불이행,건조,맑음,기타 - 기타,승용,여,57세,상해없음,보행자,여,68세,경상
2016041900100312,2016년 4월 19일 14시,화요일,경상남도 창원시 의창구 도계동,중상사고,0,1,0,0,차대차 - 추돌,안전운전불이행,건조,맑음,교차로 - 교차로부근,화물,남,51세,상해없음,승용,여,58세,중상
2016041900100342,2016년 4월 19일 15시,화요일,경상남도 진주시 강남동,중상사고,0,1,0,0,차대사람 - 횡단중,안전운전불이행,건조,맑음,단일로 - 기타,승합,남,57세,상해없음,보행자,여,49세,중상
2016041900100343,2016년 4월 19일 15시,화요일,경상남도 합천군 용주면,중상사고,0,1,0,0,차대차 - 추돌,안전운전불이행,건조,맑음,단일로 - 기타,화물,남,41세,상해없음,농기계,남,76세,중상
2016041900100415,2016년 4월 19일 17시,화요일,경상남도 진주시 평거동,중상사고,0,1,0,0,차대차 - 정면충돌,중앙선침범,건조,맑음,교차로 - 교차로부근,승용,남,52세,상해없음,승용,남,36세,중상
2016041900100416,2016년 4월 19일 17시,화요일,경상남도 김해시 내동,중상사고,0,2,0,0,차대차 - 측면충돌,신호위반,건조,맑음,교차로 - 교차로부근,원동기,남,24세,중상,승용,남,55세,중상
2016041900100455,2016년 4월 19일 18시,화요일,경상남도 함양군 함양읍,부상신고사고,0,0,0,1,차대차 - 측면직각충돌,교차로운행방법위반,습기,맑음,교차로 - 교차로안,승용,여,53세,부상신고,승용,남,69세,상해없음
2016041900100497,2016년 4월 19일 19시,화요일,경상남도 창원시 진해구 자은동,중상사고,0,1,0,0,차대차 - 측면충돌,기타,건조,맑음,기타 - 기타,원동기,남,18세,중상,승용,남,47세,기타불명
2016041900100527,2016년 4월 19일 20시,화요일,경상남도 창원시 진해구 용원동,경상사고,0,0,1,0,차대차 - 측면충돌,교차로운행방법위반,건조,맑음,교차로 - 교차로부근,승용,남,45세,상해없음,자전거,남,12세,경상
2016041900100559,2016년 4월 19일 21시,화요일,경상남도 김해시 외동,중상사고,0,1,0,0,차대사람 - 횡단중,보행자보호의무위반,건조,맑음,단일로 - 횡단보도상,승용,여,48세,상해없음,보행자,남,48세,중상
2016041900100560,2016년 4월 19일 21시,화요일,경상남도 창원시 마산회원구 석전동,중상사고,0,1,4,0,차대차 - 추돌,안전운전불이행,건조,맑음,단일로 - 기타,승용,남,56세,상해없음,승용,남,46세,경상
2016041900100610,2016년 4월 19일 23시,화요일,경상남도 거제시 고현동,중상사고,0,1,2,0,차대차 - 측면충돌,기타,건조,맑음,교차로 - 교차로안,승용,남,53세,상해없음,승용,여,29세,경상
2016042000100010,2016년 4월 20일 00시,수요일,경상남도 창원시 진해구 풍호동,경상사고,0,0,2,0,차대차 - 측면직각충돌,신호위반,건조,맑음,교차로 - 교차로안,승용,남,32세,상해없음,승용,남,49세,경상
2016042000100011,2016년 4월 20일 00시,수요일,경상남도 고성군 고성읍,경상사고,0,0,1,0,차대사람 - 횡단중,안전운전불이행,건조,맑음,단일로 - 기타,승용,남,54세,상해없음,보행자,남,31세,경상
2016042000100029,2016년 4월 20일 01시,수요일,경상남도 창원시 마산합포구 월남동1가,중상사고,0,1,0,0,차대차 - 추돌,안전운전불이행,건조,맑음,단일로 - 기타,승용,남,62세,상해없음,승합,남,75세,상해없음
2016042000100038,2016년 4월 20일 02시,수요일,경상남도 창원시 진해구 용원동,중상사고,0,1,0,0,차대차 - 측면직각충돌,중앙선침범,건조,맑음,단일로 - 기타,화물,남,44세,상해없음,화물,남,47세,중상
2016042000100072,2016년 4월 20일 06시,수요일,경상남도 진주시 남성동,경상사고,0,0,1,0,차대차 - 측면충돌,안전거리미확보,건조,맑음,단일로 - 기타,화물,남,57세,상해없음,승용,남,35세,경상
2016042000100127,2016년 4월 20일 08시,수요일,경상남도 통영시 당동,경상사고,0,0,4,0,차대차 - 추돌,안전운전불이행,건조,맑음,단일로 - 교량,승용,여,38세,상해없음,승용,여,41세,경상
2016042000100128,2016년 4월 20일 08시,수요일,경상남도 통영시 도산면,중상사고,0,1,0,0,차량단독 - 공작물충돌,안전운전불이행,건조,맑음,단일로 - 기타,승용,여,55세,중상,,,,
2016042000100129,2016년 4월 20일 08시,수요일,경상남도 거창군 거창읍,중상사고,0,1,0,0,차대차 - 측면충돌,안전운전불이행,건조,맑음,교차로 - 교차로안,승용,남,31세,상해없음,이륜,남,55세,중상
2016042000100169,2016년 4월 20일 09시,수요일,경상남도 통영시 용남면,중상사고,0,1,1,0,차대차 - 추돌,안전거리미확보,건조,맑음,교차로 - 교차로부근,화물,남,34세,상해없음,승용,여,53세,중상
2016042000100170,2016년 4월 20일 09시,수요일,경상남도 양산시 동면,중상사고,0,1,0,0,차대차 - 측면충돌,안전운전불이행,건조,맑음,교차로 - 교차로안,자전거,남,72세,중상,승용,남,37세,상해없음
2016042000100171,2016년 4월 20일 09시,수요일,경상남도 고성군 회화면,중상사고,0,1,0,0,차대차 - 측면충돌,교차로운행방법위반,건조,맑음,교차로 - 교차로안,승합,남,61세,상해없음,승합,남,43세,상해없음
2016042000100197,2016년 4월 20일 10시,수요일,경상남도 통영시 서호동,중상사고,0,1,0,0,차대차 - 측면직각충돌,교차로운행방법위반,건조,맑음,교차로 - 교차로안,승용,남,50세,상해없음,승용,남,74세,중상
2016042000100198,2016년 4월 20일 10시,수요일,경상남도 합천군 용주면,중상사고,0,1,0,0,차량단독 - 전도전복,안전운전불이행,건조,맑음,단일로 - 기타,농기계,남,61세,중상,,,,
2016042000100199,2016년 4월 20일 10시,수요일,경상남도 산청군 단성면,중상사고,0,1,0,0,차대사람 - 기타,안전운전불이행,건조,맑음,교차로 - 교차로부근,승용,남,53세,상해없음,보행자,남,71세,중상
2016042000100228,2016년 4월 20일 11시,수요일,경상남도 김해시 봉황동,경상사고,0,0,1,0,차대차 - 정면충돌,직진우회전진행방해,건조,맑음,교차로 - 교차로안,이륜,남,75세,경상,승용,남,26세,상해없음
2016042000100229,2016년 4월 20일 11시,수요일,경상남도 창녕군 계성면,부상신고사고,0,0,0,1,차량단독 - 기타,기타,건조,맑음,단일로 - 기타,화물,남,50세,부상신고,,,,
2016042000100230,2016년 4월 20일 11시,수요일,경상남도 양산시 물금읍,경상사고,0,0,1,0,차대차 - 측면충돌,교차로운행방법위반,건조,맑음,교차로 - 교차로안,승용,남,63세,경상,특수,남,63세,상해없음
2016042000100258,2016년 4월 20일 12시,수요일,경상남도 통영시 광도면,중상사고,0,1,2,0,차대차 - 측면직각충돌,직진우회전진행방해,건조,맑음,교차로 - 교차로안,승용,여,36세,경상,승용,남,36세,중상
2016042000100326,2016년 4월 20일 14시,수요일,경상남도 김해시 봉황동,경상사고,0,0,1,0,차대차 - 기타,직진우회전진행방해,건조,맑음,교차로 - 교차로안,승용,남,45세,상해없음,승용,남,46세,상해없음
2016042000100366,2016년 4월 20일 15시,수요일,경상남도 진주시 상대동,경상사고,0,0,2,0,차대차 - 측면직각충돌,안전거리미확보,건조,맑음,단일로 - 기타,화물,남,44세,상해없음,승용,여,53세,경상
2016042000100398,2016년 4월 20일 16시,수요일,경상남도 진주시 대안동,중상사고,0,1,0,0,차대사람 - 횡단중,보행자보호의무위반,건조,맑음,단일로 - 횡단보도상,승용,남,55세,상해없음,보행자,여,58세,중상
2016042000100427,2016년 4월 20일 17시,수요일,경상남도 진주시 정촌면,중상사고,0,1,0,0,차대차 - 측면직각충돌,안전거리미확보,건조,맑음,단일로 - 기타,승용,남,55세,상해없음,승용,남,48세,중상
2016042000100459,2016년 4월 20일 18시,수요일,경상남도 사천시 동금동,중상사고,0,2,0,0,차대차 - 측면충돌,안전운전불이행,습기,흐림,교차로 - 교차로안,승용,남,55세,기타불명,원동기,남,82세,중상
2016042000100460,2016년 4월 20일 18시,수요일,경상남도 의령군 의령읍,경상사고,0,0,2,0,차대차 - 측면충돌,신호위반,건조,맑음,교차로 - 교차로안,승용,여,40세,경상,승용,여,26세,경상
2016042000100495,2016년 4월 20일 19시,수요일,경상남도 진주시 신안동,중상사고,0,1,0,0,차대차 - 측면직각충돌,직진우회전진행방해,건조,맑음,교차로 - 교차로안,승용,여,45세,상해없음,이륜,남,45세,중상
2016042000100496,2016년 4월 20일 19시,수요일,경상남도 김해시 서상동,경상사고,0,0,1,0,차대사람 - 기타,안전운전불이행,건조,맑음,단일로 - 기타,원동기,남,56세,상해없음,보행자,남,72세,경상
2016042000100533,2016년 4월 20일 20시,수요일,경상남도 밀양시 상남면,중상사고,0,1,2,0,차대차 - 추돌,안전운전불이행,건조,맑음,단일로 - 기타,승합,남,37세,상해없음,화물,남,64세,기타불명
2016042000100534,2016년 4월 20일 20시,수요일,경상남도 김해시 삼계동,경상사고,0,0,1,0,차대사람 - 횡단중,안전운전불이행,건조,맑음,단일로 - 기타,승용,남,27세,상해없음,보행자,남,33세,경상
2016042000100535,2016년 4월 20일 20시,수요일,경상남도 함양군 함양읍,중상사고,0,1,0,0,차대차 - 측면직각충돌,교차로운행방법위반,건조,맑음,교차로 - 교차로안,화물,남,73세,상해없음,원동기,남,17세,중상
2016042000100569,2016년 4월 20일 21시,수요일,경상남도 사천시 사천읍,경상사고,0,0,1,0,차대차 - 측면직각충돌,안전운전불이행,습기,흐림,교차로 - 교차로안,승용,여,40세,상해없음,승용,남,53세,경상
2016042000100570,2016년 4월 20일 21시,수요일,경상남도 김해시 내동,중상사고,0,1,2,0,차대차 - 기타,안전운전불이행,건조,맑음,교차로 - 교차로안,승용,여,50세,중상,승용,여,44세,경상