사고번호,사고일시,요일,시군구,사고내용,사망자수,중상자수,경상자수,부상신고자수,사고유형,법규위반,노면상태,기상상태,도로형태,가해운전자 차종,가해운전자 성별,가해운전자 연령,가해운전자 상해정도,피해운전자 차종,피해운전자 성별,피해운전자 연령,피해운전자 상해정도
2016042000100571,2016년 4월 20일 21시,수요일,경상남도 김해시 생림면,중상사고,0,1,3,0,차대차 - 기타,안전운전불이행,건조,맑음,단일로 - 기타,화물,남,38세,상해없음,화물,남,55세,경상
2016042000100572,2016년 4월 20일 21시,수요일,경상남도 거제시 사등면,중상사고,0,2,0,0,차량단독 - 전도전복,안전운전불이행,건조,흐림,단일로 - 기타,승용,남,58세,중상,,,,
2016042000100633,2016년 4월 20일 23시,수요일,경상남도 밀양시 삼랑진읍,중상사고,0,1,0,0,차대차 - 정면충돌,중앙선침범,건조,맑음,단일로 - 기타,승합,남,57세,상해없음,승용,남,33세,중상
2016042100100047,2016년 4월 21일 01시,목요일,경상남도 창원시 진해구 이동,경상사고,0,0,1,0,차대차 - 측면충돌,안전운전불이행,건조,맑음,단일로 - 기타,승용,남,22세,상해없음,자전거,여,46세,경상
2016042100100089,2016년 4월 21일 04시,목요일,경상남도 김해시 외동,중상사고,0,1,0,0,차대사람 - 기타,안전운전불이행,습기,비,단일로 - 기타,승용,남,34세,상해없음,보행자,남,50세,중상
2016042100100135,2016년 4월 21일 07시,목요일,경상남도 거창군 거창읍,경상사고,0,0,1,0,차대차 - 추돌,안전운전불이행,습기,비,교차로 - 교차로부근,승용,남,56세,상해없음,승용,여,45세,경상
2016042100100136,2016년 4월 21일 07시,목요일,경상남도 양산시 신기동,경상사고,0,0,1,0,차대차 - 정면충돌,신호위반,건조,맑음,교차로 - 교차로안,승용,남,54세,상해없음,승용,남,40세,경상
2016042100100137,2016년 4월 21일 07시,목요일,경상남도 양산시 북부동,중상사고,0,3,2,0,차대차 - 정면충돌,중앙선침범,습기,비,단일로 - 기타,승용,남,23세,중상,승합,남,50세,중상
2016042100100178,2016년 4월 21일 08시,목요일,경상남도 사천시 사천읍,경상사고,0,0,1,0,차대차 - 측면충돌,안전운전불이행,습기,맑음,교차로 - 교차로안,승용,남,37세,상해없음,승용,여,30세,경상
2016042100100179,2016년 4월 21일 08시,목요일,경상남도 사천시 송포동,경상사고,0,0,1,0,차대차 - 측면충돌,중앙선침범,습기,비,단일로 - 기타,승합,여,48세,상해없음,승용,여,46세,경상
2016042100100180,2016년 4월 21일 08시,목요일,경상남도 남해군 남해읍,중상사고,0,2,0,0,차대차 - 측면충돌,안전운전불이행,습기,비,교차로 - 교차로안,승용,남,53세,상해없음,승용,여,43세,중상
2016042100100209,2016년 4월 21일 09시,목요일,경상남도 김해시 동상동,중상사고,0,1,1,0,차대차 - 정면충돌,신호위반,습기,비,교차로 - 교차로안,승용,남,76세,상해없음,승용,남,64세,경상
2016042100100236,2016년 4월 21일 10시,목요일,경상남도 통영시 태평동,중상사고,0,1,0,0,차대차 - 측면충돌,안전운전불이행,건조,맑음,교차로 - 교차로부근,승용,남,28세,상해없음,승용,남,50세,중상
2016042100100261,2016년 4월 21일 11시,목요일,경상남도 합천군 합천읍,중상사고,0,1,0,0,차대사람 - 보도통행중,안전운전불이행,건조,맑음,단일로 - 기타,승용,여,46세,상해없음,보행자,남,73세,중상
2016042100100282,2016년 4월 21일 12시,목요일,경상남도 김해시 내동,경상사고,0,0,1,0,차대차 - 측면충돌,안전운전불이행,습기,비,교차로 - 교차로부근,승용,남,59세,상해없음,이륜,남,21세,경상
2016042100100283,2016년 4월 21일 12시,목요일,경상남도 거제시 장승포동,중상사고,0,1,0,0,차대사람 - 횡단중,보행자보호의무위반,건조,맑음,단일로 - 기타,승용,여,54세,상해없음,보행자,여,57세,중상
2016042100100284,2016년 4월 21일 12시,목요일,경상남도 창원시 의창구 팔용동,경상사고,0,0,1,0,차대차 - 측면충돌,안전운전불이행,건조,맑음,단일로 - 기타,화물,남,35세,상해없음,원동기,남,62세,경상
2016042100100310,2016년 4월 21일 13시,목요일,경상남도 김해시 어방동,중상사고,0,1,0,0,차대사람 - 횡단중,보행자보호의무위반,습기,비,교차로 - 교차로부근,화물,남,56세,상해없음,보행자,여,20세,중상
2016042100100311,2016년 4월 21일 13시,목요일,경상남도 산청군 오부면,중상사고,0,1,0,0,차대차 - 측면충돌,중앙선침범,습기,비,단일로 - 기타,화물,남,35세,상해없음,화물,남,61세,중상
2016042100100336,2016년 4월 21일 14시,목요일,경상남도 김해시 내동,경상사고,0,0,1,0,차대사람 - 보도통행중,안전운전불이행,습기,비,교차로 - 교차로안,승용,남,54세,상해없음,보행자,여,41세,경상
2016042100100365,2016년 4월 21일 15시,목요일,경상남도 양산시 물금읍,중상사고,0,1,0,0,차대차 - 측면충돌,직진우회전진행방해,습기,흐림,교차로 - 교차로안,원동기,남,54세,중상,승용,여,43세,상해없음
2016042100100397,2016년 4월 21일 16시,목요일,경상남도 남해군 남해읍,중상사고,0,1,0,0,차대차 - 측면직각충돌,안전운전불이행,건조,맑음,교차로 - 교차로부근,승용,여,34세,상해없음,승용,여,61세,중상
2016042100100429,2016년 4월 21일 17시,목요일,경상남도 통영시 미수동,중상사고,0,1,0,0,차대사람 - 횡단중,보행자보호의무위반,건조,흐림,단일로 - 기타,승용,남,40세,상해없음,보행자,남,14세,중상
2016042100100430,2016년 4월 21일 17시,목요일,경상남도 남해군 삼동면,중상사고,0,1,0,0,차대차 - 정면충돌,중앙선침범,습기,맑음,단일로 - 기타,승용,여,29세,상해없음,승용,남,75세,중상
2016042100100450,2016년 4월 21일 18시,목요일,경상남도 창원시 의창구 동정동,경상사고,0,0,1,0,차대차 - 측면충돌,안전운전불이행,건조,맑음,단일로 - 기타,승용,남,62세,상해없음,승용,여,35세,경상
2016042100100482,2016년 4월 21일 19시,목요일,경상남도 창원시 진해구 용원동,중상사고,0,1,0,0,차대사람 - 차도통행중,안전운전불이행,건조,맑음,단일로 - 기타,원동기,남,18세,상해없음,보행자,남,47세,중상
2016042100100483,2016년 4월 21일 19시,목요일,경상남도 김해시 생림면,중상사고,0,1,0,0,차대사람 - 기타,안전운전불이행,건조,맑음,단일로 - 기타,화물,남,64세,상해없음,보행자,남,58세,중상
2016042100100484,2016년 4월 21일 19시,목요일,경상남도 김해시 한림면,사망사고,1,0,0,0,차대사람 - 길가장자리구역통행중,안전운전불이행,건조,흐림,단일로 - 기타,승용,남,53세,상해없음,보행자,남,70세,사망
2016042100100520,2016년 4월 21일 20시,목요일,경상남도 진주시 집현면,중상사고,0,1,0,0,차대사람 - 기타,안전운전불이행,건조,맑음,단일로 - 기타,승용,남,72세,상해없음,보행자,여,52세,중상
2016042100100607,2016년 4월 21일 23시,목요일,경상남도 창원시 의창구 명서동,경상사고,0,0,1,0,차대차 - 측면충돌,안전운전불이행,건조,맑음,교차로 - 교차로안,자전거,남,28세,경상,승용,남,69세,상해없음
2016042200100062,2016년 4월 22일 05시,금요일,경상남도 양산시 덕계동,부상신고사고,0,0,0,1,차대차 - 정면충돌,직진우회전진행방해,건조,맑음,교차로 - 교차로안,화물,남,40세,상해없음,승용,남,38세,부상신고
2016042200100063,2016년 4월 22일 05시,금요일,경상남도 창원시 마산회원구 합성동,경상사고,0,0,2,0,차대차 - 측면충돌,신호위반,건조,맑음,교차로 - 교차로안,승용,남,69세,상해없음,승용,남,63세,경상
2016042200100075,2016년 4월 22일 06시,금요일,경상남도 거제시 옥포동,경상사고,0,0,1,0,차대차 - 측면충돌,안전운전불이행,건조,맑음,단일로 - 기타,승용,남,26세,상해없음,자전거,여,48세,경상
2016042200100103,2016년 4월 22일 07시,금요일,경상남도 창원시 진해구 남문동,경상사고,0,0,1,0,차대차 - 추돌,안전운전불이행,습기,안개,단일로 - 기타,승용,남,28세,상해없음,승용,남,30세,경상
2016042200100104,2016년 4월 22일 07시,금요일,경상남도 양산시 남부동,중상사고,0,1,0,0,차대사람 - 횡단중,안전운전불이행,건조,맑음,단일로 - 기타,승용,남,33세,상해없음,보행자,여,60세,중상
2016042200100105,2016년 4월 22일 07시,금요일,경상남도 의령군 부림면,중상사고,0,1,0,0,차대차 - 추돌,안전운전불이행,건조,맑음,교차로 - 교차로안,승합,남,57세,상해없음,승용,여,50세,중상
2016042200100106,2016년 4월 22일 07시,금요일,경상남도 창원시 의창구 동읍,경상사고,0,0,2,0,차대차 - 추돌,안전운전불이행,건조,맑음,교차로 - 교차로안,승용,남,48세,경상,승용,남,34세,경상
2016042200100147,2016년 4월 22일 08시,금요일,경상남도 진주시 대곡면,중상사고,0,1,0,1,차대차 - 측면충돌,직진우회전진행방해,건조,맑음,교차로 - 교차로안,승용,남,38세,부상신고,화물,남,51세,중상
2016042200100149,2016년 4월 22일 08시,금요일,경상남도 김해시 동상동,중상사고,0,1,0,0,차대차 - 측면직각충돌,신호위반,건조,맑음,교차로 - 교차로안,이륜,남,48세,중상,승용,여,29세,상해없음
2016042200100150,2016년 4월 22일 08시,금요일,경상남도 거제시 옥포동,경상사고,0,0,2,0,차대차 - 정면충돌,신호위반,건조,맑음,교차로 - 교차로안,승용,남,51세,상해없음,승용,여,52세,경상
2016042200100151,2016년 4월 22일 08시,금요일,경상남도 김해시 진영읍,경상사고,0,0,2,0,차대차 - 기타,안전운전불이행,건조,맑음,단일로 - 기타,건설기계,남,55세,상해없음,승용,남,50세,경상
2016042200100183,2016년 4월 22일 09시,금요일,경상남도 창원시 진해구 경화동,경상사고,0,0,1,0,차대차 - 측면직각충돌,안전거리미확보,건조,맑음,단일로 - 기타,화물,남,61세,상해없음,승용,여,48세,경상
2016042200100184,2016년 4월 22일 09시,금요일,경상남도 창원시 성산구 남양동,중상사고,0,1,0,0,차대사람 - 기타,안전운전불이행,건조,맑음,단일로 - 기타,승용,여,49세,상해없음,보행자,여,87세,중상
2016042200100212,2016년 4월 22일 10시,금요일,경상남도 창원시 의창구 명서동,중상사고,0,1,0,0,차대차 - 측면직각충돌,교차로운행방법위반,건조,맑음,교차로 - 교차로안,승용,여,29세,상해없음,승합,남,52세,중상
2016042200100213,2016년 4월 22일 10시,금요일,경상남도 김해시 주촌면,중상사고,0,1,0,0,차대차 - 측면충돌,안전운전불이행,건조,맑음,교차로 - 교차로안,화물,남,27세,상해없음,승용,여,43세,중상
2016042200100233,2016년 4월 22일 11시,금요일,경상남도 창원시 마산합포구 완월동,중상사고,0,1,0,0,차대차 - 추돌,안전운전불이행,건조,맑음,단일로 - 기타,승용,여,51세,기타불명,승용,남,49세,기타불명
2016042200100234,2016년 4월 22일 11시,금요일,경상남도 창원시 마산합포구 구산면,경상사고,0,0,1,0,차대차 - 측면충돌,중앙선침범,건조,맑음,단일로 - 기타,승용,남,65세,상해없음,화물,남,41세,경상
2016042200100235,2016년 4월 22일 11시,금요일,경상남도 함양군 함양읍,중상사고,0,1,0,0,차대사람 - 횡단중,안전운전불이행,습기,흐림,교차로 - 교차로부근,승용,남,54세,상해없음,보행자,여,84세,중상
2016042200100236,2016년 4월 22일 11시,금요일,경상남도 거제시 하청면,중상사고,0,4,1,0,차대차 - 측면충돌,중앙선침범,건조,맑음,단일로 - 기타,승용,남,51세,경상,승용,남,74세,중상
2016042200100237,2016년 4월 22일 11시,금요일,경상남도 산청군 신안면,부상신고사고,0,0,0,3,차대차 - 측면충돌,중앙선침범,건조,맑음,단일로 - 기타,화물,남,38세,상해없음,화물,남,59세,부상신고
2016042200100238,2016년 4월 22일 11시,금요일,경상남도 김해시 진영읍,경상사고,0,0,1,0,차대차 - 기타,안전운전불이행,건조,맑음,단일로 - 기타,화물,남,34세,상해없음,이륜,여,72세,경상
2016042200100267,2016년 4월 22일 12시,금요일,경상남도 창원시 마산회원구 합성동,경상사고,0,0,1,0,차대차 - 추돌,안전운전불이행,건조,맑음,단일로 - 기타,승용,여,38세,상해없음,승용,남,45세,경상
2016042200100321,2016년 4월 22일 14시,금요일,경상남도 함양군 함양읍,중상사고,0,1,0,0,차대사람 - 횡단중,안전운전불이행,건조,맑음,단일로 - 기타,승합,남,44세,상해없음,보행자,남,6세,중상
2016042200100322,2016년 4월 22일 14시,금요일,경상남도 양산시 남부동,중상사고,0,1,0,0,차대사람 - 횡단중,기타,건조,맑음,단일로 - 기타,승합,남,50세,상해없음,보행자,남,7세,중상
2016042200100323,2016년 4월 22일 14시,금요일,경상남도 거제시 연초면,경상사고,0,0,2,0,차대차 - 추돌,안전운전불이행,건조,맑음,단일로 - 기타,이륜,남,28세,경상,승용,여,36세,경상
2016042200100362,2016년 4월 22일 15시,금요일,경상남도 통영시 인평동,중상사고,0,1,0,0,차대사람 - 횡단중,보행자보호의무위반,건조,맑음,단일로 - 횡단보도상,승용,남,69세,상해없음,보행자,남,11세,중상
2016042200100363,2016년 4월 22일 15시,금요일,경상남도 사천시 죽림동,중상사고,0,1,0,0,차대차 - 측면충돌,안전운전불이행,건조,맑음,단일로 - 기타,승용,남,71세,중상,승용,여,59세,상해없음
2016042200100409,2016년 4월 22일 16시,금요일,경상남도 창원시 마산합포구 현동,중상사고,0,1,2,0,차대차 - 측면직각충돌,차로위반,건조,맑음,단일로 - 교량,승용,남,34세,상해없음,승용,여,56세,경상
2016042200100410,2016년 4월 22일 16시,금요일,경상남도 밀양시 산내면,중상사고,0,1,0,0,차대차 - 측면직각충돌,안전운전불이행,건조,맑음,교차로 - 교차로안,이륜,남,52세,중상,화물,남,56세,상해없음
2016042200100411,2016년 4월 22일 16시,금요일,경상남도 합천군 초계면,중상사고,0,1,0,0,차대차 - 측면충돌,교차로운행방법위반,건조,맑음,교차로 - 교차로안,승용,여,51세,상해없음,승용,여,46세,중상
2016042200100412,2016년 4월 22일 16시,금요일,경상남도 거제시 고현동,중상사고,0,1,0,0,차대차 - 측면충돌,안전운전불이행,건조,맑음,단일로 - 기타,승용,여,50세,상해없음,승용,여,45세,중상
2016042200100456,2016년 4월 22일 17시,금요일,경상남도 통영시 봉평동,중상사고,0,1,0,0,차대사람 - 횡단중,보행자보호의무위반,건조,맑음,단일로 - 횡단보도상,승용,남,28세,상해없음,보행자,여,11세,중상
2016042200100457,2016년 4월 22일 17시,금요일,경상남도 거제시 연초면,중상사고,0,1,0,0,차대차 - 기타,안전운전불이행,건조,맑음,단일로 - 기타,승용,남,52세,상해없음,이륜,남,42세,중상
2016042200100458,2016년 4월 22일 17시,금요일,경상남도 김해시 주촌면,경상사고,0,0,1,0,차대차 - 기타,기타,건조,맑음,단일로 - 기타,화물,남,66세,상해없음,승합,남,43세,경상
2016042200100497,2016년 4월 22일 18시,금요일,경상남도 김해시 외동,중상사고,0,2,0,0,차대차 - 추돌,안전운전불이행,건조,맑음,단일로 - 기타,승용,여,46세,상해없음,승용,남,42세,중상
2016042200100498,2016년 4월 22일 18시,금요일,경상남도 양산시 남부동,경상사고,0,0,1,0,차대사람 - 횡단중,안전운전불이행,건조,맑음,단일로 - 기타,승용,여,44세,상해없음,보행자,여,4세,경상
2016042200100499,2016년 4월 22일 18시,금요일,경상남도 양산시 동면,경상사고,0,0,1,0,차대차 - 정면충돌,안전운전불이행,건조,맑음,단일로 - 기타,승용,남,28세,상해없음,화물,남,25세,상해없음
2016042200100500,2016년 4월 22일 18시,금요일,경상남도 의령군 의령읍,경상사고,0,0,1,0,차대차 - 측면직각충돌,안전운전불이행,건조,맑음,단일로 - 기타,화물,남,48세,상해없음,이륜,남,46세,경상
2016042200100541,2016년 4월 22일 19시,금요일,경상남도 진주시 신안동,경상사고,0,0,1,0,차대차 - 측면직각충돌,신호위반,건조,맑음,단일로 - 횡단보도상,자전거,남,15세,경상,승용,남,54세,상해없음
2016042200100542,2016년 4월 22일 19시,금요일,경상남도 창원시 진해구 석동,경상사고,0,0,1,0,차대차 - 측면충돌,안전운전불이행,건조,맑음,교차로 - 교차로부근,승용,남,36세,상해없음,승용,여,30세,경상
2016042200100543,2016년 4월 22일 19시,금요일,경상남도 통영시 광도면,경상사고,0,0,1,0,차대차 - 추돌,안전운전불이행,건조,맑음,교차로 - 교차로부근,승용,남,56세,상해없음,승용,여,40세,경상
2016042200100544,2016년 4월 22일 19시,금요일,경상남도 양산시 상북면,경상사고,0,0,2,0,차대차 - 정면충돌,안전운전불이행,건조,맑음,단일로 - 기타,승용,여,68세,상해없음,승용,남,33세,경상
2016042200100576,2016년 4월 22일 20시,금요일,경상남도 통영시 정량동,경상사고,0,0,1,0,차대사람 - 횡단중,안전운전불이행,건조,맑음,단일로 - 기타,승용,남,63세,상해없음,보행자,여,49세,경상
2016042200100577,2016년 4월 22일 20시,금요일,경상남도 사천시 사남면,중상사고,0,1,0,0,차대차 - 정면충돌,신호위반,건조,맑음,교차로 - 교차로안,화물,남,41세,상해없음,승용,여,61세,중상
2016042200100578,2016년 4월 22일 20시,금요일,경상남도 밀양시 가곡동,경상사고,0,0,1,0,차대차 - 측면충돌,교차로운행방법위반,건조,맑음,교차로 - 교차로안,승용,남,40세,상해없음,이륜,남,17세,경상
2016042200100579,2016년 4월 22일 20시,금요일,경상남도 김해시 내동,경상사고,0,0,1,0,차대차 - 측면충돌,신호위반,건조,맑음,교차로 - 교차로안,이륜,남,19세,상해없음,자전거,여,46세,경상
2016042200100580,2016년 4월 22일 20시,금요일,경상남도 산청군 산청읍,중상사고,0,1,0,0,차대차 - 추돌,안전운전불이행,건조,맑음,단일로 - 기타,화물,남,57세,상해없음,승용,여,59세,중상
2016042200100651,2016년 4월 22일 22시,금요일,경상남도 진주시 충무공동,중상사고,0,1,0,0,차대차 - 추돌,안전운전불이행,건조,맑음,교차로 - 교차로부근,이륜,남,17세,중상,승용,여,54세,상해없음
2016042200100652,2016년 4월 22일 22시,금요일,경상남도 사천시 사천읍,중상사고,0,1,0,0,차대사람 - 횡단중,안전운전불이행,건조,맑음,단일로 - 기타,승합,남,49세,상해없음,보행자,남,48세,중상
2016042200100653,2016년 4월 22일 22시,금요일,경상남도 사천시 선구동,경상사고,0,0,1,0,차대차 - 측면충돌,직진우회전진행방해,건조,맑음,교차로 - 교차로안,이륜,남,77세,경상,승용,남,67세,상해없음
2016042200100683,2016년 4월 22일 23시,금요일,경상남도 사천시 벌리동,경상사고,0,0,2,0,차대차 - 측면충돌,안전운전불이행,습기,안개,단일로 - 기타,승용,남,44세,상해없음,승용,남,32세,경상
2016042200100684,2016년 4월 22일 23시,금요일,경상남도 밀양시 삼문동,경상사고,0,0,2,0,차대차 - 측면직각충돌,신호위반,건조,흐림,교차로 - 교차로안,승용,남,67세,상해없음,승용,여,29세,상해없음
2016042200100685,2016년 4월 22일 23시,금요일,경상남도 창원시 마산회원구 봉암동,경상사고,0,0,1,0,차대차 - 측면충돌,신호위반,건조,맑음,교차로 - 교차로안,화물,남,65세,상해없음,자전거,남,15세,경상
2016042300100057,2016년 4월 23일 02시,토요일,경상남도 거제시 연초면,중상사고,0,1,0,0,차대차 - 추돌,안전운전불이행,건조,맑음,단일로 - 기타,승용,남,30세,상해없음,승용,여,54세,중상
2016042300100074,2016년 4월 23일 03시,토요일,경상남도 창원시 마산합포구 남성동,경상사고,0,0,2,0,차대차 - 기타,안전운전불이행,건조,맑음,단일로 - 기타,승용,남,24세,상해없음,승용,남,57세,경상
2016042300100075,2016년 4월 23일 03시,토요일,경상남도 통영시 용남면,경상사고,0,0,1,0,차대사람 - 횡단중,안전운전불이행,건조,맑음,단일로 - 기타,승용,남,37세,상해없음,보행자,여,33세,경상
2016042300100089,2016년 4월 23일 04시,토요일,경상남도 김해시 풍유동,부상신고사고,0,0,0,1,차대차 - 추돌,안전운전불이행,건조,맑음,교차로 - 교차로부근,이륜,남,16세,부상신고,승용,여,59세,상해없음
2016042300100102,2016년 4월 23일 05시,토요일,경상남도 진주시 상평동,중상사고,0,2,1,0,차대차 - 측면충돌,신호위반,건조,맑음,교차로 - 교차로안,승용,남,25세,경상,승용,남,55세,중상
2016042300100136,2016년 4월 23일 07시,토요일,경상남도 통영시 광도면,경상사고,0,0,1,0,차대차 - 측면직각충돌,신호위반,건조,맑음,교차로 - 교차로안,화물,남,47세,상해없음,화물,남,26세,경상
2016042300100154,2016년 4월 23일 08시,토요일,경상남도 창녕군 남지읍,경상사고,0,0,1,0,차대차 - 추돌,신호위반,건조,맑음,교차로 - 교차로안,이륜,남,78세,경상,승용,남,54세,상해없음
2016042300100183,2016년 4월 23일 09시,토요일,경상남도 창원시 마산합포구 자산동,경상사고,0,0,1,0,차대차 - 추돌,안전거리미확보,건조,맑음,단일로 - 기타,승용,남,68세,상해없음,승용,여,27세,경상
2016042300100184,2016년 4월 23일 09시,토요일,경상남도 김해시 어방동,중상사고,0,1,0,0,차대차 - 기타,안전운전불이행,습기,맑음,교차로 - 교차로부근,승용,여,36세,상해없음,승용,남,25세,중상
2016042300100197,2016년 4월 23일 10시,토요일,경상남도 밀양시 삼랑진읍,중상사고,0,2,0,0,차대차 - 측면직각충돌,기타,건조,맑음,단일로 - 터널,승용,남,40세,상해없음,승용,여,34세,중상
2016042300100213,2016년 4월 23일 10시,토요일,경상남도 창원시 진해구 용원동,중상사고,0,1,0,0,차대차 - 추돌,안전운전불이행,건조,맑음,교차로 - 교차로안,승용,남,40세,상해없음,승용,남,30세,중상
2016042300100225,2016년 4월 23일 11시,토요일,경상남도 밀양시 삼랑진읍,경상사고,0,0,2,0,차대차 - 추돌,안전거리미확보,건조,맑음,단일로 - 터널,화물,남,38세,상해없음,승용,남,35세,경상
2016042300100283,2016년 4월 23일 12시,토요일,경상남도 창원시 성산구 상남동,경상사고,0,0,1,0,차대차 - 기타,중앙선침범,건조,맑음,단일로 - 기타,승용,남,51세,상해없음,이륜,남,24세,경상
2016042300100319,2016년 4월 23일 13시,토요일,경상남도 창원시 진해구 충무동,중상사고,0,1,8,0,차대차 - 측면직각충돌,신호위반,건조,맑음,교차로 - 교차로안,승용,남,52세,상해없음,승합,남,73세,상해없음
2016042300100321,2016년 4월 23일 13시,토요일,경상남도 합천군 용주면,사망사고,1,0,0,0,차대사람 - 횡단중,안전운전불이행,건조,맑음,단일로 - 기타,특수,남,58세,상해없음,보행자,여,81세,사망
2016042300100322,2016년 4월 23일 13시,토요일,경상남도 창원시 의창구 팔용동,경상사고,0,0,2,0,차대차 - 측면직각충돌,차로위반,건조,맑음,단일로 - 기타,승합,남,54세,상해없음,승용,남,34세,경상
2016042300100361,2016년 4월 23일 14시,토요일,경상남도 창원시 마산합포구 진전면,경상사고,0,0,2,0,차대차 - 추돌,안전운전불이행,건조,맑음,교차로 - 교차로부근,이륜,남,49세,상해없음,승용,남,46세,상해없음
2016042300100362,2016년 4월 23일 14시,토요일,경상남도 창원시 진해구 풍호동,경상사고,0,0,2,0,차대차 - 추돌,안전운전불이행,건조,맑음,교차로 - 교차로부근,화물,남,43세,상해없음,승용,남,61세,경상
2016042300100393,2016년 4월 23일 15시,토요일,경상남도 하동군 옥종면,경상사고,0,0,1,0,차대차 - 기타,안전운전불이행,건조,맑음,기타 - 기타,이륜,남,15세,상해없음,이륜,남,15세,상해없음
2016042300100394,2016년 4월 23일 15시,토요일,경상남도 산청군 신안면,중상사고,0,1,1,0,차대차 - 측면직각충돌,교차로운행방법위반,건조,맑음,교차로 - 교차로안,승용,여,35세,경상,승용,남,64세,상해없음
2016042300100432,2016년 4월 23일 16시,토요일,경상남도 양산시 용당동,경상사고,0,0,1,0,차량단독 - 전도전복,안전운전불이행,건조,맑음,단일로 - 기타,승합,여,62세,경상,,,,
2016042300100433,2016년 4월 23일 16시,토요일,경상남도 창원시 성산구 남양동,중상사고,0,2,0,0,차대차 - 기타,안전운전불이행,건조,맑음,교차로 - 교차로안,승용,남,46세,상해없음,승용,여,35세,중상
2016042300100472,2016년 4월 23일 17시,토요일,경상남도 사천시 곤명면,경상사고,0,0,1,0,차량단독 - 전도전복,안전운전불이행,건조,맑음,단일로 - 기타,원동기,남,43세,경상,,,,
2016042300100531,2016년 4월 23일 19시,토요일,경상남도 거제시 아주동,중상사고,0,1,0,0,차대차 - 정면충돌,안전운전불이행,건조,맑음,단일로 - 기타,승용,여,49세,상해없음,이륜,남,41세,중상
2016042300100573,2016년 4월 23일 20시,토요일,경상남도 진주시 강남동,경상사고,0,0,1,0,차대차 - 측면충돌,직진우회전진행방해,건조,맑음,교차로 - 교차로안,승용,여,49세,상해없음,승용,남,51세,경상
2016042300100603,2016년 4월 23일 21시,토요일,경상남도 사천시 대방동,부상신고사고,0,0,0,1,차대사람 - 차도통행중,안전운전불이행,건조,맑음,단일로 - 기타,승용,남,60세,상해없음,보행자,남,43세,부상신고
2016042300100627,2016년 4월 23일 22시,토요일,경상남도 합천군 가야면,경상사고,0,0,2,0,차대차 - 측면충돌,안전운전불이행,건조,맑음,단일로 - 기타,승용,남,31세,상해없음,승용,남,32세,경상
2016042300100645,2016년 4월 23일 23시,토요일,경상남도 진주시 금산면,경상사고,0,0,1,0,차대차 - 정면충돌,중앙선침범,건조,맑음,교차로 - 교차로부근,화물,남,50세,상해없음,승용,남,53세,경상
2016042400100035,2016년 4월 24일 01시,일요일,경상남도 창원시 마산합포구 월영동,사망사고,1,0,0,0,차량단독 - 공작물충돌,안전운전불이행,건조,맑음,교차로 - 교차로부근,승용,남,54세,사망,,,,
2016042400100050,2016년 4월 24일 02시,일요일,경상남도 진주시 진성면,중상사고,0,1,0,0,차대사람 - 횡단중,안전운전불이행,건조,맑음,단일로 - 기타,승용,남,61세,상해없음,보행자,남,25세,중상
2016042400100051,2016년 4월 24일 02시,일요일,경상남도 양산시 남부동,경상사고,0,0,1,0,차량단독 - 전도전복,안전운전불이행,건조,맑음,단일로 - 기타,승용,남,53세,경상,,,,
2016042400100098,2016년 4월 24일 06시,일요일,경상남도 김해시 내동,경상사고,0,0,1,0,차대차 - 측면충돌,신호위반,건조,맑음,교차로 - 교차로안,승용,남,57세,상해없음,승용,남,50세,경상
2016042400100168,2016년 4월 24일 10시,일요일,경상남도 통영시 정량동,경상사고,0,0,1,0,차대사람 - 횡단중,보행자보호의무위반,건조,맑음,단일로 - 기타,화물,남,68세,상해없음,보행자,남,34세,경상
2016042400100184,2016년 4월 24일 11시,일요일,경상남도 양산시 물금읍,경상사고,0,0,1,3,차대차 - 정면충돌,교차로운행방법위반,건조,맑음,교차로 - 교차로안,승용,남,28세,상해없음,승용,남,64세,경상
2016042400100185,2016년 4월 24일 11시,일요일,경상남도 거제시 사등면,중상사고,0,1,1,0,차대차 - 추돌,안전운전불이행,건조,맑음,단일로 - 기타,이륜,남,15세,중상,승용,여,31세,경상
2016042400100208,2016년 4월 24일 12시,일요일,경상남도 고성군 고성읍,중상사고,0,1,0,0,차대사람 - 횡단중,안전운전불이행,건조,맑음,단일로 - 기타,승용,남,56세,상해없음,보행자,여,6세,중상
2016042400100209,2016년 4월 24일 12시,일요일,경상남도 창원시 의창구 용호동,경상사고,0,0,3,0,차대차 - 측면충돌,안전운전불이행,건조,맑음,교차로 - 교차로안,원동기,남,21세,상해없음,승용,남,31세,경상
2016042400100239,2016년 4월 24일 13시,일요일,경상남도 통영시 동호동,중상사고,0,1,0,0,차대사람 - 기타,안전운전불이행,건조,맑음,단일로 - 기타,승용,남,60세,상해없음,보행자,여,40세,중상
2016042400100240,2016년 4월 24일 13시,일요일,경상남도 사천시 동금동,경상사고,0,0,2,0,차대차 - 측면직각충돌,안전운전불이행,건조,맑음,교차로 - 교차로안,승용,남,64세,상해없음,승용,남,56세,상해없음
2016042400100241,2016년 4월 24일 13시,일요일,경상남도 밀양시 단장면,경상사고,0,0,2,0,차대차 - 측면충돌,중앙선침범,건조,맑음,단일로 - 기타,화물,남,38세,상해없음,승용,남,46세,경상