사고번호,사고일시,요일,시군구,사고내용,사망자수,중상자수,경상자수,부상신고자수,사고유형,법규위반,노면상태,기상상태,도로형태,가해운전자 차종,가해운전자 성별,가해운전자 연령,가해운전자 상해정도,피해운전자 차종,피해운전자 성별,피해운전자 연령,피해운전자 상해정도
2016042700100528,2016년 4월 27일 19시,수요일,경상남도 김해시 삼방동,중상사고,0,1,0,0,차대사람 - 기타,안전운전불이행,습기,비,기타 - 기타,승용,여,54세,상해없음,보행자,여,49세,중상
2016042700100529,2016년 4월 27일 19시,수요일,경상남도 김해시 어방동,중상사고,0,2,4,0,차대차 - 측면충돌,신호위반,습기,비,교차로 - 교차로안,승합,남,59세,상해없음,승용,남,28세,중상
2016042700100530,2016년 4월 27일 19시,수요일,경상남도 창원시 의창구 명서동,경상사고,0,0,1,0,차대사람 - 횡단중,보행자보호의무위반,건조,맑음,단일로 - 횡단보도상,이륜,남,47세,상해없음,보행자,여,30세,경상
2016042700100531,2016년 4월 27일 19시,수요일,경상남도 김해시 진례면,중상사고,0,1,0,0,차대사람 - 길가장자리구역통행중,안전운전불이행,습기,맑음,단일로 - 기타,승용,남,41세,상해없음,보행자,남,22세,중상
2016042700100571,2016년 4월 27일 20시,수요일,경상남도 창원시 진해구 용원동,경상사고,0,0,1,0,차대차 - 추돌,안전운전불이행,습기,비,단일로 - 기타,승용,남,25세,상해없음,이륜,남,20세,경상
2016042700100572,2016년 4월 27일 20시,수요일,경상남도 통영시 명정동,중상사고,0,1,1,0,차대차 - 추돌,안전운전불이행,습기,비,단일로 - 기타,승용,여,41세,상해없음,승용,남,26세,경상
2016042700100573,2016년 4월 27일 20시,수요일,경상남도 김해시 어방동,부상신고사고,0,0,0,1,차대차 - 측면충돌,안전운전불이행,습기,비,교차로 - 교차로안,이륜,남,23세,부상신고,화물,남,47세,상해없음
2016042700100574,2016년 4월 27일 20시,수요일,경상남도 양산시 남부동,중상사고,0,1,0,0,차대사람 - 횡단중,보행자보호의무위반,습기,비,단일로 - 횡단보도상,승용,여,45세,상해없음,보행자,남,53세,중상
2016042700100575,2016년 4월 27일 20시,수요일,경상남도 양산시 중부동,경상사고,0,0,2,0,차대사람 - 횡단중,안전운전불이행,습기,비,교차로 - 교차로부근,승용,남,26세,상해없음,보행자,여,19세,경상
2016042700100576,2016년 4월 27일 20시,수요일,경상남도 함안군 칠원읍,경상사고,0,0,3,0,차대차 - 추돌,안전운전불이행,습기,비,단일로 - 기타,화물,남,49세,상해없음,승용,남,54세,경상
2016042700100610,2016년 4월 27일 21시,수요일,경상남도 거제시 능포동,사망사고,1,0,0,0,차대사람 - 횡단중,안전운전불이행,습기,비,단일로 - 기타,승합,남,54세,상해없음,보행자,남,38세,사망
2016042700100611,2016년 4월 27일 21시,수요일,경상남도 함안군 칠원읍,경상사고,0,0,3,0,차대차 - 측면직각충돌,안전운전불이행,습기,비,단일로 - 기타,승용,남,58세,상해없음,승용,여,29세,경상
2016042700100612,2016년 4월 27일 21시,수요일,경상남도 창원시 성산구 중앙동,경상사고,0,0,1,0,차대차 - 측면충돌,신호위반,건조,맑음,교차로 - 교차로안,승용,남,42세,상해없음,승용,남,33세,경상
2016042700100613,2016년 4월 27일 21시,수요일,경상남도 창원시 의창구 동읍,중상사고,0,2,0,0,차대차 - 측면충돌,안전운전불이행,건조,맑음,교차로 - 교차로부근,승용,남,61세,상해없음,승용,남,35세,중상
2016042700100654,2016년 4월 27일 22시,수요일,경상남도 통영시 광도면,중상사고,0,1,0,0,차대차 - 측면직각충돌,교차로운행방법위반,건조,맑음,교차로 - 교차로안,승용,여,44세,상해없음,승용,여,45세,상해없음
2016042700100655,2016년 4월 27일 22시,수요일,경상남도 양산시 물금읍,경상사고,0,0,3,1,차대차 - 측면충돌,신호위반,습기,비,교차로 - 교차로안,승용,여,30세,부상신고,승합,여,46세,경상
2016042700100656,2016년 4월 27일 22시,수요일,경상남도 창원시 마산회원구 회성동,중상사고,0,1,0,0,차대차 - 추돌,안전운전불이행,습기,비,단일로 - 기타,화물,남,53세,상해없음,승용,남,26세,중상
2016042700100689,2016년 4월 27일 23시,수요일,경상남도 진주시 칠암동,중상사고,0,1,0,0,차대사람 - 횡단중,안전운전불이행,습기,비,단일로 - 기타,승용,남,36세,상해없음,보행자,남,18세,중상
2016042700100690,2016년 4월 27일 23시,수요일,경상남도 김해시 내동,경상사고,0,0,2,0,차대사람 - 기타,안전운전불이행,습기,비,단일로 - 기타,승용,남,45세,상해없음,보행자,여,44세,경상
2016042700100691,2016년 4월 27일 23시,수요일,경상남도 김해시 전하동,경상사고,0,0,1,0,차대차 - 정면충돌,신호위반,습기,비,교차로 - 교차로안,승용,여,23세,상해없음,승용,남,59세,경상
2016042800100023,2016년 4월 28일 00시,목요일,경상남도 진주시 장대동,경상사고,0,0,2,0,차대차 - 정면충돌,중앙선침범,습기,비,단일로 - 기타,승용,남,64세,상해없음,이륜,남,17세,경상
2016042800100051,2016년 4월 28일 02시,목요일,경상남도 김해시 장유면,중상사고,0,1,0,0,차량단독 - 전도전복,안전운전불이행,습기,비,단일로 - 기타,승용,남,33세,기타불명,,,,
2016042800100072,2016년 4월 28일 04시,목요일,경상남도 창원시 마산회원구 봉암동,중상사고,0,1,0,0,차대사람 - 횡단중,안전운전불이행,습기,비,단일로 - 기타,특수,남,49세,상해없음,보행자,남,43세,중상
2016042800100073,2016년 4월 28일 04시,목요일,경상남도 김해시 풍유동,중상사고,0,1,0,0,차대차 - 측면충돌,안전운전불이행,건조,맑음,단일로 - 기타,승용,남,33세,중상,건설기계,남,47세,상해없음
2016042800100082,2016년 4월 28일 05시,목요일,경상남도 창원시 진해구 자은동,경상사고,0,0,1,0,차량단독 - 공작물충돌,안전운전불이행,습기,비,기타 - 기타,화물,남,26세,경상,,,,
2016042800100146,2016년 4월 28일 08시,목요일,경상남도 밀양시 삼문동,경상사고,0,0,3,0,차대차 - 측면충돌,교차로운행방법위반,습기,비,교차로 - 교차로안,승용,남,59세,상해없음,승용,여,21세,경상
2016042800100183,2016년 4월 28일 09시,목요일,경상남도 김해시 진영읍,경상사고,0,0,1,0,차대차 - 측면충돌,안전운전불이행,건조,맑음,단일로 - 기타,화물,남,58세,상해없음,화물,남,28세,경상
2016042800100212,2016년 4월 28일 10시,목요일,경상남도 합천군 합천읍,중상사고,0,1,0,0,차대사람 - 횡단중,안전운전불이행,건조,흐림,단일로 - 기타,화물,남,74세,상해없음,보행자,남,67세,중상
2016042800100213,2016년 4월 28일 10시,목요일,경상남도 김해시 화목동,중상사고,0,1,0,0,차대차 - 측면충돌,안전운전불이행,건조,맑음,단일로 - 기타,화물,남,57세,상해없음,승용,여,54세,중상
2016042800100249,2016년 4월 28일 11시,목요일,경상남도 진주시 신안동,중상사고,0,1,0,0,차대차 - 측면직각충돌,중앙선침범,건조,맑음,교차로 - 교차로부근,자전거,여,39세,중상,승용,남,46세,상해없음
2016042800100250,2016년 4월 28일 11시,목요일,경상남도 김해시 서상동,경상사고,0,0,1,0,차대사람 - 기타,안전운전불이행,습기,흐림,단일로 - 기타,화물,남,38세,상해없음,보행자,여,36세,경상
2016042800100251,2016년 4월 28일 11시,목요일,경상남도 양산시 동면,경상사고,0,0,2,0,차대차 - 정면충돌,안전운전불이행,건조,맑음,단일로 - 기타,승합,남,45세,상해없음,승용,남,32세,경상
2016042800100274,2016년 4월 28일 12시,목요일,경상남도 밀양시 부북면,경상사고,0,0,2,0,차대차 - 측면직각충돌,신호위반,건조,맑음,교차로 - 교차로안,승용,여,43세,상해없음,승용,남,59세,경상
2016042800100308,2016년 4월 28일 13시,목요일,경상남도 창녕군 대지면,경상사고,0,0,1,0,차대차 - 추돌,안전운전불이행,건조,맑음,단일로 - 기타,화물,남,69세,상해없음,승용,남,69세,경상
2016042800100309,2016년 4월 28일 13시,목요일,경상남도 창원시 의창구 두대동,중상사고,0,1,0,0,차대차 - 측면충돌,신호위반,건조,맑음,교차로 - 교차로안,승용,여,49세,상해없음,승용,남,30세,중상
2016042800100342,2016년 4월 28일 14시,목요일,경상남도 거제시 고현동,중상사고,0,1,0,0,차대사람 - 횡단중,안전운전불이행,건조,맑음,단일로 - 기타,이륜,남,19세,상해없음,보행자,여,52세,중상
2016042800100343,2016년 4월 28일 14시,목요일,경상남도 거제시 고현동,경상사고,0,0,1,0,차대차 - 측면직각충돌,안전운전불이행,건조,맑음,교차로 - 교차로부근,승용,남,45세,상해없음,승용,여,35세,경상
2016042800100371,2016년 4월 28일 15시,목요일,경상남도 진주시 상대동,중상사고,0,1,0,0,차대사람 - 기타,기타,건조,맑음,단일로 - 기타,승합,남,59세,상해없음,보행자,남,44세,중상
2016042800100372,2016년 4월 28일 15시,목요일,경상남도 창원시 의창구 봉림동,경상사고,0,0,1,0,차대차 - 추돌,안전운전불이행,건조,맑음,교차로 - 교차로안,승용,남,37세,상해없음,승합,여,56세,경상
2016042800100401,2016년 4월 28일 16시,목요일,경상남도 밀양시 삼문동,경상사고,0,0,1,0,차대사람 - 횡단중,안전운전불이행,건조,맑음,단일로 - 기타,승용,여,45세,상해없음,보행자,여,17세,경상
2016042800100402,2016년 4월 28일 16시,목요일,경상남도 김해시 봉황동,경상사고,0,0,1,0,차대사람 - 기타,기타,건조,맑음,단일로 - 기타,승용,여,47세,상해없음,보행자,여,85세,경상
2016042800100403,2016년 4월 28일 16시,목요일,경상남도 김해시 장유면,경상사고,0,0,1,0,차대차 - 측면충돌,신호위반,건조,맑음,교차로 - 교차로안,화물,남,54세,상해없음,승용,여,45세,경상
2016042800100450,2016년 4월 28일 17시,목요일,경상남도 진주시 평거동,중상사고,0,1,0,0,차대차 - 정면충돌,중앙선침범,건조,맑음,단일로 - 기타,승용,남,40세,상해없음,이륜,남,16세,중상
2016042800100451,2016년 4월 28일 17시,목요일,경상남도 밀양시 무안면,경상사고,0,0,1,0,차대차 - 정면충돌,안전운전불이행,건조,맑음,교차로 - 교차로안,승용,여,56세,상해없음,이륜,남,73세,경상
2016042800100452,2016년 4월 28일 17시,목요일,경상남도 거제시 수월동,중상사고,0,1,0,0,차대사람 - 횡단중,보행자보호의무위반,건조,맑음,단일로 - 기타,승용,여,26세,상해없음,보행자,여,8세,중상
2016042800100491,2016년 4월 28일 18시,목요일,경상남도 창원시 마산합포구 진전면,경상사고,0,0,1,0,차대차 - 측면충돌,신호위반,건조,맑음,교차로 - 교차로안,승용,남,72세,상해없음,승용,남,66세,경상
2016042800100492,2016년 4월 28일 18시,목요일,경상남도 통영시 광도면,경상사고,0,0,2,0,차대차 - 추돌,안전운전불이행,건조,흐림,단일로 - 기타,승용,여,33세,상해없음,승용,남,35세,경상
2016042800100493,2016년 4월 28일 18시,목요일,경상남도 거제시 연초면,경상사고,0,0,1,0,차대차 - 측면직각충돌,안전운전불이행,건조,맑음,교차로 - 교차로부근,이륜,남,35세,상해없음,이륜,남,42세,경상
2016042800100533,2016년 4월 28일 19시,목요일,경상남도 통영시 용남면,경상사고,0,0,1,0,차대사람 - 횡단중,안전운전불이행,건조,맑음,교차로 - 교차로부근,화물,남,47세,상해없음,보행자,남,34세,경상
2016042800100534,2016년 4월 28일 19시,목요일,경상남도 함양군 함양읍,중상사고,0,1,0,0,차대차 - 추돌,안전운전불이행,건조,맑음,교차로 - 교차로부근,승용,남,66세,상해없음,승용,남,57세,중상
2016042800100535,2016년 4월 28일 19시,목요일,경상남도 양산시 북부동,경상사고,0,0,1,0,차대차 - 정면충돌,교차로운행방법위반,건조,맑음,교차로 - 교차로안,승합,남,55세,상해없음,승용,남,34세,상해없음
2016042800100536,2016년 4월 28일 19시,목요일,경상남도 창원시 의창구 동읍,중상사고,0,1,0,0,차대차 - 기타,기타,건조,맑음,단일로 - 기타,승용,남,37세,상해없음,이륜,남,17세,중상
2016042800100537,2016년 4월 28일 19시,목요일,경상남도 창원시 의창구 서상동,중상사고,0,1,1,0,차대차 - 추돌,안전거리미확보,건조,맑음,교차로 - 교차로안,승용,남,25세,상해없음,승용,여,54세,중상
2016042800100582,2016년 4월 28일 20시,목요일,경상남도 양산시 덕계동,중상사고,0,1,0,0,차대사람 - 횡단중,보행자보호의무위반,습기,비,교차로 - 교차로부근,승용,남,55세,상해없음,보행자,남,71세,중상
2016042800100584,2016년 4월 28일 20시,목요일,경상남도 창원시 성산구 내동,경상사고,0,0,1,0,차대차 - 측면직각충돌,안전거리미확보,건조,맑음,단일로 - 기타,승용,남,60세,상해없음,승용,남,31세,경상
2016042800100585,2016년 4월 28일 20시,목요일,경상남도 창원시 의창구 소답동,중상사고,0,1,0,0,차대사람 - 보도통행중,기타,건조,맑음,단일로 - 기타,승용,남,39세,상해없음,보행자,남,61세,중상
2016042800100614,2016년 4월 28일 21시,목요일,경상남도 양산시 북정동,중상사고,0,1,0,0,차대차 - 측면충돌,중앙선침범,건조,맑음,단일로 - 기타,승용,남,50세,상해없음,이륜,남,43세,중상
2016042800100615,2016년 4월 28일 21시,목요일,경상남도 김해시 진영읍,경상사고,0,0,1,0,차대차 - 측면충돌,신호위반,건조,맑음,교차로 - 교차로안,승용,남,35세,상해없음,승용,남,66세,경상
2016042800100675,2016년 4월 28일 23시,목요일,경상남도 창원시 의창구 도계동,경상사고,0,0,1,0,차대차 - 측면충돌,안전운전불이행,건조,맑음,교차로 - 교차로안,이륜,남,34세,경상,승용,남,59세,상해없음
2016042900100012,2016년 4월 29일 00시,금요일,경상남도 창원시 마산합포구 진전면,중상사고,0,2,0,0,차대차 - 측면직각충돌,안전거리미확보,건조,맑음,단일로 - 터널,승합,남,66세,상해없음,승용,남,35세,중상
2016042900100032,2016년 4월 29일 01시,금요일,경상남도 김해시 동상동,중상사고,0,1,0,0,차대차 - 측면충돌,안전운전불이행,건조,흐림,단일로 - 기타,승합,여,44세,상해없음,승용,남,34세,중상
2016042900100047,2016년 4월 29일 02시,금요일,경상남도 진주시 상대동,경상사고,0,0,1,0,차대차 - 측면충돌,교차로운행방법위반,건조,맑음,교차로 - 교차로안,승용,여,57세,경상,승용,여,47세,상해없음
2016042900100072,2016년 4월 29일 05시,금요일,경상남도 창원시 마산합포구 상남동,경상사고,0,0,2,0,차대차 - 추돌,안전운전불이행,건조,맑음,단일로 - 기타,승용,남,33세,상해없음,화물,남,54세,경상
2016042900100084,2016년 4월 29일 06시,금요일,경상남도 함안군 군북면,경상사고,0,0,1,0,차량단독 - 전도전복,안전운전불이행,건조,맑음,단일로 - 기타,승용,남,49세,상해없음,,,,
2016042900100112,2016년 4월 29일 07시,금요일,경상남도 진주시 상대동,경상사고,0,0,1,0,차대사람 - 기타,안전운전불이행,건조,맑음,단일로 - 기타,승합,남,58세,상해없음,보행자,여,68세,경상
2016042900100113,2016년 4월 29일 07시,금요일,경상남도 창원시 진해구 죽곡동,경상사고,0,0,1,0,차대차 - 측면직각충돌,신호위반,건조,맑음,교차로 - 교차로안,승합,남,75세,상해없음,승합,남,62세,상해없음
2016042900100114,2016년 4월 29일 07시,금요일,경상남도 하동군 진교면,중상사고,0,1,0,0,차대차 - 측면충돌,안전운전불이행,건조,맑음,교차로 - 교차로안,원동기,여,64세,중상,화물,남,76세,상해없음
2016042900100145,2016년 4월 29일 08시,금요일,경상남도 김해시 외동,경상사고,0,0,1,0,차대차 - 측면직각충돌,불법유턴,건조,맑음,단일로 - 횡단보도상,이륜,남,25세,경상,승합,남,58세,상해없음
2016042900100146,2016년 4월 29일 08시,금요일,경상남도 창원시 마산회원구 봉암동,경상사고,0,0,2,0,차대차 - 추돌,안전운전불이행,건조,맑음,단일로 - 기타,승용,여,47세,상해없음,승용,남,54세,경상
2016042900100211,2016년 4월 29일 10시,금요일,경상남도 창원시 의창구 두대동,경상사고,0,0,1,0,차대차 - 정면충돌,안전운전불이행,건조,맑음,기타 - 기타,승용,여,49세,상해없음,승용,남,30세,경상
2016042900100242,2016년 4월 29일 11시,금요일,경상남도 양산시 남부동,경상사고,0,0,1,0,차대차 - 정면충돌,신호위반,건조,맑음,교차로 - 교차로안,승용,여,36세,상해없음,승용,여,56세,경상
2016042900100306,2016년 4월 29일 13시,금요일,경상남도 김해시 삼계동,경상사고,0,0,2,0,차대차 - 기타,안전운전불이행,건조,맑음,교차로 - 교차로부근,이륜,남,19세,경상,승용,남,50세,경상
2016042900100338,2016년 4월 29일 14시,금요일,경상남도 창원시 마산합포구 해운동,중상사고,0,1,0,0,차대사람 - 횡단중,안전운전불이행,건조,맑음,단일로 - 기타,화물,여,53세,상해없음,보행자,여,33세,중상
2016042900100371,2016년 4월 29일 15시,금요일,경상남도 양산시 물금읍,중상사고,0,3,0,0,차대차 - 정면충돌,교차로운행방법위반,건조,맑음,교차로 - 교차로안,승용,여,68세,중상,승용,남,30세,중상
2016042900100372,2016년 4월 29일 15시,금요일,경상남도 의령군 대의면,중상사고,0,1,0,0,차량단독 - 전도전복,안전운전불이행,건조,맑음,단일로 - 기타,이륜,남,19세,중상,,,,
2016042900100373,2016년 4월 29일 15시,금요일,경상남도 창원시 의창구 동읍,경상사고,0,0,1,0,차대차 - 측면충돌,안전운전불이행,건조,맑음,교차로 - 교차로부근,승용,여,34세,상해없음,승용,여,43세,경상
2016042900100411,2016년 4월 29일 16시,금요일,경상남도 함양군 수동면,중상사고,0,1,0,0,차대사람 - 길가장자리구역통행중,안전운전불이행,건조,맑음,교차로 - 교차로안,승용,남,46세,상해없음,보행자,여,84세,중상
2016042900100412,2016년 4월 29일 16시,금요일,경상남도 함안군 군북면,중상사고,0,1,0,0,차대차 - 정면충돌,중앙선침범,건조,맑음,단일로 - 기타,이륜,남,77세,중상,승합,남,73세,상해없음
2016042900100413,2016년 4월 29일 16시,금요일,경상남도 창원시 성산구 상남동,경상사고,0,0,1,0,차대차 - 측면직각충돌,안전운전불이행,건조,맑음,교차로 - 교차로안,자전거,남,19세,경상,승용,여,40세,상해없음
2016042900100414,2016년 4월 29일 16시,금요일,경상남도 창원시 성산구 남산동,경상사고,0,0,1,0,차대차 - 정면충돌,안전운전불이행,건조,맑음,단일로 - 기타,승용,여,43세,상해없음,승용,남,60세,경상
2016042900100460,2016년 4월 29일 17시,금요일,경상남도 함양군 함양읍,경상사고,0,0,1,0,차대차 - 측면직각충돌,교차로운행방법위반,건조,맑음,교차로 - 교차로안,화물,여,69세,경상,화물,남,45세,상해없음
2016042900100461,2016년 4월 29일 17시,금요일,경상남도 거제시 고현동,중상사고,0,1,0,0,차대사람 - 횡단중,안전운전불이행,건조,맑음,단일로 - 기타,승용,남,32세,상해없음,보행자,여,59세,중상
2016042900100462,2016년 4월 29일 17시,금요일,경상남도 창원시 마산회원구 구암동,경상사고,0,0,2,0,차대차 - 추돌,안전운전불이행,건조,맑음,교차로 - 교차로부근,화물,남,60세,상해없음,승용,여,48세,경상
2016042900100543,2016년 4월 29일 19시,금요일,경상남도 진주시 신안동,경상사고,0,0,2,0,차대차 - 측면직각충돌,차로위반,건조,맑음,교차로 - 교차로안,승용,남,23세,상해없음,이륜,남,18세,경상
2016042900100544,2016년 4월 29일 19시,금요일,경상남도 김해시 외동,중상사고,0,1,0,0,차대사람 - 횡단중,안전운전불이행,건조,맑음,교차로 - 교차로안,승용,여,30세,상해없음,보행자,남,77세,중상
2016042900100545,2016년 4월 29일 19시,금요일,경상남도 김해시 어방동,중상사고,0,1,0,0,차대사람 - 횡단중,신호위반,건조,맑음,교차로 - 교차로안,원동기,남,23세,상해없음,보행자,여,46세,중상
2016042900100546,2016년 4월 29일 19시,금요일,경상남도 창원시 성산구 반지동,중상사고,0,1,0,0,차대차 - 측면충돌,안전운전불이행,건조,맑음,교차로 - 교차로안,승용,여,51세,상해없음,자전거,남,72세,중상
2016042900100577,2016년 4월 29일 20시,금요일,경상남도 창원시 진해구 덕산동,경상사고,0,0,1,0,차대차 - 측면충돌,교차로운행방법위반,건조,맑음,교차로 - 교차로안,승용,남,47세,상해없음,자전거,여,58세,경상
2016042900100578,2016년 4월 29일 20시,금요일,경상남도 김해시 장유면,경상사고,0,0,1,0,차대차 - 측면직각충돌,안전거리미확보,건조,맑음,단일로 - 기타,승용,여,61세,상해없음,이륜,남,18세,경상
2016042900100613,2016년 4월 29일 21시,금요일,경상남도 거창군 거창읍,중상사고,0,1,0,0,차대차 - 측면직각충돌,안전운전불이행,건조,맑음,교차로 - 교차로안,화물,남,33세,상해없음,승용,여,49세,중상
2016042900100650,2016년 4월 29일 22시,금요일,경상남도 거제시 상동동,경상사고,0,0,3,0,차대차 - 정면충돌,안전운전불이행,건조,맑음,기타 - 기타,승용,남,52세,상해없음,승용,남,37세,상해없음
2016042900100651,2016년 4월 29일 22시,금요일,경상남도 거제시 장승포동,경상사고,0,0,1,0,차대차 - 기타,안전운전불이행,건조,맑음,단일로 - 기타,승용,남,26세,상해없음,원동기,남,30세,경상
2016042900100652,2016년 4월 29일 22시,금요일,경상남도 창원시 마산회원구 구암동,경상사고,0,0,1,0,차대차 - 측면충돌,안전운전불이행,건조,맑음,교차로 - 교차로안,승용,남,23세,상해없음,승용,남,51세,경상
2016042900100653,2016년 4월 29일 22시,금요일,경상남도 창원시 마산회원구 내서읍,중상사고,0,1,0,0,차대사람 - 횡단중,신호위반,건조,맑음,단일로 - 횡단보도상,승용,남,24세,상해없음,보행자,남,18세,중상
2016042900100654,2016년 4월 29일 22시,금요일,경상남도 김해시 장유면,경상사고,0,0,2,0,차대차 - 추돌,안전운전불이행,건조,맑음,단일로 - 기타,승용,남,60세,상해없음,화물,남,32세,경상
2016043000100021,2016년 4월 30일 00시,토요일,경상남도 창원시 마산회원구 회성동,중상사고,0,1,0,0,차대차 - 정면충돌,안전운전불이행,건조,맑음,교차로 - 교차로부근,승용,남,34세,상해없음,승용,남,33세,중상
2016043000100092,2016년 4월 30일 04시,토요일,경상남도 창원시 성산구 상남동,사망사고,1,0,0,0,차대사람 - 횡단중,안전운전불이행,건조,맑음,교차로 - 교차로안,화물,남,58세,상해없음,보행자,여,34세,사망
2016043000100108,2016년 4월 30일 05시,토요일,경상남도 양산시 하북면,중상사고,0,1,0,0,차량단독 - 전도전복,안전운전불이행,건조,맑음,교차로 - 교차로부근,화물,여,59세,중상,,,,
2016043000100120,2016년 4월 30일 06시,토요일,경상남도 통영시 인평동,중상사고,0,1,0,0,차대차 - 측면충돌,안전운전불이행,건조,맑음,교차로 - 교차로부근,승용,남,36세,상해없음,승용,여,62세,중상
2016043000100139,2016년 4월 30일 07시,토요일,경상남도 함안군 가야읍,중상사고,0,1,1,0,차대차 - 정면충돌,안전운전불이행,건조,맑음,교차로 - 교차로부근,승용,남,71세,경상,승용,남,36세,중상
2016043000100140,2016년 4월 30일 07시,토요일,경상남도 창원시 성산구 내동,경상사고,0,0,1,0,차대차 - 측면충돌,신호위반,건조,맑음,교차로 - 교차로안,이륜,남,41세,상해없음,자전거,남,18세,경상
2016043000100155,2016년 4월 30일 08시,토요일,경상남도 창원시 마산합포구 해운동,경상사고,0,0,2,0,차대차 - 추돌,안전거리미확보,건조,맑음,단일로 - 교량,승용,남,37세,상해없음,승용,남,50세,경상
2016043000100182,2016년 4월 30일 09시,토요일,경상남도 양산시 소주동,경상사고,0,0,1,0,차대차 - 측면충돌,교차로운행방법위반,건조,맑음,교차로 - 교차로안,승용,여,23세,기타불명,승용,여,36세,경상
2016043000100183,2016년 4월 30일 09시,토요일,경상남도 창원시 마산회원구 내서읍,부상신고사고,0,0,0,1,차량단독 - 전도전복,안전운전불이행,건조,맑음,단일로 - 기타,원동기,남,81세,부상신고,,,,
2016043000100215,2016년 4월 30일 10시,토요일,경상남도 창원시 마산합포구 월영동,경상사고,0,0,1,0,차대차 - 추돌,안전거리미확보,건조,맑음,단일로 - 기타,승용,남,65세,상해없음,승용,여,38세,경상
2016043000100216,2016년 4월 30일 10시,토요일,경상남도 양산시 물금읍,중상사고,0,1,3,0,차대차 - 정면충돌,교차로운행방법위반,건조,맑음,교차로 - 교차로안,승용,여,52세,경상,화물,남,21세,상해없음
2016043000100217,2016년 4월 30일 10시,토요일,경상남도 거제시 장목면,경상사고,0,0,5,0,차대차 - 기타,안전운전불이행,건조,맑음,단일로 - 기타,승용,여,57세,상해없음,승용,남,60세,경상
2016043000100218,2016년 4월 30일 10시,토요일,경상남도 창원시 의창구 도계동,중상사고,0,1,0,0,차대차 - 추돌,안전운전불이행,건조,맑음,단일로 - 기타,승용,남,60세,상해없음,승용,남,52세,중상
2016043000100253,2016년 4월 30일 11시,토요일,경상남도 창원시 진해구 풍호동,경상사고,0,0,1,0,차대차 - 추돌,안전운전불이행,건조,맑음,단일로 - 기타,승용,남,23세,경상,승용,남,44세,기타불명
2016043000100254,2016년 4월 30일 11시,토요일,경상남도 김해시 동상동,경상사고,0,0,2,0,차대차 - 기타,교차로운행방법위반,건조,맑음,교차로 - 교차로안,승용,남,30세,상해없음,승용,남,35세,경상
2016043000100255,2016년 4월 30일 11시,토요일,경상남도 거제시 옥포동,경상사고,0,0,2,0,차대차 - 기타,안전운전불이행,건조,맑음,단일로 - 기타,승용,남,56세,상해없음,승용,남,31세,경상
2016043000100286,2016년 4월 30일 12시,토요일,경상남도 김해시 한림면,경상사고,0,0,1,0,차대차 - 추돌,안전운전불이행,건조,맑음,단일로 - 기타,승용,남,61세,상해없음,승용,남,31세,경상
2016043000100325,2016년 4월 30일 13시,토요일,경상남도 사천시 죽림동,경상사고,0,0,1,0,차대차 - 측면직각충돌,안전운전불이행,건조,맑음,단일로 - 기타,화물,남,26세,상해없음,원동기,남,63세,경상
2016043000100326,2016년 4월 30일 13시,토요일,경상남도 의령군 지정면,중상사고,0,2,2,0,차량단독 - 전도전복,안전운전불이행,건조,맑음,단일로 - 기타,승용,남,67세,경상,,,,
2016043000100364,2016년 4월 30일 14시,토요일,경상남도 창원시 마산합포구 우산동,중상사고,0,1,0,0,차대차 - 추돌,안전거리미확보,건조,맑음,단일로 - 터널,건설기계,남,68세,상해없음,승용,남,56세,중상
2016043000100365,2016년 4월 30일 14시,토요일,경상남도 거창군 거창읍,경상사고,0,0,1,0,차대차 - 정면충돌,안전운전불이행,건조,맑음,단일로 - 기타,이륜,남,54세,경상,승용,여,32세,상해없음
2016043000100366,2016년 4월 30일 14시,토요일,경상남도 김해시 흥동,중상사고,0,4,0,0,차대차 - 기타,안전운전불이행,건조,맑음,단일로 - 기타,승용,여,22세,중상,승용,남,28세,중상
2016043000100403,2016년 4월 30일 15시,토요일,경상남도 통영시 미수동,중상사고,0,1,0,0,차대사람 - 횡단중,안전운전불이행,건조,맑음,교차로 - 교차로안,승용,여,55세,상해없음,보행자,여,83세,중상
2016043000100404,2016년 4월 30일 15시,토요일,경상남도 거창군 가조면,중상사고,0,1,0,0,차대차 - 기타,교차로운행방법위반,건조,맑음,교차로 - 교차로안,승용,남,69세,상해없음,화물,남,61세,중상
2016043000100405,2016년 4월 30일 15시,토요일,경상남도 양산시 동면,경상사고,0,0,1,0,차대차 - 정면충돌,교차로운행방법위반,건조,맑음,교차로 - 교차로안,승용,남,25세,상해없음,원동기,남,64세,경상
2016043000100406,2016년 4월 30일 15시,토요일,경상남도 거제시 사등면,경상사고,0,0,2,0,차대차 - 추돌,안전운전불이행,건조,맑음,단일로 - 기타,승용,남,24세,상해없음,승용,남,67세,경상
2016043000100407,2016년 4월 30일 15시,토요일,경상남도 창원시 마산회원구 내서읍,경상사고,0,0,1,0,차대사람 - 횡단중,보행자보호의무위반,건조,맑음,단일로 - 횡단보도상,승용,여,50세,기타불명,보행자,여,38세,경상
2016043000100408,2016년 4월 30일 15시,토요일,경상남도 김해시 진영읍,중상사고,0,1,0,0,차대사람 - 횡단중,보행자보호의무위반,건조,맑음,단일로 - 기타,승합,남,56세,상해없음,보행자,여,6세,중상