사고번호,사고일시,요일,시군구,사고내용,사망자수,중상자수,경상자수,부상신고자수,사고유형,법규위반,노면상태,기상상태,도로형태,가해운전자 차종,가해운전자 성별,가해운전자 연령,가해운전자 상해정도,피해운전자 차종,피해운전자 성별,피해운전자 연령,피해운전자 상해정도
2016050400100458,2016년 5월 4일 16시,수요일,경상남도 밀양시 삼문동,경상사고,0,0,1,0,차대사람 - 기타,안전운전불이행,건조,맑음,단일로 - 기타,승용,여,37세,상해없음,보행자,여,52세,경상
2016050400100459,2016년 5월 4일 16시,수요일,경상남도 창녕군 창녕읍,중상사고,0,1,1,0,차대차 - 추돌,안전운전불이행,건조,맑음,단일로 - 기타,원동기,남,62세,중상,승용,남,51세,경상
2016050400100460,2016년 5월 4일 16시,수요일,경상남도 양산시 평산동,중상사고,0,1,0,0,차대사람 - 횡단중,안전운전불이행,건조,맑음,단일로 - 기타,승용,남,44세,상해없음,보행자,남,8세,중상
2016050400100461,2016년 5월 4일 16시,수요일,경상남도 창원시 성산구 가음동,경상사고,0,0,1,0,차대차 - 측면직각충돌,안전운전불이행,건조,맑음,교차로 - 교차로안,승합,여,37세,상해없음,이륜,남,17세,경상
2016050400100462,2016년 5월 4일 16시,수요일,경상남도 창원시 의창구 동읍,중상사고,0,1,0,0,차대사람 - 기타,안전운전불이행,건조,맑음,단일로 - 기타,화물,남,59세,상해없음,보행자,여,83세,중상
2016050400100463,2016년 5월 4일 16시,수요일,경상남도 김해시 진영읍,경상사고,0,0,1,0,차대차 - 추돌,안전운전불이행,건조,맑음,교차로 - 교차로부근,승용,남,48세,상해없음,승용,남,35세,경상
2016050400100520,2016년 5월 4일 17시,수요일,경상남도 창원시 마산합포구 상남동,중상사고,0,1,2,0,차대차 - 추돌,안전운전불이행,건조,맑음,교차로 - 교차로부근,승용,남,64세,상해없음,승용,남,71세,중상
2016050400100521,2016년 5월 4일 17시,수요일,경상남도 창원시 마산합포구 성호동,부상신고사고,0,0,0,1,차대사람 - 길가장자리구역통행중,안전운전불이행,건조,맑음,단일로 - 기타,승용,남,42세,상해없음,보행자,남,59세,부상신고
2016050400100522,2016년 5월 4일 17시,수요일,경상남도 남해군 창선면,중상사고,0,1,1,0,차대차 - 측면충돌,안전운전불이행,건조,맑음,교차로 - 교차로안,승용,남,55세,경상,승용,남,61세,중상
2016050400100523,2016년 5월 4일 17시,수요일,경상남도 진주시 문산읍,경상사고,0,0,1,0,차대차 - 기타,기타,건조,맑음,단일로 - 기타,화물,남,50세,상해없음,승용,남,44세,경상
2016050400100584,2016년 5월 4일 18시,수요일,경상남도 양산시 남부동,경상사고,0,0,1,0,차대사람 - 횡단중,안전운전불이행,건조,맑음,단일로 - 기타,승용,여,39세,상해없음,보행자,남,37세,경상
2016050400100585,2016년 5월 4일 18시,수요일,경상남도 거제시 연초면,중상사고,0,1,0,0,차대차 - 측면직각충돌,교차로운행방법위반,건조,맑음,교차로 - 교차로부근,승용,남,49세,상해없음,자전거,남,48세,중상
2016050400100635,2016년 5월 4일 19시,수요일,경상남도 진주시 금산면,중상사고,0,1,0,0,차대차 - 정면충돌,안전운전불이행,건조,맑음,단일로 - 기타,화물,여,50세,상해없음,원동기,남,36세,중상
2016050400100636,2016년 5월 4일 19시,수요일,경상남도 김해시 어방동,경상사고,0,0,2,0,차대차 - 추돌,안전거리미확보,건조,맑음,교차로 - 교차로부근,승용,여,60세,상해없음,승용,남,77세,경상
2016050400100637,2016년 5월 4일 19시,수요일,경상남도 김해시 불암동,중상사고,0,2,2,1,차대차 - 추돌,안전운전불이행,건조,맑음,단일로 - 기타,화물,남,56세,경상,승용,여,33세,중상
2016050400100638,2016년 5월 4일 19시,수요일,경상남도 거제시 장평동,경상사고,0,0,1,0,차대차 - 측면직각충돌,교차로운행방법위반,건조,맑음,교차로 - 교차로안,승용,남,50세,상해없음,원동기,남,39세,상해없음
2016050400100678,2016년 5월 4일 20시,수요일,경상남도 진주시 봉곡동,중상사고,0,1,0,0,차대사람 - 횡단중,안전운전불이행,건조,맑음,단일로 - 기타,승용,남,34세,상해없음,보행자,여,74세,중상
2016050400100679,2016년 5월 4일 20시,수요일,경상남도 밀양시 내이동,경상사고,0,0,1,0,차대차 - 정면충돌,중앙선침범,건조,맑음,교차로 - 교차로안,승용,남,68세,상해없음,승용,남,44세,경상
2016050400100680,2016년 5월 4일 20시,수요일,경상남도 함양군 수동면,중상사고,0,1,0,0,차량단독 - 공작물충돌,안전운전불이행,건조,맑음,단일로 - 기타,이륜,남,80세,중상,,,,
2016050400100681,2016년 5월 4일 20시,수요일,경상남도 창원시 의창구 중동,중상사고,0,1,0,0,차대차 - 정면충돌,신호위반,건조,맑음,교차로 - 교차로안,승용,여,28세,기타불명,원동기,남,61세,중상
2016050400100718,2016년 5월 4일 21시,수요일,경상남도 사천시 사천읍,경상사고,0,0,1,0,차대차 - 추돌,안전운전불이행,건조,맑음,단일로 - 기타,승용,남,25세,상해없음,승용,여,49세,경상
2016050400100719,2016년 5월 4일 21시,수요일,경상남도 김해시 불암동,중상사고,0,2,0,0,차대차 - 추돌,안전거리미확보,건조,맑음,단일로 - 기타,화물,남,28세,상해없음,승용,여,50세,중상
2016050400100720,2016년 5월 4일 21시,수요일,경상남도 창원시 성산구 남양동,경상사고,0,0,1,0,차대사람 - 횡단중,안전운전불이행,건조,맑음,교차로 - 교차로부근,이륜,남,42세,상해없음,보행자,여,45세,경상
2016050400100755,2016년 5월 4일 22시,수요일,경상남도 통영시 도남동,경상사고,0,0,1,0,차대사람 - 횡단중,안전운전불이행,건조,맑음,단일로 - 기타,승용,여,42세,상해없음,보행자,남,54세,경상
2016050400100756,2016년 5월 4일 22시,수요일,경상남도 김해시 내동,중상사고,0,1,1,0,차대차 - 측면충돌,신호위반,건조,맑음,교차로 - 교차로안,이륜,남,20세,중상,승용,여,49세,경상
2016050500100016,2016년 5월 5일 00시,목요일,경상남도 통영시 무전동,경상사고,0,0,1,1,차대차 - 측면직각충돌,안전운전불이행,건조,맑음,교차로 - 교차로안,승용,남,36세,상해없음,승용,남,50세,경상
2016050500100040,2016년 5월 5일 01시,목요일,경상남도 거제시 장평동,중상사고,0,1,0,0,차대차 - 정면충돌,안전운전불이행,건조,맑음,단일로 - 기타,승용,남,22세,상해없음,승용,남,42세,중상
2016050500100082,2016년 5월 5일 04시,목요일,경상남도 통영시 무전동,경상사고,0,0,1,0,차대차 - 측면직각충돌,안전운전불이행,건조,맑음,교차로 - 교차로안,승용,남,67세,상해없음,승용,남,29세,경상
2016050500100094,2016년 5월 5일 05시,목요일,경상남도 진주시 상대동,중상사고,0,1,0,0,차대차 - 측면충돌,안전운전불이행,건조,맑음,단일로 - 기타,승용,남,25세,상해없음,화물,남,61세,중상
2016050500100108,2016년 5월 5일 06시,목요일,경상남도 창원시 마산합포구 해운동,경상사고,0,0,1,0,차대차 - 추돌,안전운전불이행,건조,맑음,교차로 - 교차로부근,승합,남,25세,상해없음,승용,남,62세,경상
2016050500100121,2016년 5월 5일 07시,목요일,경상남도 진주시 망경동,중상사고,0,1,0,0,차대사람 - 횡단중,보행자보호의무위반,건조,맑음,단일로 - 횡단보도상,승용,남,52세,상해없음,보행자,남,21세,중상
2016050500100122,2016년 5월 5일 07시,목요일,경상남도 통영시 무전동,중상사고,0,1,0,0,차대사람 - 차도통행중,안전운전불이행,건조,맑음,단일로 - 기타,화물,남,55세,상해없음,보행자,남,25세,중상
2016050500100123,2016년 5월 5일 07시,목요일,경상남도 남해군 남해읍,중상사고,0,1,0,0,차대차 - 측면충돌,안전운전불이행,건조,맑음,단일로 - 기타,승용,남,59세,상해없음,승용,여,43세,중상
2016050500100158,2016년 5월 5일 09시,목요일,경상남도 창원시 마산합포구 현동,경상사고,0,0,4,0,차대차 - 기타,과속,습기,맑음,단일로 - 기타,승용,남,49세,상해없음,승용,여,54세,경상
2016050500100159,2016년 5월 5일 09시,목요일,경상남도 하동군 화개면,중상사고,0,1,0,0,차대차 - 측면충돌,중앙선침범,건조,맑음,기타 - 기타,이륜,남,76세,상해없음,승용,남,51세,상해없음
2016050500100181,2016년 5월 5일 10시,목요일,경상남도 창원시 마산합포구 월영동,경상사고,0,0,3,0,차대차 - 추돌,안전운전불이행,건조,맑음,단일로 - 기타,승용,남,71세,상해없음,승용,남,36세,경상
2016050500100182,2016년 5월 5일 10시,목요일,경상남도 통영시 당동,경상사고,0,0,2,0,차대차 - 추돌,안전운전불이행,건조,맑음,단일로 - 기타,승용,여,36세,상해없음,승용,남,58세,경상
2016050500100183,2016년 5월 5일 10시,목요일,경상남도 산청군 신등면,경상사고,0,0,2,0,차대차 - 측면충돌,중앙선침범,건조,맑음,단일로 - 기타,승용,여,58세,경상,승용,남,55세,경상
2016050500100215,2016년 5월 5일 11시,목요일,경상남도 거제시 동부면,경상사고,0,0,3,0,차대차 - 추돌,안전운전불이행,건조,맑음,단일로 - 기타,화물,남,42세,상해없음,화물,남,56세,상해없음
2016050500100284,2016년 5월 5일 13시,목요일,경상남도 사천시 정동면,경상사고,0,0,1,0,차량단독 - 공작물충돌,안전운전불이행,건조,맑음,단일로 - 기타,원동기,남,87세,경상,,,,
2016050500100285,2016년 5월 5일 13시,목요일,경상남도 함안군 산인면,경상사고,0,0,3,0,차대차 - 정면충돌,중앙선침범,건조,맑음,단일로 - 기타,화물,남,50세,상해없음,승용,남,43세,경상
2016050500100318,2016년 5월 5일 14시,목요일,경상남도 밀양시 단장면,경상사고,0,0,1,0,차대사람 - 횡단중,안전운전불이행,건조,맑음,단일로 - 기타,승용,남,67세,상해없음,보행자,여,6세,경상
2016050500100347,2016년 5월 5일 15시,목요일,경상남도 창원시 진해구 죽곡동,중상사고,0,1,0,0,차대차 - 측면충돌,차로위반,건조,맑음,기타 - 기타,승용,남,25세,상해없음,이륜,남,34세,중상
2016050500100381,2016년 5월 5일 16시,목요일,경상남도 통영시 한산면,중상사고,0,1,0,0,차량단독 - 전도전복,안전운전불이행,건조,맑음,단일로 - 기타,이륜,남,14세,중상,,,,
2016050500100382,2016년 5월 5일 16시,목요일,경상남도 사천시 사천읍,중상사고,0,1,0,0,차대차 - 기타,교차로운행방법위반,건조,맑음,교차로 - 교차로안,승용,여,32세,기타불명,자전거,여,63세,중상
2016050500100426,2016년 5월 5일 17시,목요일,경상남도 진주시 하대동,중상사고,0,1,1,0,차대차 - 측면충돌,신호위반,건조,맑음,교차로 - 교차로안,승용,남,58세,상해없음,이륜,남,25세,중상
2016050500100427,2016년 5월 5일 17시,목요일,경상남도 거창군 거창읍,중상사고,0,1,0,0,차대사람 - 횡단중,안전운전불이행,건조,맑음,단일로 - 기타,승용,남,43세,상해없음,보행자,남,4세,중상
2016050500100428,2016년 5월 5일 17시,목요일,경상남도 거제시 아주동,경상사고,0,0,1,0,차대차 - 측면충돌,안전운전불이행,건조,맑음,단일로 - 기타,승용,남,55세,상해없음,승용,여,34세,경상
2016050500100429,2016년 5월 5일 17시,목요일,경상남도 산청군 단성면,사망사고,1,0,0,0,차대차 - 측면직각충돌,교차로운행방법위반,건조,맑음,교차로 - 교차로안,승용,남,41세,상해없음,이륜,남,68세,사망
2016050500100430,2016년 5월 5일 17시,목요일,경상남도 함안군 가야읍,경상사고,0,0,1,0,차대차 - 기타,안전운전불이행,건조,맑음,교차로 - 교차로부근,승용,남,39세,상해없음,승용,남,50세,상해없음
2016050500100503,2016년 5월 5일 19시,목요일,경상남도 통영시 무전동,경상사고,0,0,2,0,차대차 - 추돌,안전운전불이행,건조,맑음,단일로 - 기타,화물,남,63세,상해없음,승용,남,27세,경상
2016050500100504,2016년 5월 5일 19시,목요일,경상남도 남해군 미조면,중상사고,0,1,0,0,차대사람 - 길가장자리구역통행중,안전운전불이행,건조,맑음,교차로 - 교차로안,승용,남,47세,상해없음,보행자,남,65세,중상
2016050500100532,2016년 5월 5일 20시,목요일,경상남도 김해시 어방동,경상사고,0,0,2,0,차대차 - 기타,안전운전불이행,건조,맑음,단일로 - 기타,이륜,남,65세,상해없음,승용,남,59세,상해없음
2016050500100533,2016년 5월 5일 20시,목요일,경상남도 창녕군 창녕읍,경상사고,0,0,1,0,차대차 - 추돌,안전운전불이행,건조,맑음,교차로 - 교차로부근,자전거,남,9세,경상,원동기,남,32세,상해없음
2016050500100559,2016년 5월 5일 21시,목요일,경상남도 통영시 무전동,경상사고,0,0,3,0,차대차 - 측면직각충돌,안전운전불이행,건조,맑음,교차로 - 교차로안,승용,남,24세,상해없음,승합,남,58세,상해없음
2016050500100560,2016년 5월 5일 21시,목요일,경상남도 통영시 무전동,경상사고,0,0,1,0,차대사람 - 횡단중,보행자보호의무위반,건조,맑음,교차로 - 교차로안,승용,남,70세,상해없음,보행자,여,46세,경상
2016050500100561,2016년 5월 5일 21시,목요일,경상남도 고성군 하이면,경상사고,0,0,1,0,차대사람 - 횡단중,안전운전불이행,건조,맑음,단일로 - 기타,승용,남,23세,상해없음,보행자,여,39세,경상
2016050500100562,2016년 5월 5일 21시,목요일,경상남도 김해시 장유면,중상사고,0,1,0,0,차대차 - 측면충돌,안전운전불이행,건조,맑음,단일로 - 기타,승용,남,48세,상해없음,자전거,남,47세,중상
2016050500100600,2016년 5월 5일 23시,목요일,경상남도 창원시 의창구 명서동,중상사고,0,1,0,0,차대사람 - 횡단중,안전운전불이행,건조,맑음,단일로 - 기타,승용,남,66세,상해없음,보행자,남,43세,중상
2016050600100041,2016년 5월 6일 02시,금요일,경상남도 김해시 부원동,중상사고,0,1,0,0,차량단독 - 전도전복,안전운전불이행,건조,맑음,단일로 - 기타,원동기,남,71세,중상,,,,
2016050600100075,2016년 5월 6일 05시,금요일,경상남도 통영시 무전동,중상사고,0,1,1,0,차대사람 - 횡단중,보행자보호의무위반,습기,비,교차로 - 교차로안,승용,남,61세,상해없음,보행자,남,78세,경상
2016050600100097,2016년 5월 6일 07시,금요일,경상남도 통영시 명정동,경상사고,0,0,1,0,차대차 - 정면충돌,안전운전불이행,습기,비,교차로 - 교차로안,승용,남,47세,상해없음,승용,남,53세,상해없음
2016050600100118,2016년 5월 6일 08시,금요일,경상남도 사천시 사남면,중상사고,0,2,0,0,차대차 - 추돌,안전운전불이행,건조,맑음,단일로 - 기타,승용,남,29세,상해없음,승용,남,54세,중상
2016050600100119,2016년 5월 6일 08시,금요일,경상남도 양산시 용당동,중상사고,0,2,0,0,차대사람 - 횡단중,안전운전불이행,습기,비,단일로 - 횡단보도상,승합,남,49세,상해없음,보행자,여,68세,중상
2016050600100160,2016년 5월 6일 10시,금요일,경상남도 사천시 용현면,중상사고,0,1,0,0,차대사람 - 횡단중,보행자보호의무위반,습기,비,단일로 - 횡단보도상,승용,남,47세,상해없음,보행자,여,68세,중상
2016050600100161,2016년 5월 6일 10시,금요일,경상남도 창녕군 창녕읍,중상사고,0,1,2,0,차대차 - 측면직각충돌,직진우회전진행방해,건조,맑음,교차로 - 교차로안,승용,여,63세,상해없음,승용,여,56세,경상
2016050600100162,2016년 5월 6일 10시,금요일,경상남도 창녕군 창녕읍,중상사고,0,1,0,0,차대차 - 측면직각충돌,신호위반,건조,맑음,교차로 - 교차로안,승용,남,32세,상해없음,원동기,남,76세,중상
2016050600100163,2016년 5월 6일 10시,금요일,경상남도 창원시 의창구 신월동,중상사고,0,1,0,0,차대차 - 추돌,안전운전불이행,습기,비,단일로 - 기타,승용,남,64세,기타불명,승용,여,31세,중상
2016050600100164,2016년 5월 6일 10시,금요일,경상남도 김해시 흥동,경상사고,0,0,1,0,차대차 - 정면충돌,안전운전불이행,건조,흐림,단일로 - 기타,화물,남,58세,상해없음,승용,여,48세,경상
2016050600100165,2016년 5월 6일 10시,금요일,경상남도 창녕군 대합면,중상사고,0,2,0,0,차대차 - 추돌,안전운전불이행,건조,흐림,단일로 - 기타,승용,남,48세,상해없음,승용,남,36세,중상
2016050600100200,2016년 5월 6일 11시,금요일,경상남도 거창군 거창읍,중상사고,0,1,0,0,차대차 - 추돌,안전운전불이행,건조,맑음,교차로 - 교차로안,승용,남,40세,중상,화물,남,47세,상해없음
2016050600100201,2016년 5월 6일 11시,금요일,경상남도 하동군 횡천면,사망사고,1,0,0,0,차대사람 - 횡단중,안전운전불이행,건조,맑음,단일로 - 기타,승용,여,50세,상해없음,보행자,남,74세,사망
2016050600100202,2016년 5월 6일 11시,금요일,경상남도 산청군 산청읍,중상사고,0,1,0,0,차대사람 - 차도통행중,안전운전불이행,건조,맑음,교차로 - 교차로부근,승용,남,51세,상해없음,보행자,남,85세,중상
2016050600100203,2016년 5월 6일 11시,금요일,경상남도 창원시 의창구 봉곡동,경상사고,0,0,1,0,차대차 - 정면충돌,안전운전불이행,건조,맑음,교차로 - 교차로안,승용,남,60세,상해없음,승용,여,25세,경상
2016050600100238,2016년 5월 6일 12시,금요일,경상남도 창원시 진해구 죽곡동,경상사고,0,0,1,0,차대차 - 측면직각충돌,중앙선침범,건조,맑음,교차로 - 교차로부근,화물,남,53세,상해없음,승용,남,55세,경상
2016050600100239,2016년 5월 6일 12시,금요일,경상남도 창녕군 대합면,중상사고,0,2,0,0,차대차 - 측면직각충돌,직진우회전진행방해,건조,맑음,교차로 - 교차로안,화물,남,64세,중상,승용,남,55세,상해없음
2016050600100275,2016년 5월 6일 13시,금요일,경상남도 거제시 아주동,경상사고,0,0,2,0,차대차 - 추돌,신호위반,습기,흐림,단일로 - 횡단보도부근,화물,남,39세,상해없음,승용,남,43세,경상
2016050600100308,2016년 5월 6일 14시,금요일,경상남도 밀양시 무안면,중상사고,0,1,0,0,차대사람 - 횡단중,보행자보호의무위반,건조,맑음,단일로 - 횡단보도상,화물,남,45세,상해없음,보행자,남,83세,중상
2016050600100345,2016년 5월 6일 15시,금요일,경상남도 합천군 묘산면,사망사고,1,1,0,0,차대차 - 정면충돌,중앙선침범,건조,맑음,단일로 - 기타,이륜,남,78세,사망,승합,남,50세,중상
2016050600100346,2016년 5월 6일 15시,금요일,경상남도 창원시 의창구 북동,중상사고,0,1,0,0,차대사람 - 횡단중,안전운전불이행,건조,맑음,교차로 - 교차로안,승용,여,25세,상해없음,보행자,여,72세,중상
2016050600100387,2016년 5월 6일 16시,금요일,경상남도 창원시 마산합포구 월영동,경상사고,0,0,1,0,차대차 - 추돌,안전운전불이행,건조,맑음,단일로 - 기타,승용,여,39세,상해없음,화물,남,39세,경상
2016050600100388,2016년 5월 6일 16시,금요일,경상남도 거제시 수월동,경상사고,0,0,1,0,차대차 - 측면직각충돌,안전운전불이행,건조,맑음,단일로 - 기타,승용,여,31세,상해없음,이륜,남,47세,경상
2016050600100389,2016년 5월 6일 16시,금요일,경상남도 창원시 의창구 사림동,경상사고,0,0,1,0,차대차 - 기타,안전운전불이행,건조,맑음,교차로 - 교차로부근,승용,남,51세,상해없음,이륜,남,28세,상해없음
2016050600100421,2016년 5월 6일 17시,금요일,경상남도 진주시 상봉동,경상사고,0,0,1,0,차대사람 - 길가장자리구역통행중,안전운전불이행,건조,맑음,교차로 - 교차로부근,화물,남,46세,상해없음,보행자,여,78세,경상
2016050600100456,2016년 5월 6일 18시,금요일,경상남도 통영시 도남동,중상사고,0,1,0,0,차량단독 - 전도전복,안전운전불이행,습기,흐림,교차로 - 교차로부근,원동기,여,20세,상해없음,,,,
2016050600100487,2016년 5월 6일 19시,금요일,경상남도 창원시 진해구 용원동,중상사고,0,1,0,0,차대사람 - 횡단중,보행자보호의무위반,건조,흐림,교차로 - 교차로부근,승용,남,62세,상해없음,보행자,여,70세,중상
2016050600100488,2016년 5월 6일 19시,금요일,경상남도 양산시 물금읍,중상사고,0,1,2,0,차대차 - 정면충돌,교차로운행방법위반,건조,맑음,교차로 - 교차로안,원동기,남,33세,중상,승용,여,35세,경상
2016050600100489,2016년 5월 6일 19시,금요일,경상남도 창원시 의창구 신월동,경상사고,0,0,1,0,차대사람 - 기타,안전운전불이행,건조,맑음,단일로 - 기타,화물,여,51세,상해없음,보행자,남,25세,경상
2016050600100490,2016년 5월 6일 19시,금요일,경상남도 김해시 한림면,경상사고,0,0,1,0,차대차 - 정면충돌,안전운전불이행,건조,맑음,단일로 - 기타,승용,남,76세,상해없음,승용,여,59세,경상
2016050600100529,2016년 5월 6일 20시,금요일,경상남도 거제시 장승포동,경상사고,0,0,1,0,차대차 - 측면직각충돌,안전거리미확보,건조,맑음,기타 - 기타,승용,남,35세,상해없음,승용,여,26세,경상
2016050600100530,2016년 5월 6일 20시,금요일,경상남도 창원시 성산구 중앙동,중상사고,0,1,2,0,차대차 - 측면충돌,직진우회전진행방해,건조,맑음,교차로 - 교차로안,승용,남,42세,상해없음,승용,남,33세,중상
2016050600100531,2016년 5월 6일 20시,금요일,경상남도 창원시 성산구 대방동,경상사고,0,0,1,0,차대사람 - 횡단중,안전운전불이행,건조,맑음,교차로 - 교차로안,승용,여,56세,상해없음,보행자,남,45세,경상
2016050600100585,2016년 5월 6일 22시,금요일,경상남도 김해시 장유면,중상사고,0,2,1,0,차대차 - 측면충돌,안전운전불이행,건조,맑음,단일로 - 기타,승용,남,53세,상해없음,승용,남,26세,경상
2016050600100613,2016년 5월 6일 23시,금요일,경상남도 통영시 도천동,중상사고,0,1,0,0,차량단독 - 전도전복,안전운전불이행,건조,맑음,단일로 - 기타,승용,여,42세,중상,,,,
2016050700100035,2016년 5월 7일 01시,토요일,경상남도 김해시 내동,경상사고,0,0,1,0,차대차 - 측면충돌,안전운전불이행,건조,맑음,교차로 - 교차로안,승용,여,27세,상해없음,승용,남,58세,경상
2016050700100062,2016년 5월 7일 03시,토요일,경상남도 김해시 삼정동,경상사고,0,0,3,0,차대차 - 기타,안전운전불이행,건조,맑음,단일로 - 기타,승용,남,24세,상해없음,승용,남,62세,경상
2016050700100095,2016년 5월 7일 06시,토요일,경상남도 양산시 상북면,경상사고,0,0,1,0,차대차 - 정면충돌,신호위반,건조,맑음,교차로 - 교차로안,화물,남,30세,상해없음,승용,남,46세,경상
2016050700100096,2016년 5월 7일 06시,토요일,경상남도 창원시 성산구 웅남동,경상사고,0,0,1,0,차대차 - 측면직각충돌,신호위반,건조,맑음,교차로 - 교차로안,승용,남,67세,상해없음,승합,남,60세,경상
2016050700100115,2016년 5월 7일 07시,토요일,경상남도 창원시 성산구 대방동,중상사고,0,1,0,0,차대차 - 정면충돌,신호위반,건조,맑음,교차로 - 교차로안,승용,남,69세,상해없음,승합,남,47세,중상
2016050700100116,2016년 5월 7일 07시,토요일,경상남도 김해시 장유면,경상사고,0,0,1,0,차대차 - 측면직각충돌,안전운전불이행,건조,맑음,단일로 - 기타,화물,남,56세,상해없음,승용,남,40세,경상
2016050700100130,2016년 5월 7일 08시,토요일,경상남도 창원시 의창구 팔용동,경상사고,0,0,1,0,차대차 - 측면충돌,안전운전불이행,건조,맑음,단일로 - 기타,화물,남,39세,경상,승용,남,33세,상해없음
2016050700100156,2016년 5월 7일 09시,토요일,경상남도 김해시 진영읍,경상사고,0,0,3,0,차대차 - 추돌,안전운전불이행,건조,맑음,교차로 - 교차로부근,승용,여,27세,기타불명,승용,여,39세,경상
2016050700100183,2016년 5월 7일 10시,토요일,경상남도 사천시 동림동,중상사고,0,1,0,0,차대차 - 추돌,안전운전불이행,건조,맑음,교차로 - 교차로부근,승용,남,62세,상해없음,승용,남,52세,상해없음
2016050700100184,2016년 5월 7일 10시,토요일,경상남도 남해군 이동면,경상사고,0,0,3,0,차대차 - 측면충돌,안전운전불이행,건조,맑음,교차로 - 교차로안,승용,남,48세,경상,승합,남,56세,경상
2016050700100198,2016년 5월 7일 11시,토요일,경상남도 김해시 대동면,사망사고,1,2,1,0,차대차 - 기타,과속,건조,맑음,단일로 - 기타,화물,남,31세,경상,승용,남,31세,중상
2016050700100199,2016년 5월 7일 11시,토요일,경상남도 양산시 상북면,경상사고,0,0,1,1,차대차 - 추돌,안전거리미확보,건조,맑음,단일로 - 기타,승용,남,26세,상해없음,승용,남,25세,경상
2016050700100254,2016년 5월 7일 12시,토요일,경상남도 거제시 남부면,중상사고,0,1,1,0,차대차 - 정면충돌,직진우회전진행방해,건조,맑음,교차로 - 교차로안,승용,남,39세,상해없음,승용,여,40세,경상
2016050700100255,2016년 5월 7일 12시,토요일,경상남도 창원시 성산구 양곡동,중상사고,0,1,0,0,차대차 - 측면충돌,안전운전불이행,건조,맑음,단일로 - 기타,승합,남,36세,상해없음,승용,남,56세,기타불명
2016050700100292,2016년 5월 7일 13시,토요일,경상남도 창원시 마산합포구 진동면,경상사고,0,0,1,0,차대차 - 추돌,안전운전불이행,건조,맑음,단일로 - 기타,화물,남,63세,상해없음,승용,여,40세,경상
2016050700100293,2016년 5월 7일 13시,토요일,경상남도 김해시 외동,경상사고,0,0,1,0,차대차 - 기타,안전운전불이행,건조,맑음,단일로 - 기타,승용,남,62세,상해없음,이륜,남,60세,경상
2016050700100294,2016년 5월 7일 13시,토요일,경상남도 양산시 덕계동,경상사고,0,0,1,0,차대차 - 정면충돌,안전운전불이행,건조,맑음,단일로 - 기타,승용,남,71세,상해없음,승용,남,43세,경상
2016050700100295,2016년 5월 7일 13시,토요일,경상남도 김해시 한림면,중상사고,0,1,0,0,차대차 - 측면직각충돌,안전운전불이행,건조,맑음,교차로 - 교차로안,승용,남,45세,상해없음,이륜,남,41세,중상
2016050700100334,2016년 5월 7일 14시,토요일,경상남도 김해시 어방동,중상사고,0,1,0,0,차대차 - 측면직각충돌,차로위반,건조,맑음,교차로 - 교차로부근,승용,남,32세,상해없음,이륜,남,67세,중상
2016050700100335,2016년 5월 7일 14시,토요일,경상남도 함양군 마천면,경상사고,0,0,1,1,차대차 - 정면충돌,중앙선침범,건조,맑음,단일로 - 기타,화물,남,48세,부상신고,승합,남,66세,경상
2016050700100336,2016년 5월 7일 14시,토요일,경상남도 창원시 마산합포구 산호동,중상사고,0,1,0,0,차대차 - 추돌,안전운전불이행,건조,맑음,단일로 - 기타,승용,남,35세,상해없음,승용,남,52세,중상
2016050700100377,2016년 5월 7일 15시,토요일,경상남도 창원시 진해구 이동,중상사고,0,1,0,0,차대차 - 측면직각충돌,교차로운행방법위반,건조,맑음,교차로 - 교차로안,승용,남,58세,상해없음,승용,남,62세,중상
2016050700100378,2016년 5월 7일 15시,토요일,경상남도 거제시 거제면,경상사고,0,0,3,0,차대차 - 정면충돌,중앙선침범,건조,맑음,단일로 - 기타,이륜,남,83세,경상,승용,남,30세,경상
2016050700100379,2016년 5월 7일 15시,토요일,경상남도 창원시 성산구 상남동,경상사고,0,0,2,0,차대차 - 추돌,안전운전불이행,건조,맑음,단일로 - 기타,승용,남,27세,상해없음,승용,남,29세,경상
2016050700100421,2016년 5월 7일 16시,토요일,경상남도 김해시 삼계동,경상사고,0,0,2,0,차대차 - 측면직각충돌,차로위반,건조,맑음,단일로 - 기타,승용,남,59세,상해없음,승용,남,23세,경상
2016050700100422,2016년 5월 7일 16시,토요일,경상남도 김해시 진영읍,중상사고,0,1,0,1,차대차 - 추돌,안전운전불이행,건조,맑음,단일로 - 기타,승용,여,56세,기타불명,승용,남,55세,부상신고
2016050700100423,2016년 5월 7일 16시,토요일,경상남도 김해시 진례면,경상사고,0,0,2,0,차대차 - 측면직각충돌,신호위반,건조,맑음,교차로 - 교차로안,승용,남,49세,기타불명,승용,여,42세,경상
2016050700100471,2016년 5월 7일 17시,토요일,경상남도 사천시 동동,경상사고,0,0,1,1,차대차 - 정면충돌,직진우회전진행방해,건조,맑음,교차로 - 교차로안,승용,남,47세,상해없음,승용,여,54세,경상
2016050700100472,2016년 5월 7일 17시,토요일,경상남도 창녕군 영산면,중상사고,0,1,1,0,차대차 - 정면충돌,안전운전불이행,건조,맑음,교차로 - 교차로안,승용,여,50세,경상,승용,여,50세,중상
2016050700100473,2016년 5월 7일 17시,토요일,경상남도 창원시 성산구 사파동,경상사고,0,0,2,0,차대차 - 측면충돌,안전운전불이행,건조,맑음,단일로 - 기타,승용,남,27세,상해없음,승용,남,26세,경상