사고번호,사고일시,요일,시군구,사고내용,사망자수,중상자수,경상자수,부상신고자수,사고유형,법규위반,노면상태,기상상태,도로형태,가해운전자 차종,가해운전자 성별,가해운전자 연령,가해운전자 상해정도,피해운전자 차종,피해운전자 성별,피해운전자 연령,피해운전자 상해정도
2016050700100474,2016년 5월 7일 17시,토요일,경상남도 김해시 흥동,중상사고,0,1,0,0,차대차 - 측면직각충돌,안전운전불이행,건조,맑음,교차로 - 교차로안,승용,남,26세,상해없음,화물,남,50세,중상
2016050700100503,2016년 5월 7일 18시,토요일,경상남도 진주시 상평동,중상사고,0,2,0,0,차대차 - 측면충돌,신호위반,건조,맑음,교차로 - 교차로안,승용,여,24세,상해없음,승용,남,56세,중상
2016050700100504,2016년 5월 7일 18시,토요일,경상남도 사천시 이홀동,중상사고,0,3,0,0,차량단독 - 전도전복,안전운전불이행,건조,맑음,단일로 - 기타,화물,남,56세,중상,,,,
2016050700100537,2016년 5월 7일 19시,토요일,경상남도 진주시 상봉동,중상사고,0,2,0,0,차대차 - 정면충돌,신호위반,건조,맑음,교차로 - 교차로안,승용,여,55세,중상,승용,여,52세,중상
2016050700100538,2016년 5월 7일 19시,토요일,경상남도 함양군 함양읍,중상사고,0,1,0,0,차대사람 - 기타,안전운전불이행,건조,맑음,교차로 - 교차로안,화물,남,46세,상해없음,보행자,남,58세,중상
2016050700100564,2016년 5월 7일 20시,토요일,경상남도 밀양시 하남읍,경상사고,0,0,1,0,차대차 - 정면충돌,안전운전불이행,건조,맑음,교차로 - 교차로안,승용,남,70세,상해없음,승용,남,29세,경상
2016050700100602,2016년 5월 7일 21시,토요일,경상남도 통영시 용남면,경상사고,0,0,1,0,차대사람 - 차도통행중,안전운전불이행,건조,맑음,단일로 - 기타,이륜,남,21세,기타불명,보행자,남,44세,경상
2016050700100603,2016년 5월 7일 21시,토요일,경상남도 사천시 실안동,경상사고,0,0,6,2,차대차 - 측면충돌,신호위반,건조,맑음,교차로 - 교차로안,승용,남,64세,상해없음,승용,남,33세,경상
2016050700100630,2016년 5월 7일 22시,토요일,경상남도 통영시 광도면,중상사고,0,1,1,0,차대차 - 정면충돌,안전운전불이행,건조,맑음,교차로 - 교차로안,승용,남,37세,상해없음,화물,남,58세,경상
2016050800100003,2016년 5월 8일 00시,일요일,경상남도 김해시 상동면,중상사고,0,1,1,0,차대차 - 추돌,안전운전불이행,건조,맑음,단일로 - 기타,승용,남,25세,기타불명,승용,남,56세,중상
2016050800100013,2016년 5월 8일 00시,일요일,경상남도 밀양시 단장면,중상사고,0,2,1,0,차대차 - 정면충돌,중앙선침범,건조,흐림,단일로 - 기타,승용,남,22세,상해없음,승용,남,37세,중상
2016050800100059,2016년 5월 8일 04시,일요일,경상남도 창원시 성산구 성주동,경상사고,0,0,1,0,차대차 - 측면충돌,안전운전불이행,건조,기타,단일로 - 기타,승용,남,34세,상해없음,화물,남,42세,경상
2016050800100080,2016년 5월 8일 06시,일요일,경상남도 창원시 마산회원구 회성동,경상사고,0,0,1,0,차대사람 - 횡단중,안전운전불이행,건조,맑음,단일로 - 기타,승용,남,38세,상해없음,보행자,남,76세,경상
2016050800100110,2016년 5월 8일 08시,일요일,경상남도 창원시 마산합포구 신포동2가,중상사고,0,1,0,0,차대차 - 측면직각충돌,차로위반,건조,맑음,교차로 - 교차로부근,이륜,남,71세,중상,승용,남,67세,상해없음
2016050800100150,2016년 5월 8일 10시,일요일,경상남도 창원시 의창구 북면,중상사고,0,2,0,0,차대차 - 추돌,안전거리미확보,건조,맑음,단일로 - 기타,화물,남,58세,상해없음,승용,남,50세,중상
2016050800100180,2016년 5월 8일 11시,일요일,경상남도 양산시 원동면,중상사고,0,1,0,0,차대사람 - 길가장자리구역통행중,안전운전불이행,건조,맑음,단일로 - 기타,자전거,남,37세,상해없음,보행자,남,71세,중상
2016050800100206,2016년 5월 8일 12시,일요일,경상남도 김해시 어방동,중상사고,0,1,0,0,차대차 - 기타,안전운전불이행,건조,맑음,단일로 - 기타,승용,남,60세,상해없음,원동기,남,59세,중상
2016050800100207,2016년 5월 8일 12시,일요일,경상남도 함안군 가야읍,경상사고,0,0,2,1,차대차 - 추돌,안전운전불이행,건조,맑음,교차로 - 교차로안,승용,남,55세,상해없음,승용,여,39세,경상
2016050800100208,2016년 5월 8일 12시,일요일,경상남도 의령군 부림면,부상신고사고,0,0,0,1,차대사람 - 기타,안전운전불이행,기타,맑음,단일로 - 기타,승용,남,63세,상해없음,보행자,여,74세,부상신고
2016050800100297,2016년 5월 8일 14시,일요일,경상남도 통영시 무전동,중상사고,0,1,2,0,차대차 - 정면충돌,중앙선침범,건조,맑음,교차로 - 교차로부근,승용,여,53세,중상,승용,여,46세,경상
2016050800100298,2016년 5월 8일 14시,일요일,경상남도 김해시 부원동,중상사고,0,2,2,0,차대차 - 측면직각충돌,신호위반,건조,맑음,단일로 - 기타,승용,여,25세,경상,승용,남,65세,중상
2016050800100299,2016년 5월 8일 14시,일요일,경상남도 양산시 남부동,경상사고,0,0,2,0,차대차 - 정면충돌,신호위반,건조,맑음,교차로 - 교차로안,승용,남,27세,상해없음,승용,여,32세,경상
2016050800100332,2016년 5월 8일 15시,일요일,경상남도 진주시 상평동,중상사고,0,1,0,0,차대사람 - 횡단중,안전운전불이행,건조,맑음,단일로 - 기타,승용,남,44세,상해없음,보행자,남,10세,중상
2016050800100333,2016년 5월 8일 15시,일요일,경상남도 의령군 부림면,중상사고,0,1,1,0,차대차 - 측면충돌,안전운전불이행,건조,맑음,교차로 - 교차로안,화물,남,33세,상해없음,승용,남,29세,상해없음
2016050800100334,2016년 5월 8일 15시,일요일,경상남도 창원시 의창구 동읍,경상사고,0,0,1,0,차대차 - 측면직각충돌,신호위반,건조,흐림,교차로 - 교차로안,승용,남,38세,상해없음,승용,여,34세,경상
2016050800100367,2016년 5월 8일 16시,일요일,경상남도 사천시 곤양면,경상사고,0,0,1,0,차대차 - 측면직각충돌,안전운전불이행,건조,맑음,단일로 - 기타,이륜,남,57세,경상,승용,남,54세,상해없음
2016050800100403,2016년 5월 8일 17시,일요일,경상남도 창원시 마산합포구 진북면,중상사고,0,1,0,0,차량단독 - 기타,안전운전불이행,건조,맑음,단일로 - 기타,이륜,남,66세,중상,,,,
2016050800100404,2016년 5월 8일 17시,일요일,경상남도 창원시 진해구 석동,경상사고,0,0,1,0,차대차 - 측면직각충돌,안전거리미확보,건조,맑음,단일로 - 기타,원동기,남,18세,상해없음,원동기,남,46세,경상
2016050800100414,2016년 5월 8일 18시,일요일,경상남도 밀양시 삼랑진읍,경상사고,0,0,2,0,차대차 - 추돌,안전운전불이행,건조,맑음,단일로 - 기타,승용,기타불명,기타불명,기타불명,승용,남,41세,경상
2016050800100428,2016년 5월 8일 18시,일요일,경상남도 김해시 외동,경상사고,0,0,1,0,차대차 - 측면직각충돌,안전운전불이행,건조,맑음,교차로 - 교차로안,승용,남,52세,상해없음,승용,남,46세,경상
2016050800100454,2016년 5월 8일 19시,일요일,경상남도 통영시 항남동,중상사고,0,1,0,0,차대사람 - 횡단중,보행자보호의무위반,건조,맑음,단일로 - 기타,승용,여,29세,상해없음,보행자,여,66세,중상
2016050800100489,2016년 5월 8일 20시,일요일,경상남도 창원시 진해구 용원동,중상사고,0,1,0,0,차대차 - 측면충돌,안전운전불이행,건조,흐림,교차로 - 교차로부근,승용,남,53세,상해없음,원동기,남,21세,중상
2016050800100490,2016년 5월 8일 20시,일요일,경상남도 김해시 삼방동,경상사고,0,0,1,0,차대사람 - 길가장자리구역통행중,안전운전불이행,건조,맑음,단일로 - 기타,승용,남,49세,상해없음,보행자,남,29세,경상
2016050800100516,2016년 5월 8일 21시,일요일,경상남도 김해시 삼정동,경상사고,0,0,1,0,차대사람 - 횡단중,안전운전불이행,건조,맑음,교차로 - 교차로부근,승용,남,33세,상해없음,보행자,남,37세,경상
2016050800100544,2016년 5월 8일 22시,일요일,경상남도 거제시 상동동,경상사고,0,0,1,0,차대차 - 측면충돌,안전운전불이행,건조,맑음,단일로 - 기타,승용,여,29세,상해없음,승용,남,32세,경상
2016050800100556,2016년 5월 8일 23시,일요일,경상남도 거제시 고현동,경상사고,0,0,2,0,차대차 - 측면충돌,신호위반,습기,비,단일로 - 기타,승용,여,33세,경상,승용,남,62세,경상
2016050900100032,2016년 5월 9일 05시,월요일,경상남도 김해시 내동,중상사고,0,1,0,0,차대차 - 측면직각충돌,안전운전불이행,건조,맑음,교차로 - 교차로안,원동기,남,72세,중상,승용,남,41세,상해없음
2016050900100059,2016년 5월 9일 07시,월요일,경상남도 김해시 흥동,중상사고,0,2,0,0,차대차 - 정면충돌,신호위반,건조,맑음,교차로 - 교차로안,승용,남,50세,상해없음,승용,여,28세,중상
2016050900100096,2016년 5월 9일 08시,월요일,경상남도 거제시 고현동,중상사고,0,1,0,0,차대차 - 추돌,안전운전불이행,건조,맑음,단일로 - 기타,승용,남,26세,상해없음,승합,남,41세,중상
2016050900100130,2016년 5월 9일 09시,월요일,경상남도 창원시 마산합포구 중앙동3가,중상사고,0,1,3,0,차대차 - 측면직각충돌,안전운전불이행,건조,맑음,단일로 - 기타,승용,남,79세,상해없음,승합,남,47세,경상
2016050900100131,2016년 5월 9일 09시,월요일,경상남도 진주시 상대동,경상사고,0,0,1,0,차대차 - 추돌,안전운전불이행,건조,맑음,단일로 - 기타,이륜,남,21세,상해없음,승용,남,51세,상해없음
2016050900100158,2016년 5월 9일 10시,월요일,경상남도 양산시 주진동,경상사고,0,0,1,0,차대차 - 기타,신호위반,건조,맑음,교차로 - 교차로부근,승용,남,75세,상해없음,승용,남,61세,상해없음
2016050900100190,2016년 5월 9일 11시,월요일,경상남도 김해시 진영읍,중상사고,0,1,1,1,차대차 - 추돌,안전운전불이행,건조,맑음,단일로 - 기타,승용,여,37세,기타불명,승합,남,63세,경상
2016050900100223,2016년 5월 9일 12시,월요일,경상남도 진주시 평거동,경상사고,0,0,1,0,차대차 - 측면충돌,안전운전불이행,건조,맑음,교차로 - 교차로안,승용,여,46세,상해없음,이륜,남,22세,경상
2016050900100224,2016년 5월 9일 12시,월요일,경상남도 산청군 단성면,중상사고,0,1,0,0,차대차 - 측면충돌,교차로운행방법위반,건조,맑음,교차로 - 교차로안,화물,남,47세,상해없음,승용,남,30세,중상
2016050900100262,2016년 5월 9일 13시,월요일,경상남도 사천시 곤양면,부상신고사고,0,0,0,1,차대차 - 추돌,안전운전불이행,건조,맑음,단일로 - 기타,건설기계,남,55세,상해없음,자전거,남,76세,부상신고
2016050900100333,2016년 5월 9일 15시,월요일,경상남도 창녕군 남지읍,경상사고,0,0,1,0,차대차 - 추돌,안전운전불이행,건조,맑음,교차로 - 교차로안,원동기,여,54세,경상,승용,남,48세,상해없음
2016050900100334,2016년 5월 9일 15시,월요일,경상남도 고성군 고성읍,중상사고,0,1,0,0,차대사람 - 길가장자리구역통행중,안전운전불이행,건조,맑음,단일로 - 기타,화물,남,34세,상해없음,보행자,여,71세,중상
2016050900100335,2016년 5월 9일 15시,월요일,경상남도 산청군 신안면,중상사고,0,1,0,0,차량단독 - 전도전복,안전운전불이행,건조,맑음,단일로 - 기타,화물,남,67세,상해없음,,,,
2016050900100336,2016년 5월 9일 15시,월요일,경상남도 김해시 장유면,경상사고,0,0,1,0,차대차 - 측면충돌,차로위반,건조,맑음,단일로 - 기타,승합,남,71세,상해없음,승용,여,43세,경상
2016050900100372,2016년 5월 9일 16시,월요일,경상남도 창원시 성산구 성주동,중상사고,0,1,0,0,차대차 - 측면충돌,안전운전불이행,건조,맑음,교차로 - 교차로안,승용,여,55세,상해없음,자전거,여,54세,중상
2016050900100428,2016년 5월 9일 18시,월요일,경상남도 진주시 칠암동,중상사고,0,1,0,0,차대차 - 측면직각충돌,안전운전불이행,건조,맑음,교차로 - 교차로안,승용,남,22세,상해없음,자전거,여,24세,중상
2016050900100461,2016년 5월 9일 19시,월요일,경상남도 통영시 항남동,경상사고,0,0,1,0,차대차 - 측면직각충돌,신호위반,건조,맑음,단일로 - 기타,이륜,남,48세,상해없음,자전거,남,45세,경상
2016050900100462,2016년 5월 9일 19시,월요일,경상남도 김해시 삼방동,경상사고,0,0,1,0,차대차 - 측면직각충돌,직진우회전진행방해,건조,맑음,교차로 - 교차로안,승용,남,74세,상해없음,이륜,남,55세,경상
2016050900100489,2016년 5월 9일 20시,월요일,경상남도 진주시 문산읍,중상사고,0,1,0,0,차대차 - 추돌,안전운전불이행,건조,맑음,단일로 - 기타,이륜,남,75세,중상,승용,남,47세,상해없음
2016050900100551,2016년 5월 9일 22시,월요일,경상남도 남해군 남해읍,사망사고,1,0,0,0,차대사람 - 기타,안전운전불이행,건조,맑음,단일로 - 기타,승용,남,61세,상해없음,보행자,남,23세,사망
2016050900100552,2016년 5월 9일 22시,월요일,경상남도 창원시 의창구 대산면,중상사고,0,1,1,0,차대차 - 측면직각충돌,안전운전불이행,건조,맑음,교차로 - 교차로안,화물,남,67세,상해없음,승합,남,40세,중상
2016050900100576,2016년 5월 9일 23시,월요일,경상남도 통영시 도남동,중상사고,0,1,0,0,차대차 - 측면직각충돌,안전운전불이행,건조,맑음,단일로 - 기타,승용,여,56세,상해없음,원동기,남,26세,중상
2016050900100577,2016년 5월 9일 23시,월요일,경상남도 거제시 수월동,경상사고,0,0,1,0,차대사람 - 기타,안전운전불이행,건조,맑음,단일로 - 기타,이륜,남,40세,상해없음,보행자,남,21세,경상
2016050900100578,2016년 5월 9일 23시,월요일,경상남도 창원시 성산구 내동,중상사고,0,4,1,0,차대차 - 정면충돌,안전운전불이행,건조,맑음,단일로 - 기타,승용,남,29세,상해없음,승용,남,53세,중상
2016050900100579,2016년 5월 9일 23시,월요일,경상남도 창원시 마산회원구 구암동,경상사고,0,0,3,0,차대차 - 추돌,안전운전불이행,건조,맑음,교차로 - 교차로부근,승용,남,38세,상해없음,승용,남,24세,경상
2016051000100075,2016년 5월 10일 06시,화요일,경상남도 창원시 마산합포구 월남동3가,중상사고,0,1,0,0,차대사람 - 횡단중,안전운전불이행,습기,비,단일로 - 기타,승용,여,45세,상해없음,보행자,남,65세,중상
2016051000100096,2016년 5월 10일 07시,화요일,경상남도 창원시 마산회원구 양덕동,중상사고,0,1,0,0,차대사람 - 횡단중,안전운전불이행,습기,비,교차로 - 교차로안,승용,남,44세,상해없음,보행자,남,53세,중상
2016051000100097,2016년 5월 10일 07시,화요일,경상남도 김해시 진례면,경상사고,0,0,1,0,차대차 - 측면충돌,안전거리미확보,건조,맑음,교차로 - 교차로부근,화물,남,73세,상해없음,승용,여,51세,경상
2016051000100132,2016년 5월 10일 08시,화요일,경상남도 창원시 마산합포구 해운동,중상사고,0,1,0,0,차대차 - 측면직각충돌,안전거리미확보,습기,비,단일로 - 기타,승용,여,22세,중상,화물,남,43세,상해없음
2016051000100133,2016년 5월 10일 08시,화요일,경상남도 사천시 사천읍,사망사고,1,1,0,0,차량단독 - 전도전복,안전운전불이행,건조,맑음,단일로 - 기타,승용,남,37세,사망,,,,
2016051000100134,2016년 5월 10일 08시,화요일,경상남도 밀양시 삼랑진읍,경상사고,0,0,2,0,차대차 - 측면직각충돌,신호위반,습기,비,교차로 - 교차로안,승용,여,60세,경상,승용,여,66세,경상
2016051000100177,2016년 5월 10일 09시,화요일,경상남도 진주시 장대동,중상사고,0,1,0,0,차대사람 - 보도통행중,기타,습기,비,단일로 - 기타,화물,남,59세,상해없음,보행자,여,53세,중상
2016051000100218,2016년 5월 10일 10시,화요일,경상남도 김해시 진영읍,중상사고,0,1,0,0,차량단독 - 전도전복,안전운전불이행,습기,비,단일로 - 기타,화물,남,20세,중상,,,,
2016051000100304,2016년 5월 10일 13시,화요일,경상남도 창녕군 창녕읍,사망사고,1,0,0,0,차량단독 - 도로외이탈 - 추락,안전운전불이행,습기,비,단일로 - 기타,승용,여,37세,사망,,,,
2016051000100305,2016년 5월 10일 13시,화요일,경상남도 양산시 주진동,경상사고,0,0,2,0,차대차 - 정면충돌,안전운전불이행,습기,비,단일로 - 기타,화물,남,29세,상해없음,승용,남,42세,경상
2016051000100306,2016년 5월 10일 13시,화요일,경상남도 거제시 고현동,경상사고,0,0,1,0,차대차 - 추돌,안전운전불이행,습기,비,단일로 - 기타,승용,남,55세,상해없음,승용,여,44세,경상
2016051000100307,2016년 5월 10일 13시,화요일,경상남도 창원시 의창구 도계동,경상사고,0,0,1,0,차대차 - 측면충돌,안전거리미확보,건조,맑음,단일로 - 기타,승용,남,52세,기타불명,이륜,남,23세,경상
2016051000100337,2016년 5월 10일 14시,화요일,경상남도 창원시 진해구 풍호동,경상사고,0,0,1,0,차대차 - 추돌,안전운전불이행,습기,비,단일로 - 기타,화물,남,50세,상해없음,승용,여,60세,경상
2016051000100338,2016년 5월 10일 14시,화요일,경상남도 고성군 거류면,경상사고,0,0,1,0,차대차 - 측면충돌,교차로운행방법위반,습기,비,교차로 - 교차로안,농기계,남,60세,상해없음,승용,남,43세,경상
2016051000100364,2016년 5월 10일 15시,화요일,경상남도 창원시 진해구 용원동,경상사고,0,0,1,0,차대차 - 측면충돌,안전운전불이행,건조,맑음,교차로 - 교차로부근,건설기계,남,54세,상해없음,화물,남,40세,경상
2016051000100365,2016년 5월 10일 15시,화요일,경상남도 사천시 축동면,경상사고,0,0,1,0,차대차 - 측면충돌,직진우회전진행방해,습기,비,교차로 - 교차로안,화물,남,45세,상해없음,화물,남,53세,경상
2016051000100366,2016년 5월 10일 15시,화요일,경상남도 김해시 장유면,중상사고,0,1,0,0,차대사람 - 횡단중,보행자보호의무위반,습기,비,단일로 - 기타,이륜,남,43세,상해없음,보행자,여,80세,중상
2016051000100381,2016년 5월 10일 16시,화요일,경상남도 김해시 풍유동,중상사고,0,1,0,0,차대차 - 측면직각충돌,중앙선침범,습기,비,단일로 - 기타,승용,남,52세,상해없음,승용,남,60세,중상
2016051000100397,2016년 5월 10일 16시,화요일,경상남도 밀양시 삼문동,중상사고,0,1,0,0,차대사람 - 횡단중,보행자보호의무위반,습기,비,단일로 - 횡단보도상,승합,남,73세,상해없음,보행자,여,11세,중상
2016051000100398,2016년 5월 10일 16시,화요일,경상남도 김해시 장유면,경상사고,0,0,1,0,차대차 - 측면충돌,안전운전불이행,습기,비,단일로 - 기타,승용,여,34세,경상,화물,남,35세,상해없음
2016051000100430,2016년 5월 10일 17시,화요일,경상남도 거제시 고현동,경상사고,0,0,2,0,차대차 - 추돌,안전운전불이행,습기,비,단일로 - 기타,화물,남,64세,상해없음,승용,남,53세,경상
2016051000100495,2016년 5월 10일 19시,화요일,경상남도 창원시 진해구 남문동,경상사고,0,0,1,0,차대차 - 측면직각충돌,교차로운행방법위반,습기,비,교차로 - 교차로안,승용,남,24세,상해없음,건설기계,남,58세,상해없음
2016051000100496,2016년 5월 10일 19시,화요일,경상남도 김해시 삼계동,중상사고,0,1,0,0,차대차 - 기타,중앙선침범,건조,맑음,교차로 - 교차로안,승용,남,44세,상해없음,원동기,남,29세,중상
2016051000100497,2016년 5월 10일 19시,화요일,경상남도 창원시 성산구 반림동,경상사고,0,0,1,0,차대사람 - 횡단중,안전운전불이행,건조,맑음,미분류 - 미분류,승용,여,56세,상해없음,보행자,여,35세,경상
2016051000100498,2016년 5월 10일 19시,화요일,경상남도 창원시 마산회원구 내서읍,중상사고,0,1,0,0,차대사람 - 횡단중,신호위반,습기,흐림,단일로 - 횡단보도상,승용,남,32세,상해없음,보행자,여,47세,중상
2016051000100499,2016년 5월 10일 19시,화요일,경상남도 김해시 장유면,중상사고,0,1,0,0,차대차 - 정면충돌,중앙선침범,습기,비,단일로 - 기타,승용,여,23세,상해없음,승용,남,48세,중상
2016051000100539,2016년 5월 10일 20시,화요일,경상남도 창녕군 남지읍,중상사고,0,1,2,0,차대차 - 측면직각충돌,신호위반,습기,비,교차로 - 교차로안,승용,남,47세,중상,승합,남,44세,경상
2016051000100540,2016년 5월 10일 20시,화요일,경상남도 창원시 의창구 중동,경상사고,0,0,1,0,차대차 - 추돌,안전운전불이행,습기,비,단일로 - 기타,화물,남,59세,상해없음,승용,남,32세,상해없음
2016051000100576,2016년 5월 10일 21시,화요일,경상남도 진주시 동성동,경상사고,0,0,1,0,차대사람 - 횡단중,안전운전불이행,습기,흐림,교차로 - 교차로안,승합,남,63세,상해없음,보행자,여,19세,경상
2016051000100577,2016년 5월 10일 21시,화요일,경상남도 사천시 용강동,경상사고,0,0,1,0,차대차 - 추돌,교차로운행방법위반,건조,맑음,교차로 - 교차로안,화물,남,56세,상해없음,승용,여,46세,경상
2016051000100578,2016년 5월 10일 21시,화요일,경상남도 양산시 삼호동,경상사고,0,0,1,0,차대사람 - 횡단중,안전운전불이행,건조,맑음,기타 - 기타,승용,여,29세,상해없음,보행자,남,45세,경상
2016051000100579,2016년 5월 10일 21시,화요일,경상남도 함안군 칠원읍,경상사고,0,0,1,0,차대차 - 기타,안전운전불이행,습기,비,단일로 - 기타,승용,남,26세,상해없음,이륜,남,37세,경상
2016051000100613,2016년 5월 10일 22시,화요일,경상남도 거제시 옥포동,경상사고,0,0,2,0,차대차 - 측면직각충돌,안전운전불이행,건조,맑음,교차로 - 교차로안,승용,남,23세,상해없음,승용,남,26세,경상
2016051100100007,2016년 5월 11일 00시,수요일,경상남도 거제시 거제면,부상신고사고,0,0,0,1,차대사람 - 횡단중,안전운전불이행,건조,맑음,교차로 - 교차로부근,기타불명,기타불명,기타불명,기타불명,보행자,남,76세,부상신고
2016051100100042,2016년 5월 11일 03시,수요일,경상남도 김해시 부원동,경상사고,0,0,1,0,차대차 - 기타,안전운전불이행,건조,맑음,단일로 - 기타,승용,남,59세,기타불명,승용,여,59세,경상
2016051100100043,2016년 5월 11일 03시,수요일,경상남도 창원시 마산회원구 두척동,사망사고,1,1,0,0,차량단독 - 공작물충돌,안전운전불이행,습기,흐림,교차로 - 교차로안,승용,남,25세,사망,,,,
2016051100100044,2016년 5월 11일 03시,수요일,경상남도 김해시 풍유동,중상사고,0,2,0,0,차대차 - 측면충돌,안전운전불이행,건조,맑음,단일로 - 기타,승용,남,46세,상해없음,승용,여,44세,중상
2016051100100089,2016년 5월 11일 07시,수요일,경상남도 김해시 부원동,경상사고,0,0,1,0,차대사람 - 길가장자리구역통행중,안전운전불이행,건조,맑음,단일로 - 기타,승용,남,59세,상해없음,보행자,남,38세,경상
2016051100100090,2016년 5월 11일 07시,수요일,경상남도 김해시 진영읍,경상사고,0,0,1,0,차대차 - 측면충돌,안전운전불이행,건조,맑음,교차로 - 교차로안,승용,여,51세,상해없음,승용,남,53세,경상
2016051100100091,2016년 5월 11일 07시,수요일,경상남도 통영시 광도면,중상사고,0,1,0,0,차대차 - 기타,안전운전불이행,건조,맑음,단일로 - 기타,승용,여,44세,상해없음,승합,여,41세,중상
2016051100100118,2016년 5월 11일 08시,수요일,경상남도 진주시 집현면,중상사고,0,1,0,0,차대사람 - 횡단중,보행자보호의무위반,건조,맑음,교차로 - 교차로안,승용,여,47세,상해없음,보행자,남,9세,중상
2016051100100119,2016년 5월 11일 08시,수요일,경상남도 창원시 의창구 소답동,경상사고,0,0,1,0,차대사람 - 횡단중,보행자보호의무위반,건조,맑음,단일로 - 횡단보도상,승합,남,51세,상해없음,보행자,남,45세,경상
2016051100100169,2016년 5월 11일 09시,수요일,경상남도 밀양시 부북면,경상사고,0,0,1,0,차대차 - 추돌,안전운전불이행,건조,맑음,단일로 - 기타,승용,남,55세,상해없음,승용,여,67세,경상
2016051100100201,2016년 5월 11일 10시,수요일,경상남도 양산시 주남동,경상사고,0,0,1,0,차대차 - 측면충돌,직진우회전진행방해,건조,맑음,교차로 - 교차로안,화물,남,48세,상해없음,승합,남,44세,경상
2016051100100202,2016년 5월 11일 10시,수요일,경상남도 양산시 물금읍,경상사고,0,0,2,0,차대차 - 정면충돌,신호위반,건조,맑음,교차로 - 교차로안,승용,남,62세,상해없음,승용,남,26세,경상
2016051100100226,2016년 5월 11일 11시,수요일,경상남도 창원시 마산합포구 가포동,경상사고,0,0,1,0,차대차 - 측면직각충돌,교차로운행방법위반,건조,맑음,교차로 - 교차로안,승용,여,57세,상해없음,화물,남,85세,경상
2016051100100254,2016년 5월 11일 12시,수요일,경상남도 김해시 안동,중상사고,0,1,0,0,차대사람 - 길가장자리구역통행중,안전운전불이행,건조,맑음,단일로 - 기타,승용,여,55세,상해없음,보행자,여,55세,중상
2016051100100314,2016년 5월 11일 14시,수요일,경상남도 밀양시 삼랑진읍,중상사고,0,1,0,0,차대사람 - 횡단중,안전운전불이행,건조,맑음,교차로 - 교차로안,승용,여,56세,상해없음,보행자,남,70세,중상
2016051100100315,2016년 5월 11일 14시,수요일,경상남도 김해시 대동면,중상사고,0,1,0,0,차대사람 - 길가장자리구역통행중,안전운전불이행,건조,맑음,단일로 - 기타,승합,남,70세,상해없음,보행자,여,85세,중상
2016051100100316,2016년 5월 11일 14시,수요일,경상남도 거제시 양정동,중상사고,0,1,0,0,차대사람 - 횡단중,보행자보호의무위반,건조,맑음,단일로 - 기타,승합,남,46세,상해없음,보행자,여,8세,중상
2016051100100352,2016년 5월 11일 15시,수요일,경상남도 김해시 외동,중상사고,0,1,0,0,차대사람 - 횡단중,신호위반,건조,맑음,교차로 - 교차로안,이륜,남,60세,상해없음,보행자,여,70세,중상
2016051100100400,2016년 5월 11일 16시,수요일,경상남도 진주시 충무공동,중상사고,0,1,0,0,차량단독 - 전도전복,안전운전불이행,건조,맑음,단일로 - 기타,원동기,남,18세,중상,,,,
2016051100100401,2016년 5월 11일 16시,수요일,경상남도 사천시 사천읍,경상사고,0,0,1,0,차대차 - 측면충돌,안전운전불이행,건조,맑음,단일로 - 기타,승용,남,25세,상해없음,승합,남,42세,경상
2016051100100402,2016년 5월 11일 16시,수요일,경상남도 창원시 마산회원구 양덕동,경상사고,0,0,1,0,차대차 - 측면충돌,안전운전불이행,건조,맑음,단일로 - 기타,승용,여,21세,상해없음,이륜,남,27세,경상
2016051100100443,2016년 5월 11일 17시,수요일,경상남도 창원시 마산합포구 완월동,중상사고,0,1,0,0,차대사람 - 횡단중,보행자보호의무위반,건조,맑음,단일로 - 횡단보도상,승용,남,48세,상해없음,보행자,여,64세,중상
2016051100100490,2016년 5월 11일 18시,수요일,경상남도 김해시 풍유동,중상사고,0,1,3,0,차대차 - 측면직각충돌,교차로운행방법위반,건조,맑음,교차로 - 교차로안,승용,여,57세,상해없음,승용,남,31세,중상
2016051100100522,2016년 5월 11일 19시,수요일,경상남도 통영시 산양읍,경상사고,0,0,4,0,차대차 - 추돌,안전운전불이행,건조,맑음,단일로 - 기타,승합,남,44세,기타불명,승용,남,61세,경상
2016051100100523,2016년 5월 11일 19시,수요일,경상남도 김해시 불암동,중상사고,0,1,1,0,차대차 - 추돌,안전운전불이행,건조,맑음,교차로 - 교차로부근,승용,남,29세,상해없음,승용,여,24세,경상
2016051100100524,2016년 5월 11일 19시,수요일,경상남도 거창군 가조면,부상신고사고,0,0,0,1,차대차 - 측면충돌,안전운전불이행,건조,맑음,교차로 - 교차로안,자전거,남,7세,부상신고,화물,남,54세,상해없음
2016051100100557,2016년 5월 11일 20시,수요일,경상남도 김해시 어방동,경상사고,0,0,1,0,차대차 - 정면충돌,안전운전불이행,건조,맑음,교차로 - 교차로안,화물,남,72세,상해없음,이륜,남,19세,경상
2016051100100558,2016년 5월 11일 20시,수요일,경상남도 양산시 중부동,부상신고사고,0,0,0,1,차대사람 - 기타,안전운전불이행,건조,기타,단일로 - 기타,승용,여,42세,상해없음,보행자,남,50세,부상신고
2016051100100559,2016년 5월 11일 20시,수요일,경상남도 창원시 의창구 봉곡동,경상사고,0,0,1,0,차대차 - 추돌,안전운전불이행,건조,맑음,단일로 - 기타,승용,남,50세,상해없음,승용,남,60세,상해없음