사고번호,사고일시,요일,시군구,사고내용,사망자수,중상자수,경상자수,부상신고자수,사고유형,법규위반,노면상태,기상상태,도로형태,가해운전자 차종,가해운전자 성별,가해운전자 연령,가해운전자 상해정도,피해운전자 차종,피해운전자 성별,피해운전자 연령,피해운전자 상해정도
2016052200100199,2016년 5월 22일 10시,일요일,경상남도 밀양시 내이동,중상사고,0,1,0,0,차대차 - 기타,안전운전불이행,건조,맑음,교차로 - 교차로부근,승용,남,59세,상해없음,승용,여,50세,상해없음
2016052200100200,2016년 5월 22일 10시,일요일,경상남도 하동군 금남면,부상신고사고,0,0,0,1,차대사람 - 기타,기타,건조,맑음,단일로 - 기타,승용,기타불명,기타불명,기타불명,보행자,여,44세,부상신고
2016052200100220,2016년 5월 22일 11시,일요일,경상남도 진주시 문산읍,중상사고,0,1,0,0,차대차 - 측면충돌,직진우회전진행방해,건조,맑음,교차로 - 교차로안,승용,여,40세,상해없음,이륜,남,46세,중상
2016052200100221,2016년 5월 22일 11시,일요일,경상남도 창원시 진해구 여좌동,경상사고,0,0,1,0,차량단독 - 전도전복,안전운전불이행,건조,맑음,단일로 - 기타,원동기,남,57세,경상,,,,
2016052200100249,2016년 5월 22일 12시,일요일,경상남도 통영시 한산면,경상사고,0,0,1,0,차대사람 - 횡단중,안전운전불이행,건조,맑음,기타 - 기타,승용,여,56세,상해없음,보행자,여,51세,경상
2016052200100250,2016년 5월 22일 12시,일요일,경상남도 창원시 마산회원구 양덕동,중상사고,0,1,0,0,차대차 - 측면직각충돌,신호위반,건조,맑음,교차로 - 교차로안,승용,여,28세,상해없음,원동기,남,36세,중상
2016052200100283,2016년 5월 22일 13시,일요일,경상남도 통영시 용남면,중상사고,0,1,0,0,차대차 - 정면충돌,중앙선침범,건조,맑음,단일로 - 기타,화물,남,58세,상해없음,승용,남,74세,중상
2016052200100284,2016년 5월 22일 13시,일요일,경상남도 사천시 죽림동,경상사고,0,0,1,0,차대차 - 측면직각충돌,직진우회전진행방해,건조,맑음,교차로 - 교차로안,승용,남,35세,상해없음,승용,여,40세,경상
2016052200100304,2016년 5월 22일 14시,일요일,경상남도 창원시 마산합포구 신포동1가,경상사고,0,0,2,0,차대차 - 추돌,안전거리미확보,건조,맑음,교차로 - 교차로부근,승용,남,28세,상해없음,승용,남,59세,경상
2016052200100305,2016년 5월 22일 14시,일요일,경상남도 김해시 삼방동,부상신고사고,0,0,0,1,차대차 - 기타,안전운전불이행,건조,맑음,교차로 - 교차로부근,이륜,남,16세,부상신고,승용,남,50세,상해없음
2016052200100306,2016년 5월 22일 14시,일요일,경상남도 창원시 의창구 명서동,경상사고,0,0,1,0,차대차 - 측면충돌,안전운전불이행,건조,맑음,교차로 - 교차로안,화물,남,42세,상해없음,이륜,남,49세,경상
2016052200100307,2016년 5월 22일 14시,일요일,경상남도 함안군 칠원읍,경상사고,0,0,4,0,차대차 - 추돌,안전거리미확보,건조,맑음,단일로 - 기타,승용,남,58세,경상,승용,남,58세,경상
2016052200100336,2016년 5월 22일 15시,일요일,경상남도 창원시 마산합포구 해운동,경상사고,0,0,1,0,차대사람 - 기타,안전운전불이행,건조,맑음,단일로 - 기타,승용,남,41세,상해없음,보행자,남,14세,경상
2016052200100337,2016년 5월 22일 15시,일요일,경상남도 창원시 진해구 풍호동,중상사고,0,1,0,0,차대차 - 측면직각충돌,안전운전불이행,건조,맑음,단일로 - 기타,원동기,남,78세,중상,승용,여,40세,기타불명
2016052200100401,2016년 5월 22일 17시,일요일,경상남도 창원시 진해구 죽곡동,중상사고,0,1,0,0,차대차 - 측면직각충돌,안전운전불이행,건조,맑음,교차로 - 교차로안,승용,남,46세,상해없음,승용,남,54세,중상
2016052200100402,2016년 5월 22일 17시,일요일,경상남도 함양군 함양읍,경상사고,0,0,1,1,차대차 - 측면직각충돌,안전운전불이행,건조,맑음,단일로 - 기타,승합,남,56세,부상신고,승용,여,51세,경상
2016052200100403,2016년 5월 22일 17시,일요일,경상남도 김해시 장유면,중상사고,0,1,0,0,차대사람 - 기타,안전운전불이행,건조,맑음,단일로 - 기타,승용,남,31세,상해없음,보행자,남,4세,중상
2016052200100440,2016년 5월 22일 18시,일요일,경상남도 창원시 마산합포구 월영동,경상사고,0,0,1,0,차대사람 - 길가장자리구역통행중,안전운전불이행,건조,맑음,단일로 - 기타,이륜,남,33세,기타불명,보행자,여,21세,경상
2016052200100441,2016년 5월 22일 18시,일요일,경상남도 창원시 마산합포구 상남동,경상사고,0,0,1,0,차대사람 - 차도통행중,안전운전불이행,건조,맑음,단일로 - 기타,기타불명,기타불명,기타불명,기타불명,보행자,남,16세,경상
2016052200100442,2016년 5월 22일 18시,일요일,경상남도 고성군 회화면,중상사고,0,1,0,0,차대사람 - 횡단중,안전운전불이행,건조,맑음,단일로 - 기타,승용,여,58세,상해없음,보행자,여,4세,중상
2016052200100443,2016년 5월 22일 18시,일요일,경상남도 창원시 의창구 서상동,중상사고,0,1,0,0,차대사람 - 횡단중,안전운전불이행,건조,맑음,교차로 - 교차로안,승용,남,55세,상해없음,보행자,여,75세,중상
2016052200100475,2016년 5월 22일 19시,일요일,경상남도 창원시 진해구 풍호동,중상사고,0,1,0,0,차량단독 - 공작물충돌,안전운전불이행,건조,맑음,기타 - 기타,자전거,남,45세,중상,,,,
2016052200100476,2016년 5월 22일 19시,일요일,경상남도 사천시 송포동,경상사고,0,0,1,0,차대차 - 측면충돌,직진우회전진행방해,건조,맑음,교차로 - 교차로안,승용,남,21세,상해없음,승용,남,66세,상해없음
2016052200100477,2016년 5월 22일 19시,일요일,경상남도 김해시 삼계동,중상사고,0,1,0,0,차대차 - 측면충돌,중앙선침범,건조,맑음,교차로 - 교차로부근,자전거,남,60세,중상,승용,남,50세,기타불명
2016052200100501,2016년 5월 22일 20시,일요일,경상남도 밀양시 산외면,중상사고,0,1,1,0,차대차 - 추돌,안전거리미확보,건조,맑음,단일로 - 기타,승용,남,29세,경상,화물,남,43세,중상
2016052200100537,2016년 5월 22일 22시,일요일,경상남도 사천시 선구동,경상사고,0,0,1,0,차대차 - 측면충돌,안전운전불이행,건조,맑음,단일로 - 기타,승용,남,33세,상해없음,특수,남,30세,경상
2016052200100550,2016년 5월 22일 23시,일요일,경상남도 양산시 동면,중상사고,0,1,0,0,차대차 - 추돌,안전운전불이행,건조,맑음,단일로 - 기타,승용,남,33세,상해없음,화물,남,45세,중상
2016052300100063,2016년 5월 23일 06시,월요일,경상남도 창원시 마산합포구 서성동,경상사고,0,0,2,0,차대차 - 정면충돌,안전운전불이행,건조,맑음,단일로 - 기타,승용,남,27세,상해없음,승용,여,32세,경상
2016052300100064,2016년 5월 23일 06시,월요일,경상남도 합천군 초계면,경상사고,0,0,1,0,차대차 - 측면충돌,교차로운행방법위반,건조,맑음,교차로 - 교차로부근,화물,남,55세,상해없음,원동기,여,41세,경상
2016052300100138,2016년 5월 23일 08시,월요일,경상남도 창원시 진해구 자은동,경상사고,0,0,1,0,차대차 - 측면충돌,안전거리미확보,건조,맑음,단일로 - 기타,건설기계,남,32세,상해없음,승용,여,62세,경상
2016052300100139,2016년 5월 23일 08시,월요일,경상남도 밀양시 삼문동,경상사고,0,0,1,0,차대차 - 추돌,안전운전불이행,건조,맑음,단일로 - 기타,승용,남,36세,상해없음,승용,여,59세,경상
2016052300100140,2016년 5월 23일 08시,월요일,경상남도 산청군 신안면,중상사고,0,1,0,0,차량단독 - 기타,기타,건조,맑음,교차로 - 교차로부근,승합,남,55세,상해없음,,,,
2016052300100176,2016년 5월 23일 09시,월요일,경상남도 창원시 진해구 경화동,경상사고,0,0,1,0,차대사람 - 길가장자리구역통행중,보행자보호의무위반,건조,맑음,기타 - 기타,승용,여,42세,기타불명,보행자,남,68세,경상
2016052300100177,2016년 5월 23일 09시,월요일,경상남도 김해시 장유면,경상사고,0,0,1,1,차대차 - 추돌,안전운전불이행,건조,맑음,교차로 - 교차로부근,승용,여,45세,부상신고,승용,여,35세,경상
2016052300100200,2016년 5월 23일 10시,월요일,경상남도 김해시 삼계동,경상사고,0,0,1,0,차대차 - 측면직각충돌,안전거리미확보,건조,맑음,단일로 - 기타,건설기계,남,50세,상해없음,화물,남,61세,경상
2016052300100234,2016년 5월 23일 11시,월요일,경상남도 진주시 이현동,사망사고,1,0,0,0,차대사람 - 횡단중,보행자보호의무위반,건조,맑음,교차로 - 교차로부근,승용,남,41세,상해없음,보행자,남,86세,사망
2016052300100235,2016년 5월 23일 11시,월요일,경상남도 김해시 삼방동,중상사고,0,1,0,0,차대차 - 정면충돌,안전운전불이행,건조,맑음,단일로 - 기타,이륜,남,89세,중상,승용,남,47세,상해없음
2016052300100260,2016년 5월 23일 12시,월요일,경상남도 김해시 구산동,경상사고,0,0,2,0,차대차 - 측면직각충돌,신호위반,건조,맑음,교차로 - 교차로안,승용,여,49세,상해없음,승용,남,22세,경상
2016052300100293,2016년 5월 23일 13시,월요일,경상남도 창원시 마산합포구 진동면,경상사고,0,0,1,0,차대차 - 측면충돌,안전운전불이행,건조,맑음,교차로 - 교차로안,승용,여,45세,상해없음,승용,여,62세,경상
2016052300100294,2016년 5월 23일 13시,월요일,경상남도 함양군 안의면,중상사고,0,1,0,0,차대차 - 정면충돌,중앙선침범,건조,맑음,단일로 - 기타,화물,남,74세,상해없음,농기계,남,77세,중상
2016052300100330,2016년 5월 23일 14시,월요일,경상남도 창원시 마산합포구 오동동,경상사고,0,0,1,0,차대차 - 기타,안전운전불이행,건조,맑음,단일로 - 기타,승합,여,55세,상해없음,승합,남,50세,경상
2016052300100331,2016년 5월 23일 14시,월요일,경상남도 창원시 진해구 석동,경상사고,0,0,1,0,차대차 - 측면충돌,신호위반,건조,맑음,교차로 - 교차로안,승용,여,42세,상해없음,승용,남,69세,경상
2016052300100332,2016년 5월 23일 14시,월요일,경상남도 밀양시 부북면,경상사고,0,0,1,0,차대차 - 측면충돌,안전운전불이행,건조,맑음,단일로 - 기타,원동기,남,77세,경상,승용,여,31세,상해없음
2016052300100368,2016년 5월 23일 15시,월요일,경상남도 양산시 삼호동,부상신고사고,0,0,0,1,차대차 - 정면충돌,안전운전불이행,건조,맑음,기타 - 기타,승용,여,60세,부상신고,승용,남,39세,기타불명
2016052300100369,2016년 5월 23일 15시,월요일,경상남도 의령군 용덕면,중상사고,0,1,0,0,차대차 - 정면충돌,중앙선침범,건조,맑음,단일로 - 기타,이륜,남,69세,중상,승용,남,30세,상해없음
2016052300100451,2016년 5월 23일 17시,월요일,경상남도 창녕군 도천면,경상사고,0,0,2,0,차대차 - 기타,안전운전불이행,건조,맑음,단일로 - 기타,화물,남,58세,상해없음,승용,여,50세,경상
2016052300100487,2016년 5월 23일 18시,월요일,경상남도 김해시 외동,중상사고,0,1,3,0,차대차 - 기타,신호위반,건조,맑음,교차로 - 교차로안,승용,여,43세,경상,승용,남,33세,중상
2016052300100488,2016년 5월 23일 18시,월요일,경상남도 창녕군 계성면,부상신고사고,0,0,0,1,차량단독 - 전도전복,안전운전불이행,건조,맑음,단일로 - 기타,이륜,남,47세,부상신고,,,,
2016052300100489,2016년 5월 23일 18시,월요일,경상남도 양산시 물금읍,중상사고,0,1,0,0,차대사람 - 횡단중,안전운전불이행,건조,맑음,교차로 - 교차로안,승용,여,29세,상해없음,보행자,남,56세,중상
2016052300100490,2016년 5월 23일 18시,월요일,경상남도 창원시 마산합포구 산호동,중상사고,0,1,0,0,차대사람 - 횡단중,안전운전불이행,건조,맑음,단일로 - 기타,승용,남,68세,상해없음,보행자,남,15세,중상
2016052300100529,2016년 5월 23일 19시,월요일,경상남도 양산시 북부동,경상사고,0,0,1,0,차대차 - 추돌,안전운전불이행,건조,맑음,교차로 - 교차로부근,원동기,남,62세,경상,승용,남,46세,상해없음
2016052300100553,2016년 5월 23일 20시,월요일,경상남도 진주시 상평동,경상사고,0,0,1,0,차대차 - 측면직각충돌,안전거리미확보,건조,맑음,단일로 - 기타,승용,여,35세,상해없음,승용,남,39세,경상
2016052300100554,2016년 5월 23일 20시,월요일,경상남도 통영시 정량동,중상사고,0,1,0,0,차대사람 - 횡단중,안전운전불이행,건조,맑음,교차로 - 교차로안,승용,남,29세,상해없음,보행자,남,64세,중상
2016052300100555,2016년 5월 23일 20시,월요일,경상남도 창녕군 창녕읍,중상사고,0,1,0,0,차대차 - 측면직각충돌,안전운전불이행,건조,맑음,단일로 - 기타,승용,남,41세,상해없음,이륜,남,16세,중상
2016052300100556,2016년 5월 23일 20시,월요일,경상남도 창원시 마산회원구 회원동,경상사고,0,0,1,0,차대차 - 추돌,안전운전불이행,건조,맑음,단일로 - 기타,승용,남,36세,기타불명,승용,남,68세,경상
2016052300100580,2016년 5월 23일 21시,월요일,경상남도 진주시 금산면,중상사고,0,2,0,0,차대차 - 정면충돌,중앙선침범,건조,맑음,단일로 - 기타,승용,남,52세,상해없음,화물,남,59세,중상
2016052300100610,2016년 5월 23일 22시,월요일,경상남도 통영시 무전동,경상사고,0,0,1,0,차대차 - 추돌,안전운전불이행,건조,맑음,교차로 - 교차로부근,승용,남,32세,상해없음,승용,남,31세,경상
2016052300100611,2016년 5월 23일 22시,월요일,경상남도 양산시 삼호동,경상사고,0,0,1,0,차대차 - 정면충돌,교차로운행방법위반,건조,맑음,교차로 - 교차로안,승용,남,42세,기타불명,승용,남,46세,상해없음
2016052300100631,2016년 5월 23일 23시,월요일,경상남도 진주시 하대동,중상사고,0,1,0,0,차대사람 - 횡단중,보행자보호의무위반,건조,맑음,단일로 - 기타,승용,여,24세,상해없음,보행자,남,18세,중상
2016052300100632,2016년 5월 23일 23시,월요일,경상남도 김해시 부원동,경상사고,0,0,3,0,차대차 - 측면직각충돌,직진우회전진행방해,건조,맑음,교차로 - 교차로안,승용,남,57세,경상,승용,여,47세,경상
2016052400100046,2016년 5월 24일 02시,화요일,경상남도 통영시 광도면,경상사고,0,0,1,0,차대차 - 정면충돌,안전운전불이행,건조,맑음,교차로 - 교차로안,승용,남,59세,상해없음,승용,여,51세,상해없음
2016052400100047,2016년 5월 24일 02시,화요일,경상남도 창원시 성산구 상남동,경상사고,0,0,2,0,차대차 - 기타,신호위반,건조,맑음,교차로 - 교차로안,승용,남,55세,상해없음,승용,남,44세,상해없음
2016052400100144,2016년 5월 24일 08시,화요일,경상남도 거제시 장승포동,경상사고,0,0,4,0,차대차 - 정면충돌,중앙선침범,건조,흐림,기타 - 기타,승용,여,30세,기타불명,승용,남,38세,경상
2016052400100193,2016년 5월 24일 09시,화요일,경상남도 김해시 삼계동,중상사고,0,1,1,0,차대차 - 기타,안전운전불이행,습기,비,교차로 - 교차로안,원동기,남,38세,중상,승용,여,55세,상해없음
2016052400100194,2016년 5월 24일 09시,화요일,경상남도 양산시 물금읍,중상사고,0,1,1,0,차대차 - 정면충돌,중앙선침범,습기,비,단일로 - 기타,승용,남,71세,상해없음,화물,남,47세,경상
2016052400100195,2016년 5월 24일 09시,화요일,경상남도 김해시 흥동,경상사고,0,0,2,0,차대차 - 측면충돌,안전운전불이행,건조,맑음,교차로 - 교차로안,승용,남,54세,경상,승용,남,57세,경상
2016052400100232,2016년 5월 24일 10시,화요일,경상남도 진주시 문산읍,부상신고사고,0,0,0,1,차대차 - 정면충돌,안전운전불이행,건조,맑음,단일로 - 기타,화물,남,33세,부상신고,건설기계,남,49세,상해없음
2016052400100233,2016년 5월 24일 10시,화요일,경상남도 창원시 마산회원구 구암동,경상사고,0,0,1,0,차대사람 - 횡단중,안전운전불이행,습기,비,교차로 - 교차로부근,승용,남,29세,상해없음,보행자,여,42세,경상
2016052400100263,2016년 5월 24일 11시,화요일,경상남도 합천군 대병면,경상사고,0,0,1,0,차대차 - 정면충돌,안전운전불이행,습기,비,단일로 - 기타,농기계,남,75세,경상,화물,남,48세,상해없음
2016052400100264,2016년 5월 24일 11시,화요일,경상남도 함양군 지곡면,부상신고사고,0,0,0,1,차량단독 - 공작물충돌,안전운전불이행,습기,비,단일로 - 기타,승용,남,56세,부상신고,,,,
2016052400100265,2016년 5월 24일 11시,화요일,경상남도 창원시 마산합포구 산호동,중상사고,0,2,2,0,차대차 - 추돌,안전운전불이행,습기,비,교차로 - 교차로안,승합,남,46세,경상,승용,남,35세,중상
2016052400100296,2016년 5월 24일 12시,화요일,경상남도 양산시 유산동,중상사고,0,2,2,0,차대차 - 정면충돌,안전운전불이행,습기,비,단일로 - 기타,화물,남,49세,상해없음,승용,남,50세,경상
2016052400100297,2016년 5월 24일 12시,화요일,경상남도 함안군 칠원읍,경상사고,0,0,1,0,차대차 - 측면충돌,안전운전불이행,습기,비,단일로 - 기타,승용,여,45세,상해없음,이륜,남,45세,경상
2016052400100323,2016년 5월 24일 13시,화요일,경상남도 창원시 진해구 남양동,경상사고,0,0,2,0,차대차 - 측면직각충돌,직진우회전진행방해,습기,비,교차로 - 교차로안,승용,남,47세,상해없음,승용,남,46세,경상
2016052400100324,2016년 5월 24일 13시,화요일,경상남도 양산시 중부동,경상사고,0,0,3,0,차대차 - 정면충돌,안전운전불이행,습기,비,교차로 - 교차로안,승용,남,62세,상해없음,승용,남,37세,경상
2016052400100340,2016년 5월 24일 14시,화요일,경상남도 김해시 상동면,경상사고,0,0,1,0,차대차 - 추돌,안전거리미확보,건조,맑음,단일로 - 기타,승용,남,48세,상해없음,승용,남,54세,경상
2016052400100358,2016년 5월 24일 14시,화요일,경상남도 창원시 진해구 명동,경상사고,0,0,3,0,차대차 - 추돌,중앙선침범,습기,비,기타 - 기타,승용,남,52세,상해없음,승용,여,64세,경상
2016052400100392,2016년 5월 24일 15시,화요일,경상남도 사천시 동금동,중상사고,0,1,0,0,차대사람 - 횡단중,보행자보호의무위반,습기,비,단일로 - 횡단보도상,이륜,남,75세,상해없음,보행자,남,8세,중상
2016052400100453,2016년 5월 24일 17시,화요일,경상남도 진주시 가좌동,중상사고,0,1,0,1,차대차 - 추돌,안전운전불이행,습기,비,단일로 - 기타,화물,남,75세,부상신고,승용,여,50세,중상
2016052400100454,2016년 5월 24일 17시,화요일,경상남도 창녕군 남지읍,중상사고,0,1,0,0,차대차 - 정면충돌,안전운전불이행,건조,맑음,교차로 - 교차로안,자전거,남,72세,중상,승용,여,28세,상해없음
2016052400100455,2016년 5월 24일 17시,화요일,경상남도 창원시 마산회원구 구암동,경상사고,0,0,1,0,차대차 - 추돌,안전운전불이행,습기,흐림,교차로 - 교차로안,승용,남,53세,상해없음,승용,남,55세,경상
2016052400100456,2016년 5월 24일 17시,화요일,경상남도 창원시 의창구 팔용동,경상사고,0,0,2,0,차대차 - 측면직각충돌,안전운전불이행,습기,흐림,교차로 - 교차로안,승용,남,80세,상해없음,승용,여,31세,경상
2016052400100492,2016년 5월 24일 18시,화요일,경상남도 창원시 마산회원구 봉암동,중상사고,0,1,0,0,차대차 - 측면직각충돌,안전운전불이행,습기,흐림,교차로 - 교차로부근,화물,남,43세,상해없음,이륜,남,32세,중상
2016052400100493,2016년 5월 24일 18시,화요일,경상남도 창원시 의창구 봉곡동,중상사고,0,1,0,0,차대사람 - 횡단중,보행자보호의무위반,습기,비,단일로 - 기타,승용,남,53세,상해없음,보행자,여,48세,중상
2016052400100526,2016년 5월 24일 19시,화요일,경상남도 양산시 남부동,경상사고,0,0,1,0,차대차 - 정면충돌,신호위반,습기,비,교차로 - 교차로안,승용,남,52세,상해없음,승용,여,36세,경상
2016052400100568,2016년 5월 24일 20시,화요일,경상남도 양산시 남부동,경상사고,0,0,1,0,차대사람 - 횡단중,안전운전불이행,습기,비,단일로 - 기타,승용,남,25세,기타불명,보행자,여,21세,경상
2016052400100569,2016년 5월 24일 20시,화요일,경상남도 창원시 의창구 신월동,중상사고,0,1,0,0,차대차 - 측면충돌,안전운전불이행,건조,맑음,단일로 - 기타,승용,남,29세,상해없음,자전거,남,26세,중상
2016052400100611,2016년 5월 24일 22시,화요일,경상남도 거제시 장평동,중상사고,0,2,0,0,차대차 - 추돌,안전운전불이행,건조,맑음,단일로 - 기타,승용,여,59세,상해없음,승용,남,27세,중상
2016052400100612,2016년 5월 24일 22시,화요일,경상남도 창원시 성산구 반림동,경상사고,0,0,2,0,차대차 - 추돌,안전운전불이행,건조,맑음,단일로 - 기타,승용,남,25세,상해없음,승용,남,56세,경상
2016052500100015,2016년 5월 25일 00시,수요일,경상남도 거제시 장평동,경상사고,0,0,1,0,차대차 - 추돌,안전운전불이행,건조,맑음,교차로 - 교차로부근,승용,남,50세,기타불명,승용,남,51세,경상
2016052500100043,2016년 5월 25일 04시,수요일,경상남도 거창군 거창읍,중상사고,0,2,0,0,차대차 - 기타,교차로운행방법위반,건조,맑음,교차로 - 교차로안,승용,여,45세,중상,승용,여,45세,중상
2016052500100046,2016년 5월 25일 05시,수요일,경상남도 창원시 성산구 가음동,경상사고,0,0,1,0,차대차 - 측면직각충돌,신호위반,건조,맑음,교차로 - 교차로안,승용,남,32세,상해없음,승용,남,73세,경상
2016052500100118,2016년 5월 25일 08시,수요일,경상남도 통영시 용남면,경상사고,0,0,1,0,차대차 - 추돌,안전운전불이행,건조,맑음,교차로 - 교차로안,승용,남,63세,상해없음,이륜,남,75세,경상
2016052500100119,2016년 5월 25일 08시,수요일,경상남도 창원시 의창구 팔용동,경상사고,0,0,2,0,차대차 - 추돌,안전운전불이행,건조,맑음,교차로 - 교차로부근,화물,남,62세,상해없음,승용,남,46세,경상
2016052500100190,2016년 5월 25일 10시,수요일,경상남도 창원시 마산회원구 합성동,경상사고,0,0,1,0,차대차 - 측면충돌,안전운전불이행,건조,맑음,교차로 - 교차로안,승용,남,70세,상해없음,이륜,남,59세,경상
2016052500100224,2016년 5월 25일 11시,수요일,경상남도 진주시 칠암동,경상사고,0,0,1,0,차대차 - 측면충돌,안전운전불이행,건조,맑음,교차로 - 교차로안,원동기,남,72세,경상,승용,여,41세,상해없음
2016052500100225,2016년 5월 25일 11시,수요일,경상남도 고성군 고성읍,중상사고,0,1,0,0,차대차 - 추돌,안전거리미확보,건조,맑음,단일로 - 기타,화물,남,58세,상해없음,승용,여,48세,중상
2016052500100226,2016년 5월 25일 11시,수요일,경상남도 거제시 동부면,사망사고,1,0,0,0,차대차 - 정면충돌,안전운전불이행,건조,맑음,교차로 - 교차로안,이륜,남,68세,사망,승용,남,65세,상해없음
2016052500100256,2016년 5월 25일 12시,수요일,경상남도 사천시 선구동,중상사고,0,1,0,0,차대차 - 측면충돌,교차로운행방법위반,건조,맑음,교차로 - 교차로부근,이륜,남,76세,중상,승용,남,70세,상해없음
2016052500100284,2016년 5월 25일 13시,수요일,경상남도 사천시 용현면,경상사고,0,0,2,0,차대차 - 정면충돌,안전운전불이행,건조,맑음,단일로 - 기타,화물,남,47세,경상,건설기계,남,46세,경상
2016052500100285,2016년 5월 25일 13시,수요일,경상남도 김해시 삼방동,경상사고,0,0,1,0,차대차 - 기타,안전운전불이행,건조,맑음,교차로 - 교차로부근,승용,남,39세,상해없음,승용,남,51세,경상
2016052500100286,2016년 5월 25일 13시,수요일,경상남도 김해시 삼방동,경상사고,0,0,1,0,차대차 - 기타,안전거리미확보,건조,맑음,단일로 - 기타,승합,남,58세,상해없음,이륜,여,54세,경상
2016052500100317,2016년 5월 25일 14시,수요일,경상남도 진주시 이현동,중상사고,0,1,1,0,차대차 - 측면충돌,교차로운행방법위반,건조,맑음,교차로 - 교차로안,승용,남,63세,상해없음,승합,남,47세,중상
2016052500100318,2016년 5월 25일 14시,수요일,경상남도 함양군 안의면,중상사고,0,3,0,0,차대차 - 정면충돌,안전운전불이행,건조,맑음,교차로 - 교차로안,화물,남,55세,상해없음,화물,남,45세,중상
2016052500100353,2016년 5월 25일 15시,수요일,경상남도 통영시 무전동,경상사고,0,0,1,0,차대차 - 기타,안전운전불이행,건조,맑음,교차로 - 교차로안,승용,남,31세,상해없음,승합,남,45세,상해없음
2016052500100354,2016년 5월 25일 15시,수요일,경상남도 김해시 강동,중상사고,0,1,0,0,차대차 - 측면충돌,안전운전불이행,건조,맑음,단일로 - 기타,승용,남,27세,상해없음,승용,남,55세,중상
2016052500100388,2016년 5월 25일 16시,수요일,경상남도 진주시 칠암동,중상사고,0,1,0,0,차대차 - 측면충돌,직진우회전진행방해,건조,맑음,교차로 - 교차로안,승용,여,47세,상해없음,원동기,남,26세,중상
2016052500100389,2016년 5월 25일 16시,수요일,경상남도 창원시 진해구 이동,중상사고,0,1,0,0,차대차 - 측면충돌,안전운전불이행,건조,맑음,기타 - 기타,자전거,남,70세,중상,승용,남,55세,상해없음
2016052500100390,2016년 5월 25일 16시,수요일,경상남도 창원시 진해구 장천동,경상사고,0,0,1,0,차대차 - 측면충돌,중앙선침범,건조,맑음,교차로 - 교차로부근,승합,여,29세,상해없음,자전거,남,42세,경상
2016052500100391,2016년 5월 25일 16시,수요일,경상남도 김해시 삼정동,부상신고사고,0,0,0,1,차대차 - 측면충돌,안전운전불이행,건조,맑음,교차로 - 교차로안,자전거,남,53세,부상신고,승용,남,61세,상해없음
2016052500100392,2016년 5월 25일 16시,수요일,경상남도 창녕군 창녕읍,중상사고,0,1,2,0,차대차 - 추돌,안전운전불이행,건조,맑음,교차로 - 교차로안,승용,남,66세,상해없음,승용,남,76세,중상
2016052500100393,2016년 5월 25일 16시,수요일,경상남도 양산시 삼호동,중상사고,0,1,0,0,차대사람 - 횡단중,안전운전불이행,건조,맑음,단일로 - 기타,승용,남,29세,상해없음,보행자,여,7세,중상
2016052500100435,2016년 5월 25일 17시,수요일,경상남도 창원시 진해구 용원동,경상사고,0,0,1,0,차대차 - 측면직각충돌,직진우회전진행방해,건조,맑음,교차로 - 교차로안,승용,여,41세,상해없음,화물,남,67세,상해없음
2016052500100436,2016년 5월 25일 17시,수요일,경상남도 거창군 거창읍,중상사고,0,1,0,0,차대사람 - 기타,안전운전불이행,건조,맑음,단일로 - 기타,승합,남,37세,상해없음,보행자,남,3세,중상
2016052500100437,2016년 5월 25일 17시,수요일,경상남도 양산시 물금읍,경상사고,0,0,1,0,차대사람 - 횡단중,안전운전불이행,건조,맑음,단일로 - 기타,자전거,남,39세,상해없음,보행자,여,23세,경상
2016052500100475,2016년 5월 25일 18시,수요일,경상남도 창원시 성산구 내동,경상사고,0,0,2,0,차대차 - 추돌,안전운전불이행,건조,맑음,미분류 - 미분류,승용,남,45세,상해없음,승용,남,33세,경상
2016052500100511,2016년 5월 25일 19시,수요일,경상남도 김해시 부원동,부상신고사고,0,0,0,1,차대차 - 추돌,안전운전불이행,건조,맑음,교차로 - 교차로부근,승용,남,65세,상해없음,승용,남,39세,부상신고
2016052500100546,2016년 5월 25일 20시,수요일,경상남도 김해시 구산동,중상사고,0,1,0,0,차대사람 - 횡단중,보행자보호의무위반,건조,맑음,단일로 - 횡단보도상,이륜,남,25세,상해없음,보행자,여,65세,중상
2016052500100565,2016년 5월 25일 21시,수요일,경상남도 창원시 진해구 용원동,중상사고,0,1,0,0,차량단독 - 기타,안전운전불이행,건조,맑음,기타 - 기타,이륜,남,34세,중상,,,,
2016052500100566,2016년 5월 25일 21시,수요일,경상남도 김해시 삼계동,중상사고,0,2,0,0,차대사람 - 횡단중,안전운전불이행,건조,맑음,단일로 - 기타,승용,여,32세,상해없음,보행자,여,48세,중상
2016052500100567,2016년 5월 25일 21시,수요일,경상남도 거제시 아주동,중상사고,0,1,0,0,차대차 - 추돌,교차로운행방법위반,건조,맑음,교차로 - 교차로안,이륜,남,25세,중상,승용,여,38세,상해없음
2016052500100568,2016년 5월 25일 21시,수요일,경상남도 거제시 고현동,경상사고,0,0,1,0,차대사람 - 횡단중,안전운전불이행,건조,맑음,교차로 - 교차로안,기타불명,기타불명,기타불명,기타불명,보행자,남,58세,경상