사고번호,사고일시,요일,시군구,사고내용,사망자수,중상자수,경상자수,부상신고자수,사고유형,법규위반,노면상태,기상상태,도로형태,가해운전자 차종,가해운전자 성별,가해운전자 연령,가해운전자 상해정도,피해운전자 차종,피해운전자 성별,피해운전자 연령,피해운전자 상해정도
2016052500100601,2016년 5월 25일 22시,수요일,경상남도 창원시 성산구 반림동,경상사고,0,0,1,0,차대사람 - 차도통행중,안전운전불이행,건조,맑음,기타 - 기타,승용,남,50세,상해없음,보행자,남,46세,경상
2016052500100602,2016년 5월 25일 22시,수요일,경상남도 창원시 마산회원구 내서읍,경상사고,0,0,2,0,차대사람 - 기타,안전운전불이행,건조,맑음,교차로 - 교차로부근,승용,남,35세,상해없음,보행자,남,41세,경상
2016052500100625,2016년 5월 25일 23시,수요일,경상남도 진주시 신안동,경상사고,0,0,1,0,차대차 - 측면충돌,직진우회전진행방해,건조,맑음,교차로 - 교차로안,승용,여,46세,상해없음,자전거,남,24세,경상
2016052500100626,2016년 5월 25일 23시,수요일,경상남도 양산시 삼호동,중상사고,0,1,3,0,차대차 - 측면충돌,교차로운행방법위반,건조,맑음,교차로 - 교차로안,승합,남,41세,상해없음,승용,남,37세,중상
2016052600100044,2016년 5월 26일 03시,목요일,경상남도 김해시 내동,경상사고,0,0,1,0,차대사람 - 기타,안전운전불이행,건조,맑음,단일로 - 기타,승용,남,40세,상해없음,보행자,남,36세,경상
2016052600100069,2016년 5월 26일 06시,목요일,경상남도 창원시 성산구 가음동,중상사고,0,1,0,0,차대차 - 측면직각충돌,안전운전불이행,건조,맑음,교차로 - 교차로안,승용,남,22세,상해없음,자전거,남,46세,중상
2016052600100089,2016년 5월 26일 07시,목요일,경상남도 창원시 진해구 석동,중상사고,0,1,0,0,차대차 - 측면충돌,신호위반,건조,맑음,교차로 - 교차로안,승합,남,49세,기타불명,자전거,남,15세,중상
2016052600100124,2016년 5월 26일 08시,목요일,경상남도 거창군 거창읍,경상사고,0,0,1,0,차대사람 - 횡단중,안전운전불이행,건조,맑음,단일로 - 기타,승용,여,51세,상해없음,보행자,남,41세,경상
2016052600100125,2016년 5월 26일 08시,목요일,경상남도 양산시 평산동,경상사고,0,0,1,0,차대사람 - 횡단중,안전운전불이행,건조,맑음,단일로 - 횡단보도부근,승용,여,52세,기타불명,보행자,여,59세,경상
2016052600100126,2016년 5월 26일 08시,목요일,경상남도 양산시 유산동,경상사고,0,0,1,0,차대차 - 측면충돌,안전운전불이행,건조,맑음,교차로 - 교차로안,승용,여,60세,상해없음,승용,여,27세,경상
2016052600100163,2016년 5월 26일 09시,목요일,경상남도 통영시 광도면,경상사고,0,0,1,0,차대차 - 정면충돌,중앙선침범,건조,맑음,단일로 - 기타,승합,남,57세,상해없음,건설기계,남,41세,경상
2016052600100192,2016년 5월 26일 10시,목요일,경상남도 김해시 삼계동,경상사고,0,0,1,0,차대차 - 정면충돌,신호위반,건조,맑음,교차로 - 교차로안,승용,남,60세,상해없음,승용,여,47세,경상
2016052600100193,2016년 5월 26일 10시,목요일,경상남도 창원시 의창구 신월동,경상사고,0,0,1,0,차대사람 - 횡단중,보행자보호의무위반,건조,맑음,단일로 - 횡단보도상,승용,남,33세,상해없음,보행자,여,58세,경상
2016052600100241,2016년 5월 26일 12시,목요일,경상남도 사천시 정동면,중상사고,0,1,0,0,차대차 - 추돌,안전거리미확보,건조,맑음,단일로 - 기타,승용,남,45세,상해없음,승용,여,38세,중상
2016052600100266,2016년 5월 26일 13시,목요일,경상남도 양산시 물금읍,경상사고,0,0,1,0,차대차 - 정면충돌,교차로운행방법위반,건조,맑음,교차로 - 교차로안,승용,여,24세,상해없음,승용,남,35세,경상
2016052600100267,2016년 5월 26일 13시,목요일,경상남도 창원시 의창구 동읍,경상사고,0,0,2,0,차대차 - 측면직각충돌,안전운전불이행,건조,맑음,단일로 - 기타,화물,남,79세,상해없음,승용,여,53세,경상
2016052600100300,2016년 5월 26일 14시,목요일,경상남도 남해군 남해읍,중상사고,0,1,0,0,차대사람 - 횡단중,보행자보호의무위반,건조,맑음,교차로 - 교차로부근,화물,남,67세,상해없음,보행자,여,46세,중상
2016052600100332,2016년 5월 26일 15시,목요일,경상남도 김해시 외동,중상사고,0,1,0,0,차대차 - 측면직각충돌,차로위반,건조,맑음,단일로 - 기타,승용,남,46세,상해없음,이륜,남,67세,중상
2016052600100333,2016년 5월 26일 15시,목요일,경상남도 창원시 의창구 북면,중상사고,0,2,0,0,차대차 - 정면충돌,중앙선침범,건조,맑음,단일로 - 기타,승용,남,66세,상해없음,승용,남,47세,중상
2016052600100334,2016년 5월 26일 15시,목요일,경상남도 창원시 의창구 소답동,경상사고,0,0,1,0,차대사람 - 차도통행중,안전운전불이행,건조,맑음,교차로 - 교차로안,승용,여,52세,상해없음,보행자,여,90세 이상,경상
2016052600100368,2016년 5월 26일 16시,목요일,경상남도 양산시 다방동,중상사고,0,1,0,0,차대차 - 정면충돌,신호위반,건조,맑음,교차로 - 교차로안,승용,여,53세,상해없음,이륜,남,49세,중상
2016052600100369,2016년 5월 26일 16시,목요일,경상남도 거제시 옥포동,중상사고,0,1,0,0,차대차 - 기타,안전운전불이행,건조,맑음,단일로 - 기타,승용,남,19세,상해없음,승용,남,29세,중상
2016052600100417,2016년 5월 26일 17시,목요일,경상남도 밀양시 부북면,경상사고,0,0,1,0,차대차 - 측면직각충돌,교차로운행방법위반,건조,맑음,교차로 - 교차로안,승용,여,44세,상해없음,화물,남,50세,상해없음
2016052600100487,2016년 5월 26일 19시,목요일,경상남도 김해시 진영읍,경상사고,0,0,1,0,차대차 - 추돌,신호위반,건조,맑음,교차로 - 교차로부근,승용,여,45세,경상,승용,기타불명,기타불명,기타불명
2016052600100517,2016년 5월 26일 20시,목요일,경상남도 창원시 의창구 두대동,중상사고,0,1,0,0,차대차 - 추돌,안전운전불이행,건조,맑음,단일로 - 기타,승용,남,24세,상해없음,이륜,남,43세,중상
2016052600100518,2016년 5월 26일 20시,목요일,경상남도 김해시 진례면,경상사고,0,0,1,0,차대차 - 측면충돌,신호위반,건조,맑음,교차로 - 교차로안,승용,남,26세,상해없음,승용,남,35세,경상
2016052600100552,2016년 5월 26일 21시,목요일,경상남도 창원시 마산합포구 자산동,경상사고,0,0,1,0,차량단독 - 기타,안전운전불이행,건조,맑음,교차로 - 교차로안,승합,남,52세,상해없음,,,,
2016052600100553,2016년 5월 26일 21시,목요일,경상남도 양산시 하북면,경상사고,0,0,2,0,차대차 - 정면충돌,신호위반,건조,맑음,교차로 - 교차로안,승용,여,45세,상해없음,승용,남,36세,경상
2016052600100554,2016년 5월 26일 21시,목요일,경상남도 창녕군 대합면,사망사고,1,0,1,0,차대차 - 추돌,안전운전불이행,건조,맑음,단일로 - 기타,화물,남,50세,사망,화물,남,40세,경상
2016052600100580,2016년 5월 26일 22시,목요일,경상남도 진주시 장대동,경상사고,0,0,1,0,차대차 - 정면충돌,중앙선침범,건조,맑음,단일로 - 기타,승용,남,22세,상해없음,승합,남,54세,경상
2016052600100581,2016년 5월 26일 22시,목요일,경상남도 함안군 칠서면,중상사고,0,1,0,0,차대차 - 추돌,안전운전불이행,건조,기타,단일로 - 기타,승용,여,27세,상해없음,이륜,남,51세,중상
2016052600100582,2016년 5월 26일 22시,목요일,경상남도 김해시 진영읍,중상사고,0,1,0,0,차대차 - 정면충돌,교차로운행방법위반,건조,맑음,교차로 - 교차로안,승용,여,44세,상해없음,원동기,남,16세,중상
2016052600100604,2016년 5월 26일 23시,목요일,경상남도 사천시 벌리동,경상사고,0,0,1,0,차대차 - 측면직각충돌,안전운전불이행,건조,맑음,교차로 - 교차로안,승용,여,49세,상해없음,승용,남,47세,상해없음
2016052700100033,2016년 5월 27일 03시,금요일,경상남도 김해시 진영읍,경상사고,0,0,2,0,차대사람 - 횡단중,안전운전불이행,건조,맑음,단일로 - 기타,승용,남,24세,상해없음,보행자,남,37세,경상
2016052700100049,2016년 5월 27일 05시,금요일,경상남도 진주시 명석면,경상사고,0,0,1,0,차대차 - 정면충돌,중앙선침범,건조,맑음,단일로 - 기타,승합,여,50세,경상,화물,남,59세,상해없음
2016052700100078,2016년 5월 27일 07시,금요일,경상남도 창녕군 부곡면,경상사고,0,0,1,0,차대차 - 측면충돌,안전운전불이행,건조,맑음,단일로 - 기타,자전거,남,16세,경상,승용,여,34세,상해없음
2016052700100079,2016년 5월 27일 07시,금요일,경상남도 하동군 화개면,중상사고,0,1,0,0,차량단독 - 도로외이탈 - 추락,안전운전불이행,건조,맑음,단일로 - 기타,원동기,남,82세,중상,,,,
2016052700100080,2016년 5월 27일 07시,금요일,경상남도 창원시 마산회원구 양덕동,경상사고,0,0,1,0,차대차 - 측면직각충돌,안전운전불이행,건조,맑음,교차로 - 교차로부근,승용,여,46세,상해없음,자전거,남,11세,경상
2016052700100112,2016년 5월 27일 08시,금요일,경상남도 김해시 삼계동,경상사고,0,0,1,0,차대차 - 측면직각충돌,신호위반,건조,맑음,단일로 - 기타,승용,남,78세,상해없음,이륜,남,22세,경상
2016052700100113,2016년 5월 27일 08시,금요일,경상남도 김해시 삼계동,경상사고,0,0,1,0,차대사람 - 횡단중,보행자보호의무위반,건조,맑음,교차로 - 교차로부근,승용,남,49세,상해없음,보행자,남,12세,경상
2016052700100114,2016년 5월 27일 08시,금요일,경상남도 거창군 웅양면,중상사고,0,1,0,0,차대차 - 정면충돌,안전운전불이행,건조,맑음,단일로 - 기타,화물,남,61세,상해없음,이륜,남,70세,중상
2016052700100115,2016년 5월 27일 08시,금요일,경상남도 양산시 하북면,중상사고,0,1,0,0,차대차 - 측면직각충돌,안전운전불이행,건조,맑음,교차로 - 교차로안,승용,남,32세,상해없음,승용,남,55세,중상
2016052700100116,2016년 5월 27일 08시,금요일,경상남도 고성군 회화면,중상사고,0,1,0,0,차대사람 - 횡단중,안전운전불이행,건조,맑음,단일로 - 기타,승용,남,64세,상해없음,보행자,여,90세 이상,중상
2016052700100117,2016년 5월 27일 08시,금요일,경상남도 김해시 풍유동,경상사고,0,0,2,1,차대차 - 추돌,안전거리미확보,건조,맑음,단일로 - 기타,승용,여,25세,부상신고,화물,남,78세,경상
2016052700100149,2016년 5월 27일 09시,금요일,경상남도 창녕군 영산면,중상사고,0,1,0,0,차대사람 - 횡단중,안전운전불이행,건조,맑음,교차로 - 교차로안,승용,여,25세,상해없음,보행자,여,60세,중상
2016052700100150,2016년 5월 27일 09시,금요일,경상남도 양산시 하북면,중상사고,0,1,0,0,차대차 - 측면충돌,안전운전불이행,건조,맑음,단일로 - 횡단보도상,이륜,남,45세,중상,화물,남,60세,상해없음
2016052700100177,2016년 5월 27일 10시,금요일,경상남도 창원시 성산구 가음동,사망사고,1,0,0,0,차대사람 - 횡단중,안전운전불이행,건조,맑음,단일로 - 기타,승용,여,31세,상해없음,보행자,여,83세,사망
2016052700100201,2016년 5월 27일 11시,금요일,경상남도 창원시 의창구 북면,경상사고,0,0,1,0,차대차 - 정면충돌,안전운전불이행,건조,맑음,기타 - 기타,승용,남,69세,상해없음,승용,여,35세,경상
2016052700100236,2016년 5월 27일 12시,금요일,경상남도 창원시 마산회원구 내서읍,중상사고,0,1,0,0,차량단독 - 기타,안전운전불이행,건조,맑음,단일로 - 기타,승합,남,43세,상해없음,,,,
2016052700100271,2016년 5월 27일 13시,금요일,경상남도 김해시 서상동,경상사고,0,0,1,0,차대사람 - 기타,안전운전불이행,건조,맑음,단일로 - 기타,승용,남,42세,상해없음,보행자,여,48세,경상
2016052700100272,2016년 5월 27일 13시,금요일,경상남도 창원시 마산회원구 내서읍,경상사고,0,0,4,0,차량단독 - 공작물충돌,안전운전불이행,건조,맑음,단일로 - 기타,승합,남,57세,상해없음,,,,
2016052700100273,2016년 5월 27일 13시,금요일,경상남도 창원시 마산회원구 합성동,중상사고,0,1,0,0,차대사람 - 횡단중,안전운전불이행,건조,맑음,단일로 - 기타,화물,남,42세,상해없음,보행자,남,76세,중상
2016052700100274,2016년 5월 27일 13시,금요일,경상남도 창원시 의창구 봉곡동,경상사고,0,0,1,0,차대차 - 측면충돌,신호위반,건조,맑음,교차로 - 교차로안,승용,여,34세,상해없음,원동기,남,39세,경상
2016052700100348,2016년 5월 27일 15시,금요일,경상남도 진주시 하대동,중상사고,0,1,0,0,차량단독 - 전도전복,안전운전불이행,건조,맑음,단일로 - 기타,승합,남,55세,상해없음,,,,
2016052700100349,2016년 5월 27일 15시,금요일,경상남도 창녕군 남지읍,경상사고,0,0,1,0,차대차 - 측면직각충돌,안전운전불이행,건조,맑음,단일로 - 기타,승용,남,52세,상해없음,원동기,남,33세,경상
2016052700100350,2016년 5월 27일 15시,금요일,경상남도 고성군 하이면,경상사고,0,0,3,0,차대차 - 측면충돌,안전운전불이행,건조,맑음,단일로 - 기타,승용,여,21세,상해없음,승용,남,60세,경상
2016052700100351,2016년 5월 27일 15시,금요일,경상남도 하동군 진교면,중상사고,0,1,0,0,차대차 - 측면충돌,신호위반,건조,맑음,교차로 - 교차로안,이륜,여,69세,중상,화물,남,50세,상해없음
2016052700100399,2016년 5월 27일 16시,금요일,경상남도 함안군 가야읍,경상사고,0,0,1,0,차대차 - 측면직각충돌,신호위반,건조,맑음,교차로 - 교차로안,승용,남,63세,상해없음,승용,남,34세,경상
2016052700100400,2016년 5월 27일 16시,금요일,경상남도 창원시 성산구 신촌동,경상사고,0,0,1,0,차대차 - 측면충돌,신호위반,건조,맑음,교차로 - 교차로안,승용,남,57세,상해없음,승용,남,49세,경상
2016052700100438,2016년 5월 27일 17시,금요일,경상남도 밀양시 교동,경상사고,0,0,1,0,차대차 - 추돌,안전운전불이행,건조,맑음,단일로 - 기타,승용,남,50세,상해없음,승용,남,56세,상해없음
2016052700100439,2016년 5월 27일 17시,금요일,경상남도 밀양시 교동,경상사고,0,0,1,0,차량단독 - 기타,안전운전불이행,건조,맑음,교차로 - 교차로부근,승합,여,53세,상해없음,,,,
2016052700100440,2016년 5월 27일 17시,금요일,경상남도 양산시 동면,부상신고사고,0,0,0,2,차대차 - 정면충돌,직진우회전진행방해,건조,맑음,교차로 - 교차로안,승용,여,44세,부상신고,승용,남,35세,부상신고
2016052700100441,2016년 5월 27일 17시,금요일,경상남도 거제시 옥포동,중상사고,0,1,0,0,차대사람 - 기타,보행자보호의무위반,건조,맑음,교차로 - 교차로안,승용,여,45세,상해없음,보행자,남,52세,중상
2016052700100483,2016년 5월 27일 18시,금요일,경상남도 창원시 진해구 가주동,경상사고,0,0,2,0,차대차 - 측면직각충돌,교차로운행방법위반,건조,맑음,교차로 - 교차로안,승용,여,39세,경상,승용,남,54세,경상
2016052700100484,2016년 5월 27일 18시,금요일,경상남도 사천시 동림동,경상사고,0,0,1,0,차대사람 - 기타,기타,건조,맑음,교차로 - 교차로부근,승용,남,48세,상해없음,보행자,여,72세,경상
2016052700100485,2016년 5월 27일 18시,금요일,경상남도 양산시 동면,경상사고,0,0,5,3,차대차 - 정면충돌,안전운전불이행,건조,맑음,단일로 - 기타,승용,여,42세,부상신고,승용,남,39세,부상신고
2016052700100486,2016년 5월 27일 18시,금요일,경상남도 거제시 아주동,경상사고,0,0,2,0,차대차 - 기타,안전운전불이행,건조,흐림,교차로 - 교차로안,이륜,남,16세,경상,승용,남,30세,경상
2016052700100487,2016년 5월 27일 18시,금요일,경상남도 남해군 고현면,중상사고,0,1,0,0,차량단독 - 전도전복,안전운전불이행,건조,맑음,단일로 - 기타,승용,남,29세,중상,,,,
2016052700100488,2016년 5월 27일 18시,금요일,경상남도 창원시 마산회원구 구암동,경상사고,0,0,1,0,차대차 - 추돌,안전운전불이행,건조,맑음,단일로 - 기타,승용,남,59세,상해없음,승용,여,47세,경상
2016052700100489,2016년 5월 27일 18시,금요일,경상남도 진주시 문산읍,경상사고,0,0,1,0,차대차 - 추돌,안전운전불이행,건조,맑음,단일로 - 기타,승용,남,40세,기타불명,화물,남,49세,경상
2016052700100584,2016년 5월 27일 21시,금요일,경상남도 밀양시 삼문동,중상사고,0,1,0,0,차대사람 - 차도통행중,안전운전불이행,건조,맑음,단일로 - 기타,승용,여,30세,상해없음,보행자,여,55세,중상
2016052700100585,2016년 5월 27일 21시,금요일,경상남도 양산시 북부동,중상사고,0,1,0,0,차대차 - 정면충돌,교차로운행방법위반,건조,맑음,교차로 - 교차로안,승용,남,63세,상해없음,승용,여,52세,중상
2016052700100586,2016년 5월 27일 21시,금요일,경상남도 거제시 고현동,중상사고,0,2,1,0,차대차 - 기타,안전운전불이행,건조,맑음,단일로 - 기타,승용,남,57세,상해없음,승용,남,58세,경상
2016052700100587,2016년 5월 27일 21시,금요일,경상남도 김해시 진영읍,중상사고,0,1,1,0,차대차 - 측면충돌,안전운전불이행,건조,맑음,단일로 - 기타,승용,여,58세,상해없음,이륜,남,21세,경상
2016052700100613,2016년 5월 27일 22시,금요일,경상남도 고성군 거류면,중상사고,0,2,0,0,차대사람 - 길가장자리구역통행중,안전운전불이행,건조,맑음,단일로 - 기타,승용,남,40세,상해없음,보행자,남,55세,중상
2016052800100009,2016년 5월 28일 00시,토요일,경상남도 김해시 상동면,경상사고,0,0,2,0,차대차 - 추돌,안전운전불이행,건조,맑음,단일로 - 기타,승용,남,31세,상해없음,승용,남,32세,경상
2016052800100136,2016년 5월 28일 08시,토요일,경상남도 거제시 장승포동,중상사고,0,1,0,0,차대차 - 기타,안전운전불이행,건조,흐림,단일로 - 기타,승용,남,41세,상해없음,승합,남,57세,상해없음
2016052800100163,2016년 5월 28일 09시,토요일,경상남도 창원시 성산구 사파동,경상사고,0,0,1,0,차대차 - 정면충돌,신호위반,건조,맑음,교차로 - 교차로안,승용,남,78세,상해없음,승용,남,69세,경상
2016052800100196,2016년 5월 28일 10시,토요일,경상남도 거제시 고현동,중상사고,0,1,0,0,차대차 - 기타,안전운전불이행,건조,맑음,교차로 - 교차로부근,기타불명,기타불명,기타불명,기타불명,자전거,남,62세,중상
2016052800100273,2016년 5월 28일 12시,토요일,경상남도 거제시 장평동,경상사고,0,0,1,0,차대차 - 측면직각충돌,안전운전불이행,건조,맑음,기타 - 기타,승용,남,58세,상해없음,이륜,남,31세,경상
2016052800100310,2016년 5월 28일 13시,토요일,경상남도 진주시 남성동,중상사고,0,1,0,0,차대사람 - 기타,안전운전불이행,건조,맑음,교차로 - 교차로안,이륜,남,40세,상해없음,보행자,여,75세,중상
2016052800100311,2016년 5월 28일 13시,토요일,경상남도 사천시 정동면,경상사고,0,0,3,0,차대차 - 측면충돌,신호위반,건조,맑음,교차로 - 교차로안,승용,여,41세,경상,승용,여,35세,경상
2016052800100312,2016년 5월 28일 13시,토요일,경상남도 김해시 내동,중상사고,0,1,1,0,차대차 - 정면충돌,중앙선침범,건조,맑음,교차로 - 교차로부근,화물,남,44세,상해없음,승용,여,26세,경상
2016052800100313,2016년 5월 28일 13시,토요일,경상남도 양산시 남부동,경상사고,0,0,2,0,차대차 - 측면충돌,교차로운행방법위반,건조,맑음,교차로 - 교차로안,승용,여,52세,상해없음,승용,여,54세,경상
2016052800100314,2016년 5월 28일 13시,토요일,경상남도 의령군 의령읍,경상사고,0,0,1,0,차대사람 - 횡단중,안전운전불이행,건조,맑음,교차로 - 교차로안,승용,남,43세,상해없음,보행자,남,43세,경상
2016052800100445,2016년 5월 28일 16시,토요일,경상남도 창원시 마산합포구 해운동,경상사고,0,0,1,0,차대차 - 측면충돌,안전운전불이행,건조,맑음,교차로 - 교차로안,승용,여,30세,상해없음,승용,여,60세,경상
2016052800100446,2016년 5월 28일 16시,토요일,경상남도 창원시 진해구 자은동,경상사고,0,0,1,0,차대차 - 정면충돌,중앙선침범,건조,맑음,기타 - 기타,이륜,남,15세,경상,승용,남,38세,상해없음
2016052800100447,2016년 5월 28일 16시,토요일,경상남도 통영시 도산면,경상사고,0,0,2,0,차대차 - 추돌,안전운전불이행,건조,맑음,단일로 - 기타,건설기계,남,48세,상해없음,승용,여,41세,경상
2016052800100448,2016년 5월 28일 16시,토요일,경상남도 밀양시 무안면,경상사고,0,0,1,0,차대차 - 측면직각충돌,교차로운행방법위반,건조,맑음,교차로 - 교차로안,승용,여,45세,상해없음,승용,남,37세,경상
2016052800100449,2016년 5월 28일 16시,토요일,경상남도 양산시 물금읍,중상사고,0,1,0,0,차량단독 - 전도전복,안전운전불이행,건조,맑음,단일로 - 기타,이륜,남,39세,중상,,,,
2016052800100450,2016년 5월 28일 16시,토요일,경상남도 거제시 고현동,경상사고,0,0,1,0,차대차 - 정면충돌,안전운전불이행,건조,맑음,기타 - 기타,승용,여,34세,상해없음,이륜,남,18세,경상
2016052800100451,2016년 5월 28일 16시,토요일,경상남도 창원시 마산회원구 합성동,중상사고,0,1,0,0,차대사람 - 차도통행중,안전운전불이행,건조,맑음,단일로 - 기타,승용,남,57세,상해없음,보행자,여,13세,중상
2016052800100527,2016년 5월 28일 18시,토요일,경상남도 통영시 무전동,부상신고사고,0,0,0,1,차대차 - 측면직각충돌,안전운전불이행,건조,맑음,단일로 - 기타,자전거,남,15세,부상신고,승합,남,56세,기타불명
2016052800100528,2016년 5월 28일 18시,토요일,경상남도 양산시 교동,중상사고,0,1,0,0,차대차 - 측면충돌,안전운전불이행,건조,맑음,단일로 - 기타,승용,남,46세,상해없음,자전거,남,9세,중상
2016052800100556,2016년 5월 28일 19시,토요일,경상남도 사천시 동금동,중상사고,0,1,0,0,차대사람 - 횡단중,기타,건조,맑음,단일로 - 기타,승용,남,55세,상해없음,보행자,여,8세,중상
2016052800100589,2016년 5월 28일 20시,토요일,경상남도 양산시 물금읍,중상사고,0,1,0,0,차대차 - 정면충돌,중앙선침범,건조,맑음,단일로 - 기타,승용,여,50세,상해없음,이륜,남,56세,중상
2016052800100590,2016년 5월 28일 20시,토요일,경상남도 고성군 영오면,사망사고,1,1,0,0,차대차 - 추돌,안전운전불이행,건조,맑음,단일로 - 기타,승용,남,33세,상해없음,농기계,남,65세,중상
2016052800100591,2016년 5월 28일 20시,토요일,경상남도 거제시 능포동,경상사고,0,0,1,0,차대사람 - 기타,안전운전불이행,건조,맑음,기타 - 기타,승합,남,54세,상해없음,보행자,여,80세,경상
2016052800100621,2016년 5월 28일 21시,토요일,경상남도 양산시 물금읍,중상사고,0,1,1,0,차대사람 - 횡단중,안전운전불이행,건조,맑음,단일로 - 기타,이륜,남,34세,상해없음,보행자,남,4세,중상
2016052800100622,2016년 5월 28일 21시,토요일,경상남도 김해시 화목동,경상사고,0,0,1,0,차대차 - 기타,안전운전불이행,건조,맑음,단일로 - 기타,원동기,남,53세,경상,승용,여,45세,기타불명
2016052800100663,2016년 5월 28일 22시,토요일,경상남도 김해시 장유면,경상사고,0,0,1,0,차대사람 - 횡단중,안전운전불이행,건조,맑음,단일로 - 기타,원동기,남,25세,상해없음,보행자,남,65세,경상
2016052800100686,2016년 5월 28일 23시,토요일,경상남도 김해시 외동,중상사고,0,2,0,0,차대사람 - 기타,안전운전불이행,건조,맑음,단일로 - 기타,이륜,남,17세,상해없음,보행자,남,58세,중상
2016052900100018,2016년 5월 29일 00시,일요일,경상남도 김해시 동상동,중상사고,0,1,1,0,차대차 - 추돌,안전운전불이행,건조,맑음,교차로 - 교차로부근,이륜,남,16세,상해없음,승용,남,46세,경상
2016052900100019,2016년 5월 29일 00시,일요일,경상남도 거제시 옥포동,경상사고,0,0,1,0,차대차 - 기타,안전운전불이행,건조,맑음,기타 - 기타,승용,남,34세,상해없음,승용,여,43세,경상
2016052900100045,2016년 5월 29일 02시,일요일,경상남도 창원시 진해구 두동,경상사고,0,0,2,0,차량단독 - 전도전복,안전운전불이행,건조,맑음,교차로 - 교차로부근,승용,남,23세,상해없음,,,,
2016052900100046,2016년 5월 29일 02시,일요일,경상남도 거제시 고현동,경상사고,0,0,2,0,차대사람 - 기타,안전운전불이행,건조,맑음,교차로 - 교차로부근,승용,남,38세,상해없음,보행자,여,17세,경상
2016052900100123,2016년 5월 29일 08시,일요일,경상남도 산청군 금서면,중상사고,0,2,1,0,차대차 - 정면충돌,중앙선침범,건조,흐림,단일로 - 기타,승용,여,58세,경상,승용,여,65세,중상
2016052900100136,2016년 5월 29일 09시,일요일,경상남도 거제시 고현동,중상사고,0,1,3,0,차대차 - 추돌,안전거리미확보,건조,맑음,단일로 - 기타,승용,남,42세,상해없음,승합,남,51세,상해없음
2016052900100217,2016년 5월 29일 13시,일요일,경상남도 창원시 의창구 도계동,경상사고,0,0,1,0,차대사람 - 횡단중,안전운전불이행,건조,맑음,기타 - 기타,승용,여,60세,상해없음,보행자,남,61세,경상
2016052900100248,2016년 5월 29일 14시,일요일,경상남도 거창군 북상면,경상사고,0,0,1,0,차대차 - 정면충돌,안전운전불이행,건조,맑음,교차로 - 교차로안,화물,남,49세,상해없음,승용,여,50세,경상
2016052900100269,2016년 5월 29일 15시,일요일,경상남도 하동군 적량면,중상사고,0,2,0,0,차대차 - 측면충돌,중앙선침범,건조,맑음,기타 - 기타,승용,여,45세,상해없음,승용,남,56세,상해없음
2016052900100307,2016년 5월 29일 16시,일요일,경상남도 김해시 어방동,경상사고,0,0,1,0,차대차 - 측면충돌,안전운전불이행,건조,맑음,교차로 - 교차로부근,이륜,남,34세,경상,승용,남,44세,상해없음
2016052900100343,2016년 5월 29일 17시,일요일,경상남도 거창군 거창읍,경상사고,0,0,1,0,차대차 - 기타,안전운전불이행,건조,맑음,교차로 - 교차로안,승용,남,37세,상해없음,이륜,남,17세,경상
2016052900100344,2016년 5월 29일 17시,일요일,경상남도 거제시 하청면,중상사고,0,1,0,0,차대사람 - 기타,안전운전불이행,건조,맑음,단일로 - 기타,승용,남,49세,상해없음,보행자,여,2세,중상
2016052900100345,2016년 5월 29일 17시,일요일,경상남도 창원시 의창구 신월동,부상신고사고,0,0,0,1,차대차 - 기타,안전운전불이행,건조,맑음,교차로 - 교차로부근,승용,기타불명,기타불명,기타불명,자전거,남,14세,부상신고
2016052900100370,2016년 5월 29일 18시,일요일,경상남도 통영시 광도면,경상사고,0,0,1,0,차대차 - 추돌,안전운전불이행,건조,맑음,교차로 - 교차로안,승용,남,48세,상해없음,승용,여,51세,경상
2016052900100371,2016년 5월 29일 18시,일요일,경상남도 밀양시 하남읍,경상사고,0,0,2,0,차대사람 - 횡단중,안전운전불이행,건조,맑음,단일로 - 횡단보도부근,승용,남,31세,상해없음,보행자,여,45세,경상
2016052900100372,2016년 5월 29일 18시,일요일,경상남도 김해시 부원동,부상신고사고,0,0,0,1,차대차 - 측면직각충돌,안전운전불이행,건조,맑음,교차로 - 교차로부근,자전거,남,46세,부상신고,화물,남,75세,상해없음
2016052900100392,2016년 5월 29일 19시,일요일,경상남도 의령군 부림면,경상사고,0,0,1,0,차대차 - 측면충돌,교차로운행방법위반,건조,맑음,교차로 - 교차로안,이륜,여,71세,경상,승용,남,60세,상해없음
2016052900100441,2016년 5월 29일 21시,일요일,경상남도 진주시 미천면,사망사고,1,2,1,0,차대차 - 측면직각충돌,과속,건조,맑음,단일로 - 기타,승용,여,53세,경상,화물,남,77세,중상
2016052900100472,2016년 5월 29일 23시,일요일,경상남도 진주시 장재동,중상사고,0,1,2,0,차대차 - 측면충돌,신호위반,건조,맑음,교차로 - 교차로안,승용,남,26세,상해없음,승용,남,45세,중상
2016052900100473,2016년 5월 29일 23시,일요일,경상남도 창원시 의창구 북면,중상사고,0,1,1,0,차대차 - 정면충돌,안전운전불이행,건조,맑음,단일로 - 기타,화물,남,38세,중상,특수,남,29세,경상
2016052900100474,2016년 5월 29일 23시,일요일,경상남도 김해시 장유면,중상사고,0,1,0,0,차대차 - 측면충돌,안전운전불이행,건조,맑음,교차로 - 교차로안,승용,여,55세,기타불명,승용,여,63세,중상
2016053000100025,2016년 5월 30일 01시,월요일,경상남도 통영시 봉평동,경상사고,0,0,1,0,차대차 - 추돌,안전운전불이행,건조,맑음,단일로 - 기타,승용,남,26세,상해없음,특수,남,41세,경상