사고번호,사고일시,요일,시군구,사고내용,사망자수,중상자수,경상자수,부상신고자수,사고유형,법규위반,노면상태,기상상태,도로형태,가해운전자 차종,가해운전자 성별,가해운전자 연령,가해운전자 상해정도,피해운전자 차종,피해운전자 성별,피해운전자 연령,피해운전자 상해정도
2016053000100033,2016년 5월 30일 02시,월요일,경상남도 김해시 부원동,경상사고,0,0,1,0,차대사람 - 횡단중,보행자보호의무위반,건조,맑음,단일로 - 횡단보도상,승용,남,63세,상해없음,보행자,남,59세,경상
2016053000100054,2016년 5월 30일 06시,월요일,경상남도 양산시 물금읍,중상사고,0,1,0,0,차대차 - 측면충돌,교차로운행방법위반,건조,맑음,교차로 - 교차로안,승합,남,40세,상해없음,이륜,남,72세,중상
2016053000100055,2016년 5월 30일 06시,월요일,경상남도 고성군 개천면,중상사고,0,1,0,0,차대차 - 측면직각충돌,안전운전불이행,건조,맑음,단일로 - 기타,농기계,남,66세,상해없음,농기계,남,42세,상해없음
2016053000100080,2016년 5월 30일 07시,월요일,경상남도 김해시 지내동,경상사고,0,0,1,0,차대차 - 기타,교차로운행방법위반,건조,맑음,교차로 - 교차로안,승용,남,29세,상해없음,자전거,남,62세,경상
2016053000100081,2016년 5월 30일 07시,월요일,경상남도 합천군 덕곡면,중상사고,0,2,0,0,차량단독 - 기타,기타,건조,맑음,교차로 - 교차로안,화물,남,42세,상해없음,,,,
2016053000100082,2016년 5월 30일 07시,월요일,경상남도 양산시 동면,중상사고,0,2,3,1,차대차 - 추돌,안전거리미확보,건조,맑음,단일로 - 기타,승용,남,44세,경상,승용,남,24세,상해없음
2016053000100083,2016년 5월 30일 07시,월요일,경상남도 함안군 군북면,중상사고,0,1,0,0,차대차 - 추돌,안전운전불이행,건조,맑음,단일로 - 기타,승용,남,27세,상해없음,농기계,여,59세,중상
2016053000100117,2016년 5월 30일 08시,월요일,경상남도 진주시 상평동,중상사고,0,2,1,0,차대차 - 측면직각충돌,직진우회전진행방해,건조,맑음,교차로 - 교차로안,승용,남,34세,상해없음,화물,남,30세,중상
2016053000100118,2016년 5월 30일 08시,월요일,경상남도 진주시 호탄동,경상사고,0,0,1,0,차대차 - 측면직각충돌,차로위반,건조,맑음,단일로 - 기타,승용,남,59세,상해없음,승용,여,44세,경상
2016053000100119,2016년 5월 30일 08시,월요일,경상남도 의령군 의령읍,경상사고,0,0,1,0,차대차 - 측면충돌,안전운전불이행,건조,맑음,교차로 - 교차로안,원동기,남,74세,경상,승용,남,33세,상해없음
2016053000100167,2016년 5월 30일 09시,월요일,경상남도 남해군 미조면,경상사고,0,0,1,0,차대차 - 추돌,안전운전불이행,건조,맑음,단일로 - 기타,원동기,남,57세,경상,화물,남,61세,상해없음
2016053000100168,2016년 5월 30일 09시,월요일,경상남도 함안군 칠원읍,경상사고,0,0,1,0,차대차 - 측면충돌,안전운전불이행,건조,맑음,교차로 - 교차로부근,건설기계,남,37세,상해없음,화물,남,58세,경상
2016053000100201,2016년 5월 30일 10시,월요일,경상남도 창원시 의창구 명서동,경상사고,0,0,2,0,차대차 - 정면충돌,안전거리미확보,건조,맑음,교차로 - 교차로안,승용,남,57세,상해없음,승용,여,60세,경상
2016053000100243,2016년 5월 30일 11시,월요일,경상남도 사천시 사천읍,중상사고,0,1,0,0,차량단독 - 전도전복,안전운전불이행,건조,맑음,단일로 - 기타,원동기,남,55세,중상,,,,
2016053000100244,2016년 5월 30일 11시,월요일,경상남도 밀양시 삼문동,경상사고,0,0,2,0,차대차 - 측면직각충돌,안전운전불이행,건조,맑음,교차로 - 교차로부근,승용,남,55세,상해없음,승용,남,74세,경상
2016053000100245,2016년 5월 30일 11시,월요일,경상남도 함양군 함양읍,부상신고사고,0,0,0,1,차대차 - 추돌,안전운전불이행,건조,맑음,단일로 - 기타,화물,남,55세,부상신고,화물,남,41세,기타불명
2016053000100246,2016년 5월 30일 11시,월요일,경상남도 거제시 고현동,중상사고,0,1,0,0,차대차 - 측면직각충돌,신호위반,건조,맑음,교차로 - 교차로안,이륜,남,55세,상해없음,승용,여,41세,중상
2016053000100247,2016년 5월 30일 11시,월요일,경상남도 거제시 옥포동,경상사고,0,0,1,0,차대차 - 기타,안전운전불이행,건조,맑음,단일로 - 기타,승용,여,54세,상해없음,자전거,남,5세,경상
2016053000100248,2016년 5월 30일 11시,월요일,경상남도 김해시 진영읍,중상사고,0,1,0,0,차대사람 - 기타,안전운전불이행,건조,맑음,단일로 - 기타,승용,여,66세,상해없음,보행자,남,63세,중상
2016053000100274,2016년 5월 30일 12시,월요일,경상남도 거제시 아주동,경상사고,0,0,2,0,차대차 - 추돌,안전운전불이행,습기,비,단일로 - 기타,승용,남,75세,상해없음,승용,남,34세,경상
2016053000100275,2016년 5월 30일 12시,월요일,경상남도 창원시 성산구 신촌동,경상사고,0,0,1,0,차대차 - 측면충돌,차로위반,건조,맑음,단일로 - 기타,화물,남,51세,상해없음,승용,남,53세,경상
2016053000100276,2016년 5월 30일 12시,월요일,경상남도 김해시 진영읍,경상사고,0,0,1,0,차대차 - 측면충돌,안전운전불이행,건조,맑음,교차로 - 교차로안,승용,여,39세,상해없음,원동기,남,29세,경상
2016053000100304,2016년 5월 30일 13시,월요일,경상남도 창녕군 대합면,중상사고,0,1,0,0,차대차 - 측면직각충돌,안전운전불이행,건조,맑음,교차로 - 교차로부근,승용,남,80세,상해없음,원동기,남,79세,중상
2016053000100305,2016년 5월 30일 13시,월요일,경상남도 함양군 함양읍,부상신고사고,0,0,0,1,차량단독 - 공작물충돌,안전운전불이행,건조,맑음,단일로 - 기타,원동기,남,70세,부상신고,,,,
2016053000100306,2016년 5월 30일 13시,월요일,경상남도 거제시 옥포동,경상사고,0,0,1,0,차대차 - 측면충돌,기타,건조,맑음,교차로 - 교차로부근,승용,여,50세,경상,건설기계,남,45세,상해없음
2016053000100346,2016년 5월 30일 14시,월요일,경상남도 김해시 불암동,경상사고,0,0,1,0,차량단독 - 공작물충돌,안전운전불이행,건조,맑음,교차로 - 교차로부근,승용,여,49세,상해없음,,,,
2016053000100347,2016년 5월 30일 14시,월요일,경상남도 거창군 가조면,중상사고,0,1,0,0,차대차 - 측면충돌,안전운전불이행,건조,맑음,교차로 - 교차로안,승용,남,42세,상해없음,자전거,남,77세,중상
2016053000100348,2016년 5월 30일 14시,월요일,경상남도 함양군 수동면,사망사고,1,1,4,0,차대차 - 추돌,안전운전불이행,건조,맑음,교차로 - 교차로안,화물,남,68세,사망,승합,남,56세,경상
2016053000100349,2016년 5월 30일 14시,월요일,경상남도 양산시 주진동,중상사고,0,1,1,0,차대차 - 정면충돌,안전거리미확보,건조,맑음,기타 - 기타,승용,여,38세,상해없음,승용,남,45세,경상
2016053000100350,2016년 5월 30일 14시,월요일,경상남도 양산시 물금읍,경상사고,0,0,1,0,차대사람 - 횡단중,안전운전불이행,건조,맑음,교차로 - 교차로부근,승용,남,62세,상해없음,보행자,여,47세,경상
2016053000100351,2016년 5월 30일 14시,월요일,경상남도 창원시 성산구 상남동,중상사고,0,1,1,0,차대차 - 추돌,안전거리미확보,건조,맑음,단일로 - 기타,화물,남,52세,상해없음,승용,여,46세,중상
2016053000100352,2016년 5월 30일 14시,월요일,경상남도 창원시 의창구 두대동,중상사고,0,1,2,0,차대차 - 추돌,안전운전불이행,건조,맑음,단일로 - 기타,승용,남,52세,상해없음,승용,여,32세,경상
2016053000100353,2016년 5월 30일 14시,월요일,경상남도 창원시 의창구 명서동,중상사고,0,1,0,0,차대차 - 측면직각충돌,안전운전불이행,건조,맑음,교차로 - 교차로부근,기타불명,기타불명,기타불명,기타불명,자전거,남,25세,중상
2016053000100391,2016년 5월 30일 15시,월요일,경상남도 고성군 고성읍,경상사고,0,0,2,0,차대차 - 기타,안전운전불이행,건조,맑음,단일로 - 기타,특수,남,55세,상해없음,승용,남,52세,경상
2016053000100431,2016년 5월 30일 16시,월요일,경상남도 김해시 삼계동,경상사고,0,0,1,0,차대차 - 기타,안전운전불이행,건조,맑음,교차로 - 교차로부근,승용,남,58세,기타불명,승용,남,72세,경상
2016053000100432,2016년 5월 30일 16시,월요일,경상남도 합천군 야로면,중상사고,0,1,0,0,차대차 - 추돌,안전운전불이행,건조,맑음,단일로 - 기타,승용,여,48세,상해없음,자전거,여,51세,중상
2016053000100433,2016년 5월 30일 16시,월요일,경상남도 창원시 의창구 동읍,경상사고,0,0,1,0,차대차 - 측면충돌,안전운전불이행,건조,맑음,교차로 - 교차로안,승용,남,29세,상해없음,승용,남,73세,경상
2016053000100470,2016년 5월 30일 17시,월요일,경상남도 거제시 장목면,중상사고,0,3,0,0,차대차 - 정면충돌,안전운전불이행,건조,맑음,미분류 - 미분류,승용,여,53세,중상,승용,남,50세,중상
2016053000100471,2016년 5월 30일 17시,월요일,경상남도 창원시 마산회원구 회성동,중상사고,0,1,4,0,차대차 - 추돌,안전운전불이행,건조,맑음,단일로 - 기타,승용,남,56세,상해없음,승용,여,40세,경상
2016053000100562,2016년 5월 30일 19시,월요일,경상남도 밀양시 초동면,중상사고,0,1,0,0,차대차 - 추돌,안전운전불이행,건조,맑음,단일로 - 기타,승용,남,28세,상해없음,농기계,남,63세,중상
2016053000100563,2016년 5월 30일 19시,월요일,경상남도 양산시 북정동,경상사고,0,0,1,0,차대차 - 정면충돌,중앙선침범,건조,맑음,단일로 - 기타,승용,남,44세,상해없음,이륜,남,51세,경상
2016053000100593,2016년 5월 30일 20시,월요일,경상남도 창원시 마산합포구 중앙동3가,중상사고,0,1,1,0,차대차 - 측면직각충돌,신호위반,건조,맑음,교차로 - 교차로안,원동기,남,44세,경상,승용,여,46세,중상
2016053000100594,2016년 5월 30일 20시,월요일,경상남도 양산시 하북면,경상사고,0,0,1,0,차대차 - 측면충돌,안전운전불이행,건조,맑음,단일로 - 기타,승용,남,59세,상해없음,승용,여,43세,경상
2016053000100595,2016년 5월 30일 20시,월요일,경상남도 거제시 옥포동,경상사고,0,0,1,0,차대차 - 측면충돌,안전운전불이행,건조,맑음,기타 - 기타,승용,남,54세,상해없음,자전거,남,56세,경상
2016053000100620,2016년 5월 30일 21시,월요일,경상남도 창원시 성산구 상남동,경상사고,0,0,1,0,차대차 - 기타,안전거리미확보,건조,맑음,단일로 - 기타,승용,남,64세,상해없음,이륜,남,25세,경상
2016053000100643,2016년 5월 30일 22시,월요일,경상남도 진주시 상대동,중상사고,0,1,1,0,차대사람 - 횡단중,신호위반,건조,맑음,단일로 - 횡단보도상,원동기,남,18세,경상,보행자,여,19세,중상
2016053000100644,2016년 5월 30일 22시,월요일,경상남도 창원시 마산회원구 회원동,중상사고,0,1,0,0,차대사람 - 횡단중,보행자보호의무위반,건조,맑음,교차로 - 교차로안,승용,남,53세,상해없음,보행자,여,66세,중상
2016053100100011,2016년 5월 31일 00시,화요일,경상남도 창원시 마산합포구 중앙동2가,경상사고,0,0,3,0,차대차 - 추돌,안전운전불이행,건조,맑음,교차로 - 교차로부근,승용,남,36세,상해없음,승용,남,27세,경상
2016053100100052,2016년 5월 31일 05시,화요일,경상남도 밀양시 삼문동,경상사고,0,0,1,0,차대사람 - 길가장자리구역통행중,안전운전불이행,건조,맑음,단일로 - 기타,화물,남,42세,상해없음,보행자,여,69세,경상
2016053100100058,2016년 5월 31일 06시,화요일,경상남도 거창군 남하면,중상사고,0,1,0,0,차대차 - 측면직각충돌,안전운전불이행,건조,맑음,교차로 - 교차로안,화물,남,46세,상해없음,화물,여,55세,상해없음
2016053100100078,2016년 5월 31일 07시,화요일,경상남도 김해시 삼계동,경상사고,0,0,1,0,차대차 - 추돌,안전운전불이행,건조,맑음,교차로 - 교차로부근,승용,남,63세,상해없음,승용,남,36세,경상
2016053100100079,2016년 5월 31일 07시,화요일,경상남도 김해시 진영읍,경상사고,0,0,2,0,차대차 - 측면충돌,신호위반,건조,맑음,교차로 - 교차로안,승합,남,43세,상해없음,승합,여,38세,경상
2016053100100120,2016년 5월 31일 08시,화요일,경상남도 김해시 진영읍,중상사고,0,1,0,0,차대사람 - 횡단중,신호위반,건조,흐림,교차로 - 교차로부근,승용,여,40세,상해없음,보행자,여,28세,중상
2016053100100149,2016년 5월 31일 09시,화요일,경상남도 산청군 단성면,중상사고,0,1,0,0,차대사람 - 기타,안전운전불이행,건조,맑음,단일로 - 기타,화물,남,53세,상해없음,보행자,여,80세,중상
2016053100100187,2016년 5월 31일 10시,화요일,경상남도 통영시 북신동,경상사고,0,0,2,0,차대차 - 측면직각충돌,신호위반,건조,맑음,교차로 - 교차로안,승용,여,67세,상해없음,승용,여,58세,경상
2016053100100188,2016년 5월 31일 10시,화요일,경상남도 양산시 동면,중상사고,0,1,2,0,차대차 - 추돌,안전운전불이행,건조,맑음,단일로 - 기타,승용,남,58세,중상,승용,여,53세,경상
2016053100100189,2016년 5월 31일 10시,화요일,경상남도 하동군 횡천면,경상사고,0,0,1,0,차대차 - 측면충돌,안전운전불이행,건조,맑음,교차로 - 교차로안,이륜,남,81세,경상,화물,남,33세,상해없음
2016053100100190,2016년 5월 31일 10시,화요일,경상남도 거제시 아주동,경상사고,0,0,1,0,차대차 - 측면충돌,안전운전불이행,건조,맑음,단일로 - 기타,승용,남,28세,상해없음,승용,남,25세,경상
2016053100100191,2016년 5월 31일 10시,화요일,경상남도 산청군 산청읍,부상신고사고,0,0,0,1,차대사람 - 기타,안전운전불이행,건조,맑음,단일로 - 기타,승용,여,64세,상해없음,보행자,여,88세,부상신고
2016053100100192,2016년 5월 31일 10시,화요일,경상남도 김해시 진영읍,경상사고,0,0,1,0,차대차 - 측면직각충돌,안전운전불이행,건조,맑음,교차로 - 교차로부근,승용,여,64세,상해없음,승용,여,46세,경상
2016053100100218,2016년 5월 31일 11시,화요일,경상남도 김해시 부원동,경상사고,0,0,1,1,차대차 - 측면직각충돌,안전운전불이행,건조,맑음,교차로 - 교차로안,승용,남,80세,부상신고,승용,남,58세,경상
2016053100100219,2016년 5월 31일 11시,화요일,경상남도 하동군 화개면,경상사고,0,0,1,0,차대차 - 측면충돌,중앙선침범,건조,맑음,단일로 - 기타,이륜,여,39세,경상,승용,남,39세,상해없음
2016053100100220,2016년 5월 31일 11시,화요일,경상남도 산청군 신안면,중상사고,0,1,1,0,차대차 - 추돌,안전운전불이행,건조,맑음,단일로 - 기타,화물,남,67세,중상,건설기계,남,48세,경상
2016053100100221,2016년 5월 31일 11시,화요일,경상남도 창원시 의창구 북면,경상사고,0,0,1,0,차대차 - 측면충돌,안전운전불이행,건조,맑음,교차로 - 교차로부근,이륜,남,39세,경상,승용,여,58세,상해없음
2016053100100222,2016년 5월 31일 11시,화요일,경상남도 창원시 마산회원구 구암동,경상사고,0,0,2,0,차대차 - 추돌,안전운전불이행,건조,맑음,단일로 - 기타,승용,여,28세,상해없음,승용,남,71세,경상
2016053100100254,2016년 5월 31일 12시,화요일,경상남도 통영시 동호동,경상사고,0,0,3,0,차대차 - 측면충돌,안전운전불이행,건조,맑음,교차로 - 교차로안,승용,남,58세,상해없음,승용,여,28세,경상
2016053100100255,2016년 5월 31일 12시,화요일,경상남도 김해시 주촌면,경상사고,0,0,1,0,차대차 - 추돌,안전운전불이행,건조,맑음,교차로 - 교차로부근,승용,남,20세,상해없음,승용,남,22세,경상
2016053100100276,2016년 5월 31일 13시,화요일,경상남도 밀양시 상남면,중상사고,0,2,0,0,차대차 - 정면충돌,안전운전불이행,건조,맑음,교차로 - 교차로안,화물,남,43세,중상,화물,남,45세,중상
2016053100100306,2016년 5월 31일 14시,화요일,경상남도 거제시 고현동,경상사고,0,0,1,0,차대차 - 정면충돌,신호위반,건조,맑음,교차로 - 교차로안,특수,남,45세,기타불명,승용,남,29세,경상
2016053100100307,2016년 5월 31일 14시,화요일,경상남도 창원시 의창구 팔용동,경상사고,0,0,3,0,차대차 - 추돌,안전운전불이행,건조,맑음,교차로 - 교차로부근,화물,남,61세,상해없음,화물,남,50세,상해없음
2016053100100337,2016년 5월 31일 15시,화요일,경상남도 김해시 삼정동,경상사고,0,0,1,0,차대차 - 측면충돌,안전운전불이행,건조,맑음,교차로 - 교차로안,승합,남,52세,상해없음,승용,여,38세,경상
2016053100100383,2016년 5월 31일 16시,화요일,경상남도 거창군 가북면,사망사고,1,1,0,0,차량단독 - 전도전복,안전운전불이행,건조,맑음,단일로 - 기타,농기계,남,76세,중상,,,,
2016053100100427,2016년 5월 31일 17시,화요일,경상남도 창원시 마산합포구 진전면,중상사고,0,1,0,0,차량단독 - 기타,안전운전불이행,건조,맑음,단일로 - 기타,승합,남,57세,상해없음,,,,
2016053100100428,2016년 5월 31일 17시,화요일,경상남도 거제시 연초면,경상사고,0,0,1,1,차대차 - 정면충돌,차로위반,건조,맑음,단일로 - 기타,승용,여,26세,상해없음,승합,남,55세,상해없음
2016053100100469,2016년 5월 31일 18시,화요일,경상남도 진주시 판문동,경상사고,0,0,1,0,차대차 - 측면직각충돌,직진우회전진행방해,건조,맑음,교차로 - 교차로안,승용,여,55세,상해없음,자전거,남,8세,경상
2016053100100470,2016년 5월 31일 18시,화요일,경상남도 김해시 동상동,중상사고,0,1,0,0,차대사람 - 횡단중,안전운전불이행,건조,맑음,단일로 - 기타,승용,여,32세,상해없음,보행자,남,25세,중상
2016053100100502,2016년 5월 31일 19시,화요일,경상남도 창원시 진해구 덕산동,경상사고,0,0,1,0,차대차 - 측면충돌,교차로운행방법위반,건조,맑음,교차로 - 교차로안,승용,남,44세,상해없음,원동기,남,25세,경상
2016053100100503,2016년 5월 31일 19시,화요일,경상남도 남해군 상주면,중상사고,0,1,0,0,차대사람 - 횡단중,안전운전불이행,건조,맑음,교차로 - 교차로안,승용,여,32세,상해없음,보행자,여,69세,중상
2016053100100504,2016년 5월 31일 19시,화요일,경상남도 창원시 마산회원구 석전동,경상사고,0,0,1,0,차대차 - 측면충돌,안전운전불이행,건조,맑음,단일로 - 기타,승용,남,58세,상해없음,자전거,남,55세,경상
2016053100100525,2016년 5월 31일 20시,화요일,경상남도 진주시 하대동,중상사고,0,1,1,0,차대차 - 측면충돌,교차로운행방법위반,건조,맑음,교차로 - 교차로안,이륜,남,61세,중상,이륜,남,18세,경상
2016053100100526,2016년 5월 31일 20시,화요일,경상남도 창원시 진해구 경화동,경상사고,0,0,1,0,차대차 - 추돌,안전운전불이행,건조,맑음,기타 - 기타,자전거,남,50세,경상,승용,여,48세,상해없음
2016053100100527,2016년 5월 31일 20시,화요일,경상남도 김해시 구산동,중상사고,0,1,0,0,차대차 - 측면직각충돌,안전운전불이행,건조,맑음,교차로 - 교차로부근,자전거,여,62세,중상,승용,남,34세,상해없음
2016053100100528,2016년 5월 31일 20시,화요일,경상남도 김해시 삼정동,경상사고,0,0,4,0,차대차 - 추돌,안전거리미확보,건조,맑음,단일로 - 기타,승용,남,49세,경상,화물,남,49세,상해없음
2016053100100560,2016년 5월 31일 21시,화요일,경상남도 김해시 어방동,경상사고,0,0,1,0,차대차 - 측면직각충돌,안전운전불이행,건조,맑음,단일로 - 기타,이륜,남,16세,경상,승용,남,58세,기타불명
2016053100100561,2016년 5월 31일 21시,화요일,경상남도 김해시 장유면,중상사고,0,1,0,0,차대차 - 측면직각충돌,교차로운행방법위반,건조,맑음,교차로 - 교차로안,승용,남,48세,상해없음,이륜,남,43세,중상
2016053100100601,2016년 5월 31일 23시,화요일,경상남도 진주시 신안동,경상사고,0,0,3,0,차대차 - 측면충돌,교차로운행방법위반,건조,맑음,교차로 - 교차로안,승용,여,36세,상해없음,승용,남,43세,경상
2016053100100602,2016년 5월 31일 23시,화요일,경상남도 거창군 거창읍,경상사고,0,0,1,0,차대차 - 측면직각충돌,안전운전불이행,건조,맑음,교차로 - 교차로안,원동기,남,77세,경상,승용,남,34세,상해없음
2016053100100603,2016년 5월 31일 23시,화요일,경상남도 양산시 소주동,중상사고,0,1,0,0,차대사람 - 횡단중,안전운전불이행,건조,흐림,기타 - 기타,승용,남,45세,상해없음,보행자,남,60세,중상
2016053100100604,2016년 5월 31일 23시,화요일,경상남도 창원시 마산회원구 내서읍,경상사고,0,0,1,0,차량단독 - 전도전복,안전운전불이행,건조,맑음,단일로 - 기타,원동기,남,50세,경상,,,,
2016060100100034,2016년 6월 1일 01시,수요일,경상남도 창원시 성산구 상남동,경상사고,0,0,4,0,차대차 - 정면충돌,중앙선침범,건조,맑음,교차로 - 교차로부근,승용,남,35세,상해없음,승용,여,48세,경상
2016060100100042,2016년 6월 1일 02시,수요일,경상남도 창원시 마산회원구 내서읍,중상사고,0,1,0,0,차대차 - 정면충돌,안전운전불이행,건조,맑음,교차로 - 교차로안,화물,남,49세,상해없음,화물,남,52세,중상
2016060100100072,2016년 6월 1일 06시,수요일,경상남도 거제시 양정동,중상사고,0,2,0,0,차대차 - 측면충돌,교차로운행방법위반,건조,맑음,교차로 - 교차로안,승용,남,51세,상해없음,이륜,남,69세,중상
2016060100100073,2016년 6월 1일 06시,수요일,경상남도 산청군 신등면,경상사고,0,0,1,0,차대차 - 측면충돌,안전운전불이행,건조,맑음,교차로 - 교차로안,이륜,남,74세,경상,화물,남,50세,상해없음
2016060100100097,2016년 6월 1일 07시,수요일,경상남도 남해군 서면,중상사고,0,1,0,0,차량단독 - 전도전복,안전운전불이행,건조,맑음,단일로 - 기타,원동기,남,41세,중상,,,,
2016060100100098,2016년 6월 1일 07시,수요일,경상남도 창원시 성산구 남양동,중상사고,0,1,0,0,차대차 - 정면충돌,신호위반,건조,맑음,단일로 - 기타,자전거,남,49세,상해없음,이륜,남,26세,중상
2016060100100133,2016년 6월 1일 08시,수요일,경상남도 김해시 내동,중상사고,0,1,0,0,차대사람 - 횡단중,신호위반,건조,맑음,교차로 - 교차로안,승용,여,47세,상해없음,보행자,남,9세,중상
2016060100100134,2016년 6월 1일 08시,수요일,경상남도 합천군 야로면,중상사고,0,1,0,0,차대차 - 측면충돌,중앙선침범,건조,맑음,단일로 - 기타,화물,남,53세,상해없음,승용,여,49세,중상
2016060100100135,2016년 6월 1일 08시,수요일,경상남도 함안군 칠서면,경상사고,0,0,1,0,차대차 - 측면직각충돌,중앙선침범,건조,맑음,교차로 - 교차로부근,화물,남,68세,상해없음,승용,남,33세,경상
2016060100100136,2016년 6월 1일 08시,수요일,경상남도 창원시 의창구 도계동,경상사고,0,0,1,0,차대차 - 기타,안전운전불이행,건조,맑음,단일로 - 기타,건설기계,남,29세,상해없음,승용,여,43세,경상
2016060100100171,2016년 6월 1일 09시,수요일,경상남도 창원시 진해구 석동,경상사고,0,0,1,0,차대차 - 추돌,안전운전불이행,건조,맑음,기타 - 기타,승용,남,56세,상해없음,승용,여,22세,경상
2016060100100172,2016년 6월 1일 09시,수요일,경상남도 고성군 거류면,사망사고,1,0,0,0,차대차 - 측면직각충돌,과속,건조,맑음,교차로 - 교차로안,승합,남,30세,기타불명,자전거,남,78세,사망
2016060100100173,2016년 6월 1일 09시,수요일,경상남도 거제시 남부면,중상사고,0,1,0,0,차대사람 - 기타,안전운전불이행,건조,맑음,기타 - 기타,승용,남,43세,상해없음,보행자,여,2세,중상
2016060100100205,2016년 6월 1일 10시,수요일,경상남도 창원시 성산구 가음동,경상사고,0,0,7,1,차대차 - 측면직각충돌,중앙선침범,건조,맑음,교차로 - 교차로안,승용,여,51세,상해없음,승합,남,50세,경상
2016060100100229,2016년 6월 1일 11시,수요일,경상남도 창원시 마산회원구 합성동,중상사고,0,1,0,0,차대사람 - 횡단중,안전운전불이행,건조,맑음,교차로 - 교차로부근,승용,여,39세,상해없음,보행자,여,74세,중상
2016060100100255,2016년 6월 1일 12시,수요일,경상남도 하동군 하동읍,경상사고,0,0,1,0,차대차 - 측면충돌,안전운전불이행,건조,맑음,단일로 - 기타,화물,남,24세,상해없음,이륜,남,76세,경상
2016060100100292,2016년 6월 1일 13시,수요일,경상남도 통영시 정량동,경상사고,0,0,3,0,차대차 - 추돌,안전운전불이행,건조,맑음,교차로 - 교차로부근,승용,남,59세,상해없음,승용,남,33세,경상
2016060100100293,2016년 6월 1일 13시,수요일,경상남도 합천군 덕곡면,중상사고,0,1,1,0,차량단독 - 전도전복,안전운전불이행,건조,맑음,단일로 - 기타,이륜,남,85세,경상,,,,
2016060100100294,2016년 6월 1일 13시,수요일,경상남도 거제시 상동동,중상사고,0,1,0,0,차대차 - 측면충돌,안전운전불이행,건조,맑음,단일로 - 기타,화물,남,57세,상해없음,승용,여,43세,중상
2016060100100326,2016년 6월 1일 14시,수요일,경상남도 진주시 칠암동,중상사고,0,1,0,0,차량단독 - 기타,안전운전불이행,건조,맑음,교차로 - 교차로안,승합,남,45세,상해없음,,,,
2016060100100327,2016년 6월 1일 14시,수요일,경상남도 함양군 함양읍,경상사고,0,0,1,1,차대차 - 추돌,교차로운행방법위반,건조,맑음,교차로 - 교차로안,화물,남,57세,부상신고,화물,남,23세,경상
2016060100100328,2016년 6월 1일 14시,수요일,경상남도 양산시 소주동,중상사고,0,1,0,0,차대사람 - 횡단중,보행자보호의무위반,건조,맑음,단일로 - 횡단보도상,승용,남,69세,상해없음,보행자,남,9세,중상
2016060100100330,2016년 6월 1일 14시,수요일,경상남도 고성군 고성읍,경상사고,0,0,1,0,차대사람 - 길가장자리구역통행중,안전운전불이행,건조,맑음,단일로 - 기타,승용,남,67세,상해없음,보행자,남,60세,경상
2016060100100371,2016년 6월 1일 15시,수요일,경상남도 통영시 북신동,중상사고,0,1,0,0,차대사람 - 횡단중,안전운전불이행,건조,맑음,단일로 - 횡단보도부근,건설기계,남,41세,상해없음,보행자,여,76세,중상
2016060100100372,2016년 6월 1일 15시,수요일,경상남도 함양군 함양읍,중상사고,0,1,0,0,차대차 - 측면직각충돌,교차로운행방법위반,건조,맑음,교차로 - 교차로안,승용,남,47세,상해없음,원동기,남,16세,중상
2016060100100404,2016년 6월 1일 16시,수요일,경상남도 김해시 어방동,경상사고,0,0,1,0,차대사람 - 길가장자리구역통행중,안전운전불이행,건조,맑음,단일로 - 기타,승용,여,43세,상해없음,보행자,남,8세,경상
2016060100100456,2016년 6월 1일 17시,수요일,경상남도 창원시 마산합포구 신포동1가,경상사고,0,0,1,0,차대차 - 기타,교차로운행방법위반,건조,맑음,교차로 - 교차로안,승용,남,46세,상해없음,자전거,남,7세,경상
2016060100100457,2016년 6월 1일 17시,수요일,경상남도 통영시 미수동,중상사고,0,1,0,0,차대사람 - 횡단중,안전운전불이행,건조,맑음,단일로 - 기타,화물,남,33세,상해없음,보행자,여,70세,중상
2016060100100458,2016년 6월 1일 17시,수요일,경상남도 김해시 서상동,경상사고,0,0,1,0,차대사람 - 횡단중,안전운전불이행,건조,맑음,단일로 - 기타,승용,남,61세,상해없음,보행자,여,69세,경상
2016060100100502,2016년 6월 1일 18시,수요일,경상남도 함안군 칠서면,경상사고,0,0,2,0,차대차 - 추돌,안전운전불이행,건조,맑음,단일로 - 기타,화물,남,57세,상해없음,승용,여,51세,경상
2016060100100532,2016년 6월 1일 19시,수요일,경상남도 창원시 마산합포구 진동면,중상사고,0,1,0,0,차대차 - 측면충돌,안전거리미확보,건조,맑음,단일로 - 기타,승용,남,66세,기타불명,건설기계,남,60세,중상
2016060100100561,2016년 6월 1일 20시,수요일,경상남도 창원시 마산합포구 동성동,중상사고,0,1,2,0,차대차 - 추돌,안전거리미확보,건조,맑음,교차로 - 교차로부근,승합,남,39세,상해없음,승용,남,25세,경상
2016060100100594,2016년 6월 1일 21시,수요일,경상남도 밀양시 삼랑진읍,중상사고,0,1,0,0,차대사람 - 기타,안전운전불이행,건조,맑음,단일로 - 기타,승용,남,46세,상해없음,보행자,여,82세,중상
2016060100100652,2016년 6월 1일 23시,수요일,경상남도 진주시 문산읍,중상사고,0,1,0,0,차대사람 - 횡단중,안전운전불이행,건조,맑음,단일로 - 기타,승합,남,36세,상해없음,보행자,남,50세,중상