사고번호,사고일시,요일,시군구,사고내용,사망자수,중상자수,경상자수,부상신고자수,사고유형,법규위반,노면상태,기상상태,도로형태,가해운전자 차종,가해운전자 성별,가해운전자 연령,가해운전자 상해정도,피해운전자 차종,피해운전자 성별,피해운전자 연령,피해운전자 상해정도
2016060400100651,2016년 6월 4일 22시,토요일,경상남도 통영시 광도면,중상사고,0,1,2,0,차대차 - 측면충돌,신호위반,건조,맑음,단일로 - 기타,승용,남,57세,상해없음,승용,남,40세,상해없음
2016060400100652,2016년 6월 4일 22시,토요일,경상남도 통영시 도천동,경상사고,0,0,1,0,차대차 - 추돌,안전운전불이행,건조,맑음,단일로 - 기타,화물,남,68세,상해없음,승용,남,54세,경상
2016060400100667,2016년 6월 4일 23시,토요일,경상남도 양산시 삼호동,중상사고,0,1,1,0,차대차 - 추돌,안전운전불이행,건조,맑음,교차로 - 교차로부근,승용,남,42세,상해없음,승용,남,57세,중상
2016060400100668,2016년 6월 4일 23시,토요일,경상남도 거제시 고현동,중상사고,0,1,0,0,차대차 - 기타,안전운전불이행,습기,비,단일로 - 기타,화물,남,41세,상해없음,승용,여,45세,중상
2016060500100009,2016년 6월 5일 00시,일요일,경상남도 창원시 의창구 사림동,중상사고,0,1,0,0,차대차 - 측면직각충돌,안전운전불이행,건조,맑음,교차로 - 교차로안,승용,남,42세,상해없음,승용,남,38세,중상
2016060500100019,2016년 6월 5일 01시,일요일,경상남도 양산시 원동면,부상신고사고,0,0,0,1,차량단독 - 전도전복,기타,건조,맑음,단일로 - 기타,승용,남,50세,부상신고,,,,
2016060500100020,2016년 6월 5일 01시,일요일,경상남도 김해시 진영읍,중상사고,0,2,0,0,차대차 - 정면충돌,중앙선침범,건조,맑음,교차로 - 교차로부근,승용,여,58세,상해없음,승용,여,54세,중상
2016060500100045,2016년 6월 5일 03시,일요일,경상남도 김해시 부원동,경상사고,0,0,1,0,차대차 - 기타,신호위반,건조,맑음,교차로 - 교차로안,승용,남,37세,상해없음,승용,남,60세,경상
2016060500100061,2016년 6월 5일 04시,일요일,경상남도 거제시 장승포동,경상사고,0,0,1,0,차대차 - 기타,안전운전불이행,습기,흐림,단일로 - 기타,승용,여,56세,상해없음,승용,남,54세,상해없음
2016060500100121,2016년 6월 5일 09시,일요일,경상남도 김해시 서상동,중상사고,0,1,0,0,차대사람 - 기타,안전운전불이행,건조,맑음,단일로 - 기타,승합,남,50세,상해없음,보행자,여,73세,중상
2016060500100144,2016년 6월 5일 10시,일요일,경상남도 양산시 물금읍,중상사고,0,1,1,0,차대차 - 측면직각충돌,신호위반,건조,맑음,교차로 - 교차로안,승합,남,48세,상해없음,승용,남,52세,경상
2016060500100172,2016년 6월 5일 11시,일요일,경상남도 창원시 마산합포구 월영동,경상사고,0,0,1,0,차대차 - 추돌,안전운전불이행,건조,맑음,교차로 - 교차로부근,승용,남,49세,상해없음,승용,남,29세,경상
2016060500100173,2016년 6월 5일 11시,일요일,경상남도 진주시 옥봉동,경상사고,0,0,1,0,차대차 - 추돌,안전거리미확보,건조,맑음,교차로 - 교차로부근,승용,남,19세,상해없음,승용,남,26세,경상
2016060500100174,2016년 6월 5일 11시,일요일,경상남도 거창군 거창읍,중상사고,0,3,0,1,차대차 - 측면직각충돌,교차로운행방법위반,건조,맑음,교차로 - 교차로안,승용,남,50세,부상신고,승용,여,54세,중상
2016060500100236,2016년 6월 5일 13시,일요일,경상남도 창원시 마산합포구 진동면,경상사고,0,0,2,0,차대차 - 추돌,안전운전불이행,건조,맑음,단일로 - 기타,승용,남,52세,기타불명,승용,남,56세,상해없음
2016060500100237,2016년 6월 5일 13시,일요일,경상남도 함안군 칠서면,중상사고,0,1,0,0,차대차 - 측면직각충돌,안전운전불이행,건조,맑음,교차로 - 교차로안,승용,여,43세,상해없음,이륜,남,68세,중상
2016060500100274,2016년 6월 5일 14시,일요일,경상남도 창원시 마산합포구 오동동,중상사고,0,1,0,0,차대사람 - 횡단중,안전운전불이행,건조,맑음,교차로 - 교차로부근,승용,남,54세,상해없음,보행자,여,4세,중상
2016060500100275,2016년 6월 5일 14시,일요일,경상남도 창녕군 남지읍,중상사고,0,1,0,0,차대차 - 추돌,안전운전불이행,건조,맑음,단일로 - 기타,승용,남,38세,상해없음,자전거,여,68세,중상
2016060500100314,2016년 6월 5일 15시,일요일,경상남도 김해시 진례면,경상사고,0,0,1,0,차대사람 - 기타,안전운전불이행,건조,맑음,단일로 - 기타,승용,여,34세,상해없음,보행자,남,19세,경상
2016060500100343,2016년 6월 5일 16시,일요일,경상남도 밀양시 상남면,경상사고,0,0,1,0,차대차 - 측면직각충돌,교차로운행방법위반,건조,맑음,교차로 - 교차로안,화물,남,68세,상해없음,승용,여,55세,경상
2016060500100344,2016년 6월 5일 16시,일요일,경상남도 김해시 외동,중상사고,0,1,0,0,차대차 - 측면직각충돌,교차로운행방법위반,건조,맑음,교차로 - 교차로안,승용,남,26세,상해없음,이륜,남,19세,중상
2016060500100345,2016년 6월 5일 16시,일요일,경상남도 남해군 남면,중상사고,0,1,9,0,차대차 - 추돌,안전운전불이행,건조,맑음,교차로 - 교차로부근,승용,남,52세,상해없음,화물,남,52세,경상
2016060500100346,2016년 6월 5일 16시,일요일,경상남도 남해군 삼동면,경상사고,0,0,4,0,차대차 - 추돌,안전운전불이행,건조,맑음,단일로 - 교량,승용,남,64세,상해없음,승용,남,43세,경상
2016060500100347,2016년 6월 5일 16시,일요일,경상남도 진주시 진성면,경상사고,0,0,2,0,차대차 - 기타,과속,건조,맑음,단일로 - 기타,승용,남,51세,상해없음,승용,남,49세,경상
2016060500100389,2016년 6월 5일 17시,일요일,경상남도 통영시 정량동,경상사고,0,0,1,0,차대사람 - 길가장자리구역통행중,안전운전불이행,건조,맑음,단일로 - 기타,승용,여,47세,상해없음,보행자,여,11세,경상
2016060500100390,2016년 6월 5일 17시,일요일,경상남도 밀양시 부북면,경상사고,0,0,1,0,차대차 - 측면직각충돌,중앙선침범,건조,맑음,단일로 - 기타,승용,여,47세,상해없음,이륜,여,55세,경상
2016060500100391,2016년 6월 5일 17시,일요일,경상남도 창원시 성산구 반지동,경상사고,0,0,1,0,차대차 - 측면충돌,직진우회전진행방해,건조,맑음,교차로 - 교차로안,승용,남,50세,상해없음,이륜,남,18세,경상
2016060500100436,2016년 6월 5일 18시,일요일,경상남도 창원시 마산합포구 자산동,중상사고,0,1,0,0,차대차 - 추돌,안전운전불이행,건조,맑음,교차로 - 교차로안,승용,남,51세,상해없음,원동기,남,54세,중상
2016060500100437,2016년 6월 5일 18시,일요일,경상남도 진주시 가좌동,경상사고,0,0,3,0,차대차 - 측면충돌,차로위반,건조,맑음,교차로 - 교차로부근,승용,남,20세,상해없음,승용,남,41세,경상
2016060500100438,2016년 6월 5일 18시,일요일,경상남도 김해시 어방동,중상사고,0,1,3,0,차대차 - 기타,안전운전불이행,건조,맑음,단일로 - 기타,승용,남,55세,상해없음,승용,남,38세,중상
2016060500100439,2016년 6월 5일 18시,일요일,경상남도 김해시 삼계동,경상사고,0,0,1,0,차대차 - 정면충돌,중앙선침범,건조,맑음,단일로 - 기타,승용,남,55세,상해없음,원동기,남,22세,경상
2016060500100440,2016년 6월 5일 18시,일요일,경상남도 김해시 서상동,경상사고,0,0,1,0,차대사람 - 길가장자리구역통행중,안전운전불이행,건조,맑음,교차로 - 교차로안,승용,남,47세,상해없음,보행자,남,51세,경상
2016060500100441,2016년 6월 5일 18시,일요일,경상남도 창원시 성산구 반림동,중상사고,0,1,0,0,차대차 - 측면직각충돌,신호위반,건조,맑음,교차로 - 교차로부근,이륜,남,33세,상해없음,이륜,남,64세,중상
2016060500100442,2016년 6월 5일 18시,일요일,경상남도 사천시 곤양면,경상사고,0,0,3,0,차대차 - 측면직각충돌,안전운전불이행,건조,맑음,단일로 - 기타,승합,남,50세,상해없음,승용,남,31세,경상
2016060500100475,2016년 6월 5일 19시,일요일,경상남도 창원시 마산합포구 월영동,경상사고,0,0,1,0,차대차 - 추돌,안전거리미확보,건조,맑음,단일로 - 기타,승용,남,42세,상해없음,승용,남,30세,경상
2016060500100476,2016년 6월 5일 19시,일요일,경상남도 고성군 고성읍,경상사고,0,0,1,0,차대차 - 측면직각충돌,교차로운행방법위반,건조,맑음,교차로 - 교차로안,승용,남,30세,상해없음,승용,남,69세,경상
2016060500100532,2016년 6월 5일 21시,일요일,경상남도 창원시 마산합포구 월남동3가,중상사고,0,1,0,0,차대차 - 측면충돌,안전운전불이행,건조,맑음,교차로 - 교차로안,화물,남,34세,상해없음,원동기,남,23세,중상
2016060500100533,2016년 6월 5일 21시,일요일,경상남도 양산시 명동,경상사고,0,0,5,1,차대차 - 측면직각충돌,차로위반,건조,맑음,단일로 - 기타,승용,남,24세,상해없음,승용,남,58세,부상신고
2016060500100534,2016년 6월 5일 21시,일요일,경상남도 창원시 의창구 명서동,중상사고,0,1,2,0,차대차 - 정면충돌,신호위반,건조,맑음,교차로 - 교차로안,화물,남,50세,기타불명,승용,여,49세,중상
2016060500100553,2016년 6월 5일 22시,일요일,경상남도 창원시 마산합포구 추산동,중상사고,0,1,0,0,차량단독 - 전도전복,안전운전불이행,건조,맑음,교차로 - 교차로부근,원동기,남,65세,중상,,,,
2016060500100554,2016년 6월 5일 22시,일요일,경상남도 김해시 동상동,중상사고,0,1,0,0,차대차 - 기타,중앙선침범,건조,맑음,단일로 - 기타,승용,남,42세,상해없음,원동기,남,22세,중상
2016060500100555,2016년 6월 5일 22시,일요일,경상남도 창원시 의창구 봉곡동,중상사고,0,1,0,0,차대사람 - 횡단중,안전운전불이행,건조,맑음,교차로 - 교차로부근,승용,여,47세,상해없음,보행자,남,32세,중상
2016060600100033,2016년 6월 6일 01시,월요일,경상남도 거창군 거창읍,경상사고,0,0,1,0,차량단독 - 공작물충돌,안전운전불이행,건조,맑음,단일로 - 기타,승용,남,34세,경상,,,,
2016060600100041,2016년 6월 6일 02시,월요일,경상남도 양산시 물금읍,경상사고,0,0,1,0,차대사람 - 기타,안전운전불이행,건조,맑음,단일로 - 기타,화물,남,73세,상해없음,보행자,남,45세,경상
2016060600100091,2016년 6월 6일 07시,월요일,경상남도 양산시 소주동,경상사고,0,0,1,0,차대차 - 정면충돌,교차로운행방법위반,습기,비,교차로 - 교차로안,승용,여,40세,상해없음,승용,남,50세,경상
2016060600100092,2016년 6월 6일 07시,월요일,경상남도 산청군 신안면,중상사고,0,3,0,0,차대차 - 정면충돌,중앙선침범,건조,흐림,단일로 - 기타,승용,여,60세,중상,화물,여,49세,중상
2016060600100106,2016년 6월 6일 08시,월요일,경상남도 양산시 동면,부상신고사고,0,0,0,1,차량단독 - 전도전복,안전운전불이행,건조,맑음,단일로 - 기타,승용,여,25세,부상신고,,,,
2016060600100137,2016년 6월 6일 10시,월요일,경상남도 거제시 고현동,경상사고,0,0,1,0,차대차 - 측면충돌,교차로운행방법위반,습기,비,교차로 - 교차로안,화물,남,49세,상해없음,승용,남,47세,상해없음
2016060600100138,2016년 6월 6일 10시,월요일,경상남도 창원시 마산회원구 내서읍,중상사고,0,1,0,0,차대사람 - 횡단중,신호위반,습기,비,단일로 - 횡단보도상,승용,남,60세,상해없음,보행자,여,55세,중상
2016060600100214,2016년 6월 6일 13시,월요일,경상남도 창원시 진해구 경화동,경상사고,0,0,1,0,차대사람 - 차도통행중,안전운전불이행,건조,맑음,기타 - 기타,승합,남,34세,상해없음,보행자,남,81세,경상
2016060600100215,2016년 6월 6일 13시,월요일,경상남도 양산시 물금읍,부상신고사고,0,0,0,2,차대차 - 측면충돌,기타,건조,맑음,교차로 - 교차로부근,승용,남,24세,부상신고,승용,여,43세,부상신고
2016060600100251,2016년 6월 6일 14시,월요일,경상남도 진주시 수곡면,중상사고,0,2,1,0,차대차 - 측면충돌,직진우회전진행방해,건조,맑음,교차로 - 교차로안,승용,여,54세,상해없음,승용,여,62세,중상
2016060600100252,2016년 6월 6일 14시,월요일,경상남도 통영시 북신동,경상사고,0,0,1,0,차대차 - 측면직각충돌,안전운전불이행,건조,맑음,단일로 - 기타,승용,남,64세,상해없음,이륜,남,35세,경상
2016060600100253,2016년 6월 6일 14시,월요일,경상남도 합천군 합천읍,중상사고,0,1,1,0,차량단독 - 공작물충돌,안전운전불이행,건조,맑음,교차로 - 교차로안,승용,여,51세,경상,,,,
2016060600100289,2016년 6월 6일 15시,월요일,경상남도 창원시 마산합포구 상남동,경상사고,0,0,1,0,차대차 - 정면충돌,안전운전불이행,건조,흐림,교차로 - 교차로부근,승용,여,55세,상해없음,승용,남,34세,경상
2016060600100290,2016년 6월 6일 15시,월요일,경상남도 통영시 욕지면,중상사고,0,1,1,0,차대차 - 측면직각충돌,중앙선침범,건조,맑음,단일로 - 기타,화물,남,42세,상해없음,이륜,남,31세,중상
2016060600100291,2016년 6월 6일 15시,월요일,경상남도 김해시 구산동,경상사고,0,0,1,0,차량단독 - 전도전복,안전운전불이행,습기,흐림,단일로 - 기타,승용,남,56세,경상,,,,
2016060600100292,2016년 6월 6일 15시,월요일,경상남도 고성군 거류면,경상사고,0,0,1,0,차대사람 - 기타,중앙선침범,습기,흐림,교차로 - 교차로부근,화물,남,55세,상해없음,보행자,여,66세,경상
2016060600100316,2016년 6월 6일 16시,월요일,경상남도 거제시 상동동,경상사고,0,0,2,0,차대차 - 추돌,교차로운행방법위반,건조,맑음,교차로 - 교차로부근,승용,여,44세,상해없음,승용,여,38세,경상
2016060600100347,2016년 6월 6일 17시,월요일,경상남도 거제시 하청면,경상사고,0,0,1,0,차대사람 - 횡단중,보행자보호의무위반,건조,맑음,단일로 - 기타,승용,여,62세,상해없음,보행자,남,7세,경상
2016060600100377,2016년 6월 6일 18시,월요일,경상남도 창원시 성산구 남산동,중상사고,0,1,0,0,차대사람 - 횡단중,안전운전불이행,건조,맑음,단일로 - 기타,승용,여,49세,상해없음,보행자,남,59세,중상
2016060600100391,2016년 6월 6일 19시,월요일,경상남도 사천시 벌리동,중상사고,0,1,0,0,차대차 - 정면충돌,기타,습기,비,단일로 - 기타,승용,남,63세,상해없음,원동기,남,34세,중상
2016060600100392,2016년 6월 6일 19시,월요일,경상남도 양산시 물금읍,중상사고,0,1,0,0,차대사람 - 횡단중,안전운전불이행,습기,비,교차로 - 교차로부근,승용,남,47세,상해없음,보행자,여,39세,중상
2016060600100418,2016년 6월 6일 20시,월요일,경상남도 양산시 신기동,경상사고,0,0,1,0,차대사람 - 기타,안전운전불이행,건조,맑음,교차로 - 교차로부근,승용,남,63세,상해없음,보행자,여,45세,경상
2016060600100451,2016년 6월 6일 22시,월요일,경상남도 진주시 하대동,중상사고,0,1,0,0,차대사람 - 횡단중,안전운전불이행,습기,비,단일로 - 기타,승용,남,29세,상해없음,보행자,남,54세,중상
2016060600100452,2016년 6월 6일 22시,월요일,경상남도 진주시 하대동,중상사고,0,1,0,0,차대차 - 측면직각충돌,신호위반,습기,흐림,교차로 - 교차로안,원동기,남,48세,상해없음,자전거,여,31세,중상
2016060600100453,2016년 6월 6일 22시,월요일,경상남도 통영시 도천동,중상사고,0,1,0,0,차대차 - 추돌,안전거리미확보,건조,맑음,단일로 - 기타,이륜,남,16세,상해없음,이륜,남,16세,중상
2016060600100454,2016년 6월 6일 22시,월요일,경상남도 밀양시 내이동,중상사고,0,1,0,0,차대사람 - 횡단중,안전운전불이행,건조,맑음,단일로 - 기타,승용,여,27세,상해없음,보행자,남,57세,중상
2016060600100455,2016년 6월 6일 22시,월요일,경상남도 김해시 삼방동,중상사고,0,1,0,0,차대사람 - 횡단중,안전운전불이행,건조,맑음,교차로 - 교차로안,승용,여,23세,상해없음,보행자,남,73세,중상
2016060600100471,2016년 6월 6일 23시,월요일,경상남도 진주시 칠암동,중상사고,0,1,1,0,차대차 - 측면충돌,안전거리미확보,습기,비,단일로 - 기타,승용,남,26세,상해없음,승합,남,59세,경상
2016060600100472,2016년 6월 6일 23시,월요일,경상남도 의령군 유곡면,부상신고사고,0,0,0,1,차량단독 - 전도전복,안전운전불이행,건조,맑음,단일로 - 기타,화물,남,56세,부상신고,,,,
2016060600100473,2016년 6월 6일 23시,월요일,경상남도 김해시 장유면,경상사고,0,0,1,0,차대차 - 정면충돌,안전운전불이행,건조,맑음,교차로 - 교차로안,승용,남,60세,상해없음,이륜,남,23세,경상
2016060700100015,2016년 6월 7일 01시,화요일,경상남도 김해시 어방동,경상사고,0,0,2,0,차대차 - 기타,안전운전불이행,건조,맑음,단일로 - 기타,화물,기타불명,기타불명,기타불명,화물,남,49세,상해없음
2016060700100031,2016년 6월 7일 04시,화요일,경상남도 사천시 곤명면,중상사고,0,1,0,0,차량단독 - 전도전복,안전운전불이행,건조,맑음,단일로 - 기타,승용,남,39세,중상,,,,
2016060700100055,2016년 6월 7일 06시,화요일,경상남도 양산시 삼호동,경상사고,0,0,1,0,차대차 - 측면충돌,교차로운행방법위반,건조,맑음,교차로 - 교차로안,승용,남,59세,상해없음,승합,남,51세,경상
2016060700100056,2016년 6월 7일 06시,화요일,경상남도 양산시 매곡동,경상사고,0,0,1,0,차대차 - 기타,중앙선침범,건조,맑음,단일로 - 기타,승용,여,19세,상해없음,건설기계,남,48세,경상
2016060700100083,2016년 6월 7일 07시,화요일,경상남도 김해시 삼방동,중상사고,0,1,0,0,차대차 - 측면충돌,안전거리미확보,건조,맑음,교차로 - 교차로부근,승용,남,43세,상해없음,원동기,남,72세,중상
2016060700100084,2016년 6월 7일 07시,화요일,경상남도 창원시 의창구 봉곡동,경상사고,0,0,1,0,차량단독 - 전도전복,안전운전불이행,건조,맑음,교차로 - 교차로안,승용,남,59세,상해없음,,,,
2016060700100162,2016년 6월 7일 09시,화요일,경상남도 창원시 의창구 팔용동,경상사고,0,0,2,0,차대차 - 측면충돌,안전운전불이행,건조,맑음,교차로 - 교차로안,화물,남,56세,상해없음,이륜,남,24세,경상
2016060700100208,2016년 6월 7일 11시,화요일,경상남도 김해시 삼정동,경상사고,0,0,1,0,차대차 - 추돌,안전운전불이행,건조,맑음,교차로 - 교차로안,승용,남,74세,상해없음,자전거,남,12세,경상
2016060700100209,2016년 6월 7일 11시,화요일,경상남도 양산시 교동,경상사고,0,0,1,0,차대차 - 정면충돌,안전운전불이행,건조,맑음,교차로 - 교차로안,승용,여,43세,상해없음,화물,남,57세,경상
2016060700100210,2016년 6월 7일 11시,화요일,경상남도 고성군 회화면,경상사고,0,0,1,0,차대차 - 측면충돌,안전운전불이행,건조,맑음,단일로 - 기타,승용,남,62세,상해없음,승용,남,71세,경상
2016060700100211,2016년 6월 7일 11시,화요일,경상남도 하동군 하동읍,경상사고,0,0,1,0,차대사람 - 기타,안전운전불이행,건조,맑음,단일로 - 기타,승합,남,54세,상해없음,보행자,여,85세,경상
2016060700100212,2016년 6월 7일 11시,화요일,경상남도 김해시 진영읍,경상사고,0,0,1,0,차대차 - 측면충돌,안전운전불이행,건조,맑음,교차로 - 교차로부근,화물,남,60세,상해없음,화물,남,68세,경상
2016060700100245,2016년 6월 7일 12시,화요일,경상남도 남해군 고현면,경상사고,0,0,1,0,차대차 - 측면직각충돌,안전운전불이행,건조,맑음,단일로 - 기타,화물,남,63세,상해없음,이륜,남,76세,경상
2016060700100246,2016년 6월 7일 12시,화요일,경상남도 창원시 의창구 팔용동,경상사고,0,0,1,0,차대차 - 측면직각충돌,안전운전불이행,건조,맑음,교차로 - 교차로안,이륜,남,46세,경상,승용,여,39세,상해없음
2016060700100281,2016년 6월 7일 13시,화요일,경상남도 거제시 아주동,경상사고,0,0,1,0,차대차 - 측면직각충돌,안전운전불이행,건조,맑음,교차로 - 교차로부근,자전거,남,90세 이상,경상,승용,여,51세,상해없음
2016060700100312,2016년 6월 7일 14시,화요일,경상남도 진주시 지수면,경상사고,0,0,1,0,차대차 - 측면충돌,교차로운행방법위반,건조,맑음,단일로 - 기타,이륜,여,54세,경상,화물,남,42세,상해없음
2016060700100345,2016년 6월 7일 15시,화요일,경상남도 사천시 죽림동,중상사고,0,1,0,0,차대차 - 추돌,안전운전불이행,건조,맑음,단일로 - 기타,승합,남,48세,상해없음,승용,남,52세,중상
2016060700100346,2016년 6월 7일 15시,화요일,경상남도 밀양시 내이동,중상사고,0,1,0,0,차대사람 - 횡단중,보행자보호의무위반,건조,맑음,단일로 - 횡단보도상,원동기,남,57세,상해없음,보행자,여,65세,중상
2016060700100347,2016년 6월 7일 15시,화요일,경상남도 김해시 외동,중상사고,0,1,0,0,차대사람 - 횡단중,보행자보호의무위반,건조,맑음,교차로 - 교차로안,승용,여,47세,상해없음,보행자,여,58세,중상
2016060700100377,2016년 6월 7일 16시,화요일,경상남도 진주시 상대동,경상사고,0,0,1,0,차대사람 - 횡단중,보행자보호의무위반,건조,맑음,단일로 - 기타,승용,남,38세,상해없음,보행자,남,3세,경상
2016060700100378,2016년 6월 7일 16시,화요일,경상남도 함안군 가야읍,경상사고,0,0,1,0,차대차 - 측면직각충돌,차로위반,건조,맑음,단일로 - 기타,이륜,남,84세,경상,승용,남,58세,상해없음
2016060700100379,2016년 6월 7일 16시,화요일,경상남도 창원시 의창구 팔용동,경상사고,0,0,1,0,차대차 - 추돌,안전운전불이행,건조,맑음,교차로 - 교차로안,특수,남,56세,상해없음,화물,남,42세,경상
2016060700100427,2016년 6월 7일 17시,화요일,경상남도 창원시 마산회원구 내서읍,중상사고,0,1,0,0,차대차 - 측면직각충돌,안전운전불이행,건조,맑음,교차로 - 교차로부근,화물,남,22세,상해없음,승합,남,62세,중상
2016060700100467,2016년 6월 7일 18시,화요일,경상남도 창원시 의창구 도계동,중상사고,0,1,1,0,차대차 - 측면직각충돌,안전운전불이행,건조,맑음,교차로 - 교차로안,승용,남,24세,상해없음,승용,여,54세,경상
2016060700100562,2016년 6월 7일 21시,화요일,경상남도 진주시 망경동,중상사고,0,1,0,0,차대사람 - 횡단중,안전운전불이행,건조,맑음,단일로 - 기타,승용,남,56세,상해없음,보행자,여,41세,중상
2016060700100563,2016년 6월 7일 21시,화요일,경상남도 창원시 진해구 청안동,경상사고,0,0,1,0,차대차 - 측면직각충돌,안전거리미확보,건조,맑음,교차로 - 교차로부근,화물,남,63세,상해없음,승용,여,46세,경상
2016060700100564,2016년 6월 7일 21시,화요일,경상남도 양산시 물금읍,경상사고,0,0,1,0,차대사람 - 횡단중,안전운전불이행,건조,맑음,교차로 - 교차로부근,승용,여,43세,상해없음,보행자,여,23세,경상
2016060700100590,2016년 6월 7일 22시,화요일,경상남도 거제시 사등면,경상사고,0,0,1,0,차대차 - 정면충돌,안전운전불이행,건조,맑음,단일로 - 기타,이륜,남,33세,경상,승용,남,32세,기타불명
2016060700100591,2016년 6월 7일 22시,화요일,경상남도 창원시 의창구 팔용동,경상사고,0,0,2,0,차대차 - 측면충돌,신호위반,건조,맑음,교차로 - 교차로안,승용,남,48세,상해없음,승용,여,57세,경상
2016060700100607,2016년 6월 7일 23시,화요일,경상남도 김해시 부원동,중상사고,0,1,0,0,차량단독 - 기타,안전운전불이행,건조,맑음,교차로 - 교차로부근,승용,남,38세,상해없음,,,,
2016060800100011,2016년 6월 8일 00시,수요일,경상남도 창녕군 남지읍,경상사고,0,0,1,1,차대차 - 추돌,안전운전불이행,건조,맑음,단일로 - 기타,승용,남,46세,부상신고,화물,남,50세,경상
2016060800100030,2016년 6월 8일 03시,수요일,경상남도 양산시 삼호동,경상사고,0,0,2,0,차대차 - 정면충돌,교차로운행방법위반,건조,맑음,교차로 - 교차로안,승용,여,49세,상해없음,승용,남,43세,경상
2016060800100055,2016년 6월 8일 06시,수요일,경상남도 합천군 가야면,경상사고,0,0,1,1,차대차 - 추돌,안전운전불이행,습기,흐림,단일로 - 기타,이륜,남,69세,경상,승용,여,56세,부상신고
2016060800100071,2016년 6월 8일 07시,수요일,경상남도 김해시 삼계동,중상사고,0,2,5,7,차대차 - 추돌,안전운전불이행,건조,맑음,교차로 - 교차로부근,승합,남,51세,상해없음,화물,남,45세,경상
2016060800100072,2016년 6월 8일 07시,수요일,경상남도 합천군 합천읍,중상사고,0,1,0,0,차대차 - 정면충돌,교차로운행방법위반,습기,흐림,교차로 - 교차로안,승용,여,59세,상해없음,이륜,남,44세,중상
2016060800100073,2016년 6월 8일 07시,수요일,경상남도 양산시 동면,경상사고,0,0,1,0,차대차 - 정면충돌,안전운전불이행,건조,맑음,교차로 - 교차로부근,화물,남,36세,상해없음,승용,남,37세,상해없음
2016060800100074,2016년 6월 8일 07시,수요일,경상남도 거제시 장평동,경상사고,0,0,1,0,차대차 - 측면충돌,중앙선침범,건조,맑음,단일로 - 기타,자전거,남,23세,상해없음,자전거,남,37세,경상
2016060800100115,2016년 6월 8일 08시,수요일,경상남도 양산시 물금읍,경상사고,0,0,1,0,차대차 - 측면충돌,안전운전불이행,건조,맑음,단일로 - 기타,승용,여,32세,상해없음,자전거,남,9세,경상
2016060800100116,2016년 6월 8일 08시,수요일,경상남도 창원시 성산구 대방동,사망사고,1,0,1,0,차대차 - 측면충돌,안전운전불이행,건조,맑음,교차로 - 교차로부근,승용,남,78세,사망,승용,남,59세,경상
2016060800100158,2016년 6월 8일 09시,수요일,경상남도 통영시 산양읍,중상사고,0,1,0,0,차대사람 - 횡단중,안전운전불이행,건조,맑음,단일로 - 기타,화물,남,48세,상해없음,보행자,남,55세,중상
2016060800100159,2016년 6월 8일 09시,수요일,경상남도 사천시 축동면,중상사고,0,1,0,0,차대사람 - 기타,안전운전불이행,건조,맑음,교차로 - 교차로부근,승용,남,69세,상해없음,보행자,남,75세,중상
2016060800100182,2016년 6월 8일 10시,수요일,경상남도 진주시 평안동,중상사고,0,1,0,0,차대사람 - 횡단중,안전운전불이행,건조,맑음,교차로 - 교차로안,화물,남,53세,상해없음,보행자,여,60세,중상
2016060800100183,2016년 6월 8일 10시,수요일,경상남도 창원시 진해구 장천동,경상사고,0,0,1,0,차대차 - 추돌,안전운전불이행,건조,맑음,단일로 - 기타,건설기계,남,29세,상해없음,승용,남,61세,경상
2016060800100184,2016년 6월 8일 10시,수요일,경상남도 통영시 북신동,중상사고,0,1,0,0,차대차 - 추돌,안전운전불이행,건조,맑음,교차로 - 교차로부근,승용,남,64세,상해없음,승용,남,35세,중상
2016060800100185,2016년 6월 8일 10시,수요일,경상남도 창녕군 이방면,경상사고,0,0,1,0,차대차 - 측면직각충돌,안전운전불이행,건조,맑음,단일로 - 기타,승합,남,57세,상해없음,농기계,남,76세,경상
2016060800100207,2016년 6월 8일 11시,수요일,경상남도 진주시 칠암동,중상사고,0,1,0,0,차대차 - 측면충돌,교차로운행방법위반,건조,맑음,단일로 - 기타,승용,여,55세,상해없음,자전거,남,23세,중상
2016060800100227,2016년 6월 8일 12시,수요일,경상남도 창원시 마산합포구 진동면,중상사고,0,1,0,0,차대차 - 측면충돌,중앙선침범,건조,흐림,단일로 - 기타,화물,남,58세,상해없음,승용,여,33세,중상
2016060800100255,2016년 6월 8일 13시,수요일,경상남도 밀양시 청도면,중상사고,0,1,0,0,차대차 - 추돌,안전운전불이행,건조,맑음,단일로 - 기타,화물,여,63세,상해없음,농기계,남,81세,중상
2016060800100287,2016년 6월 8일 14시,수요일,경상남도 사천시 사남면,중상사고,0,3,0,0,차대차 - 측면직각충돌,안전거리미확보,건조,맑음,교차로 - 교차로부근,화물,남,48세,상해없음,화물,남,65세,중상
2016060800100288,2016년 6월 8일 14시,수요일,경상남도 함양군 함양읍,경상사고,0,0,1,0,차대차 - 추돌,안전운전불이행,건조,맑음,단일로 - 기타,화물,여,46세,상해없음,승용,남,78세,경상
2016060800100289,2016년 6월 8일 14시,수요일,경상남도 양산시 어곡동,중상사고,0,1,0,0,차대차 - 측면충돌,안전운전불이행,건조,맑음,교차로 - 교차로안,승용,남,49세,상해없음,이륜,남,30세,중상
2016060800100290,2016년 6월 8일 14시,수요일,경상남도 양산시 덕계동,부상신고사고,0,0,0,1,차대차 - 측면충돌,안전운전불이행,건조,맑음,단일로 - 기타,이륜,남,19세,부상신고,승용,여,55세,상해없음