사고번호,사고일시,요일,시군구,사고내용,사망자수,중상자수,경상자수,부상신고자수,사고유형,법규위반,노면상태,기상상태,도로형태,가해운전자 차종,가해운전자 성별,가해운전자 연령,가해운전자 상해정도,피해운전자 차종,피해운전자 성별,피해운전자 연령,피해운전자 상해정도
2016061200100011,2016년 6월 12일 00시,일요일,경상남도 거제시 아주동,경상사고,0,0,1,0,차대차 - 추돌,안전운전불이행,건조,흐림,단일로 - 기타,승용,남,54세,상해없음,승용,남,32세,경상
2016061200100012,2016년 6월 12일 00시,일요일,경상남도 창원시 의창구 도계동,경상사고,0,0,1,0,차대차 - 측면충돌,안전운전불이행,건조,맑음,단일로 - 기타,승용,남,64세,상해없음,승용,남,42세,경상
2016061200100090,2016년 6월 12일 05시,일요일,경상남도 통영시 봉평동,중상사고,0,1,0,0,차량단독 - 공작물충돌,안전운전불이행,건조,맑음,단일로 - 기타,이륜,남,19세,중상,,,,
2016061200100110,2016년 6월 12일 07시,일요일,경상남도 통영시 서호동,중상사고,0,1,0,0,차대차 - 측면직각충돌,안전운전불이행,건조,맑음,단일로 - 기타,승용,남,63세,상해없음,승용,남,74세,상해없음
2016061200100111,2016년 6월 12일 07시,일요일,경상남도 통영시 용남면,중상사고,0,1,0,0,차량단독 - 전도전복,안전운전불이행,건조,맑음,단일로 - 기타,승용,여,24세,상해없음,,,,
2016061200100112,2016년 6월 12일 07시,일요일,경상남도 김해시 안동,중상사고,0,1,2,0,차대차 - 기타,신호위반,건조,맑음,교차로 - 교차로안,승용,남,78세,경상,승용,남,55세,중상
2016061200100113,2016년 6월 12일 07시,일요일,경상남도 창원시 성산구 성산동,경상사고,0,0,3,0,차대차 - 측면직각충돌,중앙선침범,건조,맑음,단일로 - 기타,승용,남,21세,상해없음,승용,남,57세,경상
2016061200100138,2016년 6월 12일 09시,일요일,경상남도 양산시 덕계동,중상사고,0,1,0,0,차대사람 - 기타,기타,건조,맑음,단일로 - 기타,승합,남,60세,상해없음,보행자,여,66세,중상
2016061200100139,2016년 6월 12일 09시,일요일,경상남도 거제시 상동동,경상사고,0,0,1,0,차대차 - 기타,안전운전불이행,건조,흐림,단일로 - 기타,승용,남,49세,상해없음,승용,남,48세,경상
2016061200100218,2016년 6월 12일 13시,일요일,경상남도 진주시 상대동,중상사고,0,1,0,0,차대차 - 측면직각충돌,안전운전불이행,건조,맑음,단일로 - 기타,화물,남,26세,상해없음,이륜,남,23세,중상
2016061200100219,2016년 6월 12일 13시,일요일,경상남도 양산시 명동,경상사고,0,0,4,0,차대차 - 추돌,안전운전불이행,습기,비,교차로 - 교차로부근,승용,남,56세,상해없음,승용,남,33세,경상
2016061200100248,2016년 6월 12일 14시,일요일,경상남도 창녕군 부곡면,중상사고,0,1,0,0,차량단독 - 공작물충돌,안전운전불이행,건조,맑음,교차로 - 교차로안,원동기,남,74세,중상,,,,
2016061200100249,2016년 6월 12일 14시,일요일,경상남도 거제시 남부면,경상사고,0,0,1,0,차대사람 - 기타,안전운전불이행,습기,비,단일로 - 기타,승용,여,25세,상해없음,보행자,남,41세,경상
2016061200100250,2016년 6월 12일 14시,일요일,경상남도 창원시 의창구 중동,경상사고,0,0,1,0,차대차 - 기타,안전운전불이행,건조,맑음,교차로 - 교차로안,승용,남,54세,상해없음,승용,여,35세,경상
2016061200100279,2016년 6월 12일 15시,일요일,경상남도 창원시 마산합포구 신포동2가,부상신고사고,0,0,0,1,차대차 - 측면충돌,교차로운행방법위반,습기,맑음,교차로 - 교차로안,원동기,남,47세,부상신고,승용,남,40세,상해없음
2016061200100280,2016년 6월 12일 15시,일요일,경상남도 김해시 내동,경상사고,0,0,1,0,차대차 - 기타,안전거리미확보,습기,비,교차로 - 교차로부근,승용,남,22세,상해없음,이륜,남,23세,경상
2016061200100281,2016년 6월 12일 15시,일요일,경상남도 창녕군 창녕읍,경상사고,0,0,1,0,차대차 - 측면직각충돌,중앙선침범,건조,맑음,단일로 - 기타,승용,남,35세,상해없음,승용,남,56세,경상
2016061200100282,2016년 6월 12일 15시,일요일,경상남도 양산시 물금읍,경상사고,0,0,1,1,차량단독 - 전도전복,안전거리미확보,습기,비,단일로 - 기타,승용,남,66세,상해없음,,,,
2016061200100283,2016년 6월 12일 15시,일요일,경상남도 거제시 장평동,중상사고,0,1,0,0,차대차 - 기타,안전운전불이행,건조,맑음,단일로 - 기타,승용,여,57세,상해없음,승용,여,49세,중상
2016061200100309,2016년 6월 12일 16시,일요일,경상남도 통영시 북신동,경상사고,0,0,3,0,차대차 - 추돌,안전운전불이행,건조,맑음,교차로 - 교차로부근,승용,남,49세,기타불명,승용,남,28세,경상
2016061200100342,2016년 6월 12일 17시,일요일,경상남도 창원시 진해구 경화동,경상사고,0,0,1,0,차대차 - 측면충돌,교차로운행방법위반,건조,맑음,교차로 - 교차로안,원동기,남,66세,경상,승용,남,46세,상해없음
2016061200100343,2016년 6월 12일 17시,일요일,경상남도 통영시 광도면,경상사고,0,0,3,0,차대차 - 추돌,안전운전불이행,습기,비,단일로 - 기타,승용,남,55세,상해없음,승용,남,77세,경상
2016061200100444,2016년 6월 12일 21시,일요일,경상남도 거제시 고현동,경상사고,0,0,2,0,차대차 - 기타,안전운전불이행,건조,맑음,단일로 - 기타,승용,기타불명,기타불명,기타불명,승용,여,35세,경상
2016061200100479,2016년 6월 12일 23시,일요일,경상남도 창녕군 부곡면,경상사고,0,0,1,0,차대차 - 정면충돌,안전운전불이행,건조,맑음,단일로 - 기타,화물,남,60세,상해없음,승용,남,50세,경상
2016061300100004,2016년 6월 13일 00시,월요일,경상남도 창원시 성산구 상남동,중상사고,0,1,0,0,차대사람 - 차도통행중,안전운전불이행,건조,맑음,단일로 - 기타,승용,남,51세,상해없음,보행자,남,40세,중상
2016061300100011,2016년 6월 13일 01시,월요일,경상남도 양산시 동면,경상사고,0,0,1,0,차대차 - 측면충돌,안전운전불이행,건조,맑음,단일로 - 기타,승용,남,43세,상해없음,화물,남,37세,경상
2016061300100019,2016년 6월 13일 03시,월요일,경상남도 거창군 거창읍,부상신고사고,0,0,0,1,차량단독 - 전도전복,안전운전불이행,건조,맑음,단일로 - 기타,승용,남,44세,부상신고,,,,
2016061300100047,2016년 6월 13일 06시,월요일,경상남도 김해시 외동,중상사고,0,1,0,0,차대차 - 측면충돌,교차로운행방법위반,건조,맑음,교차로 - 교차로안,승용,여,54세,상해없음,승용,남,36세,중상
2016061300100048,2016년 6월 13일 06시,월요일,경상남도 창원시 마산회원구 내서읍,사망사고,1,0,0,0,차대사람 - 횡단중,기타,건조,맑음,단일로 - 기타,화물,남,31세,기타불명,보행자,남,39세,사망
2016061300100075,2016년 6월 13일 07시,월요일,경상남도 거제시 장평동,경상사고,0,0,1,0,차대차 - 기타,안전운전불이행,건조,맑음,단일로 - 기타,이륜,남,30세,상해없음,자전거,여,41세,경상
2016061300100076,2016년 6월 13일 07시,월요일,경상남도 합천군 야로면,중상사고,0,1,0,0,차대차 - 측면충돌,안전운전불이행,건조,맑음,단일로 - 기타,승용,여,29세,상해없음,승용,남,75세,상해없음
2016061300100106,2016년 6월 13일 08시,월요일,경상남도 거창군 거창읍,중상사고,0,1,0,0,차대차 - 측면충돌,안전운전불이행,건조,맑음,교차로 - 교차로안,승용,남,48세,상해없음,자전거,남,14세,중상
2016061300100107,2016년 6월 13일 08시,월요일,경상남도 산청군 단성면,경상사고,0,0,3,0,차대차 - 추돌,안전운전불이행,건조,맑음,단일로 - 기타,화물,남,55세,상해없음,승용,여,46세,경상
2016061300100108,2016년 6월 13일 08시,월요일,경상남도 산청군 단성면,부상신고사고,0,0,0,1,차대차 - 추돌,안전운전불이행,건조,맑음,단일로 - 기타,승용,여,51세,부상신고,화물,남,55세,상해없음
2016061300100137,2016년 6월 13일 09시,월요일,경상남도 창원시 마산합포구 장군동4가,경상사고,0,0,1,0,차대차 - 측면충돌,안전운전불이행,건조,맑음,교차로 - 교차로안,승용,여,36세,상해없음,승용,여,35세,경상
2016061300100138,2016년 6월 13일 09시,월요일,경상남도 진주시 이현동,중상사고,0,2,0,0,차대차 - 정면충돌,안전운전불이행,건조,맑음,교차로 - 교차로안,승용,남,54세,중상,승용,여,59세,중상
2016061300100139,2016년 6월 13일 09시,월요일,경상남도 사천시 신벽동,경상사고,0,0,1,0,차대차 - 정면충돌,기타,건조,맑음,단일로 - 기타,화물,남,53세,상해없음,승용,남,30세,경상
2016061300100140,2016년 6월 13일 09시,월요일,경상남도 양산시 물금읍,경상사고,0,0,1,0,차대차 - 측면충돌,안전운전불이행,건조,맑음,단일로 - 기타,승용,남,50세,상해없음,승용,여,55세,경상
2016061300100141,2016년 6월 13일 09시,월요일,경상남도 고성군 고성읍,중상사고,0,1,0,0,차대차 - 정면충돌,중앙선침범,건조,맑음,교차로 - 교차로안,승용,남,47세,상해없음,승용,여,38세,중상
2016061300100156,2016년 6월 13일 10시,월요일,경상남도 김해시 대동면,중상사고,0,1,0,0,차대사람 - 횡단중,기타,건조,맑음,단일로 - 기타,건설기계,남,55세,상해없음,보행자,남,22세,중상
2016061300100175,2016년 6월 13일 10시,월요일,경상남도 창원시 마산합포구 남성동,중상사고,0,1,0,0,차대차 - 측면충돌,안전운전불이행,건조,맑음,단일로 - 기타,승용,남,49세,상해없음,원동기,남,79세,중상
2016061300100176,2016년 6월 13일 10시,월요일,경상남도 통영시 도남동,경상사고,0,0,2,0,차대차 - 측면충돌,안전운전불이행,건조,맑음,교차로 - 교차로안,승합,여,34세,상해없음,화물,남,60세,경상
2016061300100177,2016년 6월 13일 10시,월요일,경상남도 김해시 부원동,중상사고,0,4,2,0,차대사람 - 횡단중,안전운전불이행,건조,맑음,단일로 - 기타,승합,남,45세,상해없음,보행자,여,65세,중상
2016061300100178,2016년 6월 13일 10시,월요일,경상남도 창녕군 창녕읍,중상사고,0,1,0,0,차대차 - 정면충돌,신호위반,건조,맑음,교차로 - 교차로안,승용,여,49세,상해없음,승용,남,36세,중상
2016061300100179,2016년 6월 13일 10시,월요일,경상남도 함안군 군북면,중상사고,0,1,0,0,차대차 - 정면충돌,안전운전불이행,건조,맑음,교차로 - 교차로안,승용,남,69세,상해없음,이륜,남,69세,중상
2016061300100210,2016년 6월 13일 11시,월요일,경상남도 진주시 대안동,중상사고,0,1,0,0,차대차 - 측면충돌,안전운전불이행,건조,맑음,교차로 - 교차로안,승용,남,71세,상해없음,원동기,남,79세,중상
2016061300100211,2016년 6월 13일 11시,월요일,경상남도 거제시 옥포동,중상사고,0,1,0,0,차대사람 - 횡단중,안전운전불이행,건조,맑음,기타 - 기타,승용,남,57세,상해없음,보행자,여,54세,중상
2016061300100237,2016년 6월 13일 12시,월요일,경상남도 함양군 수동면,중상사고,0,1,0,0,차대차 - 측면직각충돌,안전운전불이행,건조,맑음,교차로 - 교차로안,승용,여,53세,상해없음,원동기,남,73세,중상
2016061300100238,2016년 6월 13일 12시,월요일,경상남도 고성군 고성읍,경상사고,0,0,1,0,차대차 - 추돌,안전운전불이행,건조,맑음,단일로 - 기타,승용,남,73세,상해없음,승용,여,58세,경상
2016061300100262,2016년 6월 13일 13시,월요일,경상남도 진주시 인사동,경상사고,0,0,1,0,차대차 - 정면충돌,중앙선침범,건조,맑음,단일로 - 기타,원동기,남,69세,경상,승용,남,27세,상해없음
2016061300100263,2016년 6월 13일 13시,월요일,경상남도 밀양시 삼랑진읍,중상사고,0,1,0,0,차대차 - 추돌,안전운전불이행,건조,맑음,단일로 - 기타,승용,여,54세,상해없음,화물,남,42세,중상
2016061300100264,2016년 6월 13일 13시,월요일,경상남도 의령군 의령읍,사망사고,1,0,0,0,차대차 - 측면충돌,신호위반,건조,맑음,교차로 - 교차로안,이륜,남,83세,사망,승합,남,55세,상해없음
2016061300100334,2016년 6월 13일 15시,월요일,경상남도 김해시 진영읍,경상사고,0,0,1,0,차대차 - 추돌,안전운전불이행,건조,맑음,교차로 - 교차로부근,건설기계,남,41세,상해없음,승용,여,45세,경상
2016061300100371,2016년 6월 13일 16시,월요일,경상남도 창녕군 대지면,부상신고사고,0,0,0,1,차대차 - 추돌,안전운전불이행,건조,맑음,단일로 - 기타,원동기,남,79세,부상신고,승합,여,52세,상해없음
2016061300100372,2016년 6월 13일 16시,월요일,경상남도 함양군 함양읍,경상사고,0,0,1,0,차대차 - 측면직각충돌,교차로운행방법위반,건조,맑음,교차로 - 교차로안,승용,남,30세,상해없음,자전거,남,85세,경상
2016061300100373,2016년 6월 13일 16시,월요일,경상남도 거제시 고현동,경상사고,0,0,1,0,차대사람 - 횡단중,보행자보호의무위반,건조,맑음,단일로 - 기타,승용,남,61세,상해없음,보행자,여,7세,경상
2016061300100374,2016년 6월 13일 16시,월요일,경상남도 김해시 장유면,중상사고,0,1,0,0,차대차 - 측면충돌,안전운전불이행,건조,맑음,교차로 - 교차로부근,승용,여,44세,상해없음,자전거,남,13세,중상
2016061300100415,2016년 6월 13일 17시,월요일,경상남도 함양군 안의면,부상신고사고,0,0,0,1,차대차 - 정면충돌,중앙선침범,건조,맑음,단일로 - 기타,화물,남,49세,상해없음,화물,남,65세,부상신고
2016061300100462,2016년 6월 13일 18시,월요일,경상남도 밀양시 삼문동,중상사고,0,1,0,0,차대사람 - 횡단중,보행자보호의무위반,건조,맑음,교차로 - 교차로안,승용,여,34세,상해없음,보행자,여,72세,중상
2016061300100501,2016년 6월 13일 19시,월요일,경상남도 통영시 항남동,경상사고,0,0,1,0,차대사람 - 기타,안전운전불이행,건조,맑음,단일로 - 기타,승합,남,52세,상해없음,보행자,여,3세,경상
2016061300100502,2016년 6월 13일 19시,월요일,경상남도 통영시 서호동,경상사고,0,0,1,0,차대차 - 측면직각충돌,안전운전불이행,건조,맑음,교차로 - 교차로안,승용,남,54세,상해없음,자전거,남,75세,경상
2016061300100503,2016년 6월 13일 19시,월요일,경상남도 양산시 삼호동,경상사고,0,0,2,0,차대차 - 정면충돌,신호위반,건조,맑음,교차로 - 교차로안,화물,남,55세,상해없음,승용,남,35세,경상
2016061300100504,2016년 6월 13일 19시,월요일,경상남도 창원시 성산구 신촌동,중상사고,0,1,0,0,차대차 - 추돌,안전운전불이행,건조,맑음,단일로 - 기타,화물,남,30세,상해없음,화물,남,30세,상해없음
2016061300100534,2016년 6월 13일 20시,월요일,경상남도 진주시 문산읍,경상사고,0,0,1,0,차대사람 - 횡단중,안전운전불이행,건조,맑음,교차로 - 교차로안,승용,남,58세,상해없음,보행자,여,80세,경상
2016061300100535,2016년 6월 13일 20시,월요일,경상남도 김해시 삼방동,경상사고,0,0,1,0,차대차 - 측면충돌,안전운전불이행,건조,맑음,교차로 - 교차로안,이륜,남,17세,경상,화물,남,49세,상해없음
2016061300100536,2016년 6월 13일 20시,월요일,경상남도 창원시 성산구 성산동,경상사고,0,0,2,0,차대차 - 추돌,안전운전불이행,건조,맑음,단일로 - 기타,승용,남,39세,상해없음,승용,남,52세,경상
2016061300100581,2016년 6월 13일 21시,월요일,경상남도 창원시 마산합포구 월남동2가,경상사고,0,0,1,0,차대차 - 기타,안전운전불이행,건조,맑음,교차로 - 교차로안,승용,남,32세,상해없음,승용,여,54세,경상
2016061300100582,2016년 6월 13일 21시,월요일,경상남도 진주시 강남동,중상사고,0,1,0,0,차대차 - 추돌,안전운전불이행,건조,맑음,단일로 - 기타,승용,남,30세,상해없음,원동기,남,61세,중상
2016061300100628,2016년 6월 13일 23시,월요일,경상남도 창원시 진해구 용원동,경상사고,0,0,1,0,차대차 - 측면충돌,교차로운행방법위반,건조,맑음,교차로 - 교차로부근,화물,남,42세,상해없음,승용,남,55세,경상
2016061400100007,2016년 6월 14일 00시,화요일,경상남도 통영시 무전동,경상사고,0,0,1,0,차대사람 - 횡단중,안전운전불이행,건조,맑음,교차로 - 교차로안,승용,남,55세,상해없음,보행자,남,45세,경상
2016061400100037,2016년 6월 14일 04시,화요일,경상남도 창원시 진해구 여좌동,중상사고,0,1,0,0,차대사람 - 기타,안전운전불이행,건조,맑음,교차로 - 교차로부근,화물,남,54세,상해없음,보행자,여,53세,중상
2016061400100038,2016년 6월 14일 04시,화요일,경상남도 창원시 진해구 풍호동,경상사고,0,0,2,0,차대차 - 측면충돌,신호위반,건조,흐림,교차로 - 교차로안,승합,남,54세,경상,화물,여,40세,경상
2016061400100039,2016년 6월 14일 04시,화요일,경상남도 창원시 진해구 여좌동,사망사고,1,0,0,0,차대사람 - 기타,안전운전불이행,건조,맑음,단일로 - 횡단보도상,화물,남,54세,상해없음,보행자,여,53세,사망
2016061400100082,2016년 6월 14일 07시,화요일,경상남도 진주시 상평동,중상사고,0,1,0,0,차대차 - 기타,안전운전불이행,건조,맑음,교차로 - 교차로안,화물,남,32세,상해없음,자전거,여,25세,중상
2016061400100083,2016년 6월 14일 07시,화요일,경상남도 사천시 동금동,경상사고,0,0,1,0,차대차 - 측면직각충돌,안전운전불이행,건조,맑음,단일로 - 기타,승용,여,38세,상해없음,자전거,남,60세,경상
2016061400100084,2016년 6월 14일 07시,화요일,경상남도 창원시 성산구 성주동,중상사고,0,1,0,0,차대차 - 측면직각충돌,안전거리미확보,건조,맑음,교차로 - 교차로안,화물,남,52세,상해없음,승용,남,48세,중상
2016061400100124,2016년 6월 14일 08시,화요일,경상남도 김해시 삼계동,경상사고,0,0,1,0,차대차 - 기타,안전거리미확보,건조,맑음,단일로 - 기타,승용,남,71세,상해없음,승용,남,40세,경상
2016061400100125,2016년 6월 14일 08시,화요일,경상남도 의령군 의령읍,사망사고,1,1,1,0,차대차 - 측면충돌,안전운전불이행,건조,맑음,교차로 - 교차로안,승용,남,24세,경상,승용,남,23세,사망
2016061400100126,2016년 6월 14일 08시,화요일,경상남도 창원시 의창구 봉곡동,중상사고,0,1,0,0,차대차 - 정면충돌,안전운전불이행,건조,맑음,교차로 - 교차로안,승용,여,37세,상해없음,승용,남,41세,중상
2016061400100157,2016년 6월 14일 09시,화요일,경상남도 창원시 마산합포구 가포동,경상사고,0,0,2,0,차대차 - 측면충돌,안전거리미확보,건조,맑음,단일로 - 기타,승용,남,80세,상해없음,승용,남,49세,경상
2016061400100158,2016년 6월 14일 09시,화요일,경상남도 고성군 회화면,중상사고,0,1,1,0,차대차 - 추돌,안전거리미확보,건조,맑음,단일로 - 기타,화물,남,54세,상해없음,승용,남,70세,경상
2016061400100186,2016년 6월 14일 10시,화요일,경상남도 진주시 대곡면,중상사고,0,1,0,0,차대차 - 측면직각충돌,기타,건조,맑음,교차로 - 교차로안,화물,남,52세,상해없음,농기계,남,82세,중상
2016061400100209,2016년 6월 14일 11시,화요일,경상남도 진주시 가좌동,경상사고,0,0,1,0,차대사람 - 횡단중,안전운전불이행,건조,맑음,교차로 - 교차로안,화물,남,58세,상해없음,보행자,여,21세,경상
2016061400100210,2016년 6월 14일 11시,화요일,경상남도 창원시 성산구 중앙동,경상사고,0,0,1,0,차대차 - 측면충돌,안전거리미확보,건조,맑음,교차로 - 교차로부근,승용,남,59세,상해없음,이륜,남,23세,경상
2016061400100211,2016년 6월 14일 11시,화요일,경상남도 창원시 의창구 봉곡동,중상사고,0,1,0,0,차대차 - 추돌,안전운전불이행,건조,맑음,교차로 - 교차로안,화물,남,24세,상해없음,이륜,남,22세,중상
2016061400100240,2016년 6월 14일 12시,화요일,경상남도 합천군 합천읍,중상사고,0,1,0,0,차대차 - 측면직각충돌,안전운전불이행,건조,맑음,단일로 - 기타,승용,남,78세,상해없음,이륜,남,55세,중상
2016061400100241,2016년 6월 14일 12시,화요일,경상남도 산청군 산청읍,중상사고,0,3,1,0,차대차 - 정면충돌,중앙선침범,건조,맑음,단일로 - 기타,화물,여,44세,상해없음,승용,여,40세,중상
2016061400100242,2016년 6월 14일 12시,화요일,경상남도 창원시 마산회원구 합성동,중상사고,0,1,0,0,차대차 - 측면충돌,신호위반,건조,맑음,교차로 - 교차로안,승용,여,62세,상해없음,이륜,남,35세,중상
2016061400100276,2016년 6월 14일 13시,화요일,경상남도 창원시 진해구 남양동,중상사고,0,2,0,0,차대차 - 추돌,안전거리미확보,건조,맑음,교차로 - 교차로부근,화물,여,47세,상해없음,승용,여,54세,중상
2016061400100304,2016년 6월 14일 14시,화요일,경상남도 창원시 마산합포구 진동면,경상사고,0,0,1,0,차대차 - 측면충돌,안전운전불이행,건조,맑음,단일로 - 기타,화물,남,68세,상해없음,승용,남,61세,경상
2016061400100305,2016년 6월 14일 14시,화요일,경상남도 거창군 거창읍,경상사고,0,0,1,0,차대차 - 측면충돌,안전운전불이행,건조,맑음,교차로 - 교차로안,승용,남,56세,상해없음,원동기,여,68세,경상
2016061400100306,2016년 6월 14일 14시,화요일,경상남도 창원시 성산구 신촌동,중상사고,0,1,1,0,차대차 - 추돌,안전운전불이행,건조,맑음,단일로 - 기타,승합,남,51세,상해없음,승용,남,66세,중상
2016061400100338,2016년 6월 14일 15시,화요일,경상남도 함양군 함양읍,중상사고,0,1,0,0,차대차 - 정면충돌,교차로운행방법위반,건조,맑음,교차로 - 교차로안,승용,남,60세,상해없음,이륜,남,78세,중상
2016061400100339,2016년 6월 14일 15시,화요일,경상남도 양산시 평산동,부상신고사고,0,0,0,1,차대사람 - 횡단중,안전운전불이행,건조,맑음,단일로 - 기타,승용,남,60세,상해없음,보행자,남,51세,부상신고
2016061400100374,2016년 6월 14일 16시,화요일,경상남도 창원시 진해구 화천동,경상사고,0,0,1,0,차대차 - 측면충돌,안전운전불이행,건조,맑음,단일로 - 횡단보도부근,원동기,남,78세,경상,승용,여,50세,상해없음
2016061400100375,2016년 6월 14일 16시,화요일,경상남도 창원시 진해구 청안동,경상사고,0,0,1,0,차대사람 - 횡단중,보행자보호의무위반,건조,맑음,단일로 - 횡단보도상,승용,여,63세,상해없음,보행자,남,9세,경상
2016061400100376,2016년 6월 14일 16시,화요일,경상남도 사천시 벌리동,중상사고,0,1,0,0,차대사람 - 길가장자리구역통행중,안전운전불이행,건조,맑음,교차로 - 교차로부근,승합,여,50세,상해없음,보행자,여,84세,중상
2016061400100415,2016년 6월 14일 17시,화요일,경상남도 진주시 상대동,중상사고,0,1,0,0,차대차 - 추돌,안전운전불이행,건조,맑음,교차로 - 교차로부근,승용,남,41세,상해없음,승용,여,45세,중상
2016061400100416,2016년 6월 14일 17시,화요일,경상남도 창원시 마산합포구 산호동,경상사고,0,0,1,0,차대사람 - 횡단중,안전운전불이행,건조,맑음,단일로 - 기타,승용,여,36세,상해없음,보행자,여,79세,경상
2016061400100448,2016년 6월 14일 18시,화요일,경상남도 합천군 쌍책면,경상사고,0,0,1,0,차대차 - 측면직각충돌,안전운전불이행,건조,맑음,교차로 - 교차로안,화물,남,64세,상해없음,승용,남,60세,경상
2016061400100449,2016년 6월 14일 18시,화요일,경상남도 하동군 악양면,중상사고,0,1,0,0,차대사람 - 차도통행중,보행자보호의무위반,건조,맑음,기타 - 기타,화물,남,72세,상해없음,보행자,여,4세,중상
2016061400100450,2016년 6월 14일 18시,화요일,경상남도 거제시 고현동,중상사고,0,1,0,0,차대차 - 측면충돌,중앙선침범,건조,맑음,단일로 - 기타,승용,남,33세,상해없음,이륜,남,22세,중상
2016061400100451,2016년 6월 14일 18시,화요일,경상남도 김해시 장유면,중상사고,0,1,0,0,차대차 - 측면직각충돌,차로위반,건조,맑음,단일로 - 기타,승용,남,75세,상해없음,이륜,남,62세,중상
2016061400100493,2016년 6월 14일 19시,화요일,경상남도 창원시 마산합포구 진동면,경상사고,0,0,1,1,차대차 - 측면충돌,교차로운행방법위반,건조,맑음,교차로 - 교차로안,승용,남,23세,부상신고,승용,여,53세,경상
2016061400100494,2016년 6월 14일 19시,화요일,경상남도 창원시 진해구 용원동,경상사고,0,0,1,0,차대사람 - 차도통행중,안전운전불이행,건조,맑음,단일로 - 기타,승용,남,20세,상해없음,보행자,여,8세,경상
2016061400100495,2016년 6월 14일 19시,화요일,경상남도 창원시 성산구 중앙동,중상사고,0,1,2,0,차대차 - 정면충돌,신호위반,건조,맑음,교차로 - 교차로안,승용,남,61세,상해없음,승용,남,59세,경상
2016061400100564,2016년 6월 14일 21시,화요일,경상남도 진주시 인사동,경상사고,0,0,3,0,차대차 - 추돌,안전거리미확보,건조,맑음,단일로 - 기타,승용,남,69세,상해없음,승용,남,35세,경상
2016061400100565,2016년 6월 14일 21시,화요일,경상남도 김해시 내동,중상사고,0,1,0,0,차대차 - 추돌,기타,건조,맑음,단일로 - 기타,승용,여,43세,상해없음,이륜,남,23세,중상
2016061400100608,2016년 6월 14일 23시,화요일,경상남도 양산시 물금읍,부상신고사고,0,0,0,1,차대사람 - 횡단중,안전운전불이행,건조,맑음,단일로 - 기타,이륜,남,53세,부상신고,보행자,남,52세,상해없음
2016061400100609,2016년 6월 14일 23시,화요일,경상남도 양산시 덕계동,부상신고사고,0,0,0,1,차대사람 - 횡단중,안전운전불이행,건조,맑음,단일로 - 기타,승용,남,49세,상해없음,보행자,남,55세,부상신고
2016061400100610,2016년 6월 14일 23시,화요일,경상남도 창원시 의창구 대산면,경상사고,0,0,1,0,차대차 - 측면직각충돌,안전운전불이행,건조,맑음,교차로 - 교차로부근,승합,남,66세,상해없음,승용,남,28세,경상
2016061500100034,2016년 6월 15일 02시,수요일,경상남도 창원시 의창구 팔용동,중상사고,0,3,2,0,차대차 - 측면충돌,신호위반,건조,맑음,교차로 - 교차로안,승용,남,49세,경상,승용,여,57세,중상
2016061500100052,2016년 6월 15일 04시,수요일,경상남도 하동군 진교면,중상사고,0,1,0,0,차대차 - 정면충돌,중앙선침범,건조,맑음,교차로 - 교차로부근,화물,남,54세,중상,화물,남,58세,상해없음
2016061500100070,2016년 6월 15일 06시,수요일,경상남도 양산시 상북면,경상사고,0,0,1,0,차대차 - 측면충돌,안전거리미확보,건조,맑음,단일로 - 기타,화물,남,57세,상해없음,승용,여,24세,경상
2016061500100102,2016년 6월 15일 07시,수요일,경상남도 양산시 동면,경상사고,0,0,1,0,차대차 - 기타,안전운전불이행,건조,맑음,단일로 - 기타,승용,남,59세,상해없음,자전거,남,17세,경상
2016061500100149,2016년 6월 15일 08시,수요일,경상남도 양산시 동면,중상사고,0,1,0,0,차대차 - 기타,교차로운행방법위반,건조,맑음,교차로 - 교차로부근,승용,여,39세,상해없음,화물,남,58세,상해없음
2016061500100196,2016년 6월 15일 09시,수요일,경상남도 창원시 진해구 이동,경상사고,0,0,1,0,차대사람 - 차도통행중,안전운전불이행,건조,맑음,단일로 - 기타,승용,남,55세,상해없음,보행자,여,57세,경상
2016061500100197,2016년 6월 15일 09시,수요일,경상남도 통영시 광도면,중상사고,0,1,0,0,차대차 - 측면직각충돌,직진우회전진행방해,건조,맑음,교차로 - 교차로안,승합,남,50세,상해없음,승용,여,38세,중상
2016061500100199,2016년 6월 15일 09시,수요일,경상남도 창원시 의창구 사림동,경상사고,0,0,1,0,차대사람 - 차도통행중,안전운전불이행,건조,흐림,교차로 - 교차로부근,화물,남,50세,상해없음,보행자,여,79세,경상
2016061500100222,2016년 6월 15일 10시,수요일,경상남도 의령군 정곡면,경상사고,0,0,1,0,차대차 - 기타,기타,건조,맑음,단일로 - 기타,건설기계,남,39세,상해없음,승용,남,53세,경상
2016061500100251,2016년 6월 15일 11시,수요일,경상남도 통영시 용남면,부상신고사고,0,0,0,1,차대차 - 측면직각충돌,안전거리미확보,건조,맑음,단일로 - 기타,이륜,남,53세,부상신고,화물,남,59세,상해없음
2016061500100252,2016년 6월 15일 11시,수요일,경상남도 고성군 고성읍,중상사고,0,1,0,0,차대사람 - 횡단중,보행자보호의무위반,건조,맑음,단일로 - 횡단보도상,승용,남,57세,상해없음,보행자,여,60세,중상
2016061500100270,2016년 6월 15일 12시,수요일,경상남도 양산시 남부동,중상사고,0,1,1,0,차대차 - 정면충돌,안전운전불이행,건조,맑음,단일로 - 기타,승용,남,30세,상해없음,승용,남,60세,경상