사고번호,사고일시,요일,시군구,사고내용,사망자수,중상자수,경상자수,부상신고자수,사고유형,법규위반,노면상태,기상상태,도로형태,가해운전자 차종,가해운전자 성별,가해운전자 연령,가해운전자 상해정도,피해운전자 차종,피해운전자 성별,피해운전자 연령,피해운전자 상해정도
2016061500100300,2016년 6월 15일 13시,수요일,경상남도 거제시 고현동,경상사고,0,0,1,0,차대차 - 측면충돌,안전운전불이행,건조,맑음,교차로 - 교차로부근,이륜,남,26세,경상,승용,여,45세,상해없음
2016061500100301,2016년 6월 15일 13시,수요일,경상남도 창원시 의창구 용호동,중상사고,0,1,0,0,차대차 - 측면직각충돌,안전운전불이행,건조,맑음,교차로 - 교차로안,화물,남,37세,상해없음,승용,여,39세,중상
2016061500100332,2016년 6월 15일 14시,수요일,경상남도 거제시 거제면,경상사고,0,0,1,0,차량단독 - 전도전복,안전운전불이행,건조,맑음,기타 - 기타,승용,남,64세,경상,,,,
2016061500100363,2016년 6월 15일 15시,수요일,경상남도 진주시 사봉면,중상사고,0,1,1,0,차대차 - 측면직각충돌,안전운전불이행,건조,맑음,단일로 - 기타,화물,남,63세,상해없음,농기계,남,88세,중상
2016061500100364,2016년 6월 15일 15시,수요일,경상남도 양산시 평산동,경상사고,0,0,2,0,차대차 - 정면충돌,안전운전불이행,건조,맑음,기타 - 기타,승용,여,39세,상해없음,화물,남,40세,경상
2016061500100365,2016년 6월 15일 15시,수요일,경상남도 남해군 미조면,부상신고사고,0,0,0,1,차대차 - 정면충돌,안전운전불이행,건조,맑음,교차로 - 교차로안,원동기,남,56세,부상신고,화물,남,45세,상해없음
2016061500100382,2016년 6월 15일 16시,수요일,경상남도 양산시 하북면,경상사고,0,0,1,0,차대사람 - 기타,안전운전불이행,건조,맑음,단일로 - 기타,승용,기타불명,기타불명,기타불명,보행자,여,30세,경상
2016061500100400,2016년 6월 15일 16시,수요일,경상남도 양산시 물금읍,경상사고,0,0,2,0,차대차 - 기타,안전운전불이행,건조,맑음,단일로 - 기타,승용,여,35세,상해없음,승용,남,74세,경상
2016061500100401,2016년 6월 15일 16시,수요일,경상남도 창원시 마산회원구 봉암동,중상사고,0,1,0,0,차대차 - 측면직각충돌,신호위반,건조,맑음,교차로 - 교차로안,화물,남,25세,상해없음,원동기,남,66세,중상
2016061500100402,2016년 6월 15일 16시,수요일,경상남도 김해시 흥동,중상사고,0,1,0,0,차대차 - 측면충돌,교차로운행방법위반,건조,맑음,교차로 - 교차로안,승용,남,40세,상해없음,원동기,남,21세,중상
2016061500100438,2016년 6월 15일 17시,수요일,경상남도 김해시 장유면,중상사고,0,2,0,0,차대차 - 측면충돌,신호위반,건조,맑음,교차로 - 교차로안,승용,여,58세,중상,원동기,남,19세,중상
2016061500100474,2016년 6월 15일 18시,수요일,경상남도 창원시 진해구 태평동,경상사고,0,0,1,0,차대차 - 기타,안전운전불이행,건조,맑음,단일로 - 기타,자전거,남,31세,경상,승용,여,28세,상해없음
2016061500100534,2016년 6월 15일 20시,수요일,경상남도 창원시 마산회원구 회원동,경상사고,0,0,1,0,차대사람 - 횡단중,안전운전불이행,습기,흐림,교차로 - 교차로안,승용,남,41세,상해없음,보행자,여,43세,경상
2016061500100588,2016년 6월 15일 22시,수요일,경상남도 진주시 하대동,경상사고,0,0,1,0,차대차 - 추돌,안전거리미확보,건조,맑음,단일로 - 기타,승용,남,26세,상해없음,승용,남,65세,경상
2016061500100589,2016년 6월 15일 22시,수요일,경상남도 김해시 삼방동,중상사고,0,1,0,1,차대사람 - 횡단중,보행자보호의무위반,건조,맑음,교차로 - 교차로안,이륜,남,16세,부상신고,보행자,여,21세,중상
2016061500100590,2016년 6월 15일 22시,수요일,경상남도 양산시 중부동,중상사고,0,1,2,0,차대차 - 정면충돌,안전운전불이행,건조,맑음,교차로 - 교차로부근,승용,남,25세,상해없음,승용,남,44세,경상
2016061500100591,2016년 6월 15일 22시,수요일,경상남도 거제시 옥포동,중상사고,0,2,0,0,차대사람 - 보도통행중,안전운전불이행,건조,맑음,교차로 - 교차로부근,승용,남,34세,상해없음,보행자,여,21세,중상
2016061500100592,2016년 6월 15일 22시,수요일,경상남도 거제시 고현동,부상신고사고,0,0,0,1,차대사람 - 차도통행중,안전운전불이행,건조,맑음,단일로 - 기타,기타불명,기타불명,기타불명,기타불명,보행자,남,16세,부상신고
2016061500100618,2016년 6월 15일 23시,수요일,경상남도 창원시 마산합포구 해운동,경상사고,0,0,1,0,차대차 - 측면직각충돌,안전운전불이행,건조,맑음,단일로 - 기타,승용,남,24세,상해없음,이륜,남,17세,경상
2016061600100048,2016년 6월 16일 04시,목요일,경상남도 김해시 어방동,경상사고,0,0,2,0,차대차 - 측면직각충돌,신호위반,습기,비,교차로 - 교차로안,화물,남,48세,상해없음,승용,남,45세,경상
2016061600100060,2016년 6월 16일 06시,목요일,경상남도 김해시 장유면,중상사고,0,1,0,0,차대차 - 기타,안전거리미확보,건조,맑음,단일로 - 기타,승용,남,62세,상해없음,화물,남,49세,중상
2016061600100079,2016년 6월 16일 07시,목요일,경상남도 고성군 고성읍,경상사고,0,0,1,0,차대사람 - 횡단중,보행자보호의무위반,건조,맑음,단일로 - 횡단보도상,승용,남,61세,상해없음,보행자,여,15세,경상
2016061600100115,2016년 6월 16일 08시,목요일,경상남도 거창군 가조면,사망사고,1,0,0,0,차대차 - 추돌,안전운전불이행,건조,맑음,단일로 - 기타,화물,남,66세,상해없음,이륜,여,64세,사망
2016061600100116,2016년 6월 16일 08시,목요일,경상남도 거창군 위천면,경상사고,0,0,1,0,차대차 - 측면충돌,안전운전불이행,건조,맑음,단일로 - 기타,승용,남,66세,경상,화물,남,59세,상해없음
2016061600100145,2016년 6월 16일 09시,목요일,경상남도 창원시 마산합포구 해운동,경상사고,0,0,1,0,차대차 - 측면충돌,안전운전불이행,건조,맑음,단일로 - 기타,승용,남,73세,상해없음,승용,남,58세,경상
2016061600100146,2016년 6월 16일 09시,목요일,경상남도 창원시 의창구 서상동,중상사고,0,1,0,0,차대사람 - 횡단중,안전운전불이행,건조,맑음,교차로 - 교차로부근,승용,남,29세,상해없음,보행자,여,55세,중상
2016061600100226,2016년 6월 16일 12시,목요일,경상남도 사천시 사천읍,사망사고,1,0,0,0,차대사람 - 차도통행중,안전운전불이행,건조,맑음,교차로 - 교차로안,화물,남,55세,상해없음,보행자,여,88세,사망
2016061600100286,2016년 6월 16일 14시,목요일,경상남도 밀양시 상남면,부상신고사고,0,0,0,2,차대차 - 측면충돌,신호위반,건조,맑음,교차로 - 교차로안,화물,남,64세,상해없음,승용,남,62세,부상신고
2016061600100287,2016년 6월 16일 14시,목요일,경상남도 김해시 외동,중상사고,0,1,0,0,차대차 - 추돌,안전운전불이행,건조,맑음,단일로 - 기타,화물,남,26세,상해없음,승용,남,55세,중상
2016061600100288,2016년 6월 16일 14시,목요일,경상남도 김해시 구산동,중상사고,0,1,0,0,차대차 - 측면충돌,안전거리미확보,건조,맑음,교차로 - 교차로부근,승용,여,53세,상해없음,원동기,남,73세,중상
2016061600100289,2016년 6월 16일 14시,목요일,경상남도 창원시 의창구 동읍,중상사고,0,1,0,0,차대차 - 기타,안전운전불이행,건조,맑음,단일로 - 기타,화물,남,43세,상해없음,승용,남,59세,중상
2016061600100323,2016년 6월 16일 15시,목요일,경상남도 창원시 마산회원구 합성동,중상사고,0,1,0,0,차대사람 - 횡단중,보행자보호의무위반,건조,맑음,교차로 - 교차로안,승용,남,68세,상해없음,보행자,남,66세,중상
2016061600100357,2016년 6월 16일 16시,목요일,경상남도 통영시 북신동,중상사고,0,1,0,0,차대차 - 측면직각충돌,안전운전불이행,건조,맑음,교차로 - 교차로안,승용,남,61세,상해없음,이륜,남,69세,중상
2016061600100358,2016년 6월 16일 16시,목요일,경상남도 고성군 삼산면,중상사고,0,1,0,0,차대차 - 정면충돌,중앙선침범,건조,맑음,단일로 - 기타,화물,남,58세,상해없음,화물,남,48세,중상
2016061600100391,2016년 6월 16일 17시,목요일,경상남도 산청군 시천면,중상사고,0,3,0,0,차량단독 - 전도전복,안전운전불이행,건조,맑음,단일로 - 기타,승용,여,61세,중상,,,,
2016061600100424,2016년 6월 16일 18시,목요일,경상남도 거창군 거창읍,중상사고,0,1,0,0,차대차 - 측면직각충돌,안전운전불이행,건조,맑음,교차로 - 교차로부근,이륜,남,51세,중상,화물,남,48세,상해없음
2016061600100456,2016년 6월 16일 19시,목요일,경상남도 함양군 함양읍,경상사고,0,0,1,0,차대차 - 정면충돌,안전운전불이행,건조,맑음,단일로 - 기타,이륜,남,75세,경상,이륜,남,33세,상해없음
2016061600100487,2016년 6월 16일 20시,목요일,경상남도 창원시 진해구 두동,경상사고,0,0,1,0,차량단독 - 전도전복,안전운전불이행,건조,맑음,단일로 - 기타,승용,남,31세,경상,,,,
2016061600100488,2016년 6월 16일 20시,목요일,경상남도 양산시 덕계동,중상사고,0,1,0,0,차대사람 - 횡단중,안전운전불이행,건조,맑음,단일로 - 기타,승용,남,61세,상해없음,보행자,여,71세,중상
2016061600100520,2016년 6월 16일 21시,목요일,경상남도 진주시 평거동,중상사고,0,1,0,0,차대사람 - 횡단중,신호위반,건조,맑음,교차로 - 교차로안,화물,남,35세,상해없음,보행자,남,70세,중상
2016061600100521,2016년 6월 16일 21시,목요일,경상남도 진주시 이반성면,중상사고,0,1,0,0,차대차 - 추돌,안전운전불이행,건조,맑음,단일로 - 기타,승용,남,49세,상해없음,화물,남,41세,중상
2016061600100522,2016년 6월 16일 21시,목요일,경상남도 창원시 진해구 석동,중상사고,0,1,0,0,차대사람 - 횡단중,보행자보호의무위반,건조,맑음,단일로 - 기타,원동기,남,22세,상해없음,보행자,여,56세,중상
2016061600100564,2016년 6월 16일 23시,목요일,경상남도 양산시 평산동,경상사고,0,0,1,0,차대사람 - 횡단중,안전운전불이행,건조,맑음,교차로 - 교차로안,화물,남,61세,상해없음,보행자,남,27세,경상
2016061700100013,2016년 6월 17일 00시,금요일,경상남도 창원시 마산합포구 상남동,경상사고,0,0,1,0,차대사람 - 횡단중,보행자보호의무위반,건조,맑음,단일로 - 횡단보도상,승용,남,80세,상해없음,보행자,여,51세,경상
2016061700100014,2016년 6월 17일 00시,금요일,경상남도 양산시 동면,중상사고,0,1,0,0,차대사람 - 차도통행중,안전운전불이행,건조,맑음,교차로 - 교차로안,승용,남,66세,상해없음,보행자,남,55세,중상
2016061700100027,2016년 6월 17일 01시,금요일,경상남도 창원시 마산합포구 신포동1가,경상사고,0,0,1,0,차대차 - 기타,안전거리미확보,건조,맑음,단일로 - 기타,승용,남,55세,상해없음,승용,남,32세,상해없음
2016061700100093,2016년 6월 17일 07시,금요일,경상남도 진주시 초전동,중상사고,0,1,0,0,차대차 - 측면충돌,직진우회전진행방해,건조,맑음,교차로 - 교차로안,화물,여,59세,상해없음,원동기,남,51세,중상
2016061700100094,2016년 6월 17일 07시,금요일,경상남도 창원시 진해구 태백동,경상사고,0,0,1,0,차대차 - 측면충돌,직진우회전진행방해,건조,맑음,교차로 - 교차로안,건설기계,남,35세,상해없음,승용,여,36세,경상
2016061700100095,2016년 6월 17일 07시,금요일,경상남도 김해시 삼정동,중상사고,0,1,0,0,차대차 - 추돌,안전운전불이행,건조,맑음,단일로 - 기타,승합,남,60세,상해없음,승용,남,30세,중상
2016061700100096,2016년 6월 17일 07시,금요일,경상남도 양산시 남부동,경상사고,0,0,1,0,차대차 - 측면충돌,안전거리미확보,건조,맑음,단일로 - 기타,자전거,남,14세,경상,승용,여,52세,상해없음
2016061700100097,2016년 6월 17일 07시,금요일,경상남도 거제시 문동동,경상사고,0,0,1,0,차대차 - 측면충돌,신호위반,건조,맑음,교차로 - 교차로안,승용,남,58세,기타불명,승용,남,35세,경상
2016061700100135,2016년 6월 17일 08시,금요일,경상남도 사천시 벌리동,부상신고사고,0,0,0,1,차대차 - 측면충돌,교차로운행방법위반,건조,맑음,교차로 - 교차로안,화물,남,52세,상해없음,승용,남,56세,부상신고
2016061700100136,2016년 6월 17일 08시,금요일,경상남도 거제시 사등면,경상사고,0,0,1,0,차대차 - 기타,안전운전불이행,건조,맑음,단일로 - 기타,승합,남,61세,기타불명,승용,여,54세,경상
2016061700100137,2016년 6월 17일 08시,금요일,경상남도 거제시 옥포동,경상사고,0,0,1,0,차대사람 - 횡단중,안전운전불이행,건조,맑음,기타 - 기타,승용,여,31세,상해없음,보행자,남,37세,경상
2016061700100139,2016년 6월 17일 08시,금요일,경상남도 김해시 주촌면,경상사고,0,0,2,0,차대차 - 정면충돌,안전운전불이행,건조,맑음,교차로 - 교차로안,화물,남,60세,경상,화물,남,25세,경상
2016061700100167,2016년 6월 17일 09시,금요일,경상남도 통영시 북신동,경상사고,0,0,1,0,차대차 - 측면직각충돌,안전운전불이행,건조,맑음,교차로 - 교차로부근,화물,남,52세,상해없음,이륜,남,72세,경상
2016061700100168,2016년 6월 17일 09시,금요일,경상남도 통영시 도천동,경상사고,0,0,1,0,차대차 - 측면직각충돌,교차로운행방법위반,건조,맑음,교차로 - 교차로안,승용,여,60세,상해없음,이륜,남,47세,경상
2016061700100169,2016년 6월 17일 09시,금요일,경상남도 양산시 남부동,경상사고,0,0,1,0,차대차 - 기타,안전운전불이행,건조,맑음,단일로 - 기타,승용,여,33세,상해없음,자전거,남,20세,경상
2016061700100197,2016년 6월 17일 10시,금요일,경상남도 창원시 마산합포구 월영동,경상사고,0,0,4,0,차대차 - 추돌,안전운전불이행,건조,맑음,단일로 - 기타,건설기계,남,74세,상해없음,승용,여,49세,경상
2016061700100198,2016년 6월 17일 10시,금요일,경상남도 창원시 의창구 대산면,중상사고,0,1,0,0,차대차 - 기타,안전운전불이행,건조,맑음,단일로 - 기타,화물,남,74세,상해없음,이륜,남,76세,중상
2016061700100227,2016년 6월 17일 11시,금요일,경상남도 창원시 의창구 두대동,경상사고,0,0,2,0,차대차 - 추돌,안전운전불이행,건조,맑음,교차로 - 교차로부근,승용,남,84세,상해없음,승용,남,45세,경상
2016061700100251,2016년 6월 17일 12시,금요일,경상남도 밀양시 삼랑진읍,중상사고,0,1,0,0,차대차 - 측면직각충돌,안전운전불이행,건조,맑음,단일로 - 기타,화물,남,53세,상해없음,원동기,여,74세,중상
2016061700100252,2016년 6월 17일 12시,금요일,경상남도 함안군 칠서면,중상사고,0,1,0,0,차량단독 - 기타,안전운전불이행,건조,맑음,단일로 - 기타,이륜,남,36세,중상,,,,
2016061700100302,2016년 6월 17일 14시,금요일,경상남도 밀양시 청도면,중상사고,0,2,0,0,차량단독 - 전도전복,안전운전불이행,건조,맑음,단일로 - 기타,화물,남,34세,중상,,,,
2016061700100303,2016년 6월 17일 14시,금요일,경상남도 김해시 진례면,중상사고,0,1,3,0,차대차 - 정면충돌,중앙선침범,건조,맑음,단일로 - 기타,승용,남,61세,상해없음,승용,남,63세,경상
2016061700100336,2016년 6월 17일 15시,금요일,경상남도 통영시 광도면,중상사고,0,1,0,0,차대차 - 측면직각충돌,교차로운행방법위반,건조,맑음,교차로 - 교차로안,화물,남,27세,상해없음,이륜,남,35세,중상
2016061700100337,2016년 6월 17일 15시,금요일,경상남도 양산시 다방동,중상사고,0,1,0,0,차대차 - 정면충돌,차로위반,건조,맑음,단일로 - 기타,원동기,남,77세,중상,승용,여,59세,상해없음
2016061700100338,2016년 6월 17일 15시,금요일,경상남도 창원시 마산회원구 양덕동,경상사고,0,0,1,0,차대사람 - 횡단중,중앙선침범,건조,맑음,단일로 - 기타,승용,남,44세,상해없음,보행자,여,60세,경상
2016061700100378,2016년 6월 17일 16시,금요일,경상남도 김해시 대동면,중상사고,0,1,0,0,차대차 - 정면충돌,중앙선침범,건조,맑음,단일로 - 기타,화물,남,52세,상해없음,건설기계,남,32세,중상
2016061700100379,2016년 6월 17일 16시,금요일,경상남도 거제시 옥포동,중상사고,0,1,0,0,차대차 - 기타,안전운전불이행,건조,맑음,교차로 - 교차로부근,화물,남,33세,상해없음,자전거,남,52세,중상
2016061700100380,2016년 6월 17일 16시,금요일,경상남도 김해시 진영읍,중상사고,0,1,0,0,차대사람 - 횡단중,안전운전불이행,건조,맑음,교차로 - 교차로안,화물,남,55세,상해없음,보행자,여,77세,중상
2016061700100424,2016년 6월 17일 17시,금요일,경상남도 김해시 구산동,경상사고,0,0,1,0,차대차 - 측면직각충돌,중앙선침범,건조,맑음,교차로 - 교차로안,자전거,남,80세,경상,승용,여,53세,상해없음
2016061700100425,2016년 6월 17일 17시,금요일,경상남도 양산시 남부동,경상사고,0,0,1,0,차대차 - 정면충돌,차로위반,건조,맑음,미분류 - 미분류,승용,남,71세,상해없음,원동기,남,26세,경상
2016061700100426,2016년 6월 17일 17시,금요일,경상남도 김해시 장유면,중상사고,0,1,0,0,차대차 - 정면충돌,안전운전불이행,건조,맑음,교차로 - 교차로안,승용,남,22세,상해없음,원동기,남,63세,중상
2016061700100470,2016년 6월 17일 18시,금요일,경상남도 거제시 일운면,경상사고,0,0,1,0,차대차 - 측면충돌,안전운전불이행,건조,맑음,단일로 - 기타,이륜,남,37세,상해없음,승용,남,26세,경상
2016061700100471,2016년 6월 17일 18시,금요일,경상남도 거제시 옥포동,경상사고,0,0,1,0,차대차 - 기타,안전운전불이행,건조,맑음,단일로 - 기타,승용,남,52세,상해없음,자전거,여,32세,경상
2016061700100512,2016년 6월 17일 19시,금요일,경상남도 창원시 진해구 청안동,경상사고,0,0,1,0,차대사람 - 길가장자리구역통행중,안전운전불이행,건조,맑음,단일로 - 기타,승용,남,59세,기타불명,보행자,남,8세,경상
2016061700100554,2016년 6월 17일 20시,금요일,경상남도 김해시 삼방동,경상사고,0,0,1,1,차대차 - 측면충돌,안전운전불이행,건조,맑음,교차로 - 교차로부근,화물,남,46세,상해없음,이륜,남,18세,부상신고
2016061700100555,2016년 6월 17일 20시,금요일,경상남도 함양군 함양읍,경상사고,0,0,1,0,차대차 - 측면직각충돌,안전운전불이행,건조,맑음,단일로 - 기타,승용,남,37세,상해없음,자전거,여,79세,경상
2016061700100623,2016년 6월 17일 22시,금요일,경상남도 창원시 마산회원구 내서읍,중상사고,0,1,0,0,차대사람 - 횡단중,안전운전불이행,건조,맑음,교차로 - 교차로부근,승용,남,55세,기타불명,보행자,여,49세,중상
2016061700100624,2016년 6월 17일 22시,금요일,경상남도 김해시 장유면,중상사고,0,1,0,0,차대사람 - 횡단중,안전운전불이행,건조,맑음,단일로 - 횡단보도상,원동기,기타불명,기타불명,기타불명,보행자,남,15세,중상
2016061700100658,2016년 6월 17일 23시,금요일,경상남도 창원시 진해구 태백동,경상사고,0,0,2,0,차대차 - 추돌,안전운전불이행,건조,맑음,단일로 - 기타,승용,남,66세,상해없음,승용,남,34세,경상
2016061700100659,2016년 6월 17일 23시,금요일,경상남도 창원시 성산구 대방동,경상사고,0,0,1,0,차대차 - 측면직각충돌,안전운전불이행,건조,맑음,교차로 - 교차로부근,승용,여,43세,상해없음,승용,여,56세,경상
2016061800100012,2016년 6월 18일 00시,토요일,경상남도 창원시 의창구 봉곡동,경상사고,0,0,1,0,차대차 - 추돌,안전운전불이행,건조,맑음,단일로 - 기타,승용,여,56세,상해없음,승용,남,59세,상해없음
2016061800100033,2016년 6월 18일 01시,토요일,경상남도 창원시 마산합포구 남성동,중상사고,0,1,1,0,차대차 - 측면충돌,신호위반,건조,맑음,단일로 - 기타,승용,남,62세,상해없음,승용,남,49세,상해없음
2016061800100051,2016년 6월 18일 02시,토요일,경상남도 거제시 연초면,경상사고,0,0,2,1,차대차 - 기타,안전운전불이행,건조,맑음,단일로 - 기타,승용,남,39세,상해없음,승용,남,36세,부상신고
2016061800100110,2016년 6월 18일 07시,토요일,경상남도 김해시 동상동,경상사고,0,0,1,0,차대차 - 추돌,안전운전불이행,건조,맑음,단일로 - 기타,이륜,남,77세,경상,승용,남,72세,상해없음
2016061800100111,2016년 6월 18일 07시,토요일,경상남도 양산시 평산동,경상사고,0,0,1,0,차대사람 - 횡단중,안전운전불이행,건조,맑음,단일로 - 기타,승용,남,36세,상해없음,보행자,여,83세,경상
2016061800100132,2016년 6월 18일 08시,토요일,경상남도 창원시 의창구 신월동,경상사고,0,0,1,0,차대차 - 측면직각충돌,안전운전불이행,건조,맑음,단일로 - 기타,승용,남,63세,상해없음,자전거,남,62세,경상
2016061800100133,2016년 6월 18일 08시,토요일,경상남도 창원시 의창구 소답동,중상사고,0,1,0,0,차대사람 - 횡단중,안전운전불이행,건조,맑음,교차로 - 교차로안,승용,여,37세,상해없음,보행자,여,84세,중상
2016061800100157,2016년 6월 18일 09시,토요일,경상남도 창원시 진해구 여좌동,중상사고,0,2,2,0,차대차 - 측면직각충돌,신호위반,건조,맑음,기타 - 기타,승용,여,24세,경상,승용,남,58세,경상
2016061800100158,2016년 6월 18일 09시,토요일,경상남도 창원시 마산회원구 양덕동,경상사고,0,0,1,0,차대차 - 측면충돌,안전운전불이행,건조,맑음,단일로 - 기타,화물,남,53세,상해없음,승용,남,61세,경상
2016061800100197,2016년 6월 18일 11시,토요일,경상남도 양산시 하북면,경상사고,0,0,1,1,차대차 - 측면직각충돌,안전거리미확보,건조,맑음,단일로 - 기타,승합,남,41세,상해없음,승용,여,55세,경상
2016061800100211,2016년 6월 18일 11시,토요일,경상남도 창원시 마산합포구 완월동,중상사고,0,1,0,0,차대사람 - 횡단중,안전운전불이행,건조,맑음,단일로 - 기타,승용,여,53세,상해없음,보행자,남,5세,중상
2016061800100212,2016년 6월 18일 11시,토요일,경상남도 사천시 송포동,중상사고,0,2,0,1,차대차 - 추돌,안전운전불이행,건조,맑음,교차로 - 교차로부근,승용,여,38세,상해없음,승용,남,60세,중상
2016061800100213,2016년 6월 18일 11시,토요일,경상남도 밀양시 내이동,경상사고,0,0,1,0,차대사람 - 횡단중,안전운전불이행,건조,맑음,단일로 - 기타,승용,여,31세,상해없음,보행자,남,57세,경상
2016061800100214,2016년 6월 18일 11시,토요일,경상남도 창녕군 남지읍,중상사고,0,1,1,0,차대차 - 측면직각충돌,안전운전불이행,건조,맑음,단일로 - 기타,화물,남,67세,경상,화물,남,46세,중상
2016061800100249,2016년 6월 18일 12시,토요일,경상남도 사천시 사천읍,경상사고,0,0,2,0,차대차 - 측면충돌,기타,건조,맑음,교차로 - 교차로부근,이륜,남,60세,경상,승용,남,36세,상해없음
2016061800100250,2016년 6월 18일 12시,토요일,경상남도 창녕군 영산면,중상사고,0,1,1,0,차대사람 - 기타,중앙선침범,건조,맑음,단일로 - 기타,승용,남,23세,상해없음,보행자,여,50세,중상
2016061800100287,2016년 6월 18일 13시,토요일,경상남도 산청군 단성면,경상사고,0,0,1,0,차대차 - 기타,안전운전불이행,건조,맑음,교차로 - 교차로부근,화물,남,40세,경상,승합,남,33세,상해없음
2016061800100288,2016년 6월 18일 13시,토요일,경상남도 창원시 마산회원구 석전동,경상사고,0,0,1,0,차대사람 - 기타,안전운전불이행,건조,맑음,교차로 - 교차로부근,승용,남,82세,상해없음,보행자,남,72세,경상
2016061800100289,2016년 6월 18일 13시,토요일,경상남도 진주시 문산읍,중상사고,0,2,0,0,차대차 - 추돌,안전운전불이행,건조,맑음,단일로 - 기타,승용,여,25세,상해없음,승용,남,56세,중상
2016061800100331,2016년 6월 18일 14시,토요일,경상남도 창원시 진해구 석동,경상사고,0,0,1,0,차대차 - 측면충돌,안전운전불이행,건조,맑음,교차로 - 교차로부근,원동기,남,44세,경상,승용,남,21세,상해없음
2016061800100371,2016년 6월 18일 15시,토요일,경상남도 김해시 내동,중상사고,0,1,0,0,차대차 - 기타,안전운전불이행,건조,맑음,교차로 - 교차로부근,화물,남,44세,상해없음,자전거,남,82세,중상
2016061800100372,2016년 6월 18일 15시,토요일,경상남도 창원시 마산회원구 양덕동,중상사고,0,1,0,0,차대차 - 측면충돌,안전운전불이행,건조,맑음,단일로 - 기타,승용,남,26세,상해없음,승용,남,28세,중상
2016061800100414,2016년 6월 18일 16시,토요일,경상남도 창원시 의창구 봉곡동,경상사고,0,0,2,0,차대차 - 측면직각충돌,신호위반,건조,맑음,교차로 - 교차로안,승용,남,56세,경상,승용,남,42세,경상
2016061800100449,2016년 6월 18일 17시,토요일,경상남도 사천시 축동면,경상사고,0,0,1,0,차대차 - 추돌,안전운전불이행,건조,맑음,교차로 - 교차로부근,승용,남,73세,상해없음,승용,남,36세,상해없음
2016061800100450,2016년 6월 18일 17시,토요일,경상남도 밀양시 무안면,중상사고,0,1,0,0,차대사람 - 횡단중,안전운전불이행,건조,맑음,단일로 - 기타,승용,여,35세,상해없음,보행자,여,57세,중상
2016061800100451,2016년 6월 18일 17시,토요일,경상남도 하동군 진교면,중상사고,0,1,0,0,차대사람 - 기타,안전운전불이행,건조,맑음,기타 - 기타,화물,남,39세,상해없음,보행자,남,87세,중상
2016061800100452,2016년 6월 18일 17시,토요일,경상남도 창원시 성산구 대방동,경상사고,0,0,2,0,차대차 - 추돌,안전운전불이행,건조,맑음,교차로 - 교차로안,승용,남,59세,상해없음,승용,여,29세,경상
2016061800100453,2016년 6월 18일 17시,토요일,경상남도 창원시 마산회원구 양덕동,사망사고,1,0,0,0,차대사람 - 횡단중,신호위반,건조,맑음,단일로 - 횡단보도상,건설기계,남,51세,상해없음,보행자,남,5세,사망
2016061800100500,2016년 6월 18일 18시,토요일,경상남도 김해시 외동,경상사고,0,0,1,0,차대차 - 기타,안전운전불이행,건조,맑음,교차로 - 교차로안,이륜,남,18세,경상,승용,여,58세,상해없음
2016061800100501,2016년 6월 18일 18시,토요일,경상남도 양산시 중부동,경상사고,0,0,1,0,차대차 - 추돌,안전운전불이행,건조,맑음,단일로 - 기타,자전거,남,18세,경상,승용,여,48세,상해없음
2016061800100526,2016년 6월 18일 19시,토요일,경상남도 김해시 내동,경상사고,0,0,1,0,차대차 - 측면충돌,직진우회전진행방해,건조,맑음,교차로 - 교차로안,승용,여,43세,상해없음,원동기,남,53세,경상
2016061800100552,2016년 6월 18일 20시,토요일,경상남도 통영시 당동,경상사고,0,0,1,0,차대차 - 정면충돌,안전운전불이행,습기,비,교차로 - 교차로안,화물,남,41세,상해없음,이륜,남,24세,경상
2016061800100553,2016년 6월 18일 20시,토요일,경상남도 창원시 성산구 상남동,중상사고,0,1,0,0,차대차 - 측면직각충돌,안전운전불이행,건조,맑음,단일로 - 기타,승용,여,45세,상해없음,이륜,남,27세,중상
2016061800100586,2016년 6월 18일 21시,토요일,경상남도 진주시 판문동,경상사고,0,0,1,0,차대차 - 측면충돌,안전운전불이행,건조,흐림,단일로 - 기타,승합,남,46세,상해없음,화물,남,64세,경상
2016061800100587,2016년 6월 18일 21시,토요일,경상남도 진주시 상대동,중상사고,0,1,4,0,차대차 - 측면충돌,직진우회전진행방해,습기,맑음,교차로 - 교차로안,승용,남,30세,경상,화물,남,48세,경상
2016061800100588,2016년 6월 18일 21시,토요일,경상남도 김해시 어방동,부상신고사고,0,0,0,1,차대차 - 측면충돌,안전운전불이행,건조,맑음,단일로 - 기타,원동기,남,18세,부상신고,승용,남,28세,상해없음
2016061800100620,2016년 6월 18일 22시,토요일,경상남도 양산시 중부동,중상사고,0,1,0,0,차대사람 - 횡단중,신호위반,건조,맑음,교차로 - 교차로안,이륜,남,16세,상해없음,보행자,여,71세,중상
2016061800100647,2016년 6월 18일 23시,토요일,경상남도 함양군 백전면,경상사고,0,0,1,0,차량단독 - 전도전복,안전운전불이행,건조,맑음,단일로 - 기타,화물,남,63세,경상,,,,
2016061900100014,2016년 6월 19일 00시,일요일,경상남도 고성군 고성읍,중상사고,0,2,1,0,차대차 - 측면직각충돌,교차로운행방법위반,습기,비,교차로 - 교차로안,승용,남,56세,상해없음,승용,여,37세,경상