사고번호,사고일시,요일,시군구,사고내용,사망자수,중상자수,경상자수,부상신고자수,사고유형,법규위반,노면상태,기상상태,도로형태,가해운전자 차종,가해운전자 성별,가해운전자 연령,가해운전자 상해정도,피해운전자 차종,피해운전자 성별,피해운전자 연령,피해운전자 상해정도
2016061900100015,2016년 6월 19일 00시,일요일,경상남도 거제시 옥포동,경상사고,0,0,1,0,차대차 - 추돌,안전운전불이행,기타,비,기타 - 기타,승용,남,41세,상해없음,승용,남,33세,상해없음
2016061900100032,2016년 6월 19일 01시,일요일,경상남도 양산시 중부동,경상사고,0,0,1,0,차대차 - 추돌,안전운전불이행,습기,비,단일로 - 기타,승용,여,23세,상해없음,승용,남,51세,경상
2016061900100033,2016년 6월 19일 01시,일요일,경상남도 창원시 성산구 가음정동,경상사고,0,0,1,0,차대차 - 정면충돌,안전운전불이행,습기,비,단일로 - 기타,승용,남,42세,상해없음,승용,남,36세,경상
2016061900100049,2016년 6월 19일 02시,일요일,경상남도 김해시 삼계동,경상사고,0,0,2,0,차대차 - 추돌,안전운전불이행,습기,비,단일로 - 기타,승용,남,47세,상해없음,승용,남,58세,경상
2016061900100050,2016년 6월 19일 02시,일요일,경상남도 남해군 삼동면,사망사고,1,0,0,0,차대사람 - 횡단중,안전운전불이행,습기,비,단일로 - 기타,화물,남,63세,상해없음,보행자,남,64세,사망
2016061900100068,2016년 6월 19일 03시,일요일,경상남도 진주시 동성동,중상사고,0,1,0,0,차대차 - 추돌,안전운전불이행,건조,맑음,교차로 - 교차로부근,승용,남,29세,상해없음,승용,남,33세,중상
2016061900100083,2016년 6월 19일 04시,일요일,경상남도 통영시 광도면,경상사고,0,0,3,0,차대차 - 측면직각충돌,신호위반,습기,흐림,교차로 - 교차로안,승용,여,27세,경상,승용,남,64세,경상
2016061900100099,2016년 6월 19일 05시,일요일,경상남도 사천시 정동면,중상사고,0,1,0,0,차량단독 - 전도전복,안전운전불이행,건조,맑음,교차로 - 교차로부근,원동기,남,77세,중상,,,,
2016061900100122,2016년 6월 19일 07시,일요일,경상남도 진주시 상대동,중상사고,0,2,0,0,차대차 - 측면직각충돌,직진우회전진행방해,건조,맑음,교차로 - 교차로안,승용,남,49세,상해없음,이륜,남,20세,중상
2016061900100141,2016년 6월 19일 08시,일요일,경상남도 양산시 북부동,경상사고,0,0,1,0,차대차 - 정면충돌,교차로운행방법위반,건조,맑음,교차로 - 교차로안,승용,남,71세,상해없음,승용,남,58세,상해없음
2016061900100186,2016년 6월 19일 11시,일요일,경상남도 사천시 동금동,경상사고,0,0,1,0,차대차 - 측면충돌,직진우회전진행방해,건조,맑음,교차로 - 교차로안,이륜,남,61세,경상,승용,남,68세,상해없음
2016061900100210,2016년 6월 19일 12시,일요일,경상남도 사천시 서동,경상사고,0,0,1,0,차량단독 - 공작물충돌,안전운전불이행,건조,맑음,단일로 - 기타,화물,남,50세,경상,,,,
2016061900100285,2016년 6월 19일 15시,일요일,경상남도 사천시 서동,경상사고,0,0,1,0,차대사람 - 횡단중,안전운전불이행,건조,맑음,단일로 - 기타,승용,남,48세,상해없음,보행자,여,44세,경상
2016061900100286,2016년 6월 19일 15시,일요일,경상남도 창원시 의창구 반계동,중상사고,0,1,0,0,차량단독 - 공작물충돌,안전운전불이행,건조,맑음,단일로 - 기타,원동기,남,40세,중상,,,,
2016061900100287,2016년 6월 19일 15시,일요일,경상남도 진주시 평거동,중상사고,0,2,0,0,차대차 - 측면직각충돌,안전운전불이행,건조,맑음,단일로 - 기타,승용,남,35세,상해없음,승용,남,26세,중상
2016061900100356,2016년 6월 19일 17시,일요일,경상남도 창원시 의창구 소계동,경상사고,0,0,2,1,차대차 - 측면충돌,안전운전불이행,건조,맑음,단일로 - 기타,승합,남,71세,부상신고,승합,남,53세,경상
2016061900100415,2016년 6월 19일 19시,일요일,경상남도 김해시 외동,부상신고사고,0,0,0,1,차대차 - 측면충돌,안전운전불이행,건조,흐림,교차로 - 교차로안,이륜,남,59세,부상신고,승합,남,44세,상해없음
2016061900100466,2016년 6월 19일 21시,일요일,경상남도 밀양시 하남읍,경상사고,0,0,2,0,차대차 - 측면직각충돌,안전운전불이행,건조,흐림,교차로 - 교차로안,승용,여,22세,상해없음,승용,남,70세,경상
2016061900100506,2016년 6월 19일 23시,일요일,경상남도 통영시 광도면,경상사고,0,0,2,0,차대차 - 추돌,안전거리미확보,건조,맑음,단일로 - 기타,승합,남,47세,상해없음,승용,남,71세,상해없음
2016062000100055,2016년 6월 20일 06시,월요일,경상남도 창원시 진해구 자은동,중상사고,0,1,3,0,차대차 - 측면충돌,신호위반,건조,맑음,교차로 - 교차로안,승용,남,58세,중상,승용,남,66세,경상
2016062000100056,2016년 6월 20일 06시,월요일,경상남도 양산시 물금읍,경상사고,0,0,1,0,차대차 - 정면충돌,교차로운행방법위반,습기,흐림,교차로 - 교차로안,승합,남,52세,상해없음,승용,여,28세,경상
2016062000100085,2016년 6월 20일 07시,월요일,경상남도 창원시 성산구 내동,경상사고,0,0,1,0,차대차 - 추돌,안전운전불이행,건조,맑음,단일로 - 기타,승용,여,27세,상해없음,승용,남,32세,경상
2016062000100086,2016년 6월 20일 07시,월요일,경상남도 김해시 장유면,경상사고,0,0,2,0,차대차 - 측면충돌,안전운전불이행,건조,맑음,단일로 - 기타,승용,남,39세,상해없음,승용,남,37세,경상
2016062000100133,2016년 6월 20일 08시,월요일,경상남도 진주시 본성동,중상사고,0,1,1,0,차대차 - 추돌,안전거리미확보,건조,맑음,단일로 - 기타,화물,남,54세,상해없음,승용,남,45세,경상
2016062000100134,2016년 6월 20일 08시,월요일,경상남도 진주시 주약동,중상사고,0,2,0,0,차대사람 - 횡단중,안전운전불이행,건조,맑음,단일로 - 기타,승용,여,55세,상해없음,보행자,남,72세,중상
2016062000100162,2016년 6월 20일 09시,월요일,경상남도 의령군 대의면,경상사고,0,0,1,0,차량단독 - 공작물충돌,안전운전불이행,건조,맑음,단일로 - 기타,승용,여,55세,경상,,,,
2016062000100195,2016년 6월 20일 10시,월요일,경상남도 창원시 마산합포구 장군동5가,경상사고,0,0,1,0,차대차 - 측면직각충돌,안전운전불이행,건조,맑음,교차로 - 교차로안,화물,남,68세,상해없음,승용,여,38세,경상
2016062000100196,2016년 6월 20일 10시,월요일,경상남도 남해군 고현면,중상사고,0,4,0,0,차대차 - 정면충돌,중앙선침범,습기,비,단일로 - 기타,승용,남,53세,중상,승용,남,68세,중상
2016062000100227,2016년 6월 20일 11시,월요일,경상남도 진주시 주약동,중상사고,0,3,0,0,차대차 - 정면충돌,중앙선침범,건조,맑음,단일로 - 기타,승용,남,48세,상해없음,승용,남,53세,중상
2016062000100228,2016년 6월 20일 11시,월요일,경상남도 김해시 삼정동,중상사고,0,1,0,1,차대차 - 측면충돌,안전운전불이행,건조,맑음,교차로 - 교차로안,승용,여,44세,기타불명,승용,여,31세,중상
2016062000100229,2016년 6월 20일 11시,월요일,경상남도 합천군 합천읍,경상사고,0,0,1,0,차대차 - 측면충돌,안전운전불이행,건조,맑음,단일로 - 기타,자전거,여,66세,경상,승용,여,48세,상해없음
2016062000100230,2016년 6월 20일 11시,월요일,경상남도 창원시 성산구 신촌동,중상사고,0,1,0,0,차대사람 - 기타,중앙선침범,건조,맑음,단일로 - 기타,승용,남,56세,상해없음,보행자,남,30세,중상
2016062000100263,2016년 6월 20일 12시,월요일,경상남도 통영시 무전동,사망사고,1,0,0,0,차량단독 - 공작물충돌,안전운전불이행,습기,비,단일로 - 기타,승용,여,57세,사망,,,,
2016062000100264,2016년 6월 20일 12시,월요일,경상남도 김해시 어방동,경상사고,0,0,1,1,차대차 - 측면직각충돌,안전운전불이행,건조,맑음,교차로 - 교차로안,승용,여,47세,부상신고,승용,남,33세,경상
2016062000100265,2016년 6월 20일 12시,월요일,경상남도 거제시 사등면,중상사고,0,1,0,0,차량단독 - 전도전복,안전운전불이행,습기,비,단일로 - 기타,화물,남,58세,중상,,,,
2016062000100303,2016년 6월 20일 13시,월요일,경상남도 창녕군 창녕읍,중상사고,0,2,0,0,차대차 - 측면직각충돌,직진우회전진행방해,건조,흐림,교차로 - 교차로안,승용,남,62세,상해없음,이륜,남,71세,중상
2016062000100304,2016년 6월 20일 13시,월요일,경상남도 양산시 산막동,중상사고,0,1,0,1,차대차 - 정면충돌,안전운전불이행,습기,흐림,단일로 - 기타,승용,남,29세,부상신고,승용,여,47세,중상
2016062000100305,2016년 6월 20일 13시,월요일,경상남도 거제시 옥포동,중상사고,0,1,0,0,차대사람 - 횡단중,신호위반,습기,비,단일로 - 횡단보도상,승용,여,60세,상해없음,보행자,여,15세,중상
2016062000100306,2016년 6월 20일 13시,월요일,경상남도 김해시 진영읍,경상사고,0,0,1,0,차대차 - 추돌,안전운전불이행,건조,맑음,단일로 - 기타,승용,여,62세,상해없음,농기계,남,72세,경상
2016062000100347,2016년 6월 20일 14시,월요일,경상남도 창원시 진해구 경화동,경상사고,0,0,3,0,차대차 - 측면직각충돌,직진우회전진행방해,건조,맑음,교차로 - 교차로안,승용,남,28세,경상,승용,남,28세,경상
2016062000100348,2016년 6월 20일 14시,월요일,경상남도 함양군 함양읍,경상사고,0,0,3,0,차대차 - 측면직각충돌,안전운전불이행,건조,맑음,교차로 - 교차로부근,화물,여,38세,상해없음,승용,여,37세,경상
2016062000100394,2016년 6월 20일 15시,월요일,경상남도 통영시 광도면,경상사고,0,0,3,0,차대차 - 측면충돌,신호위반,건조,맑음,교차로 - 교차로안,승용,남,51세,상해없음,승용,남,47세,경상
2016062000100395,2016년 6월 20일 15시,월요일,경상남도 양산시 동면,경상사고,0,0,1,0,차대차 - 기타,안전거리미확보,건조,맑음,단일로 - 기타,화물,남,44세,상해없음,화물,남,52세,경상
2016062000100432,2016년 6월 20일 16시,월요일,경상남도 김해시 내동,중상사고,0,1,0,0,차대사람 - 횡단중,보행자보호의무위반,건조,맑음,교차로 - 교차로안,승용,남,48세,상해없음,보행자,여,17세,중상
2016062000100433,2016년 6월 20일 16시,월요일,경상남도 양산시 동면,경상사고,0,0,1,0,차대사람 - 기타,기타,건조,맑음,단일로 - 기타,승합,남,52세,상해없음,보행자,여,81세,경상
2016062000100483,2016년 6월 20일 17시,월요일,경상남도 진주시 하대동,중상사고,0,1,1,0,차대차 - 추돌,안전운전불이행,건조,맑음,단일로 - 기타,승용,남,46세,상해없음,승용,여,54세,중상
2016062000100484,2016년 6월 20일 17시,월요일,경상남도 하동군 고전면,경상사고,0,0,2,0,차대차 - 정면충돌,중앙선침범,건조,맑음,단일로 - 기타,승용,여,42세,경상,승용,남,61세,경상
2016062000100485,2016년 6월 20일 17시,월요일,경상남도 거제시 거제면,경상사고,0,0,1,0,차대사람 - 횡단중,안전운전불이행,기타,비,단일로 - 기타,승합,남,36세,상해없음,보행자,여,61세,경상
2016062000100486,2016년 6월 20일 17시,월요일,경상남도 거제시 능포동,경상사고,0,0,1,0,차대차 - 기타,안전운전불이행,건조,맑음,단일로 - 기타,승용,남,61세,상해없음,승용,남,49세,경상
2016062000100508,2016년 6월 20일 18시,월요일,경상남도 양산시 하북면,경상사고,0,0,1,0,차대차 - 기타,안전거리미확보,건조,흐림,단일로 - 기타,승용,여,56세,상해없음,승용,남,23세,경상
2016062000100563,2016년 6월 20일 19시,월요일,경상남도 창원시 마산합포구 현동,중상사고,0,2,0,0,차대차 - 측면직각충돌,신호위반,건조,흐림,교차로 - 교차로안,승용,남,39세,상해없음,승용,여,42세,중상
2016062000100615,2016년 6월 20일 21시,월요일,경상남도 창원시 마산합포구 중앙동3가,경상사고,0,0,1,0,차대차 - 추돌,안전거리미확보,건조,맑음,교차로 - 교차로부근,승합,남,56세,상해없음,승용,여,62세,경상
2016062000100616,2016년 6월 20일 21시,월요일,경상남도 양산시 덕계동,중상사고,0,1,0,0,차대차 - 기타,기타,습기,흐림,단일로 - 기타,승용,남,33세,상해없음,자전거,남,40세,중상
2016062000100617,2016년 6월 20일 21시,월요일,경상남도 김해시 진영읍,경상사고,0,0,1,0,차대차 - 기타,안전운전불이행,습기,비,교차로 - 교차로안,승용,여,46세,상해없음,승용,여,38세,경상
2016062000100642,2016년 6월 20일 22시,월요일,경상남도 진주시 평거동,경상사고,0,0,2,0,차대차 - 기타,직진우회전진행방해,건조,맑음,교차로 - 교차로안,승용,남,47세,상해없음,승용,여,54세,경상
2016062000100643,2016년 6월 20일 22시,월요일,경상남도 거제시 장승포동,경상사고,0,0,1,0,차대차 - 기타,안전운전불이행,습기,비,단일로 - 기타,승합,남,40세,상해없음,승용,남,54세,경상
2016062000100644,2016년 6월 20일 22시,월요일,경상남도 창원시 성산구 양곡동,경상사고,0,0,2,0,차대차 - 추돌,안전운전불이행,습기,비,단일로 - 기타,승용,남,55세,상해없음,승용,남,23세,경상
2016062000100664,2016년 6월 20일 23시,월요일,경상남도 양산시 동면,경상사고,0,0,5,0,차대차 - 정면충돌,안전거리미확보,습기,비,단일로 - 기타,승용,남,23세,경상,승용,남,34세,경상
2016062000100665,2016년 6월 20일 23시,월요일,경상남도 창원시 성산구 내동,사망사고,1,0,0,0,차대사람 - 보도통행중,안전운전불이행,습기,흐림,기타 - 기타,승용,여,33세,상해없음,보행자,남,38세,사망
2016062100100050,2016년 6월 21일 05시,화요일,경상남도 창원시 의창구 소답동,경상사고,0,0,1,0,차대차 - 추돌,안전거리미확보,습기,흐림,단일로 - 기타,화물,남,54세,상해없음,승용,남,62세,경상
2016062100100061,2016년 6월 21일 06시,화요일,경상남도 김해시 주촌면,경상사고,0,0,1,0,차대차 - 측면직각충돌,안전운전불이행,습기,비,교차로 - 교차로안,건설기계,남,59세,상해없음,승용,남,25세,경상
2016062100100091,2016년 6월 21일 07시,화요일,경상남도 사천시 축동면,경상사고,0,0,1,1,차대차 - 측면충돌,직진우회전진행방해,건조,맑음,교차로 - 교차로안,승용,여,53세,경상,특수,남,48세,상해없음
2016062100100092,2016년 6월 21일 07시,화요일,경상남도 거제시 연초면,중상사고,0,1,0,0,차대차 - 기타,중앙선침범,습기,비,단일로 - 기타,승용,남,48세,상해없음,승용,남,59세,중상
2016062100100093,2016년 6월 21일 07시,화요일,경상남도 김해시 장유면,경상사고,0,0,3,0,차대차 - 추돌,안전운전불이행,습기,비,단일로 - 기타,승용,남,38세,경상,승용,남,44세,상해없음
2016062100100094,2016년 6월 21일 07시,화요일,경상남도 김해시 장유면,경상사고,0,0,1,0,차대차 - 추돌,안전거리미확보,습기,비,단일로 - 기타,승용,남,26세,상해없음,승용,여,25세,경상
2016062100100124,2016년 6월 21일 08시,화요일,경상남도 통영시 동호동,중상사고,0,1,0,0,차대사람 - 횡단중,안전운전불이행,건조,맑음,단일로 - 기타,승용,남,38세,상해없음,보행자,남,64세,중상
2016062100100125,2016년 6월 21일 08시,화요일,경상남도 김해시 구산동,중상사고,0,1,0,0,차대사람 - 횡단중,안전운전불이행,습기,비,교차로 - 교차로부근,승용,남,45세,상해없음,보행자,남,13세,중상
2016062100100126,2016년 6월 21일 08시,화요일,경상남도 김해시 장유면,중상사고,0,1,0,0,차대사람 - 횡단중,신호위반,습기,비,교차로 - 교차로부근,승용,남,33세,상해없음,보행자,여,38세,중상
2016062100100164,2016년 6월 21일 09시,화요일,경상남도 김해시 상동면,경상사고,0,0,1,0,차대차 - 추돌,안전운전불이행,건조,맑음,단일로 - 기타,승용,남,76세,상해없음,승용,남,31세,경상
2016062100100206,2016년 6월 21일 10시,화요일,경상남도 진주시 옥봉동,중상사고,0,1,1,0,차대차 - 측면충돌,중앙선침범,습기,비,단일로 - 기타,화물,남,60세,경상,승용,남,47세,중상
2016062100100207,2016년 6월 21일 10시,화요일,경상남도 고성군 회화면,경상사고,0,0,2,0,차대차 - 추돌,안전거리미확보,습기,흐림,단일로 - 기타,승용,여,55세,상해없음,승용,남,23세,경상
2016062100100208,2016년 6월 21일 10시,화요일,경상남도 창원시 의창구 동읍,경상사고,0,0,7,0,차대차 - 측면충돌,신호위반,습기,흐림,교차로 - 교차로안,화물,남,61세,상해없음,승용,여,51세,경상
2016062100100235,2016년 6월 21일 11시,화요일,경상남도 거제시 장평동,중상사고,0,1,0,0,차대차 - 기타,안전운전불이행,건조,맑음,기타 - 기타,승용,남,33세,상해없음,승용,남,42세,중상
2016062100100236,2016년 6월 21일 11시,화요일,경상남도 창원시 의창구 대산면,경상사고,0,0,1,0,차대차 - 측면충돌,차로위반,건조,흐림,단일로 - 기타,승용,남,57세,상해없음,원동기,남,57세,경상
2016062100100271,2016년 6월 21일 12시,화요일,경상남도 거창군 거창읍,중상사고,0,1,1,0,차대차 - 측면충돌,교차로운행방법위반,건조,맑음,교차로 - 교차로안,승용,여,34세,경상,승용,여,59세,중상
2016062100100272,2016년 6월 21일 12시,화요일,경상남도 함양군 마천면,중상사고,0,1,0,0,차대사람 - 횡단중,불법유턴,건조,맑음,단일로 - 기타,화물,남,46세,상해없음,보행자,여,70세,중상
2016062100100292,2016년 6월 21일 13시,화요일,경상남도 창원시 마산합포구 해운동,경상사고,0,0,1,0,차대차 - 측면직각충돌,안전운전불이행,습기,비,교차로 - 교차로안,승용,여,42세,경상,화물,남,67세,상해없음
2016062100100293,2016년 6월 21일 13시,화요일,경상남도 거창군 신원면,부상신고사고,0,0,0,1,차대차 - 추돌,안전운전불이행,건조,맑음,단일로 - 기타,이륜,남,77세,부상신고,승용,남,46세,상해없음
2016062100100328,2016년 6월 21일 14시,화요일,경상남도 창원시 성산구 외동,중상사고,0,1,0,0,차대차 - 추돌,안전운전불이행,건조,맑음,교차로 - 교차로부근,승합,남,57세,상해없음,승용,남,28세,중상
2016062100100367,2016년 6월 21일 15시,화요일,경상남도 남해군 남해읍,부상신고사고,0,0,0,1,차대차 - 측면충돌,안전운전불이행,건조,맑음,교차로 - 교차로안,승용,여,47세,부상신고,화물,남,43세,상해없음
2016062100100368,2016년 6월 21일 15시,화요일,경상남도 김해시 장유면,경상사고,0,0,1,0,차대차 - 측면충돌,안전운전불이행,건조,맑음,교차로 - 교차로안,승용,여,32세,상해없음,이륜,남,34세,경상
2016062100100397,2016년 6월 21일 16시,화요일,경상남도 함안군 칠원읍,중상사고,0,1,0,0,차량단독 - 공작물충돌,안전운전불이행,건조,맑음,단일로 - 기타,승용,여,46세,중상,,,,
2016062100100442,2016년 6월 21일 17시,화요일,경상남도 진주시 상대동,중상사고,0,1,0,0,차대차 - 측면충돌,안전운전불이행,건조,맑음,단일로 - 기타,자전거,남,51세,중상,화물,남,61세,상해없음
2016062100100443,2016년 6월 21일 17시,화요일,경상남도 양산시 평산동,경상사고,0,0,1,0,차대차 - 측면직각충돌,안전운전불이행,건조,맑음,단일로 - 기타,화물,남,35세,상해없음,자전거,남,13세,경상
2016062100100444,2016년 6월 21일 17시,화요일,경상남도 고성군 고성읍,경상사고,0,0,1,0,차대차 - 측면직각충돌,교차로운행방법위반,건조,맑음,교차로 - 교차로안,승용,여,38세,상해없음,승용,남,47세,경상
2016062100100445,2016년 6월 21일 17시,화요일,경상남도 남해군 설천면,부상신고사고,0,0,0,1,차량단독 - 전도전복,안전운전불이행,건조,흐림,단일로 - 기타,농기계,남,74세,부상신고,,,,
2016062100100487,2016년 6월 21일 18시,화요일,경상남도 밀양시 상남면,중상사고,0,1,0,0,차대차 - 정면충돌,신호위반,건조,맑음,교차로 - 교차로안,승용,남,29세,상해없음,자전거,남,76세,중상
2016062100100488,2016년 6월 21일 18시,화요일,경상남도 김해시 내동,경상사고,0,0,1,0,차대사람 - 횡단중,안전운전불이행,건조,맑음,단일로 - 기타,승용,여,49세,상해없음,보행자,여,7세,경상
2016062100100489,2016년 6월 21일 18시,화요일,경상남도 김해시 내동,중상사고,0,2,0,0,차대차 - 측면충돌,교차로운행방법위반,건조,맑음,교차로 - 교차로안,승용,남,48세,상해없음,승용,여,30세,중상
2016062100100490,2016년 6월 21일 18시,화요일,경상남도 남해군 남해읍,중상사고,0,1,0,0,차대사람 - 횡단중,안전운전불이행,건조,맑음,단일로 - 횡단보도상,승용,여,48세,상해없음,보행자,남,32세,중상
2016062100100518,2016년 6월 21일 19시,화요일,경상남도 창원시 마산합포구 해운동,부상신고사고,0,0,0,1,차대차 - 기타,신호위반,건조,맑음,교차로 - 교차로안,원동기,남,79세,부상신고,승용,여,31세,상해없음
2016062100100519,2016년 6월 21일 19시,화요일,경상남도 창원시 진해구 석동,경상사고,0,0,1,0,차대사람 - 차도통행중,교차로운행방법위반,습기,비,교차로 - 교차로안,승용,남,61세,상해없음,보행자,남,4세,경상
2016062100100520,2016년 6월 21일 19시,화요일,경상남도 양산시 물금읍,중상사고,0,1,0,0,차대차 - 측면충돌,안전운전불이행,건조,맑음,교차로 - 교차로부근,화물,남,37세,상해없음,이륜,남,26세,중상
2016062100100521,2016년 6월 21일 19시,화요일,경상남도 거제시 능포동,중상사고,0,1,0,0,차대차 - 추돌,안전운전불이행,습기,비,기타 - 기타,승용,남,27세,상해없음,자전거,남,37세,중상
2016062100100522,2016년 6월 21일 19시,화요일,경상남도 김해시 풍유동,부상신고사고,0,0,0,1,차량단독 - 전도전복,안전운전불이행,건조,맑음,단일로 - 기타,이륜,남,45세,부상신고,,,,
2016062100100555,2016년 6월 21일 20시,화요일,경상남도 통영시 광도면,경상사고,0,0,1,0,차대차 - 추돌,안전운전불이행,건조,흐림,단일로 - 기타,화물,남,42세,상해없음,승용,남,27세,경상
2016062100100609,2016년 6월 21일 22시,화요일,경상남도 창원시 성산구 외동,중상사고,0,2,0,0,차대차 - 추돌,안전운전불이행,습기,비,단일로 - 기타,승용,여,48세,상해없음,승용,남,46세,중상
2016062100100631,2016년 6월 21일 23시,화요일,경상남도 합천군 가야면,사망사고,1,0,0,0,차대사람 - 기타,안전운전불이행,건조,맑음,단일로 - 기타,화물,남,64세,상해없음,보행자,여,62세,사망
2016062100100632,2016년 6월 21일 23시,화요일,경상남도 창원시 의창구 봉곡동,중상사고,0,1,0,0,차대사람 - 기타,안전운전불이행,건조,맑음,단일로 - 기타,기타불명,기타불명,기타불명,기타불명,보행자,남,21세,중상
2016062200100007,2016년 6월 22일 00시,수요일,경상남도 양산시 삼호동,경상사고,0,0,2,0,차대차 - 측면직각충돌,교차로운행방법위반,건조,맑음,교차로 - 교차로안,승용,남,55세,상해없음,화물,남,49세,경상
2016062200100023,2016년 6월 22일 01시,수요일,경상남도 통영시 무전동,사망사고,1,0,0,0,차대사람 - 횡단중,안전운전불이행,습기,흐림,단일로 - 기타,승용,남,37세,상해없음,보행자,여,77세,사망
2016062200100024,2016년 6월 22일 01시,수요일,경상남도 창원시 마산회원구 석전동,중상사고,0,1,0,0,차대사람 - 기타,안전운전불이행,건조,맑음,교차로 - 교차로안,승용,남,58세,상해없음,보행자,남,18세,중상
2016062200100057,2016년 6월 22일 06시,수요일,경상남도 창원시 마산합포구 진동면,경상사고,0,0,1,0,차대차 - 측면충돌,안전운전불이행,습기,흐림,교차로 - 교차로안,원동기,남,70세,경상,승용,여,48세,상해없음
2016062200100058,2016년 6월 22일 06시,수요일,경상남도 창원시 성산구 웅남동,경상사고,0,0,1,0,차대차 - 기타,안전운전불이행,건조,맑음,단일로 - 기타,승용,여,55세,상해없음,승용,남,49세,상해없음
2016062200100077,2016년 6월 22일 07시,수요일,경상남도 창원시 의창구 동읍,경상사고,0,0,2,0,차대차 - 정면충돌,안전운전불이행,건조,맑음,단일로 - 기타,승용,여,48세,상해없음,승용,남,58세,경상
2016062200100119,2016년 6월 22일 08시,수요일,경상남도 거창군 거창읍,경상사고,0,0,1,0,차대차 - 측면충돌,안전운전불이행,건조,맑음,단일로 - 기타,자전거,남,73세,경상,승용,여,20세,상해없음
2016062200100120,2016년 6월 22일 08시,수요일,경상남도 거제시 하청면,중상사고,0,1,0,0,차대차 - 정면충돌,중앙선침범,습기,비,기타 - 기타,승합,여,47세,상해없음,농기계,남,77세,중상
2016062200100121,2016년 6월 22일 08시,수요일,경상남도 창원시 의창구 신월동,중상사고,0,1,0,0,차대차 - 기타,안전운전불이행,건조,흐림,교차로 - 교차로안,승용,여,49세,상해없음,자전거,남,21세,중상
2016062200100147,2016년 6월 22일 09시,수요일,경상남도 김해시 진영읍,중상사고,0,1,0,0,차량단독 - 전도전복,안전운전불이행,건조,맑음,단일로 - 기타,화물,남,18세,상해없음,,,,
2016062200100182,2016년 6월 22일 11시,수요일,경상남도 거제시 장평동,경상사고,0,0,1,0,차대차 - 추돌,안전운전불이행,건조,맑음,단일로 - 기타,승용,남,42세,상해없음,승용,남,34세,경상
2016062200100183,2016년 6월 22일 11시,수요일,경상남도 거제시 연초면,경상사고,0,0,1,0,차대차 - 추돌,안전운전불이행,습기,비,단일로 - 기타,화물,남,70세,상해없음,승용,남,44세,경상
2016062200100184,2016년 6월 22일 11시,수요일,경상남도 거제시 옥포동,중상사고,0,1,0,0,차대사람 - 기타,안전운전불이행,건조,맑음,단일로 - 기타,승용,남,28세,상해없음,보행자,남,60세,중상
2016062200100185,2016년 6월 22일 11시,수요일,경상남도 김해시 장유면,경상사고,0,0,1,0,차량단독 - 전도전복,안전운전불이행,습기,비,교차로 - 교차로부근,승용,여,60세,경상,,,,
2016062200100215,2016년 6월 22일 12시,수요일,경상남도 창원시 진해구 경화동,경상사고,0,0,1,0,차대차 - 측면충돌,안전거리미확보,건조,흐림,단일로 - 기타,승용,여,29세,상해없음,승용,여,65세,경상
2016062200100249,2016년 6월 22일 13시,수요일,경상남도 사천시 곤명면,중상사고,0,1,0,0,차대차 - 측면충돌,안전운전불이행,습기,비,교차로 - 교차로부근,화물,남,55세,상해없음,화물,남,58세,중상
2016062200100250,2016년 6월 22일 13시,수요일,경상남도 하동군 악양면,중상사고,0,2,1,0,차대차 - 측면충돌,중앙선침범,습기,비,기타 - 기타,화물,남,68세,상해없음,승용,남,48세,중상
2016062200100251,2016년 6월 22일 13시,수요일,경상남도 창원시 의창구 동읍,경상사고,0,0,2,0,차대차 - 측면직각충돌,안전운전불이행,습기,비,교차로 - 교차로안,승용,남,69세,상해없음,승합,남,43세,경상
2016062200100286,2016년 6월 22일 14시,수요일,경상남도 창원시 마산합포구 구산면,중상사고,0,1,1,0,차대차 - 정면충돌,중앙선침범,습기,흐림,단일로 - 기타,승용,남,55세,상해없음,화물,남,51세,경상
2016062200100287,2016년 6월 22일 14시,수요일,경상남도 김해시 삼계동,중상사고,0,1,0,0,차량단독 - 공작물충돌,안전운전불이행,습기,흐림,교차로 - 교차로부근,승용,남,61세,상해없음,,,,
2016062200100288,2016년 6월 22일 14시,수요일,경상남도 창녕군 부곡면,중상사고,0,1,0,0,차대차 - 추돌,안전운전불이행,습기,비,교차로 - 교차로부근,화물,남,53세,상해없음,승용,여,50세,중상
2016062200100323,2016년 6월 22일 15시,수요일,경상남도 통영시 광도면,중상사고,0,2,2,0,차대차 - 측면직각충돌,교차로운행방법위반,건조,맑음,교차로 - 교차로안,승용,여,44세,중상,승용,남,59세,중상
2016062200100370,2016년 6월 22일 16시,수요일,경상남도 양산시 상북면,중상사고,0,1,2,0,차대차 - 기타,안전운전불이행,습기,비,단일로 - 기타,승합,남,60세,상해없음,화물,여,45세,상해없음
2016062200100371,2016년 6월 22일 16시,수요일,경상남도 거제시 연초면,경상사고,0,0,2,0,차대차 - 추돌,안전운전불이행,습기,비,단일로 - 기타,승용,남,33세,상해없음,승용,남,41세,경상
2016062200100409,2016년 6월 22일 17시,수요일,경상남도 사천시 사천읍,경상사고,0,0,3,0,차대차 - 측면직각충돌,교차로운행방법위반,건조,맑음,교차로 - 교차로안,승용,여,36세,경상,화물,여,61세,경상