사고번호,사고일시,요일,시군구,사고내용,사망자수,중상자수,경상자수,부상신고자수,사고유형,법규위반,노면상태,기상상태,도로형태,가해운전자 차종,가해운전자 성별,가해운전자 연령,가해운전자 상해정도,피해운전자 차종,피해운전자 성별,피해운전자 연령,피해운전자 상해정도
2016062200100410,2016년 6월 22일 17시,수요일,경상남도 하동군 화개면,경상사고,0,0,1,0,차대차 - 정면충돌,중앙선침범,습기,비,기타 - 기타,승용,남,39세,기타불명,화물,남,44세,경상
2016062200100411,2016년 6월 22일 17시,수요일,경상남도 거제시 고현동,중상사고,0,1,0,0,차대차 - 추돌,차로위반,습기,비,단일로 - 기타,승용,남,24세,상해없음,승합,남,58세,상해없음
2016062200100448,2016년 6월 22일 18시,수요일,경상남도 통영시 도천동,경상사고,0,0,1,0,차대차 - 측면직각충돌,교차로운행방법위반,건조,맑음,교차로 - 교차로안,승용,남,68세,상해없음,승용,남,56세,경상
2016062200100449,2016년 6월 22일 18시,수요일,경상남도 밀양시 상남면,경상사고,0,0,1,0,차대차 - 정면충돌,중앙선침범,습기,비,단일로 - 기타,승용,남,35세,상해없음,승용,여,47세,경상
2016062200100450,2016년 6월 22일 18시,수요일,경상남도 거창군 거창읍,경상사고,0,0,1,0,차량단독 - 전도전복,안전운전불이행,건조,맑음,교차로 - 교차로안,원동기,남,45세,경상,,,,
2016062200100479,2016년 6월 22일 19시,수요일,경상남도 밀양시 교동,중상사고,0,1,0,0,차량단독 - 전도전복,안전운전불이행,습기,비,교차로 - 교차로부근,승용,남,30세,중상,,,,
2016062200100480,2016년 6월 22일 19시,수요일,경상남도 남해군 남해읍,부상신고사고,0,0,0,1,차대사람 - 차도통행중,안전운전불이행,습기,비,단일로 - 기타,화물,여,35세,상해없음,보행자,남,48세,부상신고
2016062200100481,2016년 6월 22일 19시,수요일,경상남도 창원시 성산구 가음동,경상사고,0,0,2,0,차대차 - 추돌,신호위반,건조,맑음,교차로 - 교차로안,승용,여,52세,상해없음,승합,남,42세,경상
2016062200100540,2016년 6월 22일 21시,수요일,경상남도 창원시 마산합포구 자산동,경상사고,0,0,1,0,차대사람 - 횡단중,안전운전불이행,습기,흐림,단일로 - 기타,승용,남,47세,상해없음,보행자,남,60세,경상
2016062200100559,2016년 6월 22일 22시,수요일,경상남도 창원시 성산구 상남동,중상사고,0,1,0,0,차대사람 - 횡단중,보행자보호의무위반,건조,맑음,단일로 - 횡단보도상,승용,남,45세,상해없음,보행자,남,57세,중상
2016062200100586,2016년 6월 22일 23시,수요일,경상남도 창녕군 성산면,중상사고,0,1,0,0,차대차 - 정면충돌,안전운전불이행,건조,맑음,단일로 - 기타,승용,남,36세,중상,승용,남,28세,상해없음
2016062200100587,2016년 6월 22일 23시,수요일,경상남도 창원시 마산회원구 내서읍,경상사고,0,0,1,0,차대차 - 추돌,안전운전불이행,습기,비,단일로 - 기타,화물,남,34세,상해없음,승용,남,29세,경상
2016062300100014,2016년 6월 23일 00시,목요일,경상남도 통영시 미수동,중상사고,0,1,0,0,차대사람 - 기타,안전운전불이행,건조,맑음,단일로 - 기타,승용,여,27세,상해없음,보행자,남,68세,중상
2016062300100037,2016년 6월 23일 02시,목요일,경상남도 김해시 외동,중상사고,0,1,1,0,차대사람 - 횡단중,신호위반,건조,맑음,단일로 - 횡단보도상,승합,남,37세,상해없음,보행자,남,25세,중상
2016062300100052,2016년 6월 23일 04시,목요일,경상남도 김해시 구산동,경상사고,0,0,2,0,차대차 - 추돌,안전운전불이행,건조,맑음,단일로 - 기타,화물,남,64세,상해없음,승용,남,56세,경상
2016062300100070,2016년 6월 23일 06시,목요일,경상남도 창원시 진해구 풍호동,중상사고,0,1,0,0,차대차 - 측면충돌,신호위반,건조,맑음,교차로 - 교차로안,승용,남,67세,상해없음,자전거,남,17세,중상
2016062300100088,2016년 6월 23일 07시,목요일,경상남도 통영시 미수동,중상사고,0,1,1,0,차대차 - 측면직각충돌,교차로운행방법위반,건조,맑음,교차로 - 교차로안,승용,남,51세,상해없음,이륜,남,68세,중상
2016062300100089,2016년 6월 23일 07시,목요일,경상남도 양산시 북부동,중상사고,0,1,1,0,차대차 - 측면충돌,교차로운행방법위반,건조,맑음,교차로 - 교차로안,승용,남,55세,경상,승용,여,57세,중상
2016062300100090,2016년 6월 23일 07시,목요일,경상남도 창원시 성산구 사파동,경상사고,0,0,1,0,차대차 - 추돌,안전거리미확보,건조,맑음,미분류 - 미분류,승용,남,34세,상해없음,승용,여,48세,경상
2016062300100091,2016년 6월 23일 07시,목요일,경상남도 창원시 마산회원구 석전동,경상사고,0,0,1,0,차대차 - 추돌,안전운전불이행,건조,흐림,미분류 - 미분류,승용,남,54세,상해없음,승용,남,55세,상해없음
2016062300100133,2016년 6월 23일 08시,목요일,경상남도 통영시 용남면,중상사고,0,1,0,0,차대차 - 측면직각충돌,교차로운행방법위반,건조,맑음,교차로 - 교차로안,승용,여,41세,상해없음,승용,남,45세,중상
2016062300100169,2016년 6월 23일 09시,목요일,경상남도 창원시 마산합포구 자산동,중상사고,0,1,0,0,차대차 - 추돌,안전운전불이행,건조,맑음,단일로 - 기타,화물,남,64세,상해없음,자전거,남,65세,중상
2016062300100170,2016년 6월 23일 09시,목요일,경상남도 김해시 삼방동,경상사고,0,0,1,0,차대차 - 추돌,안전거리미확보,건조,맑음,교차로 - 교차로부근,화물,남,53세,상해없음,승용,남,54세,경상
2016062300100171,2016년 6월 23일 09시,목요일,경상남도 양산시 북부동,중상사고,0,1,0,0,차대차 - 정면충돌,안전운전불이행,건조,맑음,단일로 - 기타,승용,남,26세,상해없음,승용,여,57세,중상
2016062300100195,2016년 6월 23일 10시,목요일,경상남도 창원시 마산회원구 내서읍,경상사고,0,0,1,0,차대차 - 추돌,안전운전불이행,건조,맑음,교차로 - 교차로안,화물,남,45세,상해없음,화물,남,25세,경상
2016062300100216,2016년 6월 23일 11시,목요일,경상남도 김해시 삼방동,경상사고,0,0,1,0,차대차 - 기타,안전운전불이행,건조,맑음,단일로 - 기타,원동기,남,42세,상해없음,원동기,남,21세,경상
2016062300100245,2016년 6월 23일 12시,목요일,경상남도 창원시 진해구 남양동,중상사고,0,1,0,0,차대차 - 추돌,안전운전불이행,건조,맑음,단일로 - 기타,승용,남,57세,상해없음,승용,남,68세,중상
2016062300100246,2016년 6월 23일 12시,목요일,경상남도 사천시 용강동,경상사고,0,0,1,0,차대차 - 측면직각충돌,안전운전불이행,건조,맑음,교차로 - 교차로안,승용,여,53세,상해없음,이륜,남,42세,경상
2016062300100247,2016년 6월 23일 12시,목요일,경상남도 사천시 대방동,경상사고,0,0,1,0,차량단독 - 전도전복,안전운전불이행,건조,맑음,단일로 - 기타,이륜,남,64세,경상,,,,
2016062300100248,2016년 6월 23일 12시,목요일,경상남도 김해시 내동,중상사고,0,1,3,0,차대차 - 기타,신호위반,건조,맑음,교차로 - 교차로안,승용,남,59세,상해없음,승용,남,74세,경상
2016062300100274,2016년 6월 23일 13시,목요일,경상남도 김해시 동상동,중상사고,0,1,2,0,차대차 - 기타,안전운전불이행,건조,맑음,단일로 - 기타,화물,남,45세,기타불명,화물,여,41세,경상
2016062300100299,2016년 6월 23일 14시,목요일,경상남도 창원시 마산합포구 진동면,사망사고,1,0,0,0,차대차 - 정면충돌,안전운전불이행,건조,맑음,교차로 - 교차로부근,승용,남,54세,상해없음,원동기,남,75세,사망
2016062300100300,2016년 6월 23일 14시,목요일,경상남도 창원시 진해구 경화동,중상사고,0,1,5,0,차대차 - 추돌,안전거리미확보,건조,맑음,단일로 - 기타,승용,남,55세,상해없음,승용,남,57세,상해없음
2016062300100301,2016년 6월 23일 14시,목요일,경상남도 통영시 무전동,경상사고,0,0,1,0,차대차 - 추돌,안전운전불이행,건조,맑음,교차로 - 교차로부근,승용,여,45세,상해없음,승합,남,36세,경상
2016062300100302,2016년 6월 23일 14시,목요일,경상남도 김해시 풍유동,경상사고,0,0,1,0,차대차 - 측면충돌,안전운전불이행,건조,맑음,단일로 - 기타,화물,남,61세,상해없음,승용,남,57세,경상
2016062300100333,2016년 6월 23일 15시,목요일,경상남도 거제시 상동동,중상사고,0,1,0,0,차대차 - 정면충돌,안전운전불이행,건조,맑음,단일로 - 기타,승용,여,40세,상해없음,이륜,남,43세,중상
2016062300100365,2016년 6월 23일 16시,목요일,경상남도 창원시 진해구 화천동,중상사고,0,1,3,0,차대차 - 측면충돌,안전거리미확보,건조,맑음,교차로 - 교차로부근,승용,남,51세,상해없음,승합,남,53세,경상
2016062300100366,2016년 6월 23일 16시,목요일,경상남도 고성군 고성읍,중상사고,0,2,0,0,차대차 - 측면충돌,안전운전불이행,건조,맑음,단일로 - 기타,승용,여,47세,상해없음,승용,여,57세,중상
2016062300100367,2016년 6월 23일 16시,목요일,경상남도 거제시 장승포동,사망사고,1,0,0,0,차대차 - 기타,안전운전불이행,건조,맑음,교차로 - 교차로안,화물,남,50세,상해없음,이륜,남,16세,사망
2016062300100406,2016년 6월 23일 17시,목요일,경상남도 진주시 금산면,경상사고,0,0,1,0,차대차 - 측면직각충돌,기타,건조,맑음,교차로 - 교차로안,화물,남,39세,상해없음,승용,여,46세,경상
2016062300100441,2016년 6월 23일 18시,목요일,경상남도 창원시 진해구 석동,경상사고,0,0,1,0,차대차 - 측면직각충돌,안전거리미확보,건조,맑음,교차로 - 교차로부근,원동기,남,24세,경상,승용,남,47세,상해없음
2016062300100494,2016년 6월 23일 20시,목요일,경상남도 양산시 하북면,중상사고,0,1,0,0,차량단독 - 전도전복,안전운전불이행,건조,맑음,단일로 - 기타,이륜,남,23세,기타불명,,,,
2016062300100495,2016년 6월 23일 20시,목요일,경상남도 함안군 칠원읍,경상사고,0,0,1,0,차대차 - 측면직각충돌,신호위반,건조,맑음,교차로 - 교차로안,승용,여,58세,상해없음,승용,남,46세,경상
2016062300100523,2016년 6월 23일 21시,목요일,경상남도 창원시 진해구 경화동,경상사고,0,0,1,0,차대사람 - 차도통행중,안전운전불이행,건조,맑음,단일로 - 기타,승용,남,25세,상해없음,보행자,남,59세,경상
2016062300100524,2016년 6월 23일 21시,목요일,경상남도 양산시 중부동,경상사고,0,0,1,0,차대차 - 기타,신호위반,건조,맑음,교차로 - 교차로부근,승용,여,26세,상해없음,자전거,남,17세,경상
2016062300100560,2016년 6월 23일 22시,목요일,경상남도 거제시 문동동,부상신고사고,0,0,0,1,차량단독 - 전도전복,기타,건조,맑음,단일로 - 기타,승합,남,49세,기타불명,,,,
2016062300100561,2016년 6월 23일 22시,목요일,경상남도 거제시 옥포동,경상사고,0,0,2,0,차대차 - 측면직각충돌,안전운전불이행,건조,맑음,단일로 - 기타,승용,남,24세,상해없음,승용,여,56세,경상
2016062400100016,2016년 6월 24일 00시,금요일,경상남도 거제시 상동동,중상사고,0,1,0,0,차대차 - 측면충돌,신호위반,건조,맑음,교차로 - 교차로안,승용,남,53세,상해없음,승용,남,37세,중상
2016062400100047,2016년 6월 24일 02시,금요일,경상남도 거제시 장평동,경상사고,0,0,1,0,차대차 - 정면충돌,안전운전불이행,건조,맑음,단일로 - 기타,이륜,남,44세,경상,승용,남,45세,상해없음
2016062400100056,2016년 6월 24일 03시,금요일,경상남도 창원시 진해구 제황산동,중상사고,0,1,0,0,차대차 - 측면충돌,안전운전불이행,건조,맑음,단일로 - 기타,승용,여,60세,상해없음,승용,남,52세,중상
2016062400100119,2016년 6월 24일 07시,금요일,경상남도 창원시 마산합포구 월남동1가,경상사고,0,0,2,0,차대차 - 추돌,안전거리미확보,습기,비,교차로 - 교차로안,승용,남,63세,상해없음,승용,남,63세,경상
2016062400100135,2016년 6월 24일 08시,금요일,경상남도 김해시 진례면,중상사고,0,2,0,0,차대차 - 기타,안전운전불이행,습기,비,단일로 - 기타,기타불명,기타불명,기타불명,기타불명,승용,남,65세,중상
2016062400100162,2016년 6월 24일 08시,금요일,경상남도 밀양시 삼문동,경상사고,0,0,1,0,차대차 - 추돌,안전운전불이행,습기,비,단일로 - 기타,승용,남,56세,상해없음,승용,여,31세,경상
2016062400100163,2016년 6월 24일 08시,금요일,경상남도 합천군 합천읍,중상사고,0,1,0,0,차량단독 - 공작물충돌,안전운전불이행,습기,비,단일로 - 기타,승용,여,26세,상해없음,,,,
2016062400100164,2016년 6월 24일 08시,금요일,경상남도 창원시 마산회원구 내서읍,경상사고,0,0,1,0,차대사람 - 횡단중,보행자보호의무위반,습기,비,단일로 - 횡단보도상,승용,여,41세,상해없음,보행자,남,6세,경상
2016062400100165,2016년 6월 24일 08시,금요일,경상남도 창원시 의창구 도계동,경상사고,0,0,1,0,차대차 - 기타,안전운전불이행,습기,비,단일로 - 기타,승용,여,53세,상해없음,승용,남,61세,경상
2016062400100166,2016년 6월 24일 08시,금요일,경상남도 창원시 의창구 소답동,중상사고,0,1,0,0,차대차 - 측면직각충돌,신호위반,습기,비,교차로 - 교차로안,승용,남,30세,기타불명,승용,여,32세,중상
2016062400100167,2016년 6월 24일 08시,금요일,경상남도 김해시 장유면,경상사고,0,0,1,0,차대차 - 측면직각충돌,중앙선침범,습기,비,교차로 - 교차로부근,화물,남,28세,상해없음,승용,여,51세,경상
2016062400100168,2016년 6월 24일 08시,금요일,경상남도 진주시 지수면,경상사고,0,0,1,0,차량단독 - 전도전복,안전운전불이행,습기,비,단일로 - 기타,승용,남,65세,상해없음,,,,
2016062400100213,2016년 6월 24일 09시,금요일,경상남도 진주시 평안동,중상사고,0,1,2,0,차대차 - 측면직각충돌,신호위반,습기,비,교차로 - 교차로안,승합,남,63세,상해없음,승용,남,51세,중상
2016062400100214,2016년 6월 24일 09시,금요일,경상남도 김해시 진례면,경상사고,0,0,1,0,차대차 - 측면직각충돌,신호위반,습기,비,교차로 - 교차로안,승용,여,52세,기타불명,승용,남,43세,경상
2016062400100241,2016년 6월 24일 10시,금요일,경상남도 창원시 마산합포구 진전면,중상사고,0,1,0,0,차량단독 - 전도전복,안전운전불이행,습기,비,단일로 - 기타,승용,여,60세,상해없음,,,,
2016062400100274,2016년 6월 24일 11시,금요일,경상남도 김해시 삼정동,경상사고,0,0,1,0,차대차 - 기타,안전운전불이행,습기,비,교차로 - 교차로안,승용,남,77세,상해없음,승용,여,42세,경상
2016062400100275,2016년 6월 24일 11시,금요일,경상남도 양산시 명곡동,중상사고,0,2,0,0,차대차 - 측면충돌,중앙선침범,습기,비,단일로 - 기타,화물,남,28세,상해없음,승용,남,31세,중상
2016062400100276,2016년 6월 24일 11시,금요일,경상남도 양산시 물금읍,중상사고,0,1,0,0,차대차 - 측면충돌,안전거리미확보,습기,비,단일로 - 기타,화물,남,51세,상해없음,승용,남,59세,중상
2016062400100277,2016년 6월 24일 11시,금요일,경상남도 창원시 마산회원구 석전동,경상사고,0,0,2,0,차대차 - 측면충돌,안전운전불이행,습기,비,단일로 - 기타,승용,남,21세,상해없음,승용,남,64세,경상
2016062400100297,2016년 6월 24일 12시,금요일,경상남도 통영시 무전동,경상사고,0,0,1,0,차대차 - 측면충돌,안전운전불이행,습기,비,교차로 - 교차로부근,승용,남,69세,상해없음,이륜,남,52세,경상
2016062400100298,2016년 6월 24일 12시,금요일,경상남도 통영시 광도면,경상사고,0,0,1,0,차대차 - 측면충돌,신호위반,습기,비,교차로 - 교차로안,화물,남,57세,상해없음,화물,남,60세,경상
2016062400100299,2016년 6월 24일 12시,금요일,경상남도 거제시 장평동,경상사고,0,0,1,0,차대차 - 기타,안전운전불이행,건조,맑음,단일로 - 기타,승용,남,67세,상해없음,승용,남,21세,경상
2016062400100371,2016년 6월 24일 15시,금요일,경상남도 양산시 물금읍,부상신고사고,0,0,0,2,차대차 - 측면직각충돌,안전거리미확보,건조,흐림,단일로 - 기타,화물,남,53세,상해없음,승용,남,24세,부상신고
2016062400100382,2016년 6월 24일 15시,금요일,경상남도 양산시 덕계동,경상사고,0,0,2,1,차대차 - 정면충돌,안전거리미확보,습기,흐림,단일로 - 기타,승용,남,31세,상해없음,승용,여,46세,경상
2016062400100383,2016년 6월 24일 15시,금요일,경상남도 양산시 덕계동,중상사고,0,1,0,1,차대차 - 정면충돌,안전거리미확보,습기,비,단일로 - 기타,화물,남,39세,상해없음,승용,남,43세,중상
2016062400100384,2016년 6월 24일 15시,금요일,경상남도 김해시 진영읍,경상사고,0,0,1,0,차대사람 - 횡단중,보행자보호의무위반,건조,맑음,교차로 - 교차로부근,화물,남,61세,상해없음,보행자,남,77세,경상
2016062400100416,2016년 6월 24일 16시,금요일,경상남도 창녕군 남지읍,중상사고,0,1,0,1,차량단독 - 전도전복,안전운전불이행,건조,맑음,단일로 - 기타,승용,남,72세,부상신고,,,,
2016062400100459,2016년 6월 24일 17시,금요일,경상남도 김해시 대동면,중상사고,0,2,1,0,차대차 - 정면충돌,중앙선침범,습기,비,단일로 - 기타,화물,남,36세,상해없음,승용,남,59세,경상
2016062400100460,2016년 6월 24일 17시,금요일,경상남도 김해시 외동,경상사고,0,0,1,0,차대차 - 측면충돌,신호위반,건조,맑음,교차로 - 교차로안,승합,남,49세,상해없음,승용,남,27세,경상
2016062400100461,2016년 6월 24일 17시,금요일,경상남도 양산시 삼호동,경상사고,0,0,2,0,차대차 - 정면충돌,안전운전불이행,습기,비,교차로 - 교차로부근,승용,남,51세,상해없음,승용,여,50세,경상
2016062400100493,2016년 6월 24일 18시,금요일,경상남도 통영시 동호동,경상사고,0,0,1,0,차대차 - 정면충돌,안전운전불이행,습기,흐림,교차로 - 교차로안,승용,남,46세,상해없음,승용,남,44세,경상
2016062400100530,2016년 6월 24일 19시,금요일,경상남도 창원시 마산회원구 합성동,중상사고,0,1,0,0,차대차 - 측면충돌,안전운전불이행,습기,흐림,단일로 - 기타,승용,남,45세,상해없음,자전거,남,53세,중상
2016062400100557,2016년 6월 24일 20시,금요일,경상남도 함안군 군북면,경상사고,0,0,1,0,차대차 - 측면충돌,안전운전불이행,건조,맑음,교차로 - 교차로안,승용,남,26세,상해없음,승용,여,59세,경상
2016062400100558,2016년 6월 24일 20시,금요일,경상남도 함안군 칠원읍,경상사고,0,0,1,0,차대차 - 측면충돌,안전운전불이행,건조,흐림,교차로 - 교차로안,승용,남,33세,상해없음,승용,남,63세,경상
2016062400100590,2016년 6월 24일 21시,금요일,경상남도 창원시 마산합포구 해운동,경상사고,0,0,1,0,차대차 - 추돌,안전거리미확보,건조,흐림,단일로 - 기타,승용,남,24세,상해없음,이륜,남,27세,경상
2016062400100616,2016년 6월 24일 22시,금요일,경상남도 창원시 마산합포구 오동동,경상사고,0,0,1,0,차대차 - 추돌,안전운전불이행,건조,흐림,단일로 - 기타,승용,여,40세,상해없음,화물,남,42세,경상
2016062400100617,2016년 6월 24일 22시,금요일,경상남도 김해시 어방동,중상사고,0,2,1,0,차대차 - 추돌,안전운전불이행,습기,흐림,단일로 - 기타,승용,여,52세,상해없음,승용,남,42세,중상
2016062500100034,2016년 6월 25일 01시,토요일,경상남도 거제시 옥포동,경상사고,0,0,1,0,차대사람 - 횡단중,안전운전불이행,건조,맑음,기타 - 기타,승용,남,35세,상해없음,보행자,남,42세,경상
2016062500100071,2016년 6월 25일 03시,토요일,경상남도 양산시 동면,중상사고,0,1,1,0,차대차 - 추돌,중앙선침범,건조,맑음,단일로 - 기타,승용,남,54세,상해없음,승용,남,60세,중상
2016062500100072,2016년 6월 25일 03시,토요일,경상남도 창원시 마산회원구 양덕동,중상사고,0,1,0,0,차대사람 - 횡단중,보행자보호의무위반,건조,맑음,단일로 - 기타,승용,여,62세,상해없음,보행자,남,28세,중상
2016062500100084,2016년 6월 25일 04시,토요일,경상남도 창원시 마산회원구 합성동,경상사고,0,0,1,0,차대사람 - 횡단중,안전운전불이행,건조,맑음,단일로 - 기타,승용,남,52세,상해없음,보행자,남,23세,경상
2016062500100119,2016년 6월 25일 06시,토요일,경상남도 진주시 강남동,중상사고,0,1,0,0,차대차 - 기타,안전운전불이행,건조,맑음,단일로 - 기타,승용,남,33세,상해없음,자전거,남,68세,중상
2016062500100120,2016년 6월 25일 06시,토요일,경상남도 통영시 태평동,중상사고,0,1,0,0,차대사람 - 횡단중,안전운전불이행,건조,맑음,단일로 - 기타,화물,남,62세,상해없음,보행자,여,80세,중상
2016062500100135,2016년 6월 25일 07시,토요일,경상남도 양산시 동면,중상사고,0,1,0,0,차량단독 - 전도전복,안전운전불이행,건조,맑음,단일로 - 기타,원동기,남,24세,중상,,,,
2016062500100157,2016년 6월 25일 08시,토요일,경상남도 김해시 내동,중상사고,0,1,0,0,차대사람 - 횡단중,보행자보호의무위반,건조,맑음,교차로 - 교차로부근,화물,남,33세,상해없음,보행자,여,69세,중상
2016062500100158,2016년 6월 25일 08시,토요일,경상남도 창녕군 영산면,중상사고,0,1,0,1,차대사람 - 횡단중,안전운전불이행,건조,맑음,교차로 - 교차로안,원동기,여,78세,부상신고,보행자,남,81세,중상
2016062500100159,2016년 6월 25일 08시,토요일,경상남도 산청군 생초면,경상사고,0,0,1,0,차대차 - 측면직각충돌,교차로운행방법위반,건조,맑음,교차로 - 교차로안,화물,남,36세,상해없음,승용,남,66세,경상
2016062500100160,2016년 6월 25일 08시,토요일,경상남도 창원시 의창구 소계동,중상사고,0,1,0,0,차대사람 - 기타,안전운전불이행,건조,맑음,단일로 - 기타,화물,남,56세,상해없음,보행자,남,67세,중상
2016062500100182,2016년 6월 25일 09시,토요일,경상남도 창원시 진해구 청안동,중상사고,0,1,0,0,차대차 - 측면직각충돌,안전운전불이행,건조,맑음,단일로 - 기타,승용,남,51세,상해없음,자전거,여,24세,중상
2016062500100183,2016년 6월 25일 09시,토요일,경상남도 밀양시 무안면,사망사고,1,0,0,0,차량단독 - 공작물충돌,안전운전불이행,건조,맑음,단일로 - 기타,승용,남,49세,사망,,,,
2016062500100225,2016년 6월 25일 10시,토요일,경상남도 통영시 무전동,중상사고,0,1,2,0,차대차 - 추돌,안전운전불이행,건조,맑음,단일로 - 기타,승용,남,20세,상해없음,승용,남,68세,상해없음
2016062500100226,2016년 6월 25일 10시,토요일,경상남도 김해시 삼계동,중상사고,0,1,0,0,차대사람 - 횡단중,안전운전불이행,건조,맑음,교차로 - 교차로안,승용,남,34세,상해없음,보행자,여,53세,중상
2016062500100227,2016년 6월 25일 10시,토요일,경상남도 하동군 하동읍,중상사고,0,2,0,0,차대차 - 측면충돌,안전운전불이행,건조,맑음,단일로 - 기타,이륜,남,80세,중상,승용,남,39세,상해없음
2016062500100228,2016년 6월 25일 10시,토요일,경상남도 창원시 의창구 동읍,중상사고,0,1,0,0,차대사람 - 길가장자리구역통행중,안전운전불이행,건조,맑음,단일로 - 기타,화물,남,43세,상해없음,보행자,남,52세,중상
2016062500100287,2016년 6월 25일 12시,토요일,경상남도 김해시 삼정동,중상사고,0,1,0,0,차대차 - 측면직각충돌,직진우회전진행방해,건조,맑음,교차로 - 교차로안,화물,남,34세,상해없음,이륜,남,89세,중상
2016062500100326,2016년 6월 25일 13시,토요일,경상남도 통영시 욕지면,경상사고,0,0,1,0,차량단독 - 전도전복,안전운전불이행,건조,맑음,단일로 - 기타,승합,남,62세,상해없음,,,,
2016062500100327,2016년 6월 25일 13시,토요일,경상남도 밀양시 삼문동,중상사고,0,1,0,0,차대차 - 추돌,안전거리미확보,건조,맑음,단일로 - 교량,화물,남,48세,상해없음,승용,남,66세,중상
2016062500100371,2016년 6월 25일 14시,토요일,경상남도 창원시 마산회원구 합성동,경상사고,0,0,1,0,차대사람 - 횡단중,안전운전불이행,건조,맑음,교차로 - 교차로부근,승용,남,57세,상해없음,보행자,남,60세,경상
2016062500100372,2016년 6월 25일 14시,토요일,경상남도 창원시 의창구 팔용동,중상사고,0,1,0,0,차대사람 - 횡단중,신호위반,건조,맑음,교차로 - 교차로안,건설기계,남,47세,상해없음,보행자,여,12세,중상
2016062500100415,2016년 6월 25일 15시,토요일,경상남도 밀양시 단장면,중상사고,0,1,0,0,차대사람 - 횡단중,안전운전불이행,건조,맑음,단일로 - 기타,승용,남,40세,상해없음,보행자,남,2세,중상
2016062500100457,2016년 6월 25일 16시,토요일,경상남도 통영시 도산면,경상사고,0,0,1,0,차량단독 - 전도전복,안전운전불이행,건조,맑음,단일로 - 기타,승용,남,72세,상해없음,,,,
2016062500100458,2016년 6월 25일 16시,토요일,경상남도 양산시 하북면,중상사고,0,1,0,0,차대차 - 기타,안전운전불이행,건조,맑음,단일로 - 기타,승용,여,42세,상해없음,승용,남,42세,상해없음
2016062500100459,2016년 6월 25일 16시,토요일,경상남도 거제시 상동동,경상사고,0,0,1,0,차대차 - 측면충돌,안전운전불이행,건조,맑음,단일로 - 기타,승용,남,47세,상해없음,승용,남,43세,경상
2016062500100496,2016년 6월 25일 17시,토요일,경상남도 창원시 진해구 도천동,경상사고,0,0,1,0,차대차 - 측면직각충돌,안전운전불이행,건조,맑음,교차로 - 교차로부근,승용,남,66세,상해없음,자전거,남,14세,경상
2016062500100497,2016년 6월 25일 17시,토요일,경상남도 김해시 외동,중상사고,0,1,0,0,차대사람 - 횡단중,안전운전불이행,건조,맑음,단일로 - 기타,이륜,남,45세,상해없음,보행자,여,20세,중상
2016062500100498,2016년 6월 25일 17시,토요일,경상남도 김해시 외동,경상사고,0,0,1,0,차대차 - 측면직각충돌,기타,건조,맑음,교차로 - 교차로안,승용,남,24세,경상,승용,남,46세,상해없음
2016062500100499,2016년 6월 25일 17시,토요일,경상남도 양산시 상북면,중상사고,0,1,0,0,차대차 - 정면충돌,안전운전불이행,건조,맑음,단일로 - 기타,화물,남,44세,상해없음,승용,남,37세,중상
2016062500100500,2016년 6월 25일 17시,토요일,경상남도 창원시 의창구 도계동,부상신고사고,0,0,0,1,차대차 - 기타,안전운전불이행,건조,맑음,단일로 - 기타,자전거,남,13세,상해없음,이륜,남,16세,부상신고
2016062500100544,2016년 6월 25일 18시,토요일,경상남도 진주시 망경동,중상사고,0,1,0,0,차대차 - 측면직각충돌,안전운전불이행,건조,맑음,교차로 - 교차로안,승용,남,56세,상해없음,자전거,남,8세,중상
2016062500100545,2016년 6월 25일 18시,토요일,경상남도 거제시 동부면,중상사고,0,1,0,0,차대사람 - 차도통행중,안전운전불이행,건조,맑음,단일로 - 기타,승용,여,44세,상해없음,보행자,여,9세,중상
2016062500100546,2016년 6월 25일 18시,토요일,경상남도 창원시 의창구 용호동,경상사고,0,0,1,0,차대사람 - 횡단중,안전운전불이행,건조,맑음,단일로 - 기타,승용,여,51세,상해없음,보행자,남,5세,경상
2016062500100547,2016년 6월 25일 18시,토요일,경상남도 김해시 장유면,경상사고,0,0,1,0,차량단독 - 전도전복,안전운전불이행,건조,맑음,단일로 - 기타,승용,남,30세,경상,,,,
2016062500100599,2016년 6월 25일 20시,토요일,경상남도 거제시 고현동,경상사고,0,0,1,0,차대차 - 측면충돌,안전운전불이행,건조,맑음,단일로 - 기타,승용,남,26세,상해없음,이륜,남,32세,경상
2016062500100659,2016년 6월 25일 22시,토요일,경상남도 진주시 하대동,중상사고,0,1,0,0,차대차 - 측면충돌,안전운전불이행,건조,맑음,교차로 - 교차로안,승용,여,57세,상해없음,승용,여,47세,중상
2016062600100035,2016년 6월 26일 01시,일요일,경상남도 양산시 평산동,중상사고,0,1,1,0,차대차 - 정면충돌,안전운전불이행,건조,맑음,교차로 - 교차로부근,승용,남,39세,상해없음,승용,남,33세,중상
2016062600100036,2016년 6월 26일 01시,일요일,경상남도 거제시 옥포동,중상사고,0,1,0,0,차대사람 - 기타,안전운전불이행,건조,맑음,단일로 - 기타,승용,남,58세,상해없음,보행자,남,44세,중상
2016062600100054,2016년 6월 26일 03시,일요일,경상남도 창원시 마산회원구 양덕동,중상사고,0,1,0,0,차대사람 - 기타,안전운전불이행,건조,맑음,교차로 - 교차로부근,승용,여,30세,상해없음,보행자,남,42세,중상