사고번호,사고일시,요일,시군구,사고내용,사망자수,중상자수,경상자수,부상신고자수,사고유형,법규위반,노면상태,기상상태,도로형태,가해운전자 차종,가해운전자 성별,가해운전자 연령,가해운전자 상해정도,피해운전자 차종,피해운전자 성별,피해운전자 연령,피해운전자 상해정도
2016062600100157,2016년 6월 26일 10시,일요일,경상남도 사천시 사남면,경상사고,0,0,1,2,차대차 - 측면직각충돌,안전운전불이행,건조,맑음,단일로 - 기타,승용,여,52세,부상신고,승합,남,58세,경상
2016062600100158,2016년 6월 26일 10시,일요일,경상남도 산청군 삼장면,경상사고,0,0,1,0,차대차 - 추돌,중앙선침범,건조,맑음,단일로 - 기타,승용,남,27세,상해없음,이륜,남,35세,경상
2016062600100202,2016년 6월 26일 12시,일요일,경상남도 창원시 마산합포구 교방동,중상사고,0,2,0,0,차대차 - 측면직각충돌,안전운전불이행,건조,맑음,단일로 - 기타,승용,남,27세,상해없음,승용,여,48세,중상
2016062600100203,2016년 6월 26일 12시,일요일,경상남도 밀양시 단장면,중상사고,0,1,0,0,차대차 - 기타,안전운전불이행,건조,맑음,단일로 - 기타,자전거,남,52세,중상,승용,남,53세,상해없음
2016062600100204,2016년 6월 26일 12시,일요일,경상남도 김해시 생림면,중상사고,0,1,1,0,차대차 - 측면충돌,중앙선침범,건조,맑음,단일로 - 기타,승용,남,72세,상해없음,승용,여,46세,경상
2016062600100205,2016년 6월 26일 12시,일요일,경상남도 거제시 상동동,경상사고,0,0,1,0,차대차 - 측면충돌,안전운전불이행,건조,맑음,단일로 - 기타,특수,남,34세,상해없음,이륜,남,42세,경상
2016062600100263,2016년 6월 26일 14시,일요일,경상남도 밀양시 남포동,중상사고,0,2,2,0,차대차 - 추돌,안전거리미확보,건조,맑음,단일로 - 기타,승용,남,31세,상해없음,승용,남,61세,중상
2016062600100303,2016년 6월 26일 15시,일요일,경상남도 창녕군 창녕읍,중상사고,0,1,0,0,차대차 - 측면직각충돌,안전운전불이행,건조,맑음,단일로 - 기타,승용,여,37세,상해없음,원동기,남,74세,중상
2016062600100347,2016년 6월 26일 17시,일요일,경상남도 함양군 수동면,중상사고,0,1,0,0,차대사람 - 차도통행중,교차로운행방법위반,건조,맑음,교차로 - 교차로안,승용,남,54세,상해없음,보행자,여,81세,중상
2016062600100348,2016년 6월 26일 17시,일요일,경상남도 창원시 성산구 성주동,중상사고,0,1,0,0,차대차 - 측면충돌,신호위반,건조,맑음,교차로 - 교차로안,승용,남,50세,상해없음,승용,남,31세,중상
2016062600100376,2016년 6월 26일 18시,일요일,경상남도 김해시 대동면,사망사고,1,0,0,0,차대차 - 기타,안전운전불이행,건조,맑음,교차로 - 교차로안,화물,남,46세,상해없음,이륜,남,74세,사망
2016062600100403,2016년 6월 26일 19시,일요일,경상남도 거제시 고현동,중상사고,0,1,0,0,차대사람 - 횡단중,보행자보호의무위반,건조,맑음,단일로 - 횡단보도상,승용,남,21세,상해없음,보행자,여,71세,중상
2016062600100428,2016년 6월 26일 20시,일요일,경상남도 합천군 용주면,중상사고,0,1,0,0,차대차 - 추돌,안전운전불이행,건조,맑음,단일로 - 기타,화물,남,62세,중상,승용,남,54세,상해없음
2016062600100429,2016년 6월 26일 20시,일요일,경상남도 거제시 아주동,경상사고,0,0,1,0,차대차 - 측면충돌,안전거리미확보,건조,맑음,단일로 - 기타,승용,남,33세,상해없음,이륜,남,18세,경상
2016062600100473,2016년 6월 26일 22시,일요일,경상남도 김해시 어방동,경상사고,0,0,2,0,차대차 - 기타,안전운전불이행,건조,맑음,교차로 - 교차로안,승용,남,60세,상해없음,승합,남,50세,상해없음
2016062600100488,2016년 6월 26일 23시,일요일,경상남도 창원시 마산합포구 가포동,중상사고,0,1,0,0,차대차 - 측면직각충돌,안전운전불이행,건조,맑음,교차로 - 교차로안,승용,남,53세,상해없음,이륜,남,16세,중상
2016062700100008,2016년 6월 27일 00시,월요일,경상남도 김해시 어방동,경상사고,0,0,1,0,차대차 - 기타,안전운전불이행,건조,맑음,단일로 - 기타,승용,여,37세,상해없음,승용,남,58세,경상
2016062700100037,2016년 6월 27일 05시,월요일,경상남도 함양군 휴천면,경상사고,0,0,2,0,차대차 - 정면충돌,안전운전불이행,건조,맑음,단일로 - 기타,승용,여,64세,경상,승용,여,57세,경상
2016062700100050,2016년 6월 27일 06시,월요일,경상남도 거창군 거창읍,경상사고,0,0,1,0,차대차 - 정면충돌,안전운전불이행,건조,맑음,교차로 - 교차로안,승용,여,64세,경상,화물,여,51세,상해없음
2016062700100051,2016년 6월 27일 06시,월요일,경상남도 거제시 연초면,경상사고,0,0,1,0,차대차 - 측면충돌,안전운전불이행,건조,맑음,단일로 - 기타,승용,남,60세,상해없음,승용,여,41세,경상
2016062700100052,2016년 6월 27일 06시,월요일,경상남도 김해시 주촌면,경상사고,0,0,3,1,차대차 - 정면충돌,중앙선침범,습기,비,단일로 - 기타,승용,남,58세,부상신고,화물,남,66세,경상
2016062700100073,2016년 6월 27일 07시,월요일,경상남도 김해시 진영읍,부상신고사고,0,0,0,1,차대차 - 측면충돌,안전운전불이행,건조,맑음,교차로 - 교차로안,자전거,남,13세,부상신고,승용,남,37세,상해없음
2016062700100143,2016년 6월 27일 09시,월요일,경상남도 사천시 사천읍,경상사고,0,0,1,0,차대차 - 추돌,안전운전불이행,건조,맑음,단일로 - 기타,이륜,남,47세,경상,화물,남,52세,상해없음
2016062700100144,2016년 6월 27일 09시,월요일,경상남도 김해시 어방동,부상신고사고,0,0,0,1,차대차 - 측면직각충돌,안전운전불이행,건조,맑음,단일로 - 기타,이륜,남,15세,부상신고,승용,남,49세,상해없음
2016062700100145,2016년 6월 27일 09시,월요일,경상남도 거창군 거창읍,중상사고,0,1,0,0,차대사람 - 횡단중,안전운전불이행,건조,맑음,단일로 - 기타,승용,여,57세,상해없음,보행자,여,84세,중상
2016062700100146,2016년 6월 27일 09시,월요일,경상남도 양산시 물금읍,경상사고,0,0,1,0,차대사람 - 횡단중,기타,건조,맑음,기타 - 기타,승용,남,61세,상해없음,보행자,여,50세,경상
2016062700100168,2016년 6월 27일 10시,월요일,경상남도 사천시 벌리동,중상사고,0,1,0,0,차대차 - 측면직각충돌,안전거리미확보,건조,맑음,교차로 - 교차로안,승용,여,57세,상해없음,이륜,남,68세,중상
2016062700100169,2016년 6월 27일 10시,월요일,경상남도 밀양시 내이동,중상사고,0,1,0,0,차대차 - 측면직각충돌,신호위반,건조,맑음,교차로 - 교차로부근,자전거,남,70세,중상,승용,여,42세,상해없음
2016062700100170,2016년 6월 27일 10시,월요일,경상남도 고성군 동해면,경상사고,0,0,1,0,차대차 - 측면충돌,교차로운행방법위반,건조,맑음,교차로 - 교차로안,원동기,남,77세,경상,승용,여,49세,상해없음
2016062700100203,2016년 6월 27일 11시,월요일,경상남도 창원시 마산합포구 진북면,경상사고,0,0,3,0,차대차 - 정면충돌,신호위반,건조,흐림,교차로 - 교차로안,승합,남,50세,상해없음,승용,여,50세,경상
2016062700100204,2016년 6월 27일 11시,월요일,경상남도 김해시 동상동,경상사고,0,0,1,0,차량단독 - 공작물충돌,안전운전불이행,건조,맑음,단일로 - 기타,승용,여,36세,경상,,,,
2016062700100238,2016년 6월 27일 12시,월요일,경상남도 창원시 의창구 명서동,중상사고,0,1,0,0,차대사람 - 횡단중,안전운전불이행,건조,흐림,단일로 - 기타,승용,여,48세,상해없음,보행자,남,58세,중상
2016062700100266,2016년 6월 27일 13시,월요일,경상남도 창원시 진해구 마천동,중상사고,0,1,0,0,차대차 - 측면충돌,직진우회전진행방해,건조,맑음,교차로 - 교차로안,승용,남,45세,상해없음,원동기,여,75세,중상
2016062700100267,2016년 6월 27일 13시,월요일,경상남도 남해군 고현면,경상사고,0,0,2,0,차대차 - 측면충돌,중앙선침범,건조,맑음,단일로 - 기타,승용,남,56세,상해없음,화물,남,68세,경상
2016062700100294,2016년 6월 27일 14시,월요일,경상남도 창원시 진해구 이동,경상사고,0,0,1,0,차대차 - 측면직각충돌,안전운전불이행,건조,맑음,단일로 - 기타,승용,남,82세,상해없음,자전거,남,69세,경상
2016062700100295,2016년 6월 27일 14시,월요일,경상남도 창원시 마산회원구 봉암동,중상사고,0,1,0,0,차대차 - 측면직각충돌,안전운전불이행,건조,맑음,단일로 - 기타,승용,남,32세,상해없음,자전거,남,52세,중상
2016062700100334,2016년 6월 27일 15시,월요일,경상남도 창원시 진해구 여좌동,부상신고사고,0,0,0,1,차대차 - 측면직각충돌,차로위반,습기,비,미분류 - 미분류,화물,남,49세,부상신고,화물,남,50세,상해없음
2016062700100365,2016년 6월 27일 16시,월요일,경상남도 창원시 진해구 이동,경상사고,0,0,2,0,차대차 - 측면충돌,교차로운행방법위반,건조,맑음,교차로 - 교차로안,승용,남,36세,경상,승용,여,29세,상해없음
2016062700100366,2016년 6월 27일 16시,월요일,경상남도 김해시 지내동,경상사고,0,0,3,0,차대차 - 기타,교차로운행방법위반,습기,비,교차로 - 교차로안,승용,남,47세,경상,승용,여,32세,경상
2016062700100367,2016년 6월 27일 16시,월요일,경상남도 양산시 동면,경상사고,0,0,1,0,차대차 - 정면충돌,안전운전불이행,건조,맑음,기타 - 기타,화물,남,57세,상해없음,화물,남,54세,상해없음
2016062700100368,2016년 6월 27일 16시,월요일,경상남도 창원시 의창구 신월동,중상사고,0,1,0,0,차대사람 - 횡단중,보행자보호의무위반,습기,비,단일로 - 횡단보도상,승용,남,20세,상해없음,보행자,남,57세,중상
2016062700100369,2016년 6월 27일 16시,월요일,경상남도 김해시 장유면,중상사고,0,1,0,0,차대차 - 측면충돌,안전운전불이행,습기,비,단일로 - 기타,자전거,여,55세,중상,승용,남,77세,상해없음
2016062700100411,2016년 6월 27일 17시,월요일,경상남도 통영시 광도면,중상사고,0,1,2,0,차대차 - 측면충돌,신호위반,건조,맑음,교차로 - 교차로안,승용,남,81세,상해없음,승합,남,71세,경상
2016062700100412,2016년 6월 27일 17시,월요일,경상남도 김해시 삼계동,경상사고,0,0,1,1,차대차 - 측면직각충돌,교차로운행방법위반,습기,흐림,교차로 - 교차로부근,승용,여,45세,부상신고,이륜,남,42세,경상
2016062700100413,2016년 6월 27일 17시,월요일,경상남도 산청군 생비량면,경상사고,0,0,3,0,차대차 - 추돌,안전운전불이행,건조,맑음,교차로 - 교차로부근,승용,여,31세,경상,승용,남,56세,경상
2016062700100449,2016년 6월 27일 18시,월요일,경상남도 김해시 삼정동,경상사고,0,0,1,0,차대차 - 기타,교차로운행방법위반,건조,맑음,교차로 - 교차로안,승용,남,19세,기타불명,승용,여,25세,경상
2016062700100450,2016년 6월 27일 18시,월요일,경상남도 고성군 고성읍,경상사고,0,0,2,0,차대차 - 추돌,안전운전불이행,건조,맑음,단일로 - 기타,화물,남,40세,상해없음,승합,남,54세,경상
2016062700100451,2016년 6월 27일 18시,월요일,경상남도 김해시 한림면,경상사고,0,0,1,0,차대사람 - 길가장자리구역통행중,안전운전불이행,건조,맑음,단일로 - 기타,화물,남,54세,상해없음,보행자,남,50세,경상
2016062700100452,2016년 6월 27일 18시,월요일,경상남도 김해시 장유면,경상사고,0,0,1,0,차대사람 - 횡단중,안전운전불이행,건조,맑음,교차로 - 교차로부근,승합,남,43세,상해없음,보행자,여,22세,경상
2016062700100482,2016년 6월 27일 19시,월요일,경상남도 진주시 신안동,경상사고,0,0,1,0,차대차 - 추돌,안전운전불이행,건조,맑음,단일로 - 기타,승용,남,55세,상해없음,승용,여,42세,경상
2016062700100483,2016년 6월 27일 19시,월요일,경상남도 거제시 고현동,중상사고,0,1,0,0,차대차 - 기타,안전운전불이행,건조,맑음,단일로 - 기타,승용,남,34세,상해없음,자전거,남,23세,중상
2016062700100513,2016년 6월 27일 20시,월요일,경상남도 하동군 하동읍,경상사고,0,0,3,0,차대차 - 추돌,안전운전불이행,건조,맑음,교차로 - 교차로안,화물,남,43세,상해없음,승용,남,46세,경상
2016062700100514,2016년 6월 27일 20시,월요일,경상남도 창원시 의창구 용호동,경상사고,0,0,3,0,차대차 - 추돌,안전운전불이행,건조,맑음,교차로 - 교차로부근,승용,남,32세,상해없음,승용,여,43세,상해없음
2016062700100515,2016년 6월 27일 20시,월요일,경상남도 창원시 마산회원구 회원동,경상사고,0,0,4,0,차대차 - 추돌,안전운전불이행,습기,맑음,단일로 - 기타,승용,남,53세,상해없음,승용,남,46세,경상
2016062700100539,2016년 6월 27일 21시,월요일,경상남도 진주시 평거동,중상사고,0,1,0,0,차대사람 - 횡단중,보행자보호의무위반,건조,맑음,교차로 - 교차로부근,승용,여,39세,상해없음,보행자,여,54세,중상
2016062700100540,2016년 6월 27일 21시,월요일,경상남도 합천군 합천읍,경상사고,0,0,1,0,차대차 - 추돌,안전운전불이행,건조,맑음,단일로 - 기타,승용,남,41세,상해없음,승용,남,61세,상해없음
2016062700100571,2016년 6월 27일 22시,월요일,경상남도 김해시 삼정동,경상사고,0,0,1,0,차대차 - 기타,안전운전불이행,건조,맑음,단일로 - 기타,승용,여,51세,상해없음,자전거,남,26세,경상
2016062700100595,2016년 6월 27일 23시,월요일,경상남도 사천시 벌리동,경상사고,0,0,1,0,차대차 - 측면충돌,직진우회전진행방해,건조,맑음,교차로 - 교차로안,이륜,남,20세,경상,화물,남,50세,상해없음
2016062800100010,2016년 6월 28일 00시,화요일,경상남도 양산시 중부동,경상사고,0,0,2,0,차대차 - 정면충돌,안전운전불이행,건조,맑음,기타 - 기타,승용,남,45세,상해없음,승용,남,24세,경상
2016062800100081,2016년 6월 28일 07시,화요일,경상남도 창원시 진해구 경화동,중상사고,0,1,0,0,차대사람 - 차도통행중,불법유턴,건조,맑음,기타 - 기타,승합,남,40세,상해없음,보행자,여,75세,중상
2016062800100115,2016년 6월 28일 08시,화요일,경상남도 양산시 물금읍,중상사고,0,1,0,0,차대사람 - 횡단중,보행자보호의무위반,건조,맑음,교차로 - 교차로안,승용,남,40세,상해없음,보행자,여,59세,중상
2016062800100150,2016년 6월 28일 09시,화요일,경상남도 통영시 광도면,경상사고,0,0,2,0,차대차 - 추돌,안전운전불이행,건조,맑음,단일로 - 기타,승용,남,29세,상해없음,승용,여,54세,경상
2016062800100151,2016년 6월 28일 09시,화요일,경상남도 함양군 함양읍,중상사고,0,1,0,0,차대차 - 측면직각충돌,교차로운행방법위반,건조,맑음,교차로 - 교차로부근,승용,여,60세,중상,승용,여,64세,상해없음
2016062800100181,2016년 6월 28일 10시,화요일,경상남도 양산시 동면,경상사고,0,0,1,0,차대차 - 정면충돌,안전운전불이행,습기,흐림,교차로 - 교차로안,승용,여,37세,상해없음,승용,여,40세,경상
2016062800100206,2016년 6월 28일 11시,화요일,경상남도 진주시 신안동,경상사고,0,0,2,0,차대차 - 측면직각충돌,중앙선침범,건조,맑음,단일로 - 기타,승용,여,42세,상해없음,승용,여,45세,경상
2016062800100207,2016년 6월 28일 11시,화요일,경상남도 진주시 중안동,중상사고,0,1,0,0,차대차 - 추돌,안전운전불이행,건조,맑음,교차로 - 교차로안,승용,남,71세,상해없음,승용,여,34세,중상
2016062800100208,2016년 6월 28일 11시,화요일,경상남도 밀양시 삼문동,중상사고,0,1,0,0,차대차 - 측면직각충돌,안전운전불이행,건조,맑음,교차로 - 교차로안,승용,남,45세,상해없음,이륜,남,79세,중상
2016062800100283,2016년 6월 28일 14시,화요일,경상남도 함양군 안의면,중상사고,0,1,0,0,차대차 - 측면직각충돌,안전운전불이행,건조,맑음,교차로 - 교차로안,이륜,남,62세,중상,화물,남,73세,상해없음
2016062800100284,2016년 6월 28일 14시,화요일,경상남도 양산시 물금읍,경상사고,0,0,1,1,차대차 - 정면충돌,직진우회전진행방해,습기,맑음,교차로 - 교차로안,승용,남,24세,상해없음,이륜,남,24세,부상신고
2016062800100285,2016년 6월 28일 14시,화요일,경상남도 김해시 장유면,중상사고,0,1,0,0,차대차 - 측면직각충돌,안전운전불이행,건조,맑음,단일로 - 기타,승용,여,37세,상해없음,자전거,남,83세,중상
2016062800100318,2016년 6월 28일 15시,화요일,경상남도 창원시 마산합포구 월영동,부상신고사고,0,0,0,1,차대사람 - 횡단중,보행자보호의무위반,건조,흐림,단일로 - 횡단보도상,기타불명,기타불명,기타불명,기타불명,보행자,여,10세,부상신고
2016062800100319,2016년 6월 28일 15시,화요일,경상남도 김해시 장유면,중상사고,0,1,0,0,차대차 - 측면직각충돌,교차로운행방법위반,건조,맑음,교차로 - 교차로안,승용,여,51세,상해없음,승용,남,66세,중상
2016062800100350,2016년 6월 28일 16시,화요일,경상남도 창원시 마산합포구 해운동,경상사고,0,0,1,0,차대차 - 추돌,안전운전불이행,건조,맑음,단일로 - 기타,승용,남,58세,상해없음,승용,여,54세,경상
2016062800100351,2016년 6월 28일 16시,화요일,경상남도 진주시 평안동,경상사고,0,0,1,0,차대차 - 측면충돌,안전운전불이행,건조,맑음,교차로 - 교차로안,승용,여,46세,상해없음,이륜,남,57세,경상
2016062800100352,2016년 6월 28일 16시,화요일,경상남도 김해시 장유면,경상사고,0,0,1,0,차대사람 - 횡단중,안전운전불이행,건조,맑음,교차로 - 교차로안,승합,남,62세,상해없음,보행자,여,42세,경상
2016062800100389,2016년 6월 28일 17시,화요일,경상남도 창원시 진해구 석동,중상사고,0,1,1,0,차대차 - 추돌,안전거리미확보,건조,맑음,기타 - 기타,승용,여,55세,경상,승용,남,51세,중상
2016062800100390,2016년 6월 28일 17시,화요일,경상남도 창원시 성산구 상남동,중상사고,0,1,0,0,차대차 - 측면직각충돌,신호위반,건조,맑음,교차로 - 교차로안,이륜,남,17세,상해없음,자전거,남,61세,중상
2016062800100430,2016년 6월 28일 18시,화요일,경상남도 거제시 장평동,중상사고,0,1,0,0,차대차 - 기타,안전운전불이행,건조,맑음,단일로 - 기타,자전거,남,26세,기타불명,자전거,남,36세,중상
2016062800100431,2016년 6월 28일 18시,화요일,경상남도 거제시 고현동,경상사고,0,0,1,0,차대차 - 기타,안전운전불이행,건조,맑음,단일로 - 기타,이륜,남,73세,경상,승용,여,45세,상해없음
2016062800100460,2016년 6월 28일 19시,화요일,경상남도 창원시 마산합포구 산호동,경상사고,0,0,3,0,차대차 - 측면충돌,신호위반,건조,맑음,단일로 - 기타,승용,남,19세,경상,승용,남,28세,경상
2016062800100483,2016년 6월 28일 20시,화요일,경상남도 진주시 이현동,사망사고,1,0,0,0,차대사람 - 차도통행중,안전운전불이행,건조,맑음,단일로 - 기타,승용,남,24세,상해없음,보행자,남,58세,사망
2016062800100484,2016년 6월 28일 20시,화요일,경상남도 통영시 광도면,중상사고,0,2,0,0,차대차 - 측면충돌,안전거리미확보,건조,맑음,단일로 - 기타,승용,여,64세,상해없음,승용,남,44세,중상
2016062800100485,2016년 6월 28일 20시,화요일,경상남도 밀양시 삼문동,경상사고,0,0,2,0,차대사람 - 횡단중,보행자보호의무위반,건조,흐림,교차로 - 교차로안,승용,남,32세,상해없음,보행자,남,47세,경상
2016062800100486,2016년 6월 28일 20시,화요일,경상남도 김해시 동상동,경상사고,0,0,2,0,차대차 - 기타,안전운전불이행,습기,흐림,교차로 - 교차로안,승용,남,23세,경상,승용,남,51세,경상
2016062800100487,2016년 6월 28일 20시,화요일,경상남도 김해시 봉황동,경상사고,0,0,1,0,차대차 - 추돌,안전운전불이행,건조,맑음,단일로 - 기타,승용,남,52세,상해없음,승용,여,48세,경상
2016062800100488,2016년 6월 28일 20시,화요일,경상남도 창원시 의창구 봉곡동,중상사고,0,1,0,0,차대사람 - 기타,안전운전불이행,건조,흐림,단일로 - 기타,승용,남,36세,기타불명,보행자,남,65세,중상
2016062800100528,2016년 6월 28일 21시,화요일,경상남도 통영시 무전동,경상사고,0,0,2,0,차대차 - 측면충돌,신호위반,건조,맑음,교차로 - 교차로안,화물,남,28세,상해없음,승용,여,52세,경상
2016062800100529,2016년 6월 28일 21시,화요일,경상남도 사천시 벌리동,경상사고,0,0,1,0,차대사람 - 차도통행중,안전운전불이행,건조,맑음,단일로 - 기타,승용,여,49세,상해없음,보행자,남,33세,경상
2016062800100554,2016년 6월 28일 22시,화요일,경상남도 거제시 능포동,경상사고,0,0,1,0,차대차 - 기타,안전운전불이행,건조,맑음,단일로 - 기타,승용,남,46세,상해없음,이륜,남,43세,경상
2016062800100555,2016년 6월 28일 22시,화요일,경상남도 김해시 장유면,경상사고,0,0,1,0,차대차 - 측면직각충돌,신호위반,건조,맑음,교차로 - 교차로부근,승용,여,47세,상해없음,승용,여,46세,경상
2016062800100579,2016년 6월 28일 23시,화요일,경상남도 진주시 평거동,중상사고,0,4,0,0,차대차 - 추돌,안전운전불이행,건조,맑음,단일로 - 기타,승용,여,42세,상해없음,승용,남,40세,중상
2016062900100012,2016년 6월 29일 00시,수요일,경상남도 창원시 마산합포구 성호동,경상사고,0,0,1,0,차대차 - 기타,안전운전불이행,건조,맑음,교차로 - 교차로안,화물,남,54세,상해없음,승용,여,27세,경상
2016062900100037,2016년 6월 29일 02시,수요일,경상남도 거제시 장평동,경상사고,0,0,1,0,차대차 - 추돌,안전운전불이행,건조,맑음,기타 - 기타,자전거,남,38세,경상,승용,남,45세,상해없음
2016062900100065,2016년 6월 29일 06시,수요일,경상남도 창원시 마산회원구 합성동,경상사고,0,0,3,0,차대차 - 정면충돌,안전운전불이행,건조,흐림,교차로 - 교차로부근,승합,남,58세,상해없음,승용,남,42세,경상
2016062900100093,2016년 6월 29일 07시,수요일,경상남도 거제시 옥포동,경상사고,0,0,1,0,차대차 - 기타,안전운전불이행,습기,비,교차로 - 교차로안,승용,남,42세,상해없음,이륜,남,31세,경상
2016062900100094,2016년 6월 29일 07시,수요일,경상남도 거제시 장평동,경상사고,0,0,1,0,차대차 - 기타,안전운전불이행,건조,맑음,교차로 - 교차로안,자전거,남,62세,기타불명,이륜,남,33세,경상
2016062900100095,2016년 6월 29일 07시,수요일,경상남도 거제시 아주동,경상사고,0,0,1,0,차대차 - 기타,안전운전불이행,건조,맑음,교차로 - 교차로안,승용,남,52세,상해없음,승용,남,42세,경상
2016062900100096,2016년 6월 29일 07시,수요일,경상남도 창원시 의창구 팔용동,경상사고,0,0,1,0,차대차 - 측면충돌,안전운전불이행,건조,흐림,단일로 - 기타,승용,남,49세,상해없음,승용,남,62세,경상
2016062900100164,2016년 6월 29일 09시,수요일,경상남도 진주시 상대동,경상사고,0,0,2,0,차대차 - 측면직각충돌,안전거리미확보,건조,맑음,단일로 - 교량,승용,남,19세,상해없음,승용,여,55세,경상
2016062900100203,2016년 6월 29일 10시,수요일,경상남도 창원시 성산구 남양동,중상사고,0,1,0,0,차대사람 - 기타,안전운전불이행,건조,맑음,단일로 - 기타,승용,여,35세,상해없음,보행자,여,81세,중상
2016062900100232,2016년 6월 29일 11시,수요일,경상남도 창원시 성산구 중앙동,경상사고,0,0,1,0,차대차 - 추돌,안전운전불이행,건조,맑음,단일로 - 기타,승용,남,53세,상해없음,승용,여,57세,경상
2016062900100259,2016년 6월 29일 12시,수요일,경상남도 창원시 진해구 경화동,중상사고,0,1,0,0,차대차 - 측면충돌,신호위반,건조,맑음,교차로 - 교차로안,승용,남,31세,상해없음,자전거,여,74세,중상
2016062900100260,2016년 6월 29일 12시,수요일,경상남도 창녕군 이방면,중상사고,0,1,0,0,차대차 - 측면직각충돌,안전운전불이행,건조,맑음,교차로 - 교차로안,승용,남,75세,상해없음,원동기,여,56세,중상
2016062900100261,2016년 6월 29일 12시,수요일,경상남도 김해시 장유면,중상사고,0,3,1,0,차대차 - 추돌,안전운전불이행,건조,흐림,단일로 - 기타,화물,남,41세,상해없음,승용,남,43세,중상
2016062900100318,2016년 6월 29일 14시,수요일,경상남도 양산시 물금읍,경상사고,0,0,2,0,차대차 - 측면충돌,신호위반,건조,맑음,교차로 - 교차로안,이륜,남,73세,상해없음,승용,여,42세,경상
2016062900100354,2016년 6월 29일 15시,수요일,경상남도 거제시 장승포동,중상사고,0,1,0,0,차대사람 - 횡단중,안전운전불이행,건조,맑음,기타 - 기타,화물,남,62세,상해없음,보행자,여,78세,중상
2016062900100389,2016년 6월 29일 16시,수요일,경상남도 의령군 봉수면,중상사고,0,1,0,0,차대차 - 측면충돌,교차로운행방법위반,건조,맑음,교차로 - 교차로안,화물,남,53세,상해없음,화물,여,65세,중상
2016062900100390,2016년 6월 29일 16시,수요일,경상남도 김해시 장유면,경상사고,0,0,1,0,차대차 - 추돌,안전운전불이행,건조,맑음,단일로 - 기타,승합,남,33세,상해없음,승용,여,62세,경상
2016062900100428,2016년 6월 29일 17시,수요일,경상남도 창원시 마산합포구 중앙동3가,중상사고,0,1,0,0,차대사람 - 횡단중,안전운전불이행,건조,흐림,단일로 - 기타,승용,여,54세,상해없음,보행자,남,10세,중상
2016062900100472,2016년 6월 29일 18시,수요일,경상남도 진주시 상대동,경상사고,0,0,1,0,차대사람 - 보도통행중,기타,건조,맑음,기타 - 기타,화물,남,26세,상해없음,보행자,남,40세,경상
2016062900100473,2016년 6월 29일 18시,수요일,경상남도 창원시 진해구 용원동,경상사고,0,0,1,0,차대차 - 측면직각충돌,직진우회전진행방해,건조,맑음,교차로 - 교차로안,승용,남,56세,상해없음,승용,여,42세,경상
2016062900100474,2016년 6월 29일 18시,수요일,경상남도 양산시 남부동,중상사고,0,1,0,0,차대사람 - 횡단중,안전운전불이행,건조,맑음,단일로 - 기타,승용,남,46세,상해없음,보행자,남,13세,중상
2016062900100504,2016년 6월 29일 19시,수요일,경상남도 창원시 성산구 내동,경상사고,0,0,1,0,차대차 - 측면직각충돌,교차로운행방법위반,건조,맑음,교차로 - 교차로안,승용,남,45세,상해없음,승용,남,42세,경상
2016062900100533,2016년 6월 29일 20시,수요일,경상남도 통영시 태평동,경상사고,0,0,1,0,차대차 - 측면충돌,신호위반,건조,맑음,교차로 - 교차로안,승합,남,46세,상해없음,자전거,남,16세,경상
2016062900100534,2016년 6월 29일 20시,수요일,경상남도 함양군 함양읍,부상신고사고,0,0,0,1,차량단독 - 공작물충돌,안전운전불이행,건조,맑음,단일로 - 기타,화물,남,63세,부상신고,,,,
2016062900100535,2016년 6월 29일 20시,수요일,경상남도 양산시 소주동,중상사고,0,1,0,0,차대사람 - 횡단중,신호위반,건조,맑음,교차로 - 교차로안,승용,남,18세,상해없음,보행자,여,62세,중상
2016062900100583,2016년 6월 29일 22시,수요일,경상남도 김해시 내동,경상사고,0,0,1,0,차대차 - 측면직각충돌,중앙선침범,건조,맑음,교차로 - 교차로부근,승합,여,49세,상해없음,승용,남,46세,경상
2016062900100610,2016년 6월 29일 23시,수요일,경상남도 창원시 성산구 상남동,경상사고,0,0,1,0,차대사람 - 차도통행중,안전운전불이행,건조,맑음,교차로 - 교차로부근,승용,남,48세,상해없음,보행자,남,34세,경상
2016063000100020,2016년 6월 30일 01시,목요일,경상남도 창원시 성산구 상남동,경상사고,0,0,1,0,차대사람 - 차도통행중,안전운전불이행,건조,맑음,단일로 - 기타,승합,남,31세,상해없음,보행자,남,40세,경상
2016063000100043,2016년 6월 30일 04시,목요일,경상남도 거제시 옥포동,경상사고,0,0,1,0,차대차 - 측면충돌,안전운전불이행,건조,맑음,기타 - 기타,승용,여,21세,기타불명,승용,여,43세,경상
2016063000100090,2016년 6월 30일 07시,목요일,경상남도 김해시 한림면,경상사고,0,0,8,0,차대차 - 기타,안전운전불이행,건조,맑음,단일로 - 기타,승합,남,52세,상해없음,승합,남,46세,상해없음
2016063000100118,2016년 6월 30일 08시,목요일,경상남도 합천군 초계면,경상사고,0,0,1,0,차대차 - 정면충돌,교차로운행방법위반,건조,맑음,교차로 - 교차로안,승용,남,63세,상해없음,승용,여,32세,경상