사고번호,사고일시,요일,시군구,사고내용,사망자수,중상자수,경상자수,부상신고자수,사고유형,법규위반,노면상태,기상상태,도로형태,가해운전자 차종,가해운전자 성별,가해운전자 연령,가해운전자 상해정도,피해운전자 차종,피해운전자 성별,피해운전자 연령,피해운전자 상해정도
2016071100100307,2016년 7월 11일 14시,월요일,경상남도 양산시 물금읍,경상사고,0,0,3,1,차대차 - 정면충돌,안전운전불이행,습기,흐림,단일로 - 기타,승용,남,62세,상해없음,승용,남,61세,경상
2016071100100308,2016년 7월 11일 14시,월요일,경상남도 창원시 성산구 대방동,중상사고,0,2,0,0,차량단독 - 전도전복,안전운전불이행,습기,비,교차로 - 교차로부근,승용,남,29세,상해없음,,,,
2016071100100309,2016년 7월 11일 14시,월요일,경상남도 창원시 의창구 팔용동,부상신고사고,0,0,0,1,차대차 - 기타,안전운전불이행,습기,비,교차로 - 교차로부근,기타불명,기타불명,기타불명,기타불명,이륜,남,47세,부상신고
2016071100100346,2016년 7월 11일 15시,월요일,경상남도 창원시 마산합포구 해운동,중상사고,0,1,0,0,차대사람 - 기타,보행자보호의무위반,건조,맑음,단일로 - 횡단보도상,승용,남,57세,상해없음,보행자,남,7세,중상
2016071100100347,2016년 7월 11일 15시,월요일,경상남도 창원시 진해구 자은동,중상사고,0,1,1,0,차대차 - 측면직각충돌,교차로운행방법위반,습기,비,교차로 - 교차로안,승용,남,51세,경상,승용,여,75세,중상
2016071100100348,2016년 7월 11일 15시,월요일,경상남도 통영시 무전동,중상사고,0,1,0,0,차대차 - 측면직각충돌,안전운전불이행,습기,비,단일로 - 기타,승용,남,42세,상해없음,승합,남,58세,중상
2016071100100349,2016년 7월 11일 15시,월요일,경상남도 밀양시 상남면,경상사고,0,0,1,0,차대차 - 정면충돌,안전운전불이행,습기,비,교차로 - 교차로부근,승용,남,27세,상해없음,원동기,여,67세,경상
2016071100100350,2016년 7월 11일 15시,월요일,경상남도 양산시 덕계동,중상사고,0,5,2,0,차대차 - 측면충돌,안전운전불이행,습기,비,교차로 - 교차로부근,화물,남,46세,상해없음,화물,남,46세,중상
2016071100100391,2016년 7월 11일 16시,월요일,경상남도 함안군 가야읍,경상사고,0,0,1,0,차대차 - 정면충돌,중앙선침범,습기,비,단일로 - 기타,승용,남,37세,상해없음,승용,여,49세,경상
2016071100100438,2016년 7월 11일 17시,월요일,경상남도 김해시 삼정동,중상사고,0,2,0,0,차대차 - 기타,안전운전불이행,건조,맑음,단일로 - 기타,기타불명,기타불명,기타불명,기타불명,승용,남,72세,중상
2016071100100476,2016년 7월 11일 18시,월요일,경상남도 창원시 진해구 석동,중상사고,0,1,0,0,차대차 - 측면직각충돌,차로위반,건조,맑음,교차로 - 교차로부근,승용,여,55세,상해없음,승용,남,31세,중상
2016071100100477,2016년 7월 11일 18시,월요일,경상남도 사천시 동금동,경상사고,0,0,1,0,차대차 - 측면직각충돌,안전운전불이행,건조,맑음,교차로 - 교차로안,승용,여,45세,상해없음,승용,남,35세,경상
2016071100100478,2016년 7월 11일 18시,월요일,경상남도 밀양시 삼문동,경상사고,0,0,1,0,차대사람 - 횡단중,안전운전불이행,습기,비,교차로 - 교차로부근,화물,남,44세,상해없음,보행자,여,14세,경상
2016071100100479,2016년 7월 11일 18시,월요일,경상남도 양산시 중부동,경상사고,0,0,1,0,차대차 - 정면충돌,신호위반,건조,맑음,교차로 - 교차로안,승용,남,51세,상해없음,자전거,남,9세,경상
2016071100100480,2016년 7월 11일 18시,월요일,경상남도 거제시 옥포동,경상사고,0,0,1,0,차대차 - 기타,안전운전불이행,건조,맑음,단일로 - 기타,특수,남,29세,상해없음,승용,여,37세,경상
2016071100100506,2016년 7월 11일 19시,월요일,경상남도 김해시 어방동,중상사고,0,1,0,0,차대사람 - 횡단중,안전운전불이행,건조,흐림,교차로 - 교차로부근,승용,남,61세,상해없음,보행자,여,49세,중상
2016071100100507,2016년 7월 11일 19시,월요일,경상남도 양산시 동면,경상사고,0,0,1,0,차대차 - 정면충돌,중앙선침범,건조,맑음,단일로 - 기타,승용,여,49세,상해없음,승용,여,22세,경상
2016071100100575,2016년 7월 11일 21시,월요일,경상남도 양산시 중부동,경상사고,0,0,2,0,차대차 - 정면충돌,안전거리미확보,습기,비,단일로 - 기타,승합,여,36세,상해없음,승용,남,59세,경상
2016071100100627,2016년 7월 11일 23시,월요일,경상남도 창녕군 창녕읍,중상사고,0,1,0,0,차대사람 - 횡단중,중앙선침범,건조,맑음,단일로 - 기타,승용,여,50세,상해없음,보행자,남,52세,중상
2016071200100011,2016년 7월 12일 00시,화요일,경상남도 김해시 부원동,경상사고,0,0,3,0,차대차 - 추돌,안전운전불이행,건조,흐림,단일로 - 기타,승용,남,23세,상해없음,승용,남,52세,경상
2016071200100012,2016년 7월 12일 00시,화요일,경상남도 창원시 의창구 팔용동,경상사고,0,0,1,0,차대차 - 기타,안전운전불이행,건조,흐림,교차로 - 교차로안,승용,남,57세,상해없음,승용,남,52세,경상
2016071200100104,2016년 7월 12일 07시,화요일,경상남도 거제시 아주동,경상사고,0,0,1,0,차대차 - 측면충돌,안전운전불이행,건조,맑음,단일로 - 기타,승용,남,50세,상해없음,자전거,남,43세,경상
2016071200100146,2016년 7월 12일 08시,화요일,경상남도 창원시 마산회원구 구암동,중상사고,0,1,0,0,차대사람 - 횡단중,안전운전불이행,건조,맑음,단일로 - 기타,승용,여,32세,상해없음,보행자,남,13세,중상
2016071200100195,2016년 7월 12일 10시,화요일,경상남도 창원시 마산합포구 가포동,중상사고,0,2,0,0,차대차 - 측면직각충돌,직진우회전진행방해,건조,맑음,교차로 - 교차로안,화물,남,55세,상해없음,승용,남,55세,중상
2016071200100196,2016년 7월 12일 10시,화요일,경상남도 창원시 마산회원구 내서읍,경상사고,0,0,1,0,차대차 - 측면충돌,안전운전불이행,건조,맑음,단일로 - 기타,승용,기타불명,기타불명,기타불명,자전거,여,16세,경상
2016071200100197,2016년 7월 12일 10시,화요일,경상남도 창원시 의창구 북면,사망사고,1,0,0,0,차대사람 - 횡단중,안전운전불이행,건조,맑음,교차로 - 교차로안,승용,남,57세,상해없음,보행자,남,74세,사망
2016071200100226,2016년 7월 12일 11시,화요일,경상남도 창원시 의창구 동읍,경상사고,0,0,1,0,차대차 - 측면충돌,신호위반,건조,맑음,교차로 - 교차로안,승용,여,46세,상해없음,승용,남,54세,경상
2016071200100242,2016년 7월 12일 12시,화요일,경상남도 김해시 상동면,경상사고,0,0,1,0,차대차 - 정면충돌,안전운전불이행,건조,맑음,교차로 - 교차로부근,화물,남,31세,상해없음,승용,여,53세,경상
2016071200100243,2016년 7월 12일 12시,화요일,경상남도 창원시 마산회원구 양덕동,부상신고사고,0,0,0,1,차대사람 - 횡단중,안전운전불이행,습기,비,교차로 - 교차로안,화물,남,58세,상해없음,보행자,여,61세,부상신고
2016071200100266,2016년 7월 12일 13시,화요일,경상남도 밀양시 내이동,경상사고,0,0,2,0,차대차 - 측면직각충돌,안전운전불이행,건조,맑음,단일로 - 기타,승용,여,23세,상해없음,원동기,남,81세,경상
2016071200100267,2016년 7월 12일 13시,화요일,경상남도 김해시 삼정동,경상사고,0,0,1,0,차대사람 - 횡단중,안전운전불이행,습기,비,교차로 - 교차로부근,승용,여,42세,상해없음,보행자,여,79세,경상
2016071200100268,2016년 7월 12일 13시,화요일,경상남도 창녕군 성산면,중상사고,0,1,0,0,차량단독 - 전도전복,안전운전불이행,습기,비,단일로 - 기타,승용,남,30세,중상,,,,
2016071200100297,2016년 7월 12일 14시,화요일,경상남도 창원시 마산합포구 진동면,중상사고,0,1,0,0,차대차 - 추돌,안전운전불이행,습기,비,교차로 - 교차로부근,화물,남,52세,상해없음,승용,여,64세,중상
2016071200100298,2016년 7월 12일 14시,화요일,경상남도 밀양시 삼문동,경상사고,0,0,2,0,차대차 - 측면직각충돌,안전운전불이행,건조,맑음,단일로 - 기타,승용,남,37세,상해없음,승용,남,41세,경상
2016071200100299,2016년 7월 12일 14시,화요일,경상남도 양산시 물금읍,중상사고,0,2,0,0,차대차 - 측면충돌,신호위반,건조,맑음,교차로 - 교차로안,승용,여,59세,상해없음,승용,여,57세,중상
2016071200100300,2016년 7월 12일 14시,화요일,경상남도 거제시 장평동,경상사고,0,0,1,0,차대차 - 기타,안전운전불이행,건조,맑음,단일로 - 기타,승용,남,71세,상해없음,승용,여,33세,경상
2016071200100334,2016년 7월 12일 15시,화요일,경상남도 양산시 북부동,경상사고,0,0,1,0,차대차 - 측면충돌,기타,건조,맑음,교차로 - 교차로안,승용,남,21세,상해없음,승용,여,54세,경상
2016071200100371,2016년 7월 12일 16시,화요일,경상남도 창원시 마산합포구 우산동,경상사고,0,0,1,0,차대차 - 측면직각충돌,안전운전불이행,습기,비,교차로 - 교차로안,승용,여,35세,상해없음,승용,여,32세,경상
2016071200100372,2016년 7월 12일 16시,화요일,경상남도 양산시 중부동,경상사고,0,0,1,0,차대차 - 측면충돌,기타,건조,맑음,교차로 - 교차로안,화물,남,41세,상해없음,자전거,남,76세,경상
2016071200100373,2016년 7월 12일 16시,화요일,경상남도 창원시 의창구 동읍,중상사고,0,1,1,0,차대차 - 추돌,차로위반,건조,맑음,단일로 - 터널,화물,남,50세,상해없음,승용,남,24세,중상
2016071200100409,2016년 7월 12일 17시,화요일,경상남도 하동군 금남면,중상사고,0,1,0,0,차대차 - 정면충돌,안전운전불이행,건조,맑음,기타 - 기타,승용,여,57세,상해없음,승용,여,55세,중상
2016071200100410,2016년 7월 12일 17시,화요일,경상남도 거제시 삼거동,중상사고,0,1,1,0,차대차 - 정면충돌,중앙선침범,건조,맑음,단일로 - 기타,승용,남,67세,상해없음,승용,여,46세,중상
2016071200100515,2016년 7월 12일 20시,화요일,경상남도 사천시 대방동,중상사고,0,1,1,0,차대차 - 측면충돌,직진우회전진행방해,습기,흐림,교차로 - 교차로안,승용,여,58세,경상,승합,남,59세,중상
2016071200100542,2016년 7월 12일 21시,화요일,경상남도 김해시 진영읍,경상사고,0,0,1,0,차대사람 - 횡단중,안전운전불이행,습기,비,단일로 - 기타,승용,남,57세,상해없음,보행자,남,90세 이상,경상
2016071200100563,2016년 7월 12일 22시,화요일,경상남도 김해시 삼방동,경상사고,0,0,1,0,차대사람 - 차도통행중,안전운전불이행,습기,비,단일로 - 기타,승용,여,21세,상해없음,보행자,남,42세,경상
2016071200100589,2016년 7월 12일 23시,화요일,경상남도 김해시 내동,중상사고,0,1,0,0,차대사람 - 횡단중,안전운전불이행,습기,비,교차로 - 교차로부근,승용,남,64세,상해없음,보행자,남,49세,중상
2016071300100036,2016년 7월 13일 02시,수요일,경상남도 창원시 의창구 봉곡동,경상사고,0,0,1,0,차대사람 - 횡단중,안전운전불이행,건조,맑음,단일로 - 기타,승용,남,53세,상해없음,보행자,여,18세,경상
2016071300100048,2016년 7월 13일 03시,수요일,경상남도 김해시 지내동,중상사고,0,1,0,0,차대차 - 측면충돌,교차로운행방법위반,건조,맑음,교차로 - 교차로안,화물,남,52세,상해없음,이륜,남,43세,중상
2016071300100049,2016년 7월 13일 03시,수요일,경상남도 김해시 생림면,사망사고,1,0,0,0,차대사람 - 기타,안전운전불이행,습기,흐림,교차로 - 교차로안,승용,남,64세,기타불명,보행자,남,29세,사망
2016071300100050,2016년 7월 13일 03시,수요일,경상남도 양산시 덕계동,중상사고,0,1,0,1,차대차 - 측면충돌,신호위반,습기,비,교차로 - 교차로안,승용,남,34세,부상신고,화물,남,44세,상해없음
2016071300100079,2016년 7월 13일 06시,수요일,경상남도 창원시 진해구 청안동,경상사고,0,0,2,0,차대차 - 추돌,안전운전불이행,건조,맑음,기타 - 기타,특수,남,43세,상해없음,승용,남,55세,경상
2016071300100080,2016년 7월 13일 06시,수요일,경상남도 김해시 장유면,경상사고,0,0,1,0,차대차 - 추돌,안전거리미확보,건조,맑음,단일로 - 기타,건설기계,남,43세,상해없음,승용,여,41세,경상
2016071300100081,2016년 7월 13일 06시,수요일,경상남도 김해시 장유면,경상사고,0,0,2,0,차대차 - 추돌,안전운전불이행,건조,맑음,단일로 - 기타,화물,남,23세,상해없음,승용,남,44세,경상
2016071300100105,2016년 7월 13일 07시,수요일,경상남도 김해시 구산동,중상사고,0,1,0,0,차대사람 - 기타,안전운전불이행,건조,맑음,교차로 - 교차로안,화물,남,38세,기타불명,보행자,남,44세,중상
2016071300100106,2016년 7월 13일 07시,수요일,경상남도 양산시 물금읍,부상신고사고,0,0,0,1,차대차 - 측면충돌,교차로운행방법위반,건조,맑음,교차로 - 교차로안,화물,남,32세,상해없음,승용,남,24세,부상신고
2016071300100145,2016년 7월 13일 08시,수요일,경상남도 창원시 진해구 자은동,경상사고,0,0,1,0,차대차 - 측면직각충돌,중앙선침범,건조,맑음,단일로 - 기타,승용,남,54세,상해없음,자전거,남,15세,경상
2016071300100146,2016년 7월 13일 08시,수요일,경상남도 창녕군 유어면,중상사고,0,1,0,0,차량단독 - 전도전복,안전운전불이행,건조,맑음,단일로 - 기타,화물,남,39세,중상,,,,
2016071300100147,2016년 7월 13일 08시,수요일,경상남도 양산시 명동,부상신고사고,0,0,0,1,차대차 - 기타,기타,건조,맑음,교차로 - 교차로부근,승용,여,49세,상해없음,승용,남,51세,부상신고
2016071300100187,2016년 7월 13일 09시,수요일,경상남도 진주시 집현면,중상사고,0,1,0,0,차대차 - 추돌,안전운전불이행,건조,맑음,교차로 - 교차로부근,승용,여,51세,중상,승용,여,29세,상해없음
2016071300100188,2016년 7월 13일 09시,수요일,경상남도 창원시 진해구 안골동,중상사고,0,1,2,0,차대차 - 추돌,안전운전불이행,건조,맑음,교차로 - 교차로부근,승용,여,37세,상해없음,승용,여,46세,중상
2016071300100189,2016년 7월 13일 09시,수요일,경상남도 창원시 진해구 태평동,경상사고,0,0,1,0,차대차 - 측면충돌,신호위반,건조,맑음,교차로 - 교차로안,승용,여,54세,상해없음,승용,남,22세,경상
2016071300100190,2016년 7월 13일 09시,수요일,경상남도 창원시 마산합포구 산호동,경상사고,0,0,1,0,차대사람 - 기타,안전운전불이행,건조,맑음,기타 - 기타,특수,남,43세,상해없음,보행자,남,90세 이상,경상
2016071300100220,2016년 7월 13일 10시,수요일,경상남도 진주시 금산면,경상사고,0,0,1,0,차대차 - 추돌,안전운전불이행,건조,맑음,교차로 - 교차로부근,원동기,남,78세,경상,화물,여,46세,상해없음
2016071300100221,2016년 7월 13일 10시,수요일,경상남도 창원시 진해구 이동,경상사고,0,0,1,0,차량단독 - 공작물충돌,안전운전불이행,건조,맑음,교차로 - 교차로안,승용,여,55세,경상,,,,
2016071300100254,2016년 7월 13일 11시,수요일,경상남도 창원시 의창구 팔용동,중상사고,0,1,0,0,차대차 - 기타,안전운전불이행,건조,맑음,교차로 - 교차로안,화물,남,61세,상해없음,자전거,남,64세,중상
2016071300100288,2016년 7월 13일 12시,수요일,경상남도 진주시 봉곡동,중상사고,0,1,0,0,차대차 - 측면직각충돌,신호위반,건조,맑음,교차로 - 교차로안,승용,여,68세,상해없음,원동기,남,38세,중상
2016071300100289,2016년 7월 13일 12시,수요일,경상남도 창원시 진해구 충무동,중상사고,0,1,0,0,차대사람 - 길가장자리구역통행중,안전운전불이행,건조,맑음,교차로 - 교차로부근,화물,남,70세,상해없음,보행자,여,90세 이상,중상
2016071300100290,2016년 7월 13일 12시,수요일,경상남도 김해시 삼정동,중상사고,0,1,0,0,차대차 - 기타,신호위반,건조,맑음,단일로 - 기타,승용,여,34세,상해없음,원동기,남,61세,중상
2016071300100322,2016년 7월 13일 13시,수요일,경상남도 양산시 평산동,중상사고,0,1,0,0,차대사람 - 횡단중,안전운전불이행,건조,맑음,단일로 - 기타,승용,여,35세,상해없음,보행자,여,90세 이상,중상
2016071300100323,2016년 7월 13일 13시,수요일,경상남도 창원시 마산회원구 양덕동,중상사고,0,1,0,0,차대차 - 측면충돌,안전운전불이행,건조,맑음,단일로 - 기타,이륜,남,81세,중상,승용,여,35세,상해없음
2016071300100358,2016년 7월 13일 14시,수요일,경상남도 사천시 사남면,경상사고,0,0,1,0,차대차 - 추돌,안전운전불이행,건조,맑음,단일로 - 기타,승용,여,54세,상해없음,승용,남,70세,경상
2016071300100359,2016년 7월 13일 14시,수요일,경상남도 창녕군 창녕읍,경상사고,0,0,2,0,차대차 - 측면직각충돌,안전운전불이행,건조,맑음,교차로 - 교차로안,승용,여,55세,경상,승용,여,38세,경상
2016071300100360,2016년 7월 13일 14시,수요일,경상남도 창원시 마산회원구 내서읍,경상사고,0,0,1,0,차대차 - 측면충돌,안전운전불이행,건조,맑음,교차로 - 교차로부근,화물,남,77세,상해없음,승합,남,44세,상해없음
2016071300100383,2016년 7월 13일 15시,수요일,경상남도 창원시 마산합포구 진동면,중상사고,0,1,0,0,차대차 - 기타,과속,건조,맑음,단일로 - 기타,승용,남,24세,중상,승용,남,33세,상해없음
2016071300100384,2016년 7월 13일 15시,수요일,경상남도 양산시 명동,경상사고,0,0,1,0,차대차 - 정면충돌,안전운전불이행,건조,맑음,교차로 - 교차로안,승용,남,45세,상해없음,원동기,남,17세,경상
2016071300100385,2016년 7월 13일 15시,수요일,경상남도 의령군 봉수면,중상사고,0,1,1,0,차대차 - 측면충돌,교차로운행방법위반,건조,맑음,교차로 - 교차로안,화물,남,59세,중상,화물,남,76세,경상
2016071300100429,2016년 7월 13일 16시,수요일,경상남도 밀양시 하남읍,중상사고,0,1,0,0,차대차 - 추돌,안전운전불이행,건조,맑음,단일로 - 기타,승용,여,26세,상해없음,원동기,남,62세,중상
2016071300100475,2016년 7월 13일 17시,수요일,경상남도 창원시 마산합포구 서성동,경상사고,0,0,1,0,차대사람 - 기타,안전운전불이행,건조,맑음,교차로 - 교차로부근,승용,남,58세,상해없음,보행자,여,46세,경상
2016071300100476,2016년 7월 13일 17시,수요일,경상남도 창원시 진해구 자은동,경상사고,0,0,1,0,차대차 - 측면직각충돌,교차로운행방법위반,건조,맑음,교차로 - 교차로안,이륜,남,55세,경상,승용,남,28세,상해없음
2016071300100477,2016년 7월 13일 17시,수요일,경상남도 양산시 물금읍,경상사고,0,0,1,0,차대차 - 정면충돌,교차로운행방법위반,건조,맑음,교차로 - 교차로안,승용,여,32세,상해없음,승용,여,54세,경상
2016071300100478,2016년 7월 13일 17시,수요일,경상남도 거제시 사등면,경상사고,0,0,1,0,차량단독 - 전도전복,안전운전불이행,건조,맑음,단일로 - 기타,원동기,남,56세,경상,,,,
2016071300100479,2016년 7월 13일 17시,수요일,경상남도 김해시 장유면,경상사고,0,0,1,0,차대차 - 측면충돌,직진우회전진행방해,건조,맑음,교차로 - 교차로안,이륜,남,53세,경상,승용,여,48세,상해없음
2016071300100518,2016년 7월 13일 18시,수요일,경상남도 창원시 마산합포구 우산동,중상사고,0,1,2,2,차대차 - 추돌,안전운전불이행,건조,맑음,단일로 - 기타,화물,남,78세,부상신고,승용,여,23세,중상
2016071300100519,2016년 7월 13일 18시,수요일,경상남도 창원시 진해구 남문동,경상사고,0,0,1,0,차대차 - 측면직각충돌,교차로운행방법위반,건조,맑음,교차로 - 교차로안,승용,여,20세,상해없음,건설기계,남,53세,상해없음
2016071300100520,2016년 7월 13일 18시,수요일,경상남도 김해시 동상동,중상사고,0,2,5,0,차대차 - 측면직각충돌,안전운전불이행,건조,맑음,단일로 - 기타,승용,남,29세,상해없음,승용,남,40세,상해없음
2016071300100521,2016년 7월 13일 18시,수요일,경상남도 거창군 거창읍,경상사고,0,0,1,0,차대차 - 정면충돌,안전운전불이행,건조,맑음,단일로 - 기타,승합,남,40세,상해없음,이륜,여,52세,경상
2016071300100522,2016년 7월 13일 18시,수요일,경상남도 거제시 고현동,중상사고,0,1,0,0,차대사람 - 기타,안전운전불이행,건조,맑음,기타 - 기타,승용,남,50세,상해없음,보행자,남,72세,중상
2016071300100562,2016년 7월 13일 19시,수요일,경상남도 사천시 사천읍,사망사고,1,0,0,0,차대사람 - 횡단중,안전운전불이행,건조,맑음,교차로 - 교차로안,승합,남,58세,상해없음,보행자,여,78세,사망
2016071300100588,2016년 7월 13일 20시,수요일,경상남도 통영시 광도면,중상사고,0,1,0,0,차대사람 - 횡단중,보행자보호의무위반,건조,맑음,단일로 - 횡단보도상,승용,남,36세,상해없음,보행자,남,62세,중상
2016071300100589,2016년 7월 13일 20시,수요일,경상남도 김해시 외동,경상사고,0,0,3,0,차대차 - 정면충돌,직진우회전진행방해,건조,맑음,교차로 - 교차로안,승용,여,58세,경상,승용,여,64세,경상
2016071300100590,2016년 7월 13일 20시,수요일,경상남도 김해시 외동,중상사고,0,1,0,0,차대사람 - 보도통행중,기타,건조,맑음,단일로 - 기타,승용,남,34세,상해없음,보행자,여,49세,중상
2016071300100668,2016년 7월 13일 22시,수요일,경상남도 진주시 강남동,중상사고,0,4,0,0,차대차 - 추돌,안전운전불이행,건조,맑음,단일로 - 기타,승용,여,48세,상해없음,승용,남,33세,중상
2016071300100669,2016년 7월 13일 22시,수요일,경상남도 김해시 삼정동,경상사고,0,0,2,0,차대차 - 측면충돌,직진우회전진행방해,건조,맑음,교차로 - 교차로부근,승용,여,53세,경상,승용,남,56세,경상
2016071300100670,2016년 7월 13일 22시,수요일,경상남도 거제시 장평동,경상사고,0,0,1,0,차대차 - 추돌,안전운전불이행,건조,맑음,교차로 - 교차로안,승용,남,51세,상해없음,승용,남,36세,상해없음
2016071300100671,2016년 7월 13일 22시,수요일,경상남도 창원시 마산회원구 봉암동,중상사고,0,1,1,0,차대차 - 추돌,안전운전불이행,건조,맑음,단일로 - 기타,승용,남,47세,상해없음,승용,남,57세,중상
2016071400100013,2016년 7월 14일 00시,목요일,경상남도 거제시 아주동,중상사고,0,1,1,0,차대차 - 정면충돌,안전운전불이행,건조,맑음,교차로 - 교차로안,승용,남,40세,상해없음,승용,남,63세,경상
2016071400100070,2016년 7월 14일 06시,목요일,경상남도 창원시 진해구 두동,중상사고,0,1,1,0,차량단독 - 전도전복,안전운전불이행,건조,맑음,단일로 - 기타,원동기,남,17세,경상,,,,
2016071400100071,2016년 7월 14일 06시,목요일,경상남도 통영시 도산면,중상사고,0,3,0,0,차대차 - 측면직각충돌,안전운전불이행,건조,맑음,단일로 - 기타,승용,남,58세,상해없음,승용,남,46세,중상
2016071400100072,2016년 7월 14일 06시,목요일,경상남도 통영시 무전동,중상사고,0,1,0,0,차대차 - 측면직각충돌,신호위반,건조,맑음,교차로 - 교차로안,이륜,남,43세,중상,승용,남,33세,상해없음
2016071400100094,2016년 7월 14일 07시,목요일,경상남도 사천시 사남면,경상사고,0,0,1,0,차대차 - 측면직각충돌,안전운전불이행,건조,맑음,교차로 - 교차로안,승용,남,58세,상해없음,자전거,남,34세,경상
2016071400100095,2016년 7월 14일 07시,목요일,경상남도 김해시 외동,경상사고,0,0,1,0,차대차 - 측면직각충돌,안전운전불이행,건조,맑음,단일로 - 기타,화물,남,66세,상해없음,승용,남,31세,경상
2016071400100096,2016년 7월 14일 07시,목요일,경상남도 양산시 북정동,경상사고,0,0,1,0,차대사람 - 횡단중,보행자보호의무위반,건조,맑음,교차로 - 교차로안,화물,남,67세,상해없음,보행자,여,48세,경상
2016071400100135,2016년 7월 14일 08시,목요일,경상남도 창원시 마산회원구 내서읍,사망사고,1,0,0,0,차대차 - 측면직각충돌,안전운전불이행,건조,맑음,교차로 - 교차로안,화물,남,62세,상해없음,승용,여,58세,사망
2016071400100168,2016년 7월 14일 09시,목요일,경상남도 김해시 장유면,중상사고,0,1,0,0,차대차 - 측면직각충돌,안전운전불이행,건조,맑음,교차로 - 교차로안,승용,남,67세,상해없음,승용,남,60세,중상
2016071400100210,2016년 7월 14일 10시,목요일,경상남도 창원시 마산합포구 남성동,경상사고,0,0,1,0,차대차 - 추돌,안전거리미확보,건조,맑음,단일로 - 교량,화물,남,50세,상해없음,승용,남,67세,경상
2016071400100211,2016년 7월 14일 10시,목요일,경상남도 산청군 오부면,중상사고,0,1,1,0,차대차 - 정면충돌,안전운전불이행,건조,맑음,단일로 - 기타,화물,남,66세,경상,승용,여,43세,중상
2016071400100242,2016년 7월 14일 11시,목요일,경상남도 양산시 북부동,중상사고,0,1,0,0,차대사람 - 횡단중,보행자보호의무위반,건조,맑음,단일로 - 횡단보도상,화물,남,56세,상해없음,보행자,여,60세,중상
2016071400100272,2016년 7월 14일 12시,목요일,경상남도 밀양시 산내면,경상사고,0,0,1,0,차량단독 - 공작물충돌,안전운전불이행,건조,맑음,단일로 - 기타,승용,남,19세,상해없음,,,,
2016071400100273,2016년 7월 14일 12시,목요일,경상남도 남해군 서면,중상사고,0,1,1,0,차량단독 - 전도전복,안전운전불이행,건조,맑음,단일로 - 기타,승용,남,77세,경상,,,,
2016071400100304,2016년 7월 14일 13시,목요일,경상남도 함양군 지곡면,중상사고,0,1,0,0,차대차 - 정면충돌,중앙선침범,건조,맑음,단일로 - 기타,승용,여,60세,상해없음,승용,남,33세,중상
2016071400100331,2016년 7월 14일 14시,목요일,경상남도 통영시 정량동,중상사고,0,1,0,0,차대사람 - 횡단중,안전운전불이행,건조,맑음,단일로 - 기타,화물,남,52세,상해없음,보행자,남,58세,중상
2016071400100332,2016년 7월 14일 14시,목요일,경상남도 합천군 가야면,경상사고,0,0,1,0,차대차 - 측면충돌,안전운전불이행,건조,맑음,단일로 - 기타,승합,남,52세,상해없음,승용,남,30세,경상
2016071400100333,2016년 7월 14일 14시,목요일,경상남도 김해시 진영읍,경상사고,0,0,1,0,차대사람 - 횡단중,안전운전불이행,건조,맑음,단일로 - 기타,승용,남,69세,상해없음,보행자,여,10세,경상
2016071400100397,2016년 7월 14일 16시,목요일,경상남도 진주시 남성동,경상사고,0,0,1,0,차대차 - 측면직각충돌,직진우회전진행방해,건조,맑음,교차로 - 교차로안,승용,여,39세,상해없음,승용,여,38세,경상
2016071400100398,2016년 7월 14일 16시,목요일,경상남도 통영시 북신동,경상사고,0,0,1,0,차대사람 - 길가장자리구역통행중,안전운전불이행,건조,맑음,단일로 - 기타,승용,남,30세,기타불명,보행자,남,34세,경상
2016071400100399,2016년 7월 14일 16시,목요일,경상남도 밀양시 삼랑진읍,중상사고,0,1,1,0,차대차 - 측면직각충돌,안전운전불이행,건조,맑음,단일로 - 기타,화물,남,64세,상해없음,원동기,남,73세,중상
2016071400100400,2016년 7월 14일 16시,목요일,경상남도 고성군 고성읍,경상사고,0,0,1,0,차대차 - 정면충돌,중앙선침범,건조,맑음,단일로 - 기타,승용,여,47세,상해없음,승용,남,20세,경상
2016071400100441,2016년 7월 14일 17시,목요일,경상남도 진주시 칠암동,중상사고,0,1,0,0,차대사람 - 보도통행중,보행자보호의무위반,건조,맑음,단일로 - 횡단보도상,승용,여,52세,상해없음,보행자,남,71세,중상
2016071400100442,2016년 7월 14일 17시,목요일,경상남도 고성군 구만면,중상사고,0,1,0,0,차대차 - 측면충돌,안전운전불이행,건조,흐림,단일로 - 기타,승용,여,53세,상해없음,승용,여,61세,기타불명
2016071400100443,2016년 7월 14일 17시,목요일,경상남도 창원시 의창구 팔용동,경상사고,0,0,1,0,차대차 - 측면충돌,안전운전불이행,건조,맑음,교차로 - 교차로부근,승용,남,56세,상해없음,원동기,남,50세,경상
2016071400100552,2016년 7월 14일 20시,목요일,경상남도 김해시 내동,중상사고,0,1,0,0,차대차 - 측면직각충돌,안전운전불이행,습기,흐림,교차로 - 교차로안,이륜,남,34세,중상,승용,남,53세,상해없음
2016071400100553,2016년 7월 14일 20시,목요일,경상남도 양산시 삼호동,경상사고,0,0,1,0,차대사람 - 차도통행중,안전운전불이행,건조,맑음,단일로 - 기타,승용,남,38세,상해없음,보행자,여,54세,경상