사고번호,사고일시,요일,시군구,사고내용,사망자수,중상자수,경상자수,부상신고자수,사고유형,법규위반,노면상태,기상상태,도로형태,가해운전자 차종,가해운전자 성별,가해운전자 연령,가해운전자 상해정도,피해운전자 차종,피해운전자 성별,피해운전자 연령,피해운전자 상해정도
2016071800100265,2016년 7월 18일 13시,월요일,경상남도 통영시 항남동,중상사고,0,2,1,0,차대차 - 측면직각충돌,안전운전불이행,건조,맑음,교차로 - 교차로부근,화물,남,69세,상해없음,승용,남,38세,중상
2016071800100266,2016년 7월 18일 13시,월요일,경상남도 사천시 사남면,경상사고,0,0,1,0,차대차 - 측면충돌,중앙선침범,건조,맑음,단일로 - 기타,승합,남,34세,상해없음,승용,남,44세,경상
2016071800100267,2016년 7월 18일 13시,월요일,경상남도 합천군 대병면,경상사고,0,0,1,0,차대차 - 추돌,안전운전불이행,건조,맑음,교차로 - 교차로안,승용,여,52세,상해없음,승합,남,51세,상해없음
2016071800100268,2016년 7월 18일 13시,월요일,경상남도 거제시 거제면,경상사고,0,0,1,0,차대차 - 정면충돌,안전운전불이행,건조,맑음,교차로 - 교차로안,승용,여,53세,상해없음,이륜,남,43세,경상
2016071800100269,2016년 7월 18일 13시,월요일,경상남도 거제시 옥포동,중상사고,0,1,0,0,차대사람 - 횡단중,안전운전불이행,건조,맑음,단일로 - 기타,승합,남,60세,상해없음,보행자,여,69세,중상
2016071800100270,2016년 7월 18일 13시,월요일,경상남도 남해군 남해읍,경상사고,0,0,1,0,차대사람 - 횡단중,안전운전불이행,건조,맑음,단일로 - 기타,승용,여,53세,상해없음,보행자,여,8세,경상
2016071800100343,2016년 7월 18일 15시,월요일,경상남도 창원시 의창구 북면,경상사고,0,0,1,0,차대차 - 기타,안전운전불이행,건조,맑음,단일로 - 기타,승합,남,66세,상해없음,승용,남,50세,경상
2016071800100344,2016년 7월 18일 15시,월요일,경상남도 김해시 주촌면,경상사고,0,0,1,0,차대차 - 기타,안전운전불이행,건조,맑음,단일로 - 기타,승용,남,28세,상해없음,승용,남,46세,경상
2016071800100380,2016년 7월 18일 16시,월요일,경상남도 김해시 외동,경상사고,0,0,5,0,차대차 - 추돌,안전거리미확보,건조,맑음,단일로 - 기타,승용,여,25세,경상,승용,여,45세,경상
2016071800100381,2016년 7월 18일 16시,월요일,경상남도 김해시 삼방동,중상사고,0,2,0,0,차대사람 - 횡단중,신호위반,건조,맑음,교차로 - 교차로부근,이륜,남,17세,중상,보행자,남,11세,중상
2016071800100415,2016년 7월 18일 17시,월요일,경상남도 김해시 장유면,경상사고,0,0,3,0,차대차 - 기타,안전운전불이행,건조,맑음,단일로 - 기타,화물,남,36세,상해없음,승용,남,19세,경상
2016071800100463,2016년 7월 18일 18시,월요일,경상남도 김해시 삼정동,경상사고,0,0,4,0,차대차 - 기타,교차로운행방법위반,건조,맑음,교차로 - 교차로안,승합,남,22세,경상,승용,여,51세,경상
2016071800100464,2016년 7월 18일 18시,월요일,경상남도 거제시 장평동,경상사고,0,0,1,0,차대차 - 정면충돌,안전운전불이행,건조,맑음,교차로 - 교차로안,승용,남,27세,기타불명,승용,남,55세,경상
2016071800100492,2016년 7월 18일 19시,월요일,경상남도 의령군 의령읍,부상신고사고,0,0,0,1,차대사람 - 횡단중,안전운전불이행,건조,맑음,교차로 - 교차로부근,승용,남,61세,상해없음,보행자,여,68세,부상신고
2016071800100518,2016년 7월 18일 20시,월요일,경상남도 산청군 단성면,중상사고,0,1,0,0,차대차 - 측면충돌,중앙선침범,건조,맑음,단일로 - 기타,승용,남,77세,중상,화물,남,68세,기타불명
2016071800100551,2016년 7월 18일 21시,월요일,경상남도 거제시 하청면,경상사고,0,0,1,0,차대사람 - 횡단중,안전운전불이행,건조,맑음,단일로 - 기타,승용,여,34세,상해없음,보행자,남,31세,경상
2016071800100574,2016년 7월 18일 22시,월요일,경상남도 김해시 구산동,경상사고,0,0,1,0,차대차 - 측면직각충돌,신호위반,건조,맑음,교차로 - 교차로안,승용,남,57세,상해없음,승용,남,24세,경상
2016071800100575,2016년 7월 18일 22시,월요일,경상남도 함안군 칠원읍,중상사고,0,1,0,0,차대사람 - 횡단중,안전운전불이행,건조,맑음,교차로 - 교차로부근,승용,여,48세,상해없음,보행자,여,54세,중상
2016071800100595,2016년 7월 18일 23시,월요일,경상남도 양산시 중부동,중상사고,0,1,0,0,차대차 - 측면충돌,안전거리미확보,건조,맑음,단일로 - 기타,승용,남,61세,상해없음,원동기,남,18세,중상
2016071800100596,2016년 7월 18일 23시,월요일,경상남도 창원시 성산구 상남동,경상사고,0,0,3,0,차대차 - 측면충돌,신호위반,건조,맑음,교차로 - 교차로안,승용,여,26세,상해없음,승용,남,64세,경상
2016071900100042,2016년 7월 19일 03시,화요일,경상남도 진주시 평거동,중상사고,0,1,1,0,차대차 - 측면충돌,직진우회전진행방해,건조,맑음,교차로 - 교차로안,승용,여,43세,상해없음,화물,남,52세,경상
2016071900100060,2016년 7월 19일 05시,화요일,경상남도 진주시 초전동,중상사고,0,2,0,0,차대차 - 측면직각충돌,신호위반,건조,맑음,교차로 - 교차로안,화물,남,46세,상해없음,승용,남,62세,중상
2016071900100071,2016년 7월 19일 06시,화요일,경상남도 거제시 장목면,사망사고,1,0,0,0,차량단독 - 공작물충돌,안전운전불이행,건조,맑음,단일로 - 기타,화물,남,64세,사망,,,,
2016071900100072,2016년 7월 19일 06시,화요일,경상남도 거제시 고현동,중상사고,0,1,1,0,차대차 - 정면충돌,안전운전불이행,건조,맑음,교차로 - 교차로안,승용,남,33세,중상,이륜,남,34세,경상
2016071900100083,2016년 7월 19일 07시,화요일,경상남도 김해시 장유면,경상사고,0,0,2,0,차대차 - 기타,기타,건조,맑음,단일로 - 기타,화물,남,58세,상해없음,승용,남,51세,경상
2016071900100099,2016년 7월 19일 07시,화요일,경상남도 창원시 성산구 대방동,경상사고,0,0,2,0,차대차 - 측면충돌,안전운전불이행,건조,맑음,단일로 - 기타,승용,남,66세,상해없음,승합,남,53세,경상
2016071900100137,2016년 7월 19일 08시,화요일,경상남도 양산시 상북면,경상사고,0,0,1,0,차대차 - 정면충돌,차로위반,건조,맑음,교차로 - 교차로안,화물,남,61세,상해없음,승용,남,46세,경상
2016071900100176,2016년 7월 19일 09시,화요일,경상남도 창원시 마산합포구 동성동,중상사고,0,1,0,0,차대차 - 측면충돌,신호위반,건조,맑음,교차로 - 교차로안,승합,남,64세,상해없음,이륜,남,75세,중상
2016071900100177,2016년 7월 19일 09시,화요일,경상남도 사천시 향촌동,중상사고,0,2,1,0,차대차 - 측면직각충돌,신호위반,건조,맑음,교차로 - 교차로안,승용,남,55세,경상,승용,남,61세,중상
2016071900100178,2016년 7월 19일 09시,화요일,경상남도 양산시 물금읍,경상사고,0,0,3,2,차대차 - 정면충돌,교차로운행방법위반,건조,맑음,교차로 - 교차로안,승용,남,58세,상해없음,승합,여,46세,경상
2016071900100179,2016년 7월 19일 09시,화요일,경상남도 창원시 의창구 신월동,경상사고,0,0,1,0,차대차 - 기타,안전운전불이행,건조,맑음,단일로 - 기타,승용,남,24세,상해없음,원동기,남,23세,경상
2016071900100180,2016년 7월 19일 09시,화요일,경상남도 창원시 의창구 명곡동,경상사고,0,0,1,0,차대차 - 측면직각충돌,안전운전불이행,건조,맑음,교차로 - 교차로부근,승용,남,70세,상해없음,승용,남,59세,경상
2016071900100336,2016년 7월 19일 14시,화요일,경상남도 거창군 남상면,사망사고,1,0,0,1,차대차 - 정면충돌,중앙선침범,건조,맑음,단일로 - 기타,화물,남,69세,상해없음,화물,남,66세,사망
2016071900100337,2016년 7월 19일 14시,화요일,경상남도 김해시 한림면,중상사고,0,1,4,0,차대차 - 추돌,안전운전불이행,건조,맑음,교차로 - 교차로부근,화물,남,49세,중상,승합,남,44세,경상
2016071900100378,2016년 7월 19일 15시,화요일,경상남도 김해시 외동,경상사고,0,0,3,0,차대차 - 측면직각충돌,신호위반,건조,맑음,교차로 - 교차로안,승용,여,43세,경상,승용,남,30세,경상
2016071900100379,2016년 7월 19일 15시,화요일,경상남도 김해시 진영읍,중상사고,0,1,3,0,차대차 - 추돌,안전운전불이행,건조,맑음,단일로 - 기타,화물,남,49세,상해없음,화물,남,60세,경상
2016071900100425,2016년 7월 19일 16시,화요일,경상남도 의령군 의령읍,중상사고,0,1,0,0,차대사람 - 횡단중,보행자보호의무위반,건조,맑음,단일로 - 횡단보도상,승합,남,45세,상해없음,보행자,남,90세 이상,중상
2016071900100473,2016년 7월 19일 17시,화요일,경상남도 진주시 인사동,경상사고,0,0,1,0,차대사람 - 차도통행중,안전운전불이행,건조,맑음,교차로 - 교차로안,승용,여,57세,상해없음,보행자,남,5세,경상
2016071900100474,2016년 7월 19일 17시,화요일,경상남도 통영시 광도면,중상사고,0,1,3,0,차대차 - 추돌,안전운전불이행,건조,맑음,단일로 - 기타,화물,남,53세,상해없음,화물,남,39세,중상
2016071900100475,2016년 7월 19일 17시,화요일,경상남도 사천시 사천읍,부상신고사고,0,0,0,1,차대차 - 측면직각충돌,교차로운행방법위반,건조,맑음,교차로 - 교차로안,이륜,남,17세,부상신고,승용,여,72세,상해없음
2016071900100476,2016년 7월 19일 17시,화요일,경상남도 거제시 고현동,경상사고,0,0,1,0,차대차 - 측면충돌,안전운전불이행,건조,맑음,단일로 - 기타,승용,남,47세,기타불명,자전거,남,27세,경상
2016071900100552,2016년 7월 19일 19시,화요일,경상남도 김해시 어방동,중상사고,0,1,0,0,차대사람 - 기타,안전운전불이행,건조,맑음,교차로 - 교차로안,승용,여,46세,상해없음,보행자,남,62세,중상
2016071900100553,2016년 7월 19일 19시,화요일,경상남도 거창군 거창읍,중상사고,0,1,0,0,차대차 - 추돌,안전운전불이행,건조,맑음,교차로 - 교차로안,화물,남,66세,상해없음,자전거,여,63세,중상
2016071900100589,2016년 7월 19일 20시,화요일,경상남도 밀양시 가곡동,중상사고,0,1,0,0,차량단독 - 전도전복,안전운전불이행,건조,맑음,단일로 - 기타,승용,남,51세,중상,,,,
2016071900100623,2016년 7월 19일 21시,화요일,경상남도 사천시 사천읍,경상사고,0,0,1,0,차대차 - 측면직각충돌,신호위반,건조,맑음,교차로 - 교차로안,승용,남,28세,상해없음,이륜,남,18세,경상
2016071900100624,2016년 7월 19일 21시,화요일,경상남도 사천시 서포면,경상사고,0,0,1,0,차대사람 - 길가장자리구역통행중,안전운전불이행,건조,맑음,단일로 - 교량,화물,남,56세,상해없음,보행자,여,56세,경상
2016071900100625,2016년 7월 19일 21시,화요일,경상남도 김해시 지내동,중상사고,0,1,0,0,차대사람 - 횡단중,안전운전불이행,건조,맑음,단일로 - 횡단보도상,승용,남,36세,상해없음,보행자,여,66세,중상
2016071900100626,2016년 7월 19일 21시,화요일,경상남도 김해시 어방동,경상사고,0,0,1,0,차대차 - 측면충돌,안전운전불이행,건조,맑음,단일로 - 기타,기타불명,남,75세,경상,승용,남,45세,상해없음
2016071900100627,2016년 7월 19일 21시,화요일,경상남도 김해시 장유면,중상사고,0,1,0,0,차대사람 - 횡단중,신호위반,건조,맑음,단일로 - 횡단보도상,승합,남,24세,상해없음,보행자,여,38세,중상
2016071900100655,2016년 7월 19일 22시,화요일,경상남도 창원시 진해구 경화동,경상사고,0,0,1,0,차대사람 - 차도통행중,안전운전불이행,건조,맑음,단일로 - 기타,승용,남,50세,상해없음,보행자,남,52세,경상
2016071900100656,2016년 7월 19일 22시,화요일,경상남도 김해시 삼계동,경상사고,0,0,2,0,차대차 - 기타,안전거리미확보,건조,맑음,단일로 - 기타,승용,남,25세,상해없음,승용,남,55세,상해없음
2016071900100671,2016년 7월 19일 23시,화요일,경상남도 창원시 진해구 장천동,중상사고,0,1,2,0,차대차 - 추돌,안전운전불이행,건조,맑음,교차로 - 교차로부근,승용,남,55세,상해없음,승용,여,48세,중상
2016072000100024,2016년 7월 20일 01시,수요일,경상남도 창원시 마산합포구 자산동,중상사고,0,1,0,0,차대차 - 기타,교차로운행방법위반,건조,맑음,단일로 - 기타,승용,여,50세,상해없음,승용,남,54세,상해없음
2016072000100068,2016년 7월 20일 06시,수요일,경상남도 창원시 진해구 안골동,경상사고,0,0,1,0,차대차 - 추돌,안전거리미확보,건조,맑음,미분류 - 미분류,승용,남,66세,상해없음,승용,남,48세,경상
2016072000100069,2016년 7월 20일 06시,수요일,경상남도 양산시 상북면,중상사고,0,1,0,0,차대차 - 정면충돌,신호위반,건조,맑음,교차로 - 교차로부근,승용,남,51세,상해없음,자전거,남,59세,중상
2016072000100087,2016년 7월 20일 07시,수요일,경상남도 김해시 내동,경상사고,0,0,3,0,차대차 - 측면충돌,교차로운행방법위반,건조,맑음,교차로 - 교차로안,승용,남,55세,상해없음,승용,남,46세,경상
2016072000100088,2016년 7월 20일 07시,수요일,경상남도 양산시 명곡동,중상사고,0,1,0,0,차대차 - 정면충돌,안전운전불이행,건조,맑음,단일로 - 기타,승용,남,61세,중상,화물,남,50세,상해없음
2016072000100089,2016년 7월 20일 07시,수요일,경상남도 김해시 진영읍,경상사고,0,0,1,0,차대차 - 측면직각충돌,교차로운행방법위반,건조,맑음,교차로 - 교차로안,승용,여,28세,상해없음,승용,남,23세,경상
2016072000100130,2016년 7월 20일 08시,수요일,경상남도 통영시 미수동,경상사고,0,0,1,0,차대차 - 추돌,안전운전불이행,건조,맑음,단일로 - 기타,화물,남,58세,상해없음,승용,남,57세,상해없음
2016072000100165,2016년 7월 20일 09시,수요일,경상남도 산청군 신안면,경상사고,0,0,2,0,차대차 - 추돌,안전거리미확보,건조,맑음,단일로 - 기타,건설기계,남,52세,상해없음,승용,남,78세,경상
2016072000100166,2016년 7월 20일 09시,수요일,경상남도 의령군 의령읍,중상사고,0,1,0,0,차대차 - 측면직각충돌,교차로운행방법위반,건조,맑음,교차로 - 교차로안,화물,남,41세,상해없음,이륜,남,77세,중상
2016072000100167,2016년 7월 20일 09시,수요일,경상남도 창원시 마산회원구 회성동,경상사고,0,0,1,0,차대차 - 측면충돌,안전운전불이행,건조,맑음,단일로 - 기타,이륜,남,63세,경상,승용,남,47세,상해없음
2016072000100193,2016년 7월 20일 10시,수요일,경상남도 사천시 용강동,중상사고,0,1,2,0,차대차 - 측면충돌,직진우회전진행방해,건조,맑음,교차로 - 교차로안,승용,남,67세,경상,승용,남,47세,경상
2016072000100194,2016년 7월 20일 10시,수요일,경상남도 김해시 내동,중상사고,0,1,0,0,차대사람 - 횡단중,안전운전불이행,건조,맑음,기타 - 기타,승용,여,53세,상해없음,보행자,여,60세,중상
2016072000100195,2016년 7월 20일 10시,수요일,경상남도 고성군 회화면,사망사고,1,0,0,0,차대차 - 측면충돌,안전거리미확보,건조,맑음,교차로 - 교차로안,화물,남,55세,상해없음,특수,남,55세,상해없음
2016072000100220,2016년 7월 20일 11시,수요일,경상남도 합천군 야로면,경상사고,0,0,4,0,차대차 - 측면직각충돌,안전운전불이행,건조,맑음,단일로 - 기타,승용,여,48세,경상,화물,남,52세,경상
2016072000100221,2016년 7월 20일 11시,수요일,경상남도 김해시 장유면,중상사고,0,1,1,0,차대차 - 측면직각충돌,직진우회전진행방해,건조,맑음,교차로 - 교차로안,승용,여,39세,경상,승용,남,61세,중상
2016072000100252,2016년 7월 20일 12시,수요일,경상남도 창원시 마산합포구 완월동,경상사고,0,0,1,0,차대차 - 측면직각충돌,안전운전불이행,건조,맑음,단일로 - 기타,승합,남,72세,상해없음,승용,남,62세,경상
2016072000100253,2016년 7월 20일 12시,수요일,경상남도 진주시 칠암동,중상사고,0,1,0,0,차대차 - 측면직각충돌,직진우회전진행방해,건조,맑음,교차로 - 교차로안,원동기,여,64세,중상,승합,남,55세,상해없음
2016072000100254,2016년 7월 20일 12시,수요일,경상남도 거제시 옥포동,중상사고,0,1,0,0,차대사람 - 기타,안전운전불이행,건조,맑음,단일로 - 기타,승용,여,34세,상해없음,보행자,남,1세,중상
2016072000100255,2016년 7월 20일 12시,수요일,경상남도 거제시 능포동,경상사고,0,0,2,0,차대차 - 측면충돌,안전운전불이행,건조,맑음,기타 - 기타,승용,남,65세,상해없음,승용,남,32세,경상
2016072000100256,2016년 7월 20일 12시,수요일,경상남도 창원시 마산합포구 산호동,중상사고,0,1,0,0,차대차 - 측면충돌,안전운전불이행,건조,맑음,교차로 - 교차로부근,승용,남,62세,상해없음,이륜,남,34세,중상
2016072000100289,2016년 7월 20일 13시,수요일,경상남도 진주시 옥봉동,경상사고,0,0,1,0,차대사람 - 횡단중,안전운전불이행,건조,맑음,단일로 - 기타,화물,남,33세,상해없음,보행자,여,34세,경상
2016072000100325,2016년 7월 20일 14시,수요일,경상남도 창원시 마산회원구 석전동,경상사고,0,0,1,0,차대차 - 추돌,안전운전불이행,건조,맑음,단일로 - 기타,승용,남,51세,상해없음,승용,여,50세,경상
2016072000100326,2016년 7월 20일 14시,수요일,경상남도 김해시 장유면,경상사고,0,0,1,0,차대사람 - 보도통행중,보행자보호의무위반,건조,맑음,교차로 - 교차로부근,승용,남,41세,기타불명,보행자,남,5세,경상
2016072000100360,2016년 7월 20일 15시,수요일,경상남도 거창군 거창읍,중상사고,0,1,0,0,차대차 - 정면충돌,안전운전불이행,건조,맑음,단일로 - 기타,승용,남,55세,상해없음,원동기,남,27세,중상
2016072000100361,2016년 7월 20일 15시,수요일,경상남도 창원시 의창구 팔용동,중상사고,0,1,0,0,차대사람 - 횡단중,안전운전불이행,건조,맑음,교차로 - 교차로안,화물,남,65세,상해없음,보행자,남,12세,중상
2016072000100403,2016년 7월 20일 16시,수요일,경상남도 창원시 마산합포구 예곡동,경상사고,0,0,1,0,차대차 - 추돌,안전운전불이행,건조,맑음,단일로 - 터널,승용,여,46세,상해없음,특수,남,49세,상해없음
2016072000100404,2016년 7월 20일 16시,수요일,경상남도 통영시 북신동,경상사고,0,0,2,1,차대차 - 측면직각충돌,안전운전불이행,건조,맑음,교차로 - 교차로안,기타불명,기타불명,기타불명,기타불명,승용,남,62세,상해없음
2016072000100405,2016년 7월 20일 16시,수요일,경상남도 김해시 한림면,중상사고,0,1,0,0,차대차 - 측면직각충돌,직진우회전진행방해,건조,맑음,교차로 - 교차로안,승용,남,51세,상해없음,원동기,남,58세,중상
2016072000100444,2016년 7월 20일 17시,수요일,경상남도 거창군 거창읍,경상사고,0,0,2,0,차대차 - 측면충돌,안전운전불이행,건조,맑음,교차로 - 교차로안,화물,남,74세,상해없음,승용,여,41세,경상
2016072000100445,2016년 7월 20일 17시,수요일,경상남도 창원시 마산회원구 양덕동,경상사고,0,0,1,0,차대차 - 기타,보행자보호의무위반,건조,맑음,교차로 - 교차로부근,승용,남,46세,상해없음,자전거,남,10세,경상
2016072000100499,2016년 7월 20일 18시,수요일,경상남도 통영시 광도면,경상사고,0,0,1,0,차대차 - 측면직각충돌,중앙선침범,건조,맑음,단일로 - 기타,화물,남,42세,상해없음,승용,남,50세,경상
2016072000100536,2016년 7월 20일 19시,수요일,경상남도 창원시 마산회원구 합성동,경상사고,0,0,1,0,차대사람 - 기타,기타,건조,맑음,단일로 - 기타,승합,남,55세,상해없음,보행자,여,61세,경상
2016072000100576,2016년 7월 20일 20시,수요일,경상남도 김해시 대성동,중상사고,0,1,0,0,차대차 - 측면직각충돌,신호위반,건조,맑음,교차로 - 교차로안,승용,남,61세,상해없음,승용,남,32세,중상
2016072000100608,2016년 7월 20일 21시,수요일,경상남도 진주시 판문동,경상사고,0,0,2,0,차대차 - 측면충돌,안전운전불이행,건조,맑음,단일로 - 기타,승용,남,47세,상해없음,자전거,남,41세,경상
2016072000100636,2016년 7월 20일 22시,수요일,경상남도 창원시 성산구 천선동,중상사고,0,1,0,0,차대사람 - 횡단중,안전운전불이행,건조,맑음,단일로 - 기타,승용,남,48세,기타불명,보행자,여,52세,중상
2016072000100657,2016년 7월 20일 23시,수요일,경상남도 진주시 하대동,중상사고,0,1,1,0,차대차 - 측면충돌,교차로운행방법위반,건조,맑음,교차로 - 교차로안,승용,남,72세,상해없음,원동기,남,17세,경상
2016072000100658,2016년 7월 20일 23시,수요일,경상남도 창원시 성산구 가음동,경상사고,0,0,5,0,차대차 - 추돌,신호위반,건조,맑음,교차로 - 교차로안,승용,남,53세,상해없음,승용,남,41세,경상
2016072100100022,2016년 7월 21일 02시,목요일,경상남도 김해시 내동,부상신고사고,0,0,0,1,차량단독 - 전도전복,안전운전불이행,건조,맑음,단일로 - 기타,이륜,남,48세,부상신고,,,,
2016072100100044,2016년 7월 21일 04시,목요일,경상남도 사천시 벌리동,경상사고,0,0,3,0,차대차 - 측면충돌,신호위반,건조,맑음,교차로 - 교차로안,승용,남,34세,경상,승용,남,40세,경상
2016072100100065,2016년 7월 21일 06시,목요일,경상남도 창원시 의창구 봉곡동,경상사고,0,0,1,0,차대차 - 측면직각충돌,안전운전불이행,건조,맑음,교차로 - 교차로안,승용,여,22세,상해없음,승용,남,55세,경상
2016072100100085,2016년 7월 21일 07시,목요일,경상남도 거제시 옥포동,중상사고,0,1,0,0,차대차 - 측면충돌,기타,건조,맑음,교차로 - 교차로안,승합,남,44세,상해없음,승용,여,33세,중상
2016072100100086,2016년 7월 21일 07시,목요일,경상남도 창원시 의창구 봉곡동,경상사고,0,0,1,0,차대사람 - 횡단중,안전운전불이행,건조,맑음,단일로 - 기타,승용,여,27세,상해없음,보행자,남,25세,경상
2016072100100129,2016년 7월 21일 08시,목요일,경상남도 양산시 동면,경상사고,0,0,1,0,차대차 - 정면충돌,안전운전불이행,건조,맑음,기타 - 기타,자전거,여,45세,상해없음,자전거,남,77세,경상
2016072100100130,2016년 7월 21일 08시,목요일,경상남도 양산시 원동면,경상사고,0,0,1,0,차대차 - 정면충돌,안전운전불이행,건조,맑음,교차로 - 교차로안,승용,여,51세,상해없음,이륜,남,85세,경상
2016072100100158,2016년 7월 21일 09시,목요일,경상남도 김해시 대동면,중상사고,0,1,0,0,차대차 - 기타,안전운전불이행,건조,맑음,교차로 - 교차로안,이륜,남,56세,중상,승용,남,45세,상해없음
2016072100100159,2016년 7월 21일 09시,목요일,경상남도 합천군 합천읍,중상사고,0,1,0,0,차대차 - 정면충돌,안전운전불이행,건조,맑음,단일로 - 기타,승용,여,59세,상해없음,이륜,남,67세,중상
2016072100100179,2016년 7월 21일 10시,목요일,경상남도 김해시 외동,경상사고,0,0,1,0,차대사람 - 횡단중,보행자보호의무위반,건조,맑음,단일로 - 횡단보도상,승용,여,51세,상해없음,보행자,여,51세,경상
2016072100100180,2016년 7월 21일 10시,목요일,경상남도 의령군 의령읍,중상사고,0,1,0,0,차대차 - 측면충돌,안전운전불이행,건조,맑음,단일로 - 기타,승용,여,54세,상해없음,화물,남,63세,상해없음
2016072100100204,2016년 7월 21일 11시,목요일,경상남도 창녕군 창녕읍,경상사고,0,0,1,0,차대차 - 추돌,안전운전불이행,건조,맑음,단일로 - 기타,화물,남,56세,경상,화물,남,53세,상해없음
2016072100100205,2016년 7월 21일 11시,목요일,경상남도 창원시 성산구 사파동,경상사고,0,0,1,0,차대차 - 측면직각충돌,안전운전불이행,건조,맑음,기타 - 기타,승용,남,60세,상해없음,자전거,남,15세,경상
2016072100100245,2016년 7월 21일 12시,목요일,경상남도 사천시 동금동,경상사고,0,0,1,0,차대차 - 측면직각충돌,안전거리미확보,건조,맑음,단일로 - 기타,승용,여,19세,상해없음,원동기,남,65세,경상
2016072100100270,2016년 7월 21일 13시,목요일,경상남도 합천군 합천읍,부상신고사고,0,0,0,1,차대차 - 측면충돌,교차로운행방법위반,건조,맑음,교차로 - 교차로안,이륜,남,74세,부상신고,승용,남,56세,상해없음
2016072100100271,2016년 7월 21일 13시,목요일,경상남도 남해군 삼동면,중상사고,0,2,0,0,차대사람 - 길가장자리구역통행중,보행자보호의무위반,건조,맑음,단일로 - 횡단보도상,승용,여,64세,상해없음,보행자,남,83세,중상
2016072100100311,2016년 7월 21일 14시,목요일,경상남도 사천시 동금동,중상사고,0,1,0,0,차대차 - 기타,안전거리미확보,건조,맑음,단일로 - 기타,승용,여,49세,상해없음,자전거,남,78세,중상
2016072100100342,2016년 7월 21일 15시,목요일,경상남도 거제시 옥포동,중상사고,0,1,1,0,차대사람 - 횡단중,보행자보호의무위반,건조,맑음,단일로 - 횡단보도상,승합,여,54세,경상,보행자,남,12세,중상
2016072100100343,2016년 7월 21일 15시,목요일,경상남도 거제시 하청면,중상사고,0,1,0,0,차대차 - 추돌,안전거리미확보,건조,맑음,단일로 - 기타,건설기계,남,45세,상해없음,승용,남,50세,중상
2016072100100344,2016년 7월 21일 15시,목요일,경상남도 함안군 군북면,중상사고,0,1,0,0,차대차 - 측면직각충돌,중앙선침범,건조,맑음,단일로 - 기타,화물,남,34세,상해없음,이륜,남,76세,중상
2016072100100380,2016년 7월 21일 16시,목요일,경상남도 김해시 어방동,경상사고,0,0,1,1,차대차 - 기타,안전운전불이행,건조,맑음,교차로 - 교차로안,화물,남,45세,상해없음,이륜,남,18세,부상신고
2016072100100381,2016년 7월 21일 16시,목요일,경상남도 고성군 고성읍,경상사고,0,0,1,0,차대차 - 정면충돌,교차로운행방법위반,건조,맑음,교차로 - 교차로안,승용,남,43세,상해없음,원동기,남,59세,경상
2016072100100439,2016년 7월 21일 17시,목요일,경상남도 통영시 사량면,경상사고,0,0,1,0,차대사람 - 횡단중,보행자보호의무위반,건조,맑음,단일로 - 횡단보도상,화물,남,49세,상해없음,보행자,남,54세,경상
2016072100100440,2016년 7월 21일 17시,목요일,경상남도 합천군 야로면,경상사고,0,0,1,0,차대차 - 측면충돌,안전운전불이행,건조,맑음,교차로 - 교차로안,이륜,남,65세,경상,승용,남,74세,상해없음
2016072100100441,2016년 7월 21일 17시,목요일,경상남도 함안군 대산면,중상사고,0,1,0,0,차량단독 - 전도전복,안전운전불이행,건조,맑음,단일로 - 기타,농기계,남,76세,중상,,,,
2016072100100442,2016년 7월 21일 17시,목요일,경상남도 창원시 마산회원구 봉암동,경상사고,0,0,2,0,차대차 - 측면직각충돌,신호위반,건조,맑음,교차로 - 교차로안,승용,여,34세,상해없음,승용,여,47세,경상
2016072100100491,2016년 7월 21일 18시,목요일,경상남도 김해시 내동,경상사고,0,0,1,0,차대차 - 측면충돌,교차로운행방법위반,건조,맑음,교차로 - 교차로안,이륜,남,55세,경상,승용,남,38세,상해없음
2016072100100492,2016년 7월 21일 18시,목요일,경상남도 김해시 흥동,중상사고,0,2,0,0,차대차 - 추돌,안전운전불이행,건조,맑음,단일로 - 기타,승용,여,29세,중상,화물,남,52세,상해없음
2016072100100519,2016년 7월 21일 19시,목요일,경상남도 함양군 안의면,경상사고,0,0,1,0,차량단독 - 전도전복,안전운전불이행,건조,맑음,단일로 - 기타,원동기,남,56세,경상,,,,
2016072100100520,2016년 7월 21일 19시,목요일,경상남도 창원시 마산회원구 합성동,경상사고,0,0,1,0,차대차 - 측면직각충돌,안전운전불이행,건조,맑음,교차로 - 교차로부근,승용,남,53세,상해없음,승용,여,29세,경상
2016072100100557,2016년 7월 21일 20시,목요일,경상남도 사천시 선구동,경상사고,0,0,1,0,차대사람 - 횡단중,안전운전불이행,건조,맑음,교차로 - 교차로안,승용,남,21세,상해없음,보행자,남,47세,경상
2016072100100558,2016년 7월 21일 20시,목요일,경상남도 김해시 동상동,경상사고,0,0,3,0,차대차 - 정면충돌,신호위반,건조,맑음,교차로 - 교차로안,승용,남,44세,상해없음,승용,남,55세,경상
2016072100100559,2016년 7월 21일 20시,목요일,경상남도 김해시 외동,경상사고,0,0,1,0,차대차 - 측면충돌,안전운전불이행,건조,맑음,교차로 - 교차로부근,승용,여,49세,상해없음,자전거,남,26세,경상
2016072100100560,2016년 7월 21일 20시,목요일,경상남도 양산시 평산동,중상사고,0,1,0,0,차대사람 - 횡단중,보행자보호의무위반,건조,맑음,교차로 - 교차로부근,승용,남,48세,상해없음,보행자,여,44세,중상