사고번호,사고일시,요일,시군구,사고내용,사망자수,중상자수,경상자수,부상신고자수,사고유형,법규위반,노면상태,기상상태,도로형태,가해운전자 차종,가해운전자 성별,가해운전자 연령,가해운전자 상해정도,피해운전자 차종,피해운전자 성별,피해운전자 연령,피해운전자 상해정도
2016072100100561,2016년 7월 21일 20시,목요일,경상남도 거제시 아주동,중상사고,0,1,1,0,차대차 - 측면충돌,불법유턴,건조,맑음,단일로 - 기타,자전거,남,54세,중상,승용,여,30세,경상
2016072100100562,2016년 7월 21일 20시,목요일,경상남도 창원시 의창구 봉곡동,경상사고,0,0,1,0,차대사람 - 횡단중,보행자보호의무위반,건조,맑음,단일로 - 횡단보도상,원동기,남,18세,상해없음,보행자,남,38세,경상
2016072100100599,2016년 7월 21일 21시,목요일,경상남도 통영시 서호동,경상사고,0,0,1,0,차대사람 - 기타,안전운전불이행,건조,맑음,단일로 - 기타,이륜,남,69세,상해없음,보행자,남,48세,경상
2016072100100623,2016년 7월 21일 22시,목요일,경상남도 김해시 내동,중상사고,0,1,0,0,차대차 - 정면충돌,안전운전불이행,건조,맑음,교차로 - 교차로안,승용,남,46세,상해없음,원동기,남,24세,중상
2016072100100624,2016년 7월 21일 22시,목요일,경상남도 창원시 마산회원구 내서읍,중상사고,0,1,0,0,차대사람 - 횡단중,안전운전불이행,건조,맑음,교차로 - 교차로안,원동기,남,18세,상해없음,보행자,여,27세,중상
2016072200100054,2016년 7월 22일 05시,금요일,경상남도 창원시 진해구 가주동,중상사고,0,2,0,0,차량단독 - 전도전복,안전운전불이행,건조,맑음,단일로 - 기타,화물,남,53세,상해없음,,,,
2016072200100087,2016년 7월 22일 07시,금요일,경상남도 양산시 신기동,경상사고,0,0,1,0,차대차 - 추돌,안전운전불이행,건조,맑음,단일로 - 기타,기타불명,기타불명,기타불명,기타불명,화물,남,48세,상해없음
2016072200100115,2016년 7월 22일 08시,금요일,경상남도 창원시 마산회원구 내서읍,경상사고,0,0,2,0,차대차 - 측면직각충돌,안전운전불이행,건조,맑음,단일로 - 기타,승용,남,64세,기타불명,승용,여,56세,기타불명
2016072200100116,2016년 7월 22일 08시,금요일,경상남도 창원시 의창구 팔용동,중상사고,0,1,1,0,차대차 - 추돌,안전거리미확보,건조,맑음,단일로 - 기타,승용,남,42세,상해없음,승용,남,27세,경상
2016072200100150,2016년 7월 22일 09시,금요일,경상남도 남해군 삼동면,중상사고,0,1,0,0,차대차 - 측면충돌,안전운전불이행,건조,맑음,교차로 - 교차로안,자전거,여,70세,중상,화물,남,66세,상해없음
2016072200100151,2016년 7월 22일 09시,금요일,경상남도 창원시 마산회원구 양덕동,경상사고,0,0,1,0,차대차 - 추돌,안전운전불이행,건조,맑음,교차로 - 교차로부근,승용,남,25세,상해없음,승용,남,24세,상해없음
2016072200100221,2016년 7월 22일 11시,금요일,경상남도 양산시 물금읍,경상사고,0,0,1,0,차대사람 - 횡단중,안전운전불이행,건조,맑음,단일로 - 횡단보도부근,자전거,남,16세,상해없음,보행자,남,34세,경상
2016072200100222,2016년 7월 22일 11시,금요일,경상남도 양산시 동면,중상사고,0,1,1,0,차대차 - 정면충돌,신호위반,건조,맑음,교차로 - 교차로안,승합,남,56세,기타불명,화물,남,52세,중상
2016072200100251,2016년 7월 22일 12시,금요일,경상남도 거창군 거창읍,중상사고,0,1,0,0,차량단독 - 공작물충돌,안전운전불이행,건조,맑음,단일로 - 기타,이륜,남,15세,중상,,,,
2016072200100252,2016년 7월 22일 12시,금요일,경상남도 거제시 사등면,중상사고,0,1,0,0,차대사람 - 횡단중,안전운전불이행,건조,맑음,단일로 - 기타,승용,남,48세,상해없음,보행자,남,55세,중상
2016072200100283,2016년 7월 22일 13시,금요일,경상남도 김해시 부원동,중상사고,0,1,0,0,차대사람 - 횡단중,안전운전불이행,건조,맑음,교차로 - 교차로부근,승용,남,50세,상해없음,보행자,여,67세,중상
2016072200100320,2016년 7월 22일 14시,금요일,경상남도 창원시 진해구 석동,중상사고,0,1,0,0,차대차 - 측면직각충돌,안전운전불이행,건조,맑음,단일로 - 기타,승용,여,47세,상해없음,이륜,여,63세,중상
2016072200100321,2016년 7월 22일 14시,금요일,경상남도 거제시 거제면,사망사고,1,0,0,0,차대차 - 정면충돌,중앙선침범,건조,맑음,단일로 - 기타,승용,여,26세,사망,화물,남,45세,상해없음
2016072200100353,2016년 7월 22일 15시,금요일,경상남도 창원시 마산합포구 해운동,경상사고,0,0,3,0,차대차 - 측면직각충돌,안전운전불이행,건조,맑음,교차로 - 교차로안,승용,여,53세,경상,승용,남,69세,경상
2016072200100355,2016년 7월 22일 15시,금요일,경상남도 양산시 덕계동,경상사고,0,0,1,0,차대차 - 기타,안전운전불이행,건조,맑음,교차로 - 교차로안,건설기계,남,49세,상해없음,승용,여,67세,경상
2016072200100356,2016년 7월 22일 15시,금요일,경상남도 고성군 고성읍,중상사고,0,2,0,0,차대차 - 측면충돌,신호위반,건조,맑음,교차로 - 교차로안,승용,남,70세,상해없음,승용,남,60세,중상
2016072200100403,2016년 7월 22일 16시,금요일,경상남도 사천시 벌리동,경상사고,0,0,1,0,차대차 - 측면직각충돌,교차로운행방법위반,건조,맑음,교차로 - 교차로안,이륜,남,64세,경상,승용,남,29세,상해없음
2016072200100404,2016년 7월 22일 16시,금요일,경상남도 사천시 사천읍,중상사고,0,1,0,0,차대차 - 측면충돌,안전운전불이행,건조,맑음,교차로 - 교차로부근,승용,여,55세,상해없음,이륜,여,60세,중상
2016072200100456,2016년 7월 22일 17시,금요일,경상남도 창원시 의창구 대산면,경상사고,0,0,1,0,차대차 - 측면충돌,신호위반,건조,맑음,교차로 - 교차로안,화물,남,61세,상해없음,승용,남,67세,경상
2016072200100505,2016년 7월 22일 18시,금요일,경상남도 진주시 상평동,중상사고,0,1,0,0,차대사람 - 횡단중,안전운전불이행,건조,맑음,교차로 - 교차로부근,승용,여,46세,상해없음,보행자,여,15세,중상
2016072200100506,2016년 7월 22일 18시,금요일,경상남도 양산시 물금읍,경상사고,0,0,1,0,차대차 - 측면충돌,신호위반,건조,맑음,교차로 - 교차로안,승용,여,28세,상해없음,승용,여,34세,경상
2016072200100507,2016년 7월 22일 18시,금요일,경상남도 하동군 금성면,경상사고,0,0,1,0,차대사람 - 길가장자리구역통행중,안전운전불이행,건조,맑음,기타 - 기타,승용,남,68세,상해없음,보행자,여,63세,경상
2016072200100508,2016년 7월 22일 18시,금요일,경상남도 거제시 거제면,경상사고,0,0,1,0,차대차 - 기타,안전운전불이행,건조,맑음,교차로 - 교차로안,이륜,남,75세,경상,승용,여,50세,상해없음
2016072200100509,2016년 7월 22일 18시,금요일,경상남도 창원시 성산구 대방동,중상사고,0,1,0,0,차대차 - 정면충돌,신호위반,건조,맑음,교차로 - 교차로안,승합,남,61세,상해없음,이륜,남,18세,중상
2016072200100510,2016년 7월 22일 18시,금요일,경상남도 창원시 의창구 대원동,중상사고,0,1,1,0,차대차 - 기타,신호위반,건조,맑음,교차로 - 교차로안,이륜,남,24세,중상,승용,남,65세,경상
2016072200100511,2016년 7월 22일 18시,금요일,경상남도 창원시 마산회원구 석전동,경상사고,0,0,1,0,차대차 - 기타,안전운전불이행,건조,맑음,교차로 - 교차로안,승용,남,37세,상해없음,승용,여,30세,경상
2016072200100558,2016년 7월 22일 19시,금요일,경상남도 사천시 벌리동,중상사고,0,1,0,0,차대사람 - 횡단중,안전운전불이행,건조,맑음,단일로 - 기타,승합,남,40세,상해없음,보행자,남,13세,중상
2016072200100559,2016년 7월 22일 19시,금요일,경상남도 밀양시 하남읍,경상사고,0,0,2,0,차대차 - 측면충돌,신호위반,건조,맑음,교차로 - 교차로안,승용,여,48세,상해없음,화물,남,52세,경상
2016072200100560,2016년 7월 22일 19시,금요일,경상남도 김해시 서상동,경상사고,0,0,1,0,차대차 - 기타,신호위반,건조,맑음,단일로 - 기타,이륜,남,42세,경상,승용,남,46세,상해없음
2016072200100561,2016년 7월 22일 19시,금요일,경상남도 양산시 덕계동,경상사고,0,0,2,0,차대차 - 기타,안전운전불이행,건조,맑음,단일로 - 기타,승용,남,25세,기타불명,승용,남,56세,경상
2016072200100562,2016년 7월 22일 19시,금요일,경상남도 하동군 금남면,경상사고,0,0,1,0,차량단독 - 전도전복,안전운전불이행,건조,맑음,기타 - 기타,원동기,여,63세,경상,,,,
2016072200100563,2016년 7월 22일 19시,금요일,경상남도 창원시 마산회원구 석전동,경상사고,0,0,1,0,차대차 - 측면직각충돌,안전운전불이행,건조,맑음,기타 - 기타,승용,남,48세,기타불명,자전거,남,22세,경상
2016072200100602,2016년 7월 22일 20시,금요일,경상남도 양산시 명동,경상사고,0,0,1,0,차대사람 - 횡단중,보행자보호의무위반,건조,맑음,교차로 - 교차로부근,승합,남,24세,상해없음,보행자,남,21세,경상
2016072200100623,2016년 7월 22일 21시,금요일,경상남도 양산시 동면,경상사고,0,0,1,0,차대차 - 기타,안전거리미확보,건조,맑음,단일로 - 기타,승용,남,62세,상해없음,화물,남,28세,경상
2016072200100641,2016년 7월 22일 21시,금요일,경상남도 김해시 삼계동,경상사고,0,0,1,0,차대사람 - 횡단중,안전운전불이행,습기,흐림,교차로 - 교차로안,승용,여,50세,상해없음,보행자,남,25세,경상
2016072200100642,2016년 7월 22일 21시,금요일,경상남도 김해시 장유면,중상사고,0,1,0,0,차대사람 - 횡단중,보행자보호의무위반,건조,맑음,단일로 - 횡단보도상,승합,남,43세,상해없음,보행자,여,10세,중상
2016072200100674,2016년 7월 22일 22시,금요일,경상남도 사천시 사천읍,중상사고,0,2,0,0,차대사람 - 횡단중,보행자보호의무위반,건조,맑음,교차로 - 교차로안,승용,남,62세,상해없음,보행자,남,32세,중상
2016072200100675,2016년 7월 22일 22시,금요일,경상남도 사천시 벌리동,경상사고,0,0,1,0,차대차 - 추돌,안전운전불이행,건조,맑음,단일로 - 기타,승용,여,31세,상해없음,승용,남,31세,경상
2016072200100676,2016년 7월 22일 22시,금요일,경상남도 김해시 진영읍,중상사고,0,2,0,0,차량단독 - 전도전복,안전운전불이행,건조,맑음,단일로 - 기타,승용,남,33세,중상,,,,
2016072300100071,2016년 7월 23일 04시,토요일,경상남도 김해시 진영읍,경상사고,0,0,2,0,차대차 - 측면충돌,신호위반,건조,맑음,교차로 - 교차로부근,승용,남,36세,상해없음,화물,남,65세,경상
2016072300100080,2016년 7월 23일 05시,토요일,경상남도 통영시 서호동,경상사고,0,0,1,0,차대사람 - 횡단중,안전운전불이행,결빙,맑음,단일로 - 기타,화물,남,52세,기타불명,보행자,남,63세,경상
2016072300100094,2016년 7월 23일 06시,토요일,경상남도 통영시 용남면,경상사고,0,0,2,0,차대차 - 추돌,안전운전불이행,건조,맑음,단일로 - 기타,승용,남,45세,경상,승용,여,57세,상해없음
2016072300100095,2016년 7월 23일 06시,토요일,경상남도 창원시 성산구 상남동,경상사고,0,0,1,0,차대차 - 측면충돌,신호위반,건조,맑음,교차로 - 교차로안,승합,남,74세,상해없음,승용,남,61세,경상
2016072300100096,2016년 7월 23일 06시,토요일,경상남도 창원시 마산회원구 내서읍,경상사고,0,0,1,0,차대차 - 추돌,안전운전불이행,건조,맑음,교차로 - 교차로부근,화물,남,55세,상해없음,승용,남,55세,경상
2016072300100097,2016년 7월 23일 06시,토요일,경상남도 김해시 진영읍,경상사고,0,0,1,0,차대차 - 추돌,안전운전불이행,건조,맑음,교차로 - 교차로부근,승용,여,29세,상해없음,승용,남,44세,경상
2016072300100115,2016년 7월 23일 07시,토요일,경상남도 김해시 지내동,경상사고,0,0,1,0,차대차 - 측면충돌,신호위반,건조,맑음,교차로 - 교차로안,승용,여,60세,상해없음,승용,남,56세,경상
2016072300100116,2016년 7월 23일 07시,토요일,경상남도 창원시 의창구 팔용동,중상사고,0,1,0,0,차량단독 - 기타,안전운전불이행,건조,맑음,단일로 - 기타,이륜,남,17세,상해없음,,,,
2016072300100139,2016년 7월 23일 08시,토요일,경상남도 김해시 장유면,중상사고,0,1,0,0,차대차 - 측면직각충돌,신호위반,건조,맑음,단일로 - 횡단보도상,승용,여,48세,상해없음,자전거,여,48세,중상
2016072300100195,2016년 7월 23일 10시,토요일,경상남도 창원시 마산합포구 진북면,경상사고,0,0,1,1,차대차 - 측면충돌,교차로운행방법위반,건조,맑음,교차로 - 교차로안,승용,여,59세,부상신고,승용,여,43세,경상
2016072300100196,2016년 7월 23일 10시,토요일,경상남도 거제시 연초면,경상사고,0,0,1,0,차대차 - 추돌,안전운전불이행,건조,맑음,기타 - 기타,건설기계,남,35세,상해없음,화물,남,67세,경상
2016072300100197,2016년 7월 23일 10시,토요일,경상남도 창원시 성산구 내동,경상사고,0,0,1,0,차대차 - 측면직각충돌,신호위반,건조,맑음,교차로 - 교차로부근,승합,남,56세,상해없음,화물,남,50세,경상
2016072300100243,2016년 7월 23일 11시,토요일,경상남도 김해시 상동면,경상사고,0,0,2,0,차대차 - 측면직각충돌,기타,건조,맑음,교차로 - 교차로안,승용,여,55세,경상,승용,남,35세,경상
2016072300100270,2016년 7월 23일 12시,토요일,경상남도 사천시 곤명면,경상사고,0,0,1,0,차대차 - 측면직각충돌,신호위반,건조,맑음,교차로 - 교차로안,승용,남,44세,상해없음,승용,남,33세,경상
2016072300100271,2016년 7월 23일 12시,토요일,경상남도 산청군 생비량면,경상사고,0,0,1,0,차대차 - 기타,안전거리미확보,건조,맑음,단일로 - 기타,이륜,남,52세,상해없음,이륜,남,35세,경상
2016072300100309,2016년 7월 23일 13시,토요일,경상남도 창원시 마산합포구 서성동,경상사고,0,0,1,0,차대차 - 추돌,안전운전불이행,건조,맑음,기타 - 기타,승용,여,51세,상해없음,승용,남,64세,상해없음
2016072300100310,2016년 7월 23일 13시,토요일,경상남도 고성군 고성읍,경상사고,0,0,2,0,차대차 - 추돌,안전거리미확보,건조,맑음,단일로 - 기타,화물,남,40세,상해없음,화물,남,74세,경상
2016072300100345,2016년 7월 23일 14시,토요일,경상남도 진주시 상평동,중상사고,0,1,0,0,차대차 - 추돌,안전운전불이행,건조,맑음,교차로 - 교차로부근,건설기계,남,40세,상해없음,승용,여,61세,중상
2016072300100346,2016년 7월 23일 14시,토요일,경상남도 통영시 광도면,사망사고,1,0,0,0,차대사람 - 횡단중,안전운전불이행,건조,맑음,단일로 - 기타,승용,여,53세,상해없음,보행자,남,67세,사망
2016072300100384,2016년 7월 23일 15시,토요일,경상남도 거제시 장목면,중상사고,0,1,0,0,차대사람 - 기타,안전운전불이행,건조,맑음,기타 - 기타,승용,남,49세,상해없음,보행자,여,8세,중상
2016072300100415,2016년 7월 23일 16시,토요일,경상남도 양산시 어곡동,중상사고,0,1,0,0,차대차 - 측면충돌,안전운전불이행,건조,맑음,단일로 - 기타,화물,남,53세,상해없음,자전거,남,34세,중상
2016072300100457,2016년 7월 23일 17시,토요일,경상남도 진주시 평거동,중상사고,0,1,0,0,차대차 - 기타,안전운전불이행,건조,맑음,단일로 - 기타,건설기계,남,56세,상해없음,승용,여,47세,중상
2016072300100458,2016년 7월 23일 17시,토요일,경상남도 거제시 아주동,경상사고,0,0,1,0,차대차 - 기타,안전운전불이행,건조,맑음,단일로 - 기타,승용,남,47세,상해없음,승용,남,30세,경상
2016072300100499,2016년 7월 23일 18시,토요일,경상남도 김해시 어방동,경상사고,0,0,1,0,차대사람 - 횡단중,보행자보호의무위반,건조,맑음,교차로 - 교차로부근,승용,남,55세,상해없음,보행자,남,31세,경상
2016072300100525,2016년 7월 23일 19시,토요일,경상남도 창원시 진해구 석동,중상사고,0,1,0,0,차대차 - 측면직각충돌,안전운전불이행,건조,맑음,단일로 - 기타,승용,남,31세,상해없음,승용,남,55세,중상
2016072300100526,2016년 7월 23일 19시,토요일,경상남도 김해시 외동,경상사고,0,0,1,0,차대차 - 측면충돌,신호위반,건조,맑음,단일로 - 기타,승합,남,54세,상해없음,승용,여,49세,경상
2016072300100527,2016년 7월 23일 19시,토요일,경상남도 고성군 고성읍,경상사고,0,0,1,0,차대차 - 추돌,안전거리미확보,건조,맑음,단일로 - 기타,승용,남,67세,상해없음,승용,남,56세,경상
2016072300100528,2016년 7월 23일 19시,토요일,경상남도 산청군 시천면,경상사고,0,0,1,0,차대차 - 추돌,안전운전불이행,건조,맑음,단일로 - 기타,승용,여,49세,상해없음,승합,남,40세,상해없음
2016072300100560,2016년 7월 23일 20시,토요일,경상남도 김해시 삼방동,중상사고,0,1,2,0,차대차 - 추돌,안전운전불이행,건조,맑음,교차로 - 교차로부근,이륜,남,16세,중상,승용,남,28세,경상
2016072300100561,2016년 7월 23일 20시,토요일,경상남도 김해시 어방동,중상사고,0,2,0,0,차대사람 - 횡단중,안전운전불이행,건조,맑음,단일로 - 기타,이륜,남,35세,중상,보행자,남,54세,중상
2016072300100562,2016년 7월 23일 20시,토요일,경상남도 함양군 휴천면,중상사고,0,1,0,0,차대차 - 측면직각충돌,중앙선침범,건조,맑음,단일로 - 기타,승용,남,23세,상해없음,농기계,남,69세,중상
2016072300100633,2016년 7월 23일 23시,토요일,경상남도 창원시 진해구 용원동,경상사고,0,0,4,0,차대차 - 추돌,기타,건조,맑음,교차로 - 교차로부근,승용,여,31세,상해없음,승용,남,44세,경상
2016072300100634,2016년 7월 23일 23시,토요일,경상남도 사천시 용현면,중상사고,0,3,4,0,차대차 - 추돌,안전운전불이행,건조,맑음,단일로 - 기타,승용,여,53세,상해없음,승용,남,46세,중상
2016072400100013,2016년 7월 24일 00시,일요일,경상남도 창원시 진해구 익선동,경상사고,0,0,1,0,차대차 - 측면충돌,안전운전불이행,건조,맑음,단일로 - 기타,원동기,남,22세,경상,승용,여,기타불명,기타불명
2016072400100014,2016년 7월 24일 00시,일요일,경상남도 창원시 성산구 중앙동,중상사고,0,2,3,0,차대차 - 측면충돌,신호위반,건조,맑음,교차로 - 교차로안,승용,남,63세,상해없음,승용,남,49세,중상
2016072400100059,2016년 7월 24일 04시,일요일,경상남도 양산시 물금읍,사망사고,1,0,0,0,차대차 - 측면직각충돌,안전운전불이행,건조,맑음,단일로 - 기타,승용,남,44세,상해없음,승용,남,53세,사망
2016072400100064,2016년 7월 24일 04시,일요일,경상남도 창원시 마산합포구 해운동,경상사고,0,0,1,0,차량단독 - 기타,안전운전불이행,건조,맑음,기타 - 기타,승용,남,66세,상해없음,,,,
2016072400100065,2016년 7월 24일 04시,일요일,경상남도 창원시 의창구 팔용동,사망사고,1,1,0,0,차량단독 - 전도전복,안전운전불이행,건조,맑음,단일로 - 기타,승용,남,24세,사망,,,,
2016072400100082,2016년 7월 24일 06시,일요일,경상남도 창원시 진해구 이동,경상사고,0,0,1,0,차대차 - 측면직각충돌,교차로운행방법위반,건조,맑음,교차로 - 교차로안,승용,여,45세,상해없음,승용,여,56세,경상
2016072400100092,2016년 7월 24일 07시,일요일,경상남도 합천군 묘산면,경상사고,0,0,2,0,차량단독 - 공작물충돌,안전운전불이행,건조,맑음,단일로 - 기타,승합,남,58세,상해없음,,,,
2016072400100108,2016년 7월 24일 08시,일요일,경상남도 창원시 진해구 대흥동,부상신고사고,0,0,0,1,차대차 - 측면직각충돌,안전운전불이행,건조,맑음,단일로 - 기타,원동기,남,17세,부상신고,승용,남,26세,상해없음
2016072400100121,2016년 7월 24일 09시,일요일,경상남도 창원시 마산합포구 자산동,중상사고,0,2,3,5,차대차 - 측면직각충돌,안전거리미확보,건조,맑음,교차로 - 교차로부근,승용,여,51세,상해없음,승용,여,44세,부상신고
2016072400100140,2016년 7월 24일 10시,일요일,경상남도 통영시 도산면,중상사고,0,1,0,0,차대차 - 추돌,안전운전불이행,건조,맑음,단일로 - 기타,화물,남,73세,상해없음,이륜,남,56세,중상
2016072400100221,2016년 7월 24일 13시,일요일,경상남도 창원시 의창구 팔용동,중상사고,0,1,1,0,차대차 - 추돌,안전운전불이행,건조,맑음,단일로 - 기타,승용,남,62세,상해없음,승용,남,66세,경상
2016072400100254,2016년 7월 24일 14시,일요일,경상남도 산청군 단성면,중상사고,0,1,0,0,차대차 - 추돌,안전운전불이행,건조,맑음,단일로 - 기타,승합,남,49세,상해없음,승용,남,59세,상해없음
2016072400100287,2016년 7월 24일 15시,일요일,경상남도 양산시 물금읍,중상사고,0,1,1,0,차대차 - 측면충돌,안전운전불이행,건조,맑음,교차로 - 교차로안,승용,여,59세,상해없음,승용,남,29세,중상
2016072400100288,2016년 7월 24일 15시,일요일,경상남도 거제시 남부면,경상사고,0,0,1,0,차대사람 - 횡단중,교차로운행방법위반,건조,맑음,교차로 - 교차로안,승용,남,19세,상해없음,보행자,남,35세,경상
2016072400100314,2016년 7월 24일 16시,일요일,경상남도 양산시 평산동,경상사고,0,0,1,0,차대차 - 측면충돌,안전거리미확보,건조,맑음,단일로 - 기타,건설기계,남,60세,상해없음,승용,남,37세,경상
2016072400100341,2016년 7월 24일 17시,일요일,경상남도 거제시 아주동,경상사고,0,0,1,0,차량단독 - 전도전복,안전운전불이행,건조,맑음,단일로 - 기타,이륜,남,52세,상해없음,,,,
2016072400100342,2016년 7월 24일 17시,일요일,경상남도 의령군 의령읍,중상사고,0,2,1,2,차대차 - 추돌,안전운전불이행,건조,맑음,단일로 - 기타,화물,남,55세,상해없음,승용,남,78세,경상
2016072400100364,2016년 7월 24일 18시,일요일,경상남도 김해시 어방동,경상사고,0,0,1,0,차대차 - 측면직각충돌,안전운전불이행,건조,맑음,교차로 - 교차로안,이륜,남,19세,경상,승용,남,46세,상해없음
2016072400100390,2016년 7월 24일 19시,일요일,경상남도 진주시 내동면,경상사고,0,0,1,0,차대차 - 측면직각충돌,신호위반,건조,맑음,교차로 - 교차로안,원동기,남,70세,상해없음,원동기,남,19세,경상
2016072400100391,2016년 7월 24일 19시,일요일,경상남도 양산시 삼호동,부상신고사고,0,0,0,1,차대차 - 정면충돌,안전운전불이행,건조,맑음,단일로 - 기타,이륜,남,17세,부상신고,승합,남,32세,상해없음
2016072400100392,2016년 7월 24일 19시,일요일,경상남도 창원시 마산회원구 내서읍,경상사고,0,0,1,0,차대차 - 추돌,안전운전불이행,건조,맑음,교차로 - 교차로안,승용,남,22세,상해없음,자전거,남,6세,경상
2016072400100417,2016년 7월 24일 20시,일요일,경상남도 김해시 대동면,중상사고,0,1,0,0,차대사람 - 횡단중,안전운전불이행,건조,맑음,단일로 - 기타,승용,남,61세,상해없음,보행자,남,46세,중상
2016072400100418,2016년 7월 24일 20시,일요일,경상남도 함양군 휴천면,중상사고,0,1,0,0,차대사람 - 횡단중,안전운전불이행,건조,맑음,교차로 - 교차로부근,승용,남,42세,상해없음,보행자,남,55세,중상
2016072400100419,2016년 7월 24일 20시,일요일,경상남도 양산시 중부동,경상사고,0,0,1,0,차대차 - 측면충돌,교차로운행방법위반,건조,맑음,교차로 - 교차로안,이륜,남,44세,경상,승용,남,55세,상해없음
2016072400100420,2016년 7월 24일 20시,일요일,경상남도 김해시 장유면,경상사고,0,0,1,0,차대사람 - 횡단중,안전운전불이행,건조,맑음,단일로 - 기타,원동기,남,38세,상해없음,보행자,남,36세,경상
2016072400100478,2016년 7월 24일 23시,일요일,경상남도 합천군 대병면,중상사고,0,1,0,0,차대차 - 기타,중앙선침범,건조,맑음,단일로 - 기타,승용,남,49세,상해없음,승용,남,59세,상해없음
2016072400100479,2016년 7월 24일 23시,일요일,경상남도 창녕군 장마면,중상사고,0,1,0,0,차대사람 - 횡단중,안전운전불이행,건조,맑음,단일로 - 기타,이륜,남,53세,상해없음,보행자,여,70세,중상
2016072400100480,2016년 7월 24일 23시,일요일,경상남도 양산시 북부동,중상사고,0,1,9,0,차대차 - 측면충돌,신호위반,건조,맑음,교차로 - 교차로안,승용,남,34세,중상,승합,여,38세,경상
2016072500100005,2016년 7월 25일 00시,월요일,경상남도 거제시 일운면,중상사고,0,1,0,0,차대사람 - 횡단중,안전운전불이행,건조,맑음,단일로 - 기타,승용,남,62세,상해없음,보행자,남,33세,중상
2016072500100030,2016년 7월 25일 03시,월요일,경상남도 양산시 동면,부상신고사고,0,0,0,1,차대차 - 추돌,안전운전불이행,건조,맑음,단일로 - 기타,승용,남,57세,상해없음,화물,여,45세,기타불명
2016072500100036,2016년 7월 25일 04시,월요일,경상남도 김해시 내동,중상사고,0,1,0,0,차대차 - 기타,신호위반,건조,맑음,교차로 - 교차로안,승용,남,32세,상해없음,승용,남,62세,중상
2016072500100054,2016년 7월 25일 06시,월요일,경상남도 김해시 진영읍,경상사고,0,0,1,0,차대차 - 측면충돌,안전운전불이행,건조,맑음,교차로 - 교차로안,승합,남,62세,상해없음,승용,남,26세,경상
2016072500100071,2016년 7월 25일 07시,월요일,경상남도 진주시 상봉동,경상사고,0,0,1,0,차대차 - 측면직각충돌,안전운전불이행,건조,맑음,교차로 - 교차로안,승용,남,43세,상해없음,승용,여,27세,경상
2016072500100091,2016년 7월 25일 08시,월요일,경상남도 양산시 상북면,중상사고,0,1,0,0,차대사람 - 횡단중,보행자보호의무위반,건조,맑음,교차로 - 교차로부근,건설기계,남,44세,상해없음,보행자,남,55세,중상
2016072500100092,2016년 7월 25일 08시,월요일,경상남도 양산시 물금읍,부상신고사고,0,0,0,1,차대차 - 정면충돌,안전운전불이행,건조,맑음,교차로 - 교차로안,승용,여,27세,상해없음,승용,여,26세,부상신고
2016072500100093,2016년 7월 25일 08시,월요일,경상남도 창원시 성산구 웅남동,경상사고,0,0,1,0,차대차 - 정면충돌,중앙선침범,건조,맑음,단일로 - 기타,화물,남,72세,상해없음,승용,남,45세,경상
2016072500100178,2016년 7월 25일 10시,월요일,경상남도 김해시 봉황동,중상사고,0,1,0,0,차대차 - 측면충돌,안전운전불이행,건조,맑음,교차로 - 교차로부근,승용,남,50세,상해없음,자전거,남,67세,중상
2016072500100179,2016년 7월 25일 10시,월요일,경상남도 김해시 삼정동,경상사고,0,0,1,0,차대차 - 측면직각충돌,안전운전불이행,건조,맑음,단일로 - 기타,승용,여,55세,상해없음,이륜,남,20세,경상
2016072500100180,2016년 7월 25일 10시,월요일,경상남도 하동군 옥종면,중상사고,0,1,0,0,차대사람 - 기타,안전운전불이행,건조,맑음,단일로 - 기타,화물,남,55세,상해없음,보행자,남,81세,중상
2016072500100181,2016년 7월 25일 10시,월요일,경상남도 하동군 하동읍,경상사고,0,0,1,0,차대차 - 정면충돌,중앙선침범,건조,맑음,단일로 - 기타,승용,여,33세,경상,승합,남,53세,상해없음
2016072500100244,2016년 7월 25일 12시,월요일,경상남도 사천시 곤명면,경상사고,0,0,2,0,차대차 - 측면직각충돌,중앙선침범,건조,맑음,단일로 - 기타,화물,남,63세,경상,승용,여,26세,경상
2016072500100245,2016년 7월 25일 12시,월요일,경상남도 하동군 횡천면,경상사고,0,0,1,0,차대차 - 기타,안전운전불이행,건조,맑음,교차로 - 교차로부근,기타불명,기타불명,기타불명,기타불명,화물,여,69세,경상
2016072500100246,2016년 7월 25일 12시,월요일,경상남도 함안군 가야읍,경상사고,0,0,1,0,차대차 - 측면직각충돌,중앙선침범,건조,맑음,단일로 - 기타,승용,남,74세,상해없음,승용,남,69세,경상
2016072500100247,2016년 7월 25일 12시,월요일,경상남도 김해시 전하동,중상사고,0,1,0,0,차대차 - 측면충돌,중앙선침범,습기,비,단일로 - 기타,승용,여,40세,상해없음,승용,남,50세,중상
2016072500100284,2016년 7월 25일 13시,월요일,경상남도 사천시 용강동,경상사고,0,0,1,0,차대차 - 정면충돌,교차로운행방법위반,건조,맑음,교차로 - 교차로안,승합,남,47세,상해없음,승용,남,47세,경상
2016072500100285,2016년 7월 25일 13시,월요일,경상남도 합천군 적중면,사망사고,1,0,0,0,차량단독 - 전도전복,안전운전불이행,습기,비,단일로 - 기타,건설기계,남,59세,사망,,,,