사고번호,사고일시,요일,시군구,사고내용,사망자수,중상자수,경상자수,부상신고자수,사고유형,법규위반,노면상태,기상상태,도로형태,가해운전자 차종,가해운전자 성별,가해운전자 연령,가해운전자 상해정도,피해운전자 차종,피해운전자 성별,피해운전자 연령,피해운전자 상해정도
2016072500100286,2016년 7월 25일 13시,월요일,경상남도 양산시 평산동,경상사고,0,0,1,0,차량단독 - 기타,안전운전불이행,건조,맑음,기타 - 기타,승합,남,53세,상해없음,,,,
2016072500100313,2016년 7월 25일 14시,월요일,경상남도 김해시 장유면,중상사고,0,1,0,0,차대사람 - 횡단중,안전운전불이행,건조,맑음,단일로 - 기타,화물,남,47세,기타불명,보행자,남,65세,중상
2016072500100340,2016년 7월 25일 15시,월요일,경상남도 창원시 진해구 용원동,중상사고,0,1,0,0,차대사람 - 차도통행중,안전운전불이행,건조,맑음,단일로 - 횡단보도부근,승용,남,53세,상해없음,보행자,여,66세,중상
2016072500100341,2016년 7월 25일 15시,월요일,경상남도 거창군 가조면,경상사고,0,0,1,0,차대차 - 측면직각충돌,직진우회전진행방해,건조,맑음,교차로 - 교차로안,이륜,남,67세,경상,승용,남,64세,상해없음
2016072500100342,2016년 7월 25일 15시,월요일,경상남도 거제시 장승포동,경상사고,0,0,1,0,차대차 - 측면충돌,안전운전불이행,건조,맑음,단일로 - 기타,승용,남,51세,기타불명,자전거,남,21세,경상
2016072500100387,2016년 7월 25일 16시,월요일,경상남도 밀양시 상동면,중상사고,0,1,0,1,차대차 - 측면직각충돌,안전운전불이행,습기,비,교차로 - 교차로안,승용,남,27세,상해없음,화물,남,43세,부상신고
2016072500100388,2016년 7월 25일 16시,월요일,경상남도 거창군 거창읍,경상사고,0,0,1,0,차대차 - 추돌,안전운전불이행,습기,비,단일로 - 기타,화물,남,19세,경상,건설기계,남,50세,기타불명
2016072500100389,2016년 7월 25일 16시,월요일,경상남도 양산시 중부동,중상사고,0,1,0,0,차대차 - 정면충돌,중앙선침범,습기,비,단일로 - 기타,승합,남,57세,상해없음,원동기,남,39세,중상
2016072500100390,2016년 7월 25일 16시,월요일,경상남도 산청군 산청읍,부상신고사고,0,0,0,1,차대차 - 추돌,안전운전불이행,건조,맑음,단일로 - 기타,승용,남,29세,상해없음,원동기,여,71세,부상신고
2016072500100391,2016년 7월 25일 16시,월요일,경상남도 김해시 장유면,경상사고,0,0,1,0,차대차 - 측면충돌,안전운전불이행,습기,비,교차로 - 교차로안,이륜,남,20세,상해없음,승용,여,37세,경상
2016072500100436,2016년 7월 25일 17시,월요일,경상남도 창원시 진해구 안골동,중상사고,0,3,0,0,차대차 - 측면충돌,신호위반,습기,비,교차로 - 교차로안,화물,남,58세,상해없음,화물,남,67세,중상
2016072500100479,2016년 7월 25일 18시,월요일,경상남도 통영시 무전동,경상사고,0,0,1,0,차대차 - 측면직각충돌,직진우회전진행방해,건조,맑음,교차로 - 교차로안,승용,남,48세,상해없음,원동기,남,17세,경상
2016072500100480,2016년 7월 25일 18시,월요일,경상남도 양산시 동면,중상사고,0,1,0,0,차대사람 - 횡단중,안전운전불이행,건조,맑음,교차로 - 교차로부근,승용,여,41세,상해없음,보행자,여,54세,중상
2016072500100481,2016년 7월 25일 18시,월요일,경상남도 함안군 칠서면,부상신고사고,0,0,0,1,차대차 - 측면직각충돌,기타,건조,맑음,단일로 - 기타,원동기,남,50세,부상신고,화물,남,58세,상해없음
2016072500100482,2016년 7월 25일 18시,월요일,경상남도 김해시 진영읍,중상사고,0,1,0,0,차대차 - 정면충돌,신호위반,건조,맑음,교차로 - 교차로안,화물,남,41세,상해없음,승용,남,38세,중상
2016072500100507,2016년 7월 25일 19시,월요일,경상남도 거창군 거창읍,경상사고,0,0,2,0,차대차 - 추돌,안전운전불이행,건조,맑음,교차로 - 교차로안,승용,남,31세,상해없음,승용,여,44세,경상
2016072500100564,2016년 7월 25일 21시,월요일,경상남도 양산시 동면,경상사고,0,0,1,0,차대차 - 정면충돌,안전운전불이행,건조,맑음,단일로 - 기타,승용,남,60세,기타불명,화물,남,72세,상해없음
2016072500100565,2016년 7월 25일 21시,월요일,경상남도 창원시 마산합포구 산호동,중상사고,0,1,0,0,차대사람 - 횡단중,안전운전불이행,건조,맑음,단일로 - 기타,승용,남,54세,상해없음,보행자,남,54세,중상
2016072500100598,2016년 7월 25일 22시,월요일,경상남도 김해시 삼계동,중상사고,0,2,0,0,차대차 - 기타,신호위반,건조,맑음,교차로 - 교차로안,승용,여,41세,상해없음,승용,남,28세,중상
2016072500100599,2016년 7월 25일 22시,월요일,경상남도 창원시 의창구 북면,부상신고사고,0,0,0,1,차대차 - 측면충돌,안전운전불이행,건조,맑음,교차로 - 교차로안,승용,여,38세,상해없음,자전거,남,43세,부상신고
2016072500100612,2016년 7월 25일 23시,월요일,경상남도 통영시 미수동,중상사고,0,1,0,0,차대사람 - 기타,안전운전불이행,건조,맑음,단일로 - 기타,승용,여,47세,상해없음,보행자,남,44세,중상
2016072500100613,2016년 7월 25일 23시,월요일,경상남도 김해시 장유면,중상사고,0,1,0,0,차대사람 - 횡단중,안전운전불이행,건조,맑음,단일로 - 기타,승용,기타불명,기타불명,기타불명,보행자,여,28세,중상
2016072600100014,2016년 7월 26일 00시,화요일,경상남도 김해시 봉황동,중상사고,0,1,0,0,차량단독 - 전도전복,안전운전불이행,건조,맑음,단일로 - 기타,원동기,남,17세,중상,,,,
2016072600100048,2016년 7월 26일 05시,화요일,경상남도 산청군 금서면,중상사고,0,1,0,0,차량단독 - 전도전복,기타,건조,맑음,단일로 - 기타,화물,남,69세,중상,,,,
2016072600100049,2016년 7월 26일 05시,화요일,경상남도 김해시 장유면,중상사고,0,2,0,0,차대차 - 측면충돌,중앙선침범,건조,맑음,단일로 - 기타,승용,남,35세,중상,화물,남,47세,중상
2016072600100098,2016년 7월 26일 07시,화요일,경상남도 창원시 마산회원구 양덕동,경상사고,0,0,1,0,차대차 - 기타,안전운전불이행,건조,맑음,단일로 - 기타,승용,남,30세,상해없음,승용,여,55세,경상
2016072600100121,2016년 7월 26일 08시,화요일,경상남도 김해시 부원동,중상사고,0,1,0,0,차대차 - 측면충돌,중앙선침범,건조,맑음,단일로 - 기타,원동기,여,67세,중상,승용,여,44세,상해없음
2016072600100122,2016년 7월 26일 08시,화요일,경상남도 거창군 거창읍,경상사고,0,0,1,0,차대차 - 기타,안전운전불이행,건조,맑음,단일로 - 기타,자전거,남,21세,경상,승용,여,43세,상해없음
2016072600100123,2016년 7월 26일 08시,화요일,경상남도 함양군 함양읍,부상신고사고,0,0,0,1,차대차 - 측면직각충돌,안전운전불이행,건조,맑음,단일로 - 기타,원동기,여,55세,부상신고,승용,남,67세,상해없음
2016072600100152,2016년 7월 26일 09시,화요일,경상남도 양산시 평산동,경상사고,0,0,1,0,차대차 - 정면충돌,안전운전불이행,건조,맑음,교차로 - 교차로안,승용,남,60세,상해없음,승용,여,46세,상해없음
2016072600100153,2016년 7월 26일 09시,화요일,경상남도 양산시 덕계동,부상신고사고,0,0,0,1,차대차 - 정면충돌,안전운전불이행,건조,맑음,단일로 - 기타,승용,여,67세,부상신고,화물,남,52세,상해없음
2016072600100190,2016년 7월 26일 10시,화요일,경상남도 양산시 유산동,중상사고,0,2,0,0,차대차 - 추돌,안전거리미확보,건조,맑음,단일로 - 기타,승용,남,68세,상해없음,화물,남,28세,중상
2016072600100191,2016년 7월 26일 10시,화요일,경상남도 김해시 흥동,중상사고,0,4,7,0,차대차 - 측면직각충돌,안전운전불이행,건조,맑음,단일로 - 기타,승합,남,43세,상해없음,건설기계,남,47세,중상
2016072600100221,2016년 7월 26일 11시,화요일,경상남도 창녕군 도천면,경상사고,0,0,1,0,차량단독 - 기타,안전운전불이행,건조,맑음,단일로 - 기타,이륜,남,28세,경상,,,,
2016072600100250,2016년 7월 26일 12시,화요일,경상남도 통영시 산양읍,경상사고,0,0,1,0,차대차 - 추돌,안전운전불이행,건조,맑음,단일로 - 기타,승용,남,49세,상해없음,특수,남,27세,경상
2016072600100251,2016년 7월 26일 12시,화요일,경상남도 창녕군 영산면,중상사고,0,1,0,0,차대사람 - 횡단중,안전운전불이행,건조,맑음,단일로 - 기타,승용,남,73세,상해없음,보행자,남,48세,중상
2016072600100284,2016년 7월 26일 13시,화요일,경상남도 하동군 진교면,중상사고,0,1,2,0,차대차 - 측면충돌,신호위반,건조,맑음,교차로 - 교차로안,승용,여,30세,상해없음,승용,여,38세,중상
2016072600100285,2016년 7월 26일 13시,화요일,경상남도 거제시 덕포동,경상사고,0,0,1,0,차대차 - 측면충돌,안전운전불이행,건조,맑음,미분류 - 미분류,승용,남,55세,상해없음,승용,여,34세,경상
2016072600100377,2016년 7월 26일 16시,화요일,경상남도 창원시 진해구 자은동,경상사고,0,0,1,0,차대차 - 추돌,안전운전불이행,건조,맑음,기타 - 기타,승용,여,47세,상해없음,자전거,여,57세,경상
2016072600100378,2016년 7월 26일 16시,화요일,경상남도 사천시 사천읍,경상사고,0,0,1,0,차대차 - 측면직각충돌,안전운전불이행,건조,맑음,교차로 - 교차로안,자전거,남,75세,경상,승용,여,45세,상해없음
2016072600100500,2016년 7월 26일 19시,화요일,경상남도 밀양시 삼문동,경상사고,0,0,1,0,차대차 - 정면충돌,안전운전불이행,건조,맑음,교차로 - 교차로안,승용,남,41세,상해없음,자전거,남,16세,경상
2016072600100501,2016년 7월 26일 19시,화요일,경상남도 창원시 마산회원구 합성동,경상사고,0,0,1,0,차대차 - 정면충돌,안전운전불이행,건조,맑음,교차로 - 교차로안,화물,남,63세,상해없음,자전거,남,9세,경상
2016072600100533,2016년 7월 26일 20시,화요일,경상남도 김해시 삼계동,경상사고,0,0,1,0,차대차 - 측면직각충돌,신호위반,건조,맑음,교차로 - 교차로안,승용,남,50세,상해없음,승용,여,26세,경상
2016072600100534,2016년 7월 26일 20시,화요일,경상남도 창원시 마산합포구 산호동,중상사고,0,1,1,0,차대차 - 기타,안전운전불이행,건조,맑음,단일로 - 기타,승용,남,38세,상해없음,승용,남,30세,경상
2016072600100570,2016년 7월 26일 21시,화요일,경상남도 창원시 마산회원구 석전동,중상사고,0,1,0,0,차대사람 - 횡단중,안전운전불이행,건조,맑음,단일로 - 기타,원동기,남,70세,상해없음,보행자,남,56세,중상
2016072600100616,2016년 7월 26일 23시,화요일,경상남도 김해시 외동,경상사고,0,0,1,0,차대차 - 측면직각충돌,안전운전불이행,건조,맑음,단일로 - 기타,승용,남,32세,상해없음,이륜,남,36세,경상
2016072700100021,2016년 7월 27일 01시,수요일,경상남도 창원시 마산회원구 합성동,경상사고,0,0,1,0,차량단독 - 주/정차차량 충돌,안전운전불이행,건조,맑음,단일로 - 기타,승용,남,45세,상해없음,,,,
2016072700100029,2016년 7월 27일 02시,수요일,경상남도 진주시 문산읍,중상사고,0,2,0,0,차량단독 - 공작물충돌,안전운전불이행,건조,맑음,단일로 - 기타,승용,남,18세,중상,,,,
2016072700100030,2016년 7월 27일 02시,수요일,경상남도 창원시 마산회원구 양덕동,경상사고,0,0,1,0,차량단독 - 전도전복,안전운전불이행,건조,맑음,단일로 - 기타,원동기,남,24세,경상,,,,
2016072700100056,2016년 7월 27일 05시,수요일,경상남도 사천시 동동,부상신고사고,0,0,0,1,차대사람 - 횡단중,안전운전불이행,건조,맑음,단일로 - 기타,승용,남,66세,상해없음,보행자,남,35세,부상신고
2016072700100057,2016년 7월 27일 05시,수요일,경상남도 고성군 고성읍,중상사고,0,1,0,0,차대차 - 정면충돌,교차로운행방법위반,건조,맑음,교차로 - 교차로안,화물,남,67세,상해없음,이륜,남,74세,중상
2016072700100077,2016년 7월 27일 06시,수요일,경상남도 고성군 고성읍,중상사고,0,1,0,0,차대사람 - 보도통행중,보행자보호의무위반,건조,맑음,단일로 - 횡단보도상,승용,여,52세,상해없음,보행자,여,78세,중상
2016072700100096,2016년 7월 27일 07시,수요일,경상남도 김해시 어방동,중상사고,0,1,0,0,차대사람 - 횡단중,안전운전불이행,건조,맑음,단일로 - 기타,승용,남,38세,상해없음,보행자,남,63세,중상
2016072700100123,2016년 7월 27일 08시,수요일,경상남도 김해시 불암동,경상사고,0,0,1,0,차대차 - 측면충돌,안전운전불이행,건조,맑음,단일로 - 기타,화물,남,46세,경상,화물,남,53세,기타불명
2016072700100149,2016년 7월 27일 09시,수요일,경상남도 진주시 봉곡동,경상사고,0,0,1,0,차대사람 - 횡단중,안전운전불이행,건조,맑음,단일로 - 기타,승용,남,48세,상해없음,보행자,여,43세,경상
2016072700100150,2016년 7월 27일 09시,수요일,경상남도 김해시 장유면,중상사고,0,1,0,0,차대사람 - 길가장자리구역통행중,안전운전불이행,건조,맑음,단일로 - 기타,승용,여,41세,상해없음,보행자,여,48세,중상
2016072700100219,2016년 7월 27일 11시,수요일,경상남도 김해시 외동,경상사고,0,0,1,0,차대차 - 기타,중앙선침범,건조,맑음,단일로 - 기타,승용,여,33세,상해없음,화물,남,42세,상해없음
2016072700100243,2016년 7월 27일 12시,수요일,경상남도 창원시 마산합포구 자산동,경상사고,0,0,1,0,차대차 - 측면충돌,신호위반,건조,맑음,교차로 - 교차로부근,이륜,남,68세,상해없음,승용,여,33세,경상
2016072700100272,2016년 7월 27일 13시,수요일,경상남도 진주시 문산읍,경상사고,0,0,1,0,차대차 - 추돌,안전운전불이행,건조,맑음,단일로 - 기타,화물,남,26세,상해없음,화물,남,42세,경상
2016072700100273,2016년 7월 27일 13시,수요일,경상남도 양산시 매곡동,중상사고,0,1,0,0,차대차 - 측면충돌,안전운전불이행,건조,맑음,단일로 - 기타,이륜,남,54세,중상,승용,남,45세,상해없음
2016072700100309,2016년 7월 27일 14시,수요일,경상남도 김해시 구산동,경상사고,0,0,1,0,차대차 - 기타,안전운전불이행,건조,맑음,교차로 - 교차로안,승합,남,61세,상해없음,이륜,남,36세,경상
2016072700100310,2016년 7월 27일 14시,수요일,경상남도 김해시 구산동,중상사고,0,2,1,0,차대차 - 측면직각충돌,안전운전불이행,건조,맑음,단일로 - 기타,승용,여,54세,중상,승용,남,68세,경상
2016072700100311,2016년 7월 27일 14시,수요일,경상남도 하동군 금남면,경상사고,0,0,1,0,차대차 - 측면충돌,안전운전불이행,건조,맑음,단일로 - 기타,승용,남,43세,상해없음,이륜,여,59세,경상
2016072700100312,2016년 7월 27일 14시,수요일,경상남도 함안군 함안면,경상사고,0,0,1,0,차대차 - 기타,안전운전불이행,건조,맑음,교차로 - 교차로부근,승용,남,49세,상해없음,화물,남,53세,경상
2016072700100351,2016년 7월 27일 15시,수요일,경상남도 창원시 마산합포구 진북면,중상사고,0,2,2,0,차대차 - 측면충돌,안전운전불이행,건조,맑음,단일로 - 기타,화물,남,61세,상해없음,승합,남,53세,경상
2016072700100352,2016년 7월 27일 15시,수요일,경상남도 창원시 진해구 경화동,부상신고사고,0,0,0,1,차대사람 - 보도통행중,안전운전불이행,건조,맑음,기타 - 기타,기타불명,기타불명,기타불명,기타불명,보행자,남,68세,부상신고
2016072700100353,2016년 7월 27일 15시,수요일,경상남도 통영시 무전동,경상사고,0,0,1,0,차대차 - 추돌,안전운전불이행,건조,맑음,교차로 - 교차로부근,승합,남,45세,상해없음,승용,여,42세,경상
2016072700100354,2016년 7월 27일 15시,수요일,경상남도 산청군 신안면,경상사고,0,0,1,0,차대차 - 측면충돌,중앙선침범,건조,맑음,교차로 - 교차로부근,승용,남,70세,상해없음,승용,여,60세,경상
2016072700100355,2016년 7월 27일 15시,수요일,경상남도 창원시 의창구 중동,사망사고,1,0,0,0,차대차 - 측면직각충돌,안전운전불이행,건조,맑음,교차로 - 교차로안,승용,여,44세,상해없음,자전거,남,52세,사망
2016072700100382,2016년 7월 27일 16시,수요일,경상남도 고성군 하이면,중상사고,0,1,0,0,차대차 - 측면직각충돌,교차로운행방법위반,건조,맑음,교차로 - 교차로안,승용,여,58세,상해없음,자전거,남,76세,중상
2016072700100383,2016년 7월 27일 16시,수요일,경상남도 의령군 의령읍,중상사고,0,1,0,0,차대차 - 추돌,안전운전불이행,건조,맑음,단일로 - 기타,화물,남,32세,중상,승용,남,44세,상해없음
2016072700100418,2016년 7월 27일 17시,수요일,경상남도 창원시 진해구 남양동,경상사고,0,0,1,0,차대차 - 측면직각충돌,교차로운행방법위반,건조,맑음,교차로 - 교차로안,승용,남,61세,상해없음,원동기,남,44세,경상
2016072700100419,2016년 7월 27일 17시,수요일,경상남도 남해군 서면,부상신고사고,0,0,0,1,차량단독 - 전도전복,안전운전불이행,건조,맑음,단일로 - 기타,화물,남,57세,부상신고,,,,
2016072700100420,2016년 7월 27일 17시,수요일,경상남도 김해시 장유면,경상사고,0,0,1,0,차대차 - 측면직각충돌,안전운전불이행,건조,맑음,단일로 - 기타,승용,남,49세,상해없음,승용,여,42세,경상
2016072700100460,2016년 7월 27일 18시,수요일,경상남도 진주시 칠암동,경상사고,0,0,2,0,차대차 - 추돌,안전운전불이행,건조,맑음,단일로 - 기타,승용,남,56세,상해없음,승용,남,38세,경상
2016072700100461,2016년 7월 27일 18시,수요일,경상남도 함양군 백전면,부상신고사고,0,0,0,1,차량단독 - 전도전복,안전운전불이행,건조,맑음,단일로 - 기타,이륜,남,56세,부상신고,,,,
2016072700100502,2016년 7월 27일 19시,수요일,경상남도 창원시 진해구 남문동,경상사고,0,0,1,0,차대차 - 측면충돌,교차로운행방법위반,건조,맑음,교차로 - 교차로안,승용,여,42세,상해없음,자전거,남,39세,경상
2016072700100503,2016년 7월 27일 19시,수요일,경상남도 창원시 성산구 상남동,경상사고,0,0,1,1,차대차 - 측면직각충돌,안전운전불이행,건조,맑음,단일로 - 기타,승용,여,51세,부상신고,승용,남,64세,경상
2016072700100533,2016년 7월 27일 20시,수요일,경상남도 창원시 마산합포구 진동면,중상사고,0,1,0,0,차량단독 - 기타,안전운전불이행,건조,맑음,단일로 - 기타,승합,남,56세,상해없음,,,,
2016072700100534,2016년 7월 27일 20시,수요일,경상남도 사천시 정동면,경상사고,0,0,1,0,차대차 - 측면충돌,안전운전불이행,건조,맑음,교차로 - 교차로안,화물,남,66세,상해없음,승용,남,54세,경상
2016072700100568,2016년 7월 27일 21시,수요일,경상남도 김해시 한림면,경상사고,0,0,1,0,차대차 - 정면충돌,중앙선침범,건조,맑음,단일로 - 기타,승용,남,32세,상해없음,화물,남,48세,경상
2016072700100569,2016년 7월 27일 21시,수요일,경상남도 김해시 풍유동,중상사고,0,1,0,0,차대차 - 측면직각충돌,교차로운행방법위반,건조,맑음,교차로 - 교차로안,승용,남,50세,상해없음,승용,남,47세,중상
2016072700100606,2016년 7월 27일 22시,수요일,경상남도 김해시 외동,경상사고,0,0,1,0,차대차 - 측면충돌,교차로운행방법위반,건조,맑음,교차로 - 교차로안,승용,남,34세,상해없음,자전거,남,17세,경상
2016072800100023,2016년 7월 28일 01시,목요일,경상남도 거제시 아주동,중상사고,0,2,0,0,차대차 - 추돌,안전운전불이행,건조,맑음,단일로 - 기타,승용,남,47세,상해없음,승용,남,54세,중상
2016072800100049,2016년 7월 28일 04시,목요일,경상남도 사천시 사남면,중상사고,0,1,1,0,차대차 - 측면충돌,신호위반,건조,맑음,교차로 - 교차로안,원동기,남,17세,경상,화물,남,43세,상해없음
2016072800100068,2016년 7월 28일 06시,목요일,경상남도 거창군 거창읍,중상사고,0,2,1,0,차대차 - 정면충돌,신호위반,건조,맑음,교차로 - 교차로안,승용,남,68세,상해없음,화물,남,49세,중상
2016072800100112,2016년 7월 28일 08시,목요일,경상남도 김해시 주촌면,경상사고,0,0,1,0,차대차 - 기타,안전운전불이행,건조,맑음,단일로 - 기타,농기계,남,78세,상해없음,승용,남,32세,경상
2016072800100141,2016년 7월 28일 09시,목요일,경상남도 통영시 북신동,경상사고,0,0,1,0,차대차 - 측면직각충돌,차로위반,건조,맑음,단일로 - 기타,승용,남,53세,상해없음,화물,남,36세,경상
2016072800100142,2016년 7월 28일 09시,목요일,경상남도 창원시 의창구 서상동,부상신고사고,0,0,0,1,차대차 - 측면충돌,교차로운행방법위반,건조,맑음,교차로 - 교차로안,승용,남,49세,상해없음,자전거,여,15세,부상신고
2016072800100171,2016년 7월 28일 10시,목요일,경상남도 창원시 진해구 태백동,경상사고,0,0,2,0,차대차 - 측면직각충돌,교차로운행방법위반,건조,맑음,교차로 - 교차로안,화물,남,43세,경상,승용,여,54세,경상
2016072800100172,2016년 7월 28일 10시,목요일,경상남도 합천군 합천읍,중상사고,0,1,0,0,차대차 - 측면충돌,교차로운행방법위반,건조,맑음,교차로 - 교차로안,승용,남,78세,상해없음,원동기,남,71세,중상
2016072800100173,2016년 7월 28일 10시,목요일,경상남도 창원시 마산회원구 내서읍,중상사고,0,1,3,0,차대차 - 추돌,안전운전불이행,건조,맑음,단일로 - 기타,건설기계,남,61세,상해없음,승용,남,50세,경상
2016072800100200,2016년 7월 28일 11시,목요일,경상남도 함양군 지곡면,경상사고,0,0,1,0,차대차 - 정면충돌,교차로운행방법위반,건조,맑음,교차로 - 교차로안,자전거,여,76세,경상,승용,남,58세,상해없음
2016072800100201,2016년 7월 28일 11시,목요일,경상남도 창원시 마산회원구 내서읍,경상사고,0,0,1,0,차대차 - 측면충돌,안전운전불이행,건조,맑음,단일로 - 기타,승용,남,52세,상해없음,승용,여,39세,경상
2016072800100202,2016년 7월 28일 11시,목요일,경상남도 창원시 의창구 동읍,중상사고,0,1,1,0,차대차 - 측면충돌,신호위반,건조,맑음,교차로 - 교차로안,특수,남,61세,상해없음,승용,남,68세,경상
2016072800100227,2016년 7월 28일 12시,목요일,경상남도 합천군 합천읍,경상사고,0,0,1,0,차대차 - 추돌,교차로운행방법위반,건조,맑음,교차로 - 교차로안,이륜,여,60세,경상,승용,남,55세,상해없음
2016072800100228,2016년 7월 28일 12시,목요일,경상남도 합천군 삼가면,부상신고사고,0,0,0,1,차대차 - 측면직각충돌,교차로운행방법위반,건조,맑음,교차로 - 교차로안,원동기,남,74세,부상신고,화물,남,56세,상해없음
2016072800100255,2016년 7월 28일 13시,목요일,경상남도 통영시 무전동,경상사고,0,0,1,0,차대차 - 측면직각충돌,차로위반,건조,맑음,단일로 - 기타,승용,남,25세,경상,승용,남,38세,상해없음
2016072800100256,2016년 7월 28일 13시,목요일,경상남도 함안군 칠원읍,경상사고,0,0,2,0,차대차 - 기타,안전운전불이행,건조,맑음,단일로 - 기타,승용,여,50세,상해없음,승용,여,53세,기타불명
2016072800100303,2016년 7월 28일 14시,목요일,경상남도 김해시 주촌면,경상사고,0,0,1,0,차대차 - 기타,안전운전불이행,건조,맑음,단일로 - 기타,화물,남,61세,상해없음,화물,남,39세,경상
2016072800100358,2016년 7월 28일 16시,목요일,경상남도 진주시 이반성면,중상사고,0,1,0,0,차대차 - 측면직각충돌,직진우회전진행방해,건조,맑음,교차로 - 교차로안,화물,남,53세,상해없음,자전거,남,79세,중상
2016072800100359,2016년 7월 28일 16시,목요일,경상남도 창녕군 창녕읍,경상사고,0,0,1,0,차대차 - 측면직각충돌,안전운전불이행,건조,맑음,교차로 - 교차로안,원동기,남,63세,경상,승용,여,44세,상해없음
2016072800100360,2016년 7월 28일 16시,목요일,경상남도 고성군 대가면,중상사고,0,1,0,0,차량단독 - 전도전복,안전운전불이행,건조,맑음,교차로 - 교차로안,승용,남,78세,상해없음,,,,
2016072800100361,2016년 7월 28일 16시,목요일,경상남도 창원시 마산합포구 산호동,경상사고,0,0,3,0,차대차 - 정면충돌,신호위반,건조,맑음,교차로 - 교차로안,승용,남,29세,상해없음,승용,남,60세,상해없음
2016072800100479,2016년 7월 28일 19시,목요일,경상남도 김해시 외동,부상신고사고,0,0,0,1,차대차 - 측면직각충돌,안전운전불이행,건조,맑음,교차로 - 교차로안,자전거,남,55세,부상신고,승용,남,39세,상해없음
2016072800100480,2016년 7월 28일 19시,목요일,경상남도 김해시 안동,경상사고,0,0,1,0,차대차 - 측면직각충돌,안전운전불이행,건조,맑음,단일로 - 기타,승용,여,38세,상해없음,이륜,여,29세,경상
2016072800100481,2016년 7월 28일 19시,목요일,경상남도 김해시 장유면,중상사고,0,1,0,0,차대차 - 정면충돌,안전운전불이행,건조,맑음,교차로 - 교차로부근,승용,남,50세,상해없음,승합,남,34세,중상
2016072800100514,2016년 7월 28일 20시,목요일,경상남도 김해시 삼정동,경상사고,0,0,1,0,차대차 - 측면충돌,신호위반,건조,맑음,교차로 - 교차로안,승용,남,57세,상해없음,승용,남,67세,경상
2016072800100571,2016년 7월 28일 22시,목요일,경상남도 김해시 진영읍,경상사고,0,0,1,0,차대차 - 측면충돌,안전운전불이행,건조,맑음,교차로 - 교차로부근,승용,남,45세,기타불명,화물,남,66세,경상
2016072800100594,2016년 7월 28일 23시,목요일,경상남도 합천군 대양면,경상사고,0,0,1,0,차대차 - 추돌,안전운전불이행,건조,맑음,단일로 - 기타,승용,남,46세,경상,화물,남,44세,상해없음
2016072800100595,2016년 7월 28일 23시,목요일,경상남도 창원시 성산구 대방동,경상사고,0,0,1,0,차대차 - 측면충돌,신호위반,건조,맑음,교차로 - 교차로안,승용,남,32세,상해없음,화물,남,49세,경상
2016072800100596,2016년 7월 28일 23시,목요일,경상남도 창원시 성산구 신촌동,경상사고,0,0,1,0,차대차 - 추돌,안전운전불이행,건조,맑음,단일로 - 기타,승용,남,42세,상해없음,승합,남,60세,경상
2016072900100042,2016년 7월 29일 02시,금요일,경상남도 창원시 마산회원구 석전동,경상사고,0,0,2,0,차대차 - 정면충돌,신호위반,건조,맑음,교차로 - 교차로안,승용,남,63세,상해없음,승용,남,66세,경상
2016072900100079,2016년 7월 29일 05시,금요일,경상남도 창원시 마산회원구 회성동,경상사고,0,0,1,0,차대차 - 측면충돌,안전운전불이행,건조,맑음,단일로 - 기타,승용,남,24세,상해없음,이륜,남,55세,경상
2016072900100093,2016년 7월 29일 06시,금요일,경상남도 거제시 고현동,경상사고,0,0,1,0,차대차 - 기타,안전운전불이행,건조,맑음,단일로 - 기타,건설기계,남,60세,상해없음,승용,남,37세,경상
2016072900100109,2016년 7월 29일 07시,금요일,경상남도 양산시 삼호동,경상사고,0,0,1,0,차대차 - 측면충돌,교차로운행방법위반,건조,맑음,교차로 - 교차로안,승용,남,60세,상해없음,승용,여,45세,경상
2016072900100110,2016년 7월 29일 07시,금요일,경상남도 양산시 북정동,부상신고사고,0,0,0,1,차대차 - 기타,안전거리미확보,건조,맑음,교차로 - 교차로부근,승용,남,50세,상해없음,이륜,남,61세,부상신고
2016072900100111,2016년 7월 29일 07시,금요일,경상남도 양산시 소주동,중상사고,0,1,0,0,차대차 - 측면충돌,교차로운행방법위반,건조,맑음,교차로 - 교차로안,승용,남,30세,상해없음,승용,여,47세,중상
2016072900100112,2016년 7월 29일 07시,금요일,경상남도 창원시 마산회원구 내서읍,경상사고,0,0,1,1,차대차 - 추돌,안전운전불이행,건조,맑음,단일로 - 기타,승용,남,60세,상해없음,승용,남,54세,경상
2016072900100200,2016년 7월 29일 10시,금요일,경상남도 창원시 진해구 용원동,중상사고,0,1,0,0,차대사람 - 횡단중,보행자보호의무위반,건조,맑음,교차로 - 교차로부근,건설기계,남,59세,상해없음,보행자,여,68세,중상
2016072900100201,2016년 7월 29일 10시,금요일,경상남도 거제시 거제면,중상사고,0,1,0,0,차대차 - 측면충돌,안전운전불이행,건조,맑음,단일로 - 기타,이륜,남,69세,중상,승용,여,48세,상해없음
2016072900100269,2016년 7월 29일 12시,금요일,경상남도 김해시 삼정동,경상사고,0,0,1,0,차대차 - 기타,안전운전불이행,건조,맑음,단일로 - 기타,화물,남,60세,상해없음,승용,남,23세,경상