사고번호,사고일시,요일,시군구,사고내용,사망자수,중상자수,경상자수,부상신고자수,사고유형,법규위반,노면상태,기상상태,도로형태,가해운전자 차종,가해운전자 성별,가해운전자 연령,가해운전자 상해정도,피해운전자 차종,피해운전자 성별,피해운전자 연령,피해운전자 상해정도
2016080100100564,2016년 8월 1일 21시,월요일,경상남도 진주시 정촌면,중상사고,0,1,0,0,차대차 - 측면직각충돌,신호위반,건조,맑음,교차로 - 교차로안,승용,여,47세,상해없음,승용,남,53세,중상
2016080100100565,2016년 8월 1일 21시,월요일,경상남도 밀양시 단장면,중상사고,0,1,0,0,차대사람 - 길가장자리구역통행중,안전운전불이행,건조,맑음,단일로 - 기타,승용,남,27세,상해없음,보행자,여,27세,중상
2016080100100566,2016년 8월 1일 21시,월요일,경상남도 김해시 장유면,경상사고,0,0,2,0,차대차 - 추돌,안전운전불이행,건조,맑음,교차로 - 교차로안,승용,남,63세,상해없음,승용,여,40세,경상
2016080100100582,2016년 8월 1일 22시,월요일,경상남도 고성군 고성읍,경상사고,0,0,1,0,차대차 - 측면충돌,중앙선침범,건조,맑음,단일로 - 기타,이륜,남,31세,상해없음,승용,남,44세,경상
2016080100100602,2016년 8월 1일 23시,월요일,경상남도 진주시 신안동,경상사고,0,0,1,0,차대차 - 정면충돌,신호위반,건조,맑음,교차로 - 교차로안,승용,남,34세,상해없음,승용,남,45세,경상
2016080100100603,2016년 8월 1일 23시,월요일,경상남도 남해군 고현면,사망사고,1,0,0,0,차대사람 - 횡단중,보행자보호의무위반,건조,맑음,단일로 - 횡단보도상,승합,여,64세,상해없음,보행자,남,38세,사망
2016080100100604,2016년 8월 1일 23시,월요일,경상남도 창원시 마산회원구 내서읍,경상사고,0,0,1,0,차대차 - 추돌,안전운전불이행,습기,흐림,단일로 - 기타,화물,남,44세,상해없음,화물,남,60세,경상
2016080200100035,2016년 8월 2일 03시,화요일,경상남도 사천시 동금동,경상사고,0,0,1,1,차대차 - 추돌,신호위반,건조,맑음,교차로 - 교차로안,승용,여,57세,경상,승용,남,60세,부상신고
2016080200100040,2016년 8월 2일 04시,화요일,경상남도 밀양시 삼랑진읍,중상사고,0,1,1,0,차대차 - 추돌,안전운전불이행,건조,맑음,단일로 - 기타,화물,남,29세,중상,화물,남,49세,경상
2016080200100060,2016년 8월 2일 06시,화요일,경상남도 김해시 외동,경상사고,0,0,1,0,차대차 - 측면충돌,교차로운행방법위반,건조,맑음,교차로 - 교차로안,승용,남,29세,상해없음,승용,남,43세,경상
2016080200100080,2016년 8월 2일 07시,화요일,경상남도 창원시 의창구 도계동,경상사고,0,0,1,0,차대차 - 정면충돌,안전운전불이행,건조,맑음,단일로 - 기타,승용,남,32세,상해없음,승용,남,33세,경상
2016080200100131,2016년 8월 2일 09시,화요일,경상남도 진주시 대안동,중상사고,0,1,0,0,차대사람 - 횡단중,보행자보호의무위반,건조,맑음,교차로 - 교차로부근,승용,남,22세,상해없음,보행자,여,61세,중상
2016080200100132,2016년 8월 2일 09시,화요일,경상남도 거창군 가조면,중상사고,0,2,0,0,차대차 - 기타,안전운전불이행,건조,맑음,단일로 - 기타,승합,남,60세,상해없음,화물,남,56세,중상
2016080200100133,2016년 8월 2일 09시,화요일,경상남도 창원시 마산합포구 산호동,경상사고,0,0,2,1,차대차 - 측면충돌,안전운전불이행,건조,맑음,교차로 - 교차로부근,특수,남,56세,상해없음,승용,남,46세,경상
2016080200100163,2016년 8월 2일 10시,화요일,경상남도 통영시 항남동,경상사고,0,0,1,0,차대차 - 추돌,안전거리미확보,건조,맑음,단일로 - 기타,원동기,남,65세,상해없음,승용,남,49세,상해없음
2016080200100188,2016년 8월 2일 11시,화요일,경상남도 진주시 가좌동,사망사고,1,0,0,0,차대사람 - 기타,안전운전불이행,건조,맑음,단일로 - 기타,화물,남,63세,상해없음,보행자,남,71세,사망
2016080200100189,2016년 8월 2일 11시,화요일,경상남도 통영시 용남면,경상사고,0,0,3,0,차대차 - 추돌,안전거리미확보,건조,맑음,단일로 - 기타,승용,남,60세,상해없음,승용,여,36세,경상
2016080200100190,2016년 8월 2일 11시,화요일,경상남도 통영시 무전동,경상사고,0,0,4,0,차대차 - 측면직각충돌,신호위반,건조,맑음,교차로 - 교차로안,화물,남,53세,상해없음,승용,남,65세,경상
2016080200100191,2016년 8월 2일 11시,화요일,경상남도 남해군 삼동면,중상사고,0,1,1,0,차대차 - 측면충돌,안전운전불이행,건조,맑음,단일로 - 기타,특수,남,51세,상해없음,승용,남,42세,경상
2016080200100192,2016년 8월 2일 11시,화요일,경상남도 김해시 주촌면,중상사고,0,2,0,0,차대차 - 측면충돌,신호위반,건조,맑음,교차로 - 교차로안,건설기계,남,55세,상해없음,승용,남,23세,중상
2016080200100216,2016년 8월 2일 12시,화요일,경상남도 통영시 중앙동,경상사고,0,0,3,0,차대차 - 추돌,안전운전불이행,건조,맑음,단일로 - 기타,이륜,남,64세,경상,승용,남,30세,경상
2016080200100217,2016년 8월 2일 12시,화요일,경상남도 밀양시 교동,부상신고사고,0,0,0,1,차대차 - 측면직각충돌,신호위반,건조,맑음,교차로 - 교차로부근,화물,남,63세,상해없음,자전거,여,65세,부상신고
2016080200100218,2016년 8월 2일 12시,화요일,경상남도 김해시 부원동,중상사고,0,1,0,0,차대사람 - 기타,안전운전불이행,건조,맑음,단일로 - 기타,승용,여,57세,상해없음,보행자,여,64세,중상
2016080200100243,2016년 8월 2일 13시,화요일,경상남도 창원시 진해구 남문동,경상사고,0,0,2,0,차대차 - 측면직각충돌,직진우회전진행방해,건조,맑음,교차로 - 교차로안,승용,여,61세,경상,승합,남,62세,상해없음
2016080200100244,2016년 8월 2일 13시,화요일,경상남도 창원시 진해구 용원동,중상사고,0,1,0,0,차량단독 - 공작물충돌,안전운전불이행,건조,맑음,교차로 - 교차로안,승용,여,56세,중상,,,,
2016080200100278,2016년 8월 2일 14시,화요일,경상남도 진주시 상평동,중상사고,0,2,3,0,차대차 - 기타,중앙선침범,건조,맑음,단일로 - 기타,승용,남,51세,상해없음,승용,남,36세,중상
2016080200100279,2016년 8월 2일 14시,화요일,경상남도 통영시 태평동,중상사고,0,1,0,0,차대사람 - 기타,안전운전불이행,건조,맑음,단일로 - 기타,승용,남,39세,상해없음,보행자,남,60세,중상
2016080200100280,2016년 8월 2일 14시,화요일,경상남도 창원시 의창구 명서동,경상사고,0,0,1,0,차대차 - 측면충돌,안전운전불이행,건조,맑음,교차로 - 교차로안,승용,남,47세,상해없음,승용,여,39세,경상
2016080200100304,2016년 8월 2일 15시,화요일,경상남도 거제시 아주동,경상사고,0,0,2,0,차대차 - 측면충돌,안전운전불이행,건조,맑음,단일로 - 기타,승용,남,47세,상해없음,승용,남,26세,경상
2016080200100305,2016년 8월 2일 15시,화요일,경상남도 창원시 의창구 북면,중상사고,0,1,0,0,차대사람 - 기타,안전운전불이행,건조,맑음,단일로 - 기타,승용,여,41세,상해없음,보행자,남,46세,중상
2016080200100333,2016년 8월 2일 16시,화요일,경상남도 사천시 사천읍,중상사고,0,1,0,0,차대차 - 측면충돌,중앙선침범,건조,맑음,단일로 - 기타,승용,남,25세,상해없음,원동기,남,37세,중상
2016080200100334,2016년 8월 2일 16시,화요일,경상남도 거창군 거창읍,중상사고,0,1,0,0,차대차 - 측면충돌,안전운전불이행,건조,맑음,단일로 - 기타,승합,남,63세,상해없음,승용,남,43세,중상
2016080200100335,2016년 8월 2일 16시,화요일,경상남도 창원시 성산구 상남동,경상사고,0,0,6,0,차대차 - 추돌,안전운전불이행,습기,비,단일로 - 기타,승용,남,58세,상해없음,승용,남,39세,경상
2016080200100336,2016년 8월 2일 16시,화요일,경상남도 창원시 의창구 북면,중상사고,0,1,0,0,차대사람 - 차도통행중,안전운전불이행,습기,비,단일로 - 기타,승용,남,66세,상해없음,보행자,여,73세,중상
2016080200100337,2016년 8월 2일 16시,화요일,경상남도 김해시 진영읍,중상사고,0,1,0,0,차량단독 - 전도전복,안전운전불이행,습기,비,단일로 - 기타,농기계,여,55세,중상,,,,
2016080200100355,2016년 8월 2일 17시,화요일,경상남도 밀양시 상동면,중상사고,0,1,1,1,차대차 - 추돌,안전거리미확보,건조,맑음,단일로 - 기타,승용,남,30세,상해없음,승용,여,45세,중상
2016080200100372,2016년 8월 2일 17시,화요일,경상남도 김해시 어방동,경상사고,0,0,2,0,차대차 - 측면직각충돌,교차로운행방법위반,건조,맑음,교차로 - 교차로안,승용,여,38세,상해없음,승용,남,55세,상해없음
2016080200100373,2016년 8월 2일 17시,화요일,경상남도 김해시 장유면,경상사고,0,0,1,0,차대차 - 측면충돌,안전운전불이행,건조,맑음,단일로 - 기타,승합,남,40세,상해없음,승용,여,43세,경상
2016080200100416,2016년 8월 2일 18시,화요일,경상남도 창원시 마산합포구 진동면,경상사고,0,0,1,0,차대차 - 측면직각충돌,안전거리미확보,건조,맑음,교차로 - 교차로부근,화물,남,57세,상해없음,승용,남,35세,경상
2016080200100417,2016년 8월 2일 18시,화요일,경상남도 밀양시 가곡동,경상사고,0,0,1,0,차대사람 - 횡단중,보행자보호의무위반,습기,비,단일로 - 횡단보도상,승용,남,66세,상해없음,보행자,여,61세,경상
2016080200100418,2016년 8월 2일 18시,화요일,경상남도 김해시 외동,중상사고,0,1,0,0,차대차 - 추돌,안전거리미확보,건조,흐림,교차로 - 교차로부근,승용,남,46세,상해없음,승용,여,49세,중상
2016080200100419,2016년 8월 2일 18시,화요일,경상남도 양산시 동면,중상사고,0,1,1,0,차대차 - 정면충돌,안전거리미확보,건조,맑음,단일로 - 기타,승용,여,54세,중상,승용,여,52세,경상
2016080200100420,2016년 8월 2일 18시,화요일,경상남도 산청군 산청읍,부상신고사고,0,0,0,2,차대차 - 측면충돌,교차로운행방법위반,건조,맑음,교차로 - 교차로안,승용,여,23세,상해없음,화물,남,71세,부상신고
2016080200100453,2016년 8월 2일 19시,화요일,경상남도 밀양시 삼문동,경상사고,0,0,1,0,차대차 - 기타,교차로운행방법위반,습기,비,단일로 - 기타,승용,여,57세,상해없음,이륜,남,17세,경상
2016080200100489,2016년 8월 2일 20시,화요일,경상남도 창원시 성산구 대방동,경상사고,0,0,4,0,차대차 - 추돌,안전운전불이행,건조,맑음,교차로 - 교차로부근,승용,남,51세,상해없음,승용,남,37세,경상
2016080200100511,2016년 8월 2일 21시,화요일,경상남도 창원시 마산합포구 현동,경상사고,0,0,4,0,차대차 - 측면직각충돌,신호위반,습기,비,교차로 - 교차로안,승용,남,39세,상해없음,승용,남,47세,경상
2016080200100512,2016년 8월 2일 21시,화요일,경상남도 창원시 성산구 사파동,경상사고,0,0,1,0,차대차 - 추돌,안전운전불이행,습기,맑음,교차로 - 교차로부근,승용,남,61세,상해없음,승용,남,56세,경상
2016080200100529,2016년 8월 2일 22시,화요일,경상남도 밀양시 내이동,경상사고,0,0,2,0,차대사람 - 횡단중,안전운전불이행,건조,맑음,단일로 - 기타,화물,남,57세,상해없음,보행자,남,29세,경상
2016080200100557,2016년 8월 2일 23시,화요일,경상남도 사천시 사천읍,경상사고,0,0,1,1,차대차 - 측면직각충돌,신호위반,건조,맑음,교차로 - 교차로안,승용,남,49세,상해없음,승용,남,37세,부상신고
2016080200100558,2016년 8월 2일 23시,화요일,경상남도 창원시 마산회원구 내서읍,경상사고,0,0,1,0,차대차 - 측면충돌,안전운전불이행,건조,맑음,교차로 - 교차로안,이륜,남,35세,경상,승용,남,25세,상해없음
2016080200100559,2016년 8월 2일 23시,화요일,경상남도 창원시 마산회원구 내서읍,경상사고,0,0,1,0,차대차 - 측면충돌,안전운전불이행,건조,맑음,교차로 - 교차로부근,승용,남,60세,상해없음,승용,남,46세,경상
2016080300100011,2016년 8월 3일 00시,수요일,경상남도 창원시 의창구 소답동,중상사고,0,2,0,0,차대사람 - 기타,안전운전불이행,건조,맑음,단일로 - 기타,승용,남,48세,상해없음,보행자,남,55세,중상
2016080300100053,2016년 8월 3일 04시,수요일,경상남도 거제시 고현동,경상사고,0,0,2,0,차대차 - 측면충돌,신호위반,건조,맑음,교차로 - 교차로안,승용,남,32세,기타불명,승용,여,49세,경상
2016080300100063,2016년 8월 3일 05시,수요일,경상남도 통영시 무전동,중상사고,0,7,0,0,차대차 - 측면직각충돌,직진우회전진행방해,건조,맑음,교차로 - 교차로안,승합,남,62세,상해없음,화물,남,53세,상해없음
2016080300100090,2016년 8월 3일 07시,수요일,경상남도 사천시 사천읍,중상사고,0,1,0,0,차대사람 - 기타,안전운전불이행,건조,맑음,교차로 - 교차로부근,승용,남,59세,상해없음,보행자,여,83세,중상
2016080300100124,2016년 8월 3일 08시,수요일,경상남도 김해시 구산동,경상사고,0,0,2,0,차대차 - 정면충돌,신호위반,건조,맑음,교차로 - 교차로안,승용,남,73세,경상,승합,남,52세,상해없음
2016080300100125,2016년 8월 3일 08시,수요일,경상남도 창녕군 부곡면,중상사고,0,1,0,0,차대차 - 측면직각충돌,안전운전불이행,건조,맑음,단일로 - 기타,승용,여,28세,상해없음,자전거,남,75세,중상
2016080300100126,2016년 8월 3일 08시,수요일,경상남도 산청군 신안면,중상사고,0,1,0,0,차대사람 - 기타,보행자보호의무위반,건조,맑음,단일로 - 기타,화물,남,64세,상해없음,보행자,여,76세,중상
2016080300100151,2016년 8월 3일 09시,수요일,경상남도 창녕군 창녕읍,중상사고,0,1,0,0,차대차 - 측면충돌,중앙선침범,건조,맑음,단일로 - 기타,화물,남,75세,상해없음,승용,남,79세,중상
2016080300100179,2016년 8월 3일 10시,수요일,경상남도 밀양시 부북면,경상사고,0,0,1,0,차대차 - 측면직각충돌,안전운전불이행,건조,맑음,교차로 - 교차로안,승용,여,32세,상해없음,승용,남,54세,경상
2016080300100180,2016년 8월 3일 10시,수요일,경상남도 창원시 마산회원구 내서읍,경상사고,0,0,2,0,차대차 - 추돌,안전운전불이행,건조,맑음,단일로 - 기타,화물,남,49세,상해없음,승용,여,28세,경상
2016080300100192,2016년 8월 3일 11시,수요일,경상남도 김해시 장유면,경상사고,0,0,1,0,차대차 - 측면직각충돌,안전거리미확보,건조,맑음,단일로 - 기타,승용,남,63세,상해없음,승용,여,31세,경상
2016080300100200,2016년 8월 3일 11시,수요일,경상남도 진주시 집현면,중상사고,0,1,0,0,차대사람 - 횡단중,안전운전불이행,건조,맑음,교차로 - 교차로부근,화물,남,58세,상해없음,보행자,남,52세,중상
2016080300100202,2016년 8월 3일 11시,수요일,경상남도 합천군 합천읍,경상사고,0,0,5,0,차대차 - 측면직각충돌,안전운전불이행,건조,맑음,단일로 - 기타,승용,여,21세,상해없음,승용,남,37세,경상
2016080300100203,2016년 8월 3일 11시,수요일,경상남도 김해시 주촌면,경상사고,0,0,2,0,차대차 - 추돌,과속,건조,맑음,단일로 - 기타,승용,남,22세,경상,화물,남,58세,경상
2016080300100226,2016년 8월 3일 12시,수요일,경상남도 창원시 진해구 석동,중상사고,0,1,0,0,차대차 - 측면충돌,안전운전불이행,건조,맑음,교차로 - 교차로안,승용,남,66세,상해없음,자전거,남,60세,중상
2016080300100227,2016년 8월 3일 12시,수요일,경상남도 남해군 이동면,경상사고,0,0,1,0,차량단독 - 기타,안전운전불이행,건조,맑음,단일로 - 기타,승합,남,54세,상해없음,,,,
2016080300100271,2016년 8월 3일 13시,수요일,경상남도 양산시 물금읍,중상사고,0,1,0,0,차대차 - 측면충돌,안전거리미확보,습기,흐림,단일로 - 기타,승용,여,34세,상해없음,원동기,남,20세,중상
2016080300100272,2016년 8월 3일 13시,수요일,경상남도 함안군 산인면,경상사고,0,0,4,0,차대차 - 측면직각충돌,안전운전불이행,건조,흐림,단일로 - 기타,승용,남,66세,상해없음,승용,남,52세,경상
2016080300100321,2016년 8월 3일 14시,수요일,경상남도 거제시 일운면,경상사고,0,0,1,0,차대사람 - 기타,안전운전불이행,건조,맑음,단일로 - 기타,기타불명,기타불명,기타불명,기타불명,보행자,남,81세,경상
2016080300100349,2016년 8월 3일 15시,수요일,경상남도 거제시 일운면,경상사고,0,0,1,0,차대차 - 측면충돌,안전운전불이행,건조,맑음,교차로 - 교차로부근,승용,남,24세,상해없음,이륜,남,16세,경상
2016080300100350,2016년 8월 3일 15시,수요일,경상남도 남해군 삼동면,경상사고,0,0,1,0,차대사람 - 기타,안전운전불이행,건조,맑음,교차로 - 교차로부근,승용,남,33세,상해없음,보행자,남,37세,경상
2016080300100383,2016년 8월 3일 16시,수요일,경상남도 의령군 의령읍,경상사고,0,0,1,0,차대사람 - 차도통행중,안전운전불이행,건조,맑음,단일로 - 기타,승용,남,31세,상해없음,보행자,남,51세,경상
2016080300100384,2016년 8월 3일 16시,수요일,경상남도 김해시 흥동,경상사고,0,0,1,0,차대차 - 측면직각충돌,안전거리미확보,건조,맑음,단일로 - 기타,화물,남,62세,상해없음,승용,여,23세,경상
2016080300100417,2016년 8월 3일 17시,수요일,경상남도 창원시 진해구 이동,중상사고,0,1,0,0,차대사람 - 길가장자리구역통행중,신호위반,건조,맑음,교차로 - 교차로부근,승합,남,50세,상해없음,보행자,남,80세,중상
2016080300100418,2016년 8월 3일 17시,수요일,경상남도 김해시 외동,경상사고,0,0,1,0,차대차 - 측면직각충돌,중앙선침범,건조,맑음,단일로 - 기타,자전거,남,19세,경상,승용,남,23세,상해없음
2016080300100419,2016년 8월 3일 17시,수요일,경상남도 고성군 고성읍,경상사고,0,0,1,0,차대차 - 측면충돌,교차로운행방법위반,건조,맑음,교차로 - 교차로안,승용,여,74세,상해없음,이륜,남,18세,경상
2016080300100420,2016년 8월 3일 17시,수요일,경상남도 창원시 의창구 명서동,경상사고,0,0,1,0,차대차 - 기타,안전운전불이행,건조,맑음,단일로 - 기타,승용,남,50세,상해없음,승용,남,50세,경상
2016080300100458,2016년 8월 3일 18시,수요일,경상남도 진주시 금산면,중상사고,0,1,0,0,차대사람 - 보도통행중,보행자보호의무위반,습기,비,단일로 - 횡단보도상,승용,남,73세,상해없음,보행자,여,74세,중상
2016080300100459,2016년 8월 3일 18시,수요일,경상남도 밀양시 상남면,경상사고,0,0,1,0,차대차 - 추돌,안전운전불이행,건조,맑음,단일로 - 기타,승용,남,29세,상해없음,이륜,남,26세,경상
2016080300100486,2016년 8월 3일 19시,수요일,경상남도 진주시 평거동,부상신고사고,0,0,0,1,차대사람 - 기타,안전운전불이행,습기,비,단일로 - 횡단보도상,승용,여,43세,상해없음,보행자,남,18세,부상신고
2016080300100487,2016년 8월 3일 19시,수요일,경상남도 밀양시 내이동,경상사고,0,0,3,0,차대차 - 측면직각충돌,차로위반,건조,맑음,단일로 - 기타,승용,남,56세,상해없음,승용,여,41세,경상
2016080300100488,2016년 8월 3일 19시,수요일,경상남도 창녕군 창녕읍,부상신고사고,0,0,0,1,차대차 - 정면충돌,중앙선침범,건조,맑음,단일로 - 기타,이륜,남,33세,부상신고,승용,남,55세,상해없음
2016080400100022,2016년 8월 4일 00시,목요일,경상남도 창원시 성산구 가음정동,경상사고,0,0,2,0,차대차 - 측면충돌,신호위반,건조,맑음,교차로 - 교차로안,승용,남,31세,기타불명,승용,남,32세,경상
2016080400100049,2016년 8월 4일 03시,목요일,경상남도 밀양시 상동면,중상사고,0,6,0,0,차대차 - 기타,안전운전불이행,건조,맑음,단일로 - 기타,화물,남,44세,중상,승용,남,68세,중상
2016080400100116,2016년 8월 4일 08시,목요일,경상남도 진주시 문산읍,부상신고사고,0,0,0,1,차대차 - 측면직각충돌,안전운전불이행,건조,맑음,교차로 - 교차로안,승용,남,44세,상해없음,이륜,남,71세,부상신고
2016080400100141,2016년 8월 4일 09시,목요일,경상남도 고성군 고성읍,경상사고,0,0,1,0,차대차 - 측면직각충돌,교차로운행방법위반,건조,맑음,교차로 - 교차로안,승용,남,59세,상해없음,자전거,남,84세,경상
2016080400100142,2016년 8월 4일 09시,목요일,경상남도 김해시 한림면,중상사고,0,1,1,0,차대차 - 추돌,안전운전불이행,건조,맑음,단일로 - 기타,승용,여,59세,중상,승용,남,57세,경상
2016080400100171,2016년 8월 4일 10시,목요일,경상남도 사천시 벌리동,부상신고사고,0,0,0,1,차대사람 - 차도통행중,안전운전불이행,건조,맑음,단일로 - 기타,승용,여,59세,상해없음,보행자,남,78세,부상신고
2016080400100172,2016년 8월 4일 10시,목요일,경상남도 거창군 거창읍,중상사고,0,1,0,0,차대차 - 기타,교차로운행방법위반,건조,맑음,교차로 - 교차로안,화물,남,70세,상해없음,이륜,남,81세,중상
2016080400100173,2016년 8월 4일 10시,목요일,경상남도 창원시 성산구 삼정자동,경상사고,0,0,2,0,차대차 - 측면직각충돌,차로위반,건조,맑음,교차로 - 교차로부근,화물,남,47세,상해없음,화물,남,43세,경상
2016080400100187,2016년 8월 4일 11시,목요일,경상남도 김해시 대동면,경상사고,0,0,2,0,차대차 - 추돌,안전운전불이행,건조,맑음,단일로 - 기타,승용,남,59세,상해없음,승용,남,48세,경상
2016080400100209,2016년 8월 4일 11시,목요일,경상남도 함양군 함양읍,경상사고,0,0,1,0,차대차 - 측면직각충돌,신호위반,건조,맑음,교차로 - 교차로안,화물,남,75세,상해없음,화물,남,76세,경상
2016080400100240,2016년 8월 4일 12시,목요일,경상남도 창원시 마산합포구 신포동1가,경상사고,0,0,1,0,차대차 - 측면충돌,안전운전불이행,건조,맑음,단일로 - 기타,승용,여,53세,상해없음,이륜,남,46세,경상
2016080400100268,2016년 8월 4일 13시,목요일,경상남도 거창군 거창읍,경상사고,0,0,1,0,차대차 - 기타,차로위반,건조,맑음,단일로 - 기타,이륜,남,57세,경상,승용,남,40세,상해없음
2016080400100306,2016년 8월 4일 14시,목요일,경상남도 하동군 진교면,중상사고,0,1,0,0,차대차 - 측면충돌,안전운전불이행,건조,맑음,단일로 - 기타,승용,남,28세,상해없음,이륜,남,74세,중상
2016080400100307,2016년 8월 4일 14시,목요일,경상남도 김해시 화목동,부상신고사고,0,0,0,1,차대차 - 정면충돌,안전운전불이행,건조,맑음,단일로 - 기타,자전거,남,38세,부상신고,승용,남,69세,상해없음
2016080400100362,2016년 8월 4일 16시,목요일,경상남도 하동군 금남면,경상사고,0,0,1,0,차량단독 - 전도전복,안전운전불이행,건조,맑음,단일로 - 기타,승용,남,34세,상해없음,,,,
2016080400100403,2016년 8월 4일 17시,목요일,경상남도 창원시 마산합포구 중앙동1가,중상사고,0,1,0,0,차대사람 - 횡단중,안전운전불이행,건조,맑음,단일로 - 기타,승용,여,44세,상해없음,보행자,남,20세,중상
2016080400100404,2016년 8월 4일 17시,목요일,경상남도 양산시 남부동,경상사고,0,0,1,0,차대차 - 기타,신호위반,건조,맑음,단일로 - 횡단보도상,화물,남,48세,상해없음,자전거,남,74세,경상
2016080400100405,2016년 8월 4일 17시,목요일,경상남도 남해군 이동면,부상신고사고,0,0,0,1,차대차 - 정면충돌,안전운전불이행,건조,맑음,교차로 - 교차로안,자전거,남,53세,부상신고,승용,여,57세,상해없음
2016080400100440,2016년 8월 4일 18시,목요일,경상남도 진주시 상봉동,경상사고,0,0,1,0,차대사람 - 횡단중,안전운전불이행,건조,맑음,교차로 - 교차로안,승합,남,48세,상해없음,보행자,여,76세,경상
2016080400100441,2016년 8월 4일 18시,목요일,경상남도 밀양시 삼문동,경상사고,0,0,1,0,차대차 - 측면직각충돌,안전운전불이행,건조,맑음,교차로 - 교차로안,승용,남,38세,상해없음,원동기,남,36세,경상
2016080400100442,2016년 8월 4일 18시,목요일,경상남도 거제시 옥포동,경상사고,0,0,2,0,차대차 - 측면충돌,안전운전불이행,건조,맑음,단일로 - 기타,승용,남,46세,상해없음,승용,남,30세,경상
2016080400100443,2016년 8월 4일 18시,목요일,경상남도 남해군 창선면,중상사고,0,3,0,0,차대차 - 추돌,안전운전불이행,건조,맑음,단일로 - 기타,화물,여,43세,상해없음,승용,남,66세,중상
2016080400100495,2016년 8월 4일 20시,목요일,경상남도 밀양시 단장면,사망사고,1,0,0,0,차량단독 - 전도전복,안전운전불이행,건조,맑음,단일로 - 기타,자전거,남,41세,사망,,,,
2016080400100525,2016년 8월 4일 21시,목요일,경상남도 창원시 의창구 봉곡동,경상사고,0,0,1,0,차대사람 - 기타,안전운전불이행,건조,맑음,단일로 - 기타,기타불명,기타불명,기타불명,기타불명,보행자,남,44세,경상
2016080400100560,2016년 8월 4일 23시,목요일,경상남도 창원시 의창구 대산면,경상사고,0,0,1,0,차량단독 - 전도전복,안전운전불이행,건조,맑음,단일로 - 기타,승용,남,26세,경상,,,,
2016080500100011,2016년 8월 5일 00시,금요일,경상남도 양산시 중부동,중상사고,0,1,1,0,차대차 - 정면충돌,중앙선침범,건조,맑음,교차로 - 교차로안,승용,남,59세,상해없음,승용,남,27세,경상
2016080500100012,2016년 8월 5일 00시,금요일,경상남도 창원시 의창구 도계동,중상사고,0,1,0,1,차대차 - 측면충돌,안전운전불이행,건조,맑음,기타 - 기타,승용,남,67세,상해없음,원동기,남,18세,중상
2016080500100028,2016년 8월 5일 01시,금요일,경상남도 진주시 계동,중상사고,0,1,0,0,차대사람 - 기타,안전운전불이행,건조,맑음,교차로 - 교차로안,승합,남,38세,상해없음,보행자,여,20세,중상
2016080500100057,2016년 8월 5일 04시,금요일,경상남도 김해시 외동,중상사고,0,1,0,0,차대차 - 기타,안전운전불이행,건조,맑음,교차로 - 교차로안,원동기,남,23세,중상,승용,남,52세,상해없음
2016080500100074,2016년 8월 5일 06시,금요일,경상남도 창녕군 대지면,사망사고,1,0,0,0,차대차 - 측면직각충돌,안전운전불이행,건조,맑음,교차로 - 교차로안,자전거,남,82세,사망,화물,남,61세,상해없음
2016080500100097,2016년 8월 5일 07시,금요일,경상남도 거제시 사등면,경상사고,0,0,1,0,차대차 - 측면충돌,안전운전불이행,건조,맑음,단일로 - 기타,건설기계,남,22세,상해없음,이륜,남,26세,경상
2016080500100125,2016년 8월 5일 08시,금요일,경상남도 사천시 향촌동,부상신고사고,0,0,0,1,차대차 - 측면직각충돌,안전운전불이행,건조,맑음,교차로 - 교차로안,승용,남,18세,상해없음,승용,여,43세,부상신고
2016080500100144,2016년 8월 5일 09시,금요일,경상남도 창녕군 남지읍,중상사고,0,1,0,0,차대사람 - 기타,안전운전불이행,건조,맑음,단일로 - 기타,승용,남,32세,상해없음,보행자,남,60세,중상
2016080500100184,2016년 8월 5일 10시,금요일,경상남도 창원시 마산합포구 상남동,경상사고,0,0,1,0,차량단독 - 기타,기타,건조,맑음,단일로 - 기타,승용,남,66세,상해없음,,,,
2016080500100185,2016년 8월 5일 10시,금요일,경상남도 통영시 북신동,경상사고,0,0,2,0,차대차 - 측면직각충돌,직진우회전진행방해,건조,맑음,교차로 - 교차로안,승용,여,39세,상해없음,승용,여,32세,경상
2016080500100248,2016년 8월 5일 12시,금요일,경상남도 진주시 호탄동,중상사고,0,1,0,0,차대차 - 측면직각충돌,안전운전불이행,건조,맑음,교차로 - 교차로안,승용,여,35세,상해없음,자전거,남,74세,중상
2016080500100249,2016년 8월 5일 12시,금요일,경상남도 김해시 삼방동,경상사고,0,0,1,0,차대차 - 정면충돌,안전운전불이행,건조,맑음,단일로 - 기타,승용,남,53세,상해없음,승용,여,37세,경상
2016080500100250,2016년 8월 5일 12시,금요일,경상남도 거창군 위천면,경상사고,0,0,1,0,차대사람 - 횡단중,보행자보호의무위반,건조,맑음,단일로 - 기타,승용,남,59세,상해없음,보행자,남,8세,경상
2016080500100251,2016년 8월 5일 12시,금요일,경상남도 창원시 마산합포구 산호동,경상사고,0,0,1,0,차대차 - 정면충돌,안전운전불이행,건조,맑음,단일로 - 기타,화물,여,56세,상해없음,승용,여,20세,경상
2016080500100344,2016년 8월 5일 15시,금요일,경상남도 진주시 상봉동,경상사고,0,0,1,0,차대차 - 정면충돌,중앙선침범,건조,맑음,단일로 - 기타,승용,남,52세,상해없음,승용,여,42세,경상
2016080500100494,2016년 8월 5일 19시,금요일,경상남도 양산시 명동,경상사고,0,0,1,0,차대차 - 정면충돌,중앙선침범,건조,맑음,단일로 - 기타,화물,남,59세,상해없음,이륜,남,17세,경상