사고번호,사고일시,요일,시군구,사고내용,사망자수,중상자수,경상자수,부상신고자수,사고유형,법규위반,노면상태,기상상태,도로형태,가해운전자 차종,가해운전자 성별,가해운전자 연령,가해운전자 상해정도,피해운전자 차종,피해운전자 성별,피해운전자 연령,피해운전자 상해정도
2016080500100495,2016년 8월 5일 19시,금요일,경상남도 거제시 옥포동,경상사고,0,0,2,0,차대차 - 측면충돌,안전운전불이행,건조,맑음,단일로 - 기타,승용,남,51세,상해없음,승용,남,38세,경상
2016080500100496,2016년 8월 5일 19시,금요일,경상남도 김해시 장유면,중상사고,0,2,0,0,차대차 - 정면충돌,안전운전불이행,건조,맑음,교차로 - 교차로안,이륜,남,35세,중상,이륜,남,32세,중상
2016080500100525,2016년 8월 5일 20시,금요일,경상남도 김해시 장유면,경상사고,0,0,1,0,차대차 - 추돌,안전운전불이행,건조,맑음,단일로 - 기타,이륜,남,18세,경상,화물,남,65세,기타불명
2016080500100555,2016년 8월 5일 21시,금요일,경상남도 김해시 장유면,경상사고,0,0,1,0,차대차 - 기타,안전운전불이행,건조,맑음,단일로 - 기타,이륜,남,17세,경상,승용,남,38세,상해없음
2016080600100057,2016년 8월 6일 03시,토요일,경상남도 창원시 의창구 용호동,중상사고,0,1,0,0,차대차 - 측면충돌,교차로운행방법위반,건조,맑음,단일로 - 기타,승용,남,72세,기타불명,이륜,남,18세,중상
2016080600100069,2016년 8월 6일 05시,토요일,경상남도 김해시 강동,중상사고,0,2,1,0,차대차 - 측면직각충돌,안전거리미확보,건조,맑음,단일로 - 기타,승용,여,52세,중상,승용,여,34세,경상
2016080600100089,2016년 8월 6일 06시,토요일,경상남도 함양군 백전면,부상신고사고,0,0,0,1,차대차 - 측면직각충돌,교차로운행방법위반,건조,맑음,교차로 - 교차로안,농기계,남,69세,부상신고,승용,여,59세,상해없음
2016080600100111,2016년 8월 6일 08시,토요일,경상남도 김해시 동상동,중상사고,0,1,0,0,차대차 - 측면직각충돌,교차로운행방법위반,건조,맑음,교차로 - 교차로안,승용,남,31세,중상,승용,남,44세,상해없음
2016080600100132,2016년 8월 6일 09시,토요일,경상남도 통영시 광도면,경상사고,0,0,3,0,차대차 - 추돌,안전운전불이행,건조,맑음,단일로 - 기타,건설기계,남,54세,상해없음,승용,남,53세,경상
2016080600100159,2016년 8월 6일 10시,토요일,경상남도 창원시 마산합포구 해운동,경상사고,0,0,1,0,차대차 - 측면직각충돌,직진우회전진행방해,건조,맑음,교차로 - 교차로안,승용,남,23세,상해없음,승용,남,34세,경상
2016080600100160,2016년 8월 6일 10시,토요일,경상남도 창원시 진해구 죽곡동,사망사고,1,0,0,0,차대사람 - 기타,안전운전불이행,건조,맑음,단일로 - 기타,승용,남,58세,상해없음,보행자,남,35세,사망
2016080600100199,2016년 8월 6일 11시,토요일,경상남도 창원시 마산합포구 진북면,중상사고,0,3,0,0,차량단독 - 전도전복,안전운전불이행,건조,맑음,단일로 - 기타,승합,남,62세,상해없음,,,,
2016080600100200,2016년 8월 6일 11시,토요일,경상남도 창원시 진해구 용원동,경상사고,0,0,1,0,차대차 - 측면충돌,교차로운행방법위반,건조,맑음,교차로 - 교차로안,승용,남,30세,경상,화물,남,63세,상해없음
2016080600100232,2016년 8월 6일 12시,토요일,경상남도 거제시 남부면,경상사고,0,0,1,0,차대사람 - 횡단중,안전운전불이행,건조,맑음,단일로 - 기타,승용,남,29세,상해없음,보행자,여,44세,경상
2016080600100297,2016년 8월 6일 14시,토요일,경상남도 사천시 용강동,경상사고,0,0,1,2,차대차 - 측면직각충돌,차로위반,건조,맑음,단일로 - 기타,승용,남,56세,상해없음,승용,여,56세,경상
2016080600100298,2016년 8월 6일 14시,토요일,경상남도 김해시 외동,경상사고,0,0,1,0,차대차 - 추돌,교차로운행방법위반,건조,맑음,교차로 - 교차로안,승용,남,59세,상해없음,승용,남,24세,경상
2016080600100299,2016년 8월 6일 14시,토요일,경상남도 거제시 동부면,경상사고,0,0,1,0,차대차 - 측면직각충돌,중앙선침범,건조,맑음,단일로 - 기타,승용,남,38세,상해없음,승용,남,53세,경상
2016080600100300,2016년 8월 6일 14시,토요일,경상남도 김해시 장유면,경상사고,0,0,1,0,차대차 - 측면충돌,신호위반,건조,맑음,교차로 - 교차로안,승용,남,33세,상해없음,원동기,남,35세,경상
2016080600100332,2016년 8월 6일 15시,토요일,경상남도 밀양시 내이동,중상사고,0,1,0,0,차대사람 - 횡단중,안전운전불이행,건조,맑음,단일로 - 기타,승용,남,67세,상해없음,보행자,여,82세,중상
2016080600100333,2016년 8월 6일 15시,토요일,경상남도 고성군 고성읍,중상사고,0,1,0,0,차대차 - 측면충돌,교차로운행방법위반,건조,맑음,교차로 - 교차로부근,화물,남,66세,상해없음,자전거,남,81세,중상
2016080600100391,2016년 8월 6일 17시,토요일,경상남도 거창군 위천면,중상사고,0,1,0,0,차대차 - 정면충돌,안전운전불이행,건조,맑음,교차로 - 교차로안,승용,남,44세,상해없음,이륜,남,60세,중상
2016080600100412,2016년 8월 6일 18시,토요일,경상남도 사천시 벌리동,경상사고,0,0,2,0,차대차 - 측면직각충돌,직진우회전진행방해,건조,맑음,교차로 - 교차로안,승용,여,42세,경상,승용,남,30세,경상
2016080600100413,2016년 8월 6일 18시,토요일,경상남도 밀양시 무안면,경상사고,0,0,2,0,차대차 - 정면충돌,중앙선침범,건조,맑음,단일로 - 기타,승용,여,47세,상해없음,승용,여,45세,경상
2016080600100414,2016년 8월 6일 18시,토요일,경상남도 양산시 원동면,경상사고,0,0,1,0,차대차 - 기타,중앙선침범,건조,맑음,단일로 - 기타,화물,남,51세,기타불명,자전거,남,36세,경상
2016080600100415,2016년 8월 6일 18시,토요일,경상남도 김해시 장유면,경상사고,0,0,2,0,차대차 - 측면충돌,안전운전불이행,건조,맑음,단일로 - 기타,화물,남,67세,상해없음,승용,남,67세,경상
2016080600100444,2016년 8월 6일 19시,토요일,경상남도 하동군 하동읍,중상사고,0,1,0,0,차량단독 - 공작물충돌,안전운전불이행,건조,맑음,교차로 - 교차로부근,승용,남,52세,중상,,,,
2016080600100445,2016년 8월 6일 19시,토요일,경상남도 거제시 일운면,중상사고,0,1,0,0,차대차 - 측면충돌,안전운전불이행,건조,맑음,교차로 - 교차로안,승용,여,29세,상해없음,승용,남,32세,중상
2016080600100446,2016년 8월 6일 19시,토요일,경상남도 창원시 의창구 도계동,경상사고,0,0,1,0,차대사람 - 횡단중,안전운전불이행,건조,맑음,단일로 - 기타,원동기,남,24세,상해없음,보행자,여,17세,경상
2016080600100447,2016년 8월 6일 19시,토요일,경상남도 김해시 진례면,중상사고,0,1,0,0,차대차 - 측면직각충돌,안전운전불이행,건조,맑음,교차로 - 교차로안,자전거,여,72세,중상,승합,여,50세,상해없음
2016080600100473,2016년 8월 6일 20시,토요일,경상남도 양산시 동면,경상사고,0,0,1,0,차대차 - 정면충돌,안전운전불이행,건조,맑음,교차로 - 교차로부근,승용,남,36세,상해없음,승용,남,26세,경상
2016080600100512,2016년 8월 6일 21시,토요일,경상남도 진주시 하대동,경상사고,0,0,1,0,차대사람 - 횡단중,보행자보호의무위반,건조,맑음,단일로 - 기타,승용,여,54세,상해없음,보행자,여,64세,경상
2016080600100534,2016년 8월 6일 22시,토요일,경상남도 사천시 동림동,경상사고,0,0,1,0,차대차 - 측면직각충돌,불법유턴,건조,맑음,단일로 - 기타,승용,여,44세,상해없음,이륜,남,19세,경상
2016080600100552,2016년 8월 6일 23시,토요일,경상남도 김해시 삼계동,경상사고,0,0,1,0,차대차 - 측면충돌,안전운전불이행,건조,맑음,단일로 - 기타,이륜,남,23세,경상,승합,남,45세,상해없음
2016080700100010,2016년 8월 7일 00시,일요일,경상남도 거제시 고현동,경상사고,0,0,1,0,차대사람 - 횡단중,안전운전불이행,건조,맑음,단일로 - 기타,승용,남,46세,상해없음,보행자,남,23세,경상
2016080700100061,2016년 8월 7일 05시,일요일,경상남도 통영시 항남동,경상사고,0,0,1,0,차대사람 - 기타,안전운전불이행,건조,맑음,단일로 - 기타,화물,남,19세,상해없음,보행자,남,48세,경상
2016080700100078,2016년 8월 7일 07시,일요일,경상남도 함양군 서하면,중상사고,0,4,0,0,차대차 - 추돌,안전운전불이행,건조,맑음,단일로 - 기타,승용,여,26세,상해없음,승용,남,65세,중상
2016080700100090,2016년 8월 7일 08시,일요일,경상남도 창원시 마산합포구 신포동1가,경상사고,0,0,1,0,차대차 - 측면직각충돌,안전운전불이행,건조,맑음,교차로 - 교차로안,승용,남,36세,상해없음,화물,남,62세,경상
2016080700100102,2016년 8월 7일 09시,일요일,경상남도 창녕군 남지읍,중상사고,0,1,0,0,차대차 - 측면직각충돌,안전운전불이행,건조,맑음,단일로 - 기타,화물,남,69세,상해없음,승용,남,49세,중상
2016080700100124,2016년 8월 7일 10시,일요일,경상남도 밀양시 삼문동,경상사고,0,0,1,0,차대차 - 정면충돌,안전운전불이행,건조,맑음,교차로 - 교차로안,승용,남,39세,상해없음,승용,남,59세,경상
2016080700100125,2016년 8월 7일 10시,일요일,경상남도 의령군 의령읍,경상사고,0,0,2,0,차대차 - 측면충돌,안전운전불이행,건조,맑음,교차로 - 교차로안,승용,남,40세,상해없음,화물,남,74세,경상
2016080700100209,2016년 8월 7일 14시,일요일,경상남도 밀양시 초동면,중상사고,0,1,0,0,차대차 - 정면충돌,교차로운행방법위반,건조,맑음,교차로 - 교차로안,승용,남,33세,상해없음,이륜,남,48세,중상
2016080700100210,2016년 8월 7일 14시,일요일,경상남도 거제시 연초면,중상사고,0,1,0,0,차대차 - 기타,안전운전불이행,건조,맑음,교차로 - 교차로안,승용,여,34세,상해없음,승용,여,47세,중상
2016080700100235,2016년 8월 7일 15시,일요일,경상남도 양산시 동면,경상사고,0,0,2,0,차대차 - 정면충돌,신호위반,건조,맑음,교차로 - 교차로안,승용,남,62세,기타불명,승용,여,40세,경상
2016080700100257,2016년 8월 7일 16시,일요일,경상남도 의령군 정곡면,경상사고,0,0,4,0,차대차 - 측면충돌,교차로운행방법위반,습기,비,교차로 - 교차로안,승용,남,69세,경상,승용,남,50세,경상
2016080700100290,2016년 8월 7일 17시,일요일,경상남도 창원시 진해구 여좌동,경상사고,0,0,2,0,차대차 - 측면직각충돌,신호위반,건조,맑음,교차로 - 교차로안,승용,여,45세,상해없음,승용,남,65세,경상
2016080700100291,2016년 8월 7일 17시,일요일,경상남도 함양군 서하면,경상사고,0,0,1,0,차량단독 - 기타,안전운전불이행,건조,맑음,단일로 - 기타,화물,남,41세,경상,,,,
2016080700100355,2016년 8월 7일 20시,일요일,경상남도 진주시 호탄동,중상사고,0,2,0,0,차대차 - 측면직각충돌,차로위반,건조,맑음,단일로 - 기타,승용,남,60세,상해없음,이륜,남,17세,중상
2016080800100021,2016년 8월 8일 02시,월요일,경상남도 진주시 상대동,부상신고사고,0,0,0,1,차대사람 - 기타,안전운전불이행,건조,맑음,단일로 - 기타,자전거,여,45세,상해없음,보행자,남,42세,부상신고
2016080800100022,2016년 8월 8일 02시,월요일,경상남도 거제시 아주동,경상사고,0,0,1,0,차대사람 - 기타,안전운전불이행,건조,맑음,단일로 - 기타,승용,남,33세,상해없음,보행자,남,29세,경상
2016080800100068,2016년 8월 8일 07시,월요일,경상남도 사천시 사남면,중상사고,0,1,1,0,차대차 - 측면충돌,안전운전불이행,건조,맑음,교차로 - 교차로안,승용,여,31세,중상,승용,남,32세,경상
2016080800100069,2016년 8월 8일 07시,월요일,경상남도 김해시 삼방동,경상사고,0,0,2,0,차대차 - 기타,안전운전불이행,건조,맑음,교차로 - 교차로안,승합,남,64세,상해없음,승합,남,53세,경상
2016080800100104,2016년 8월 8일 08시,월요일,경상남도 창원시 마산합포구 월남동1가,사망사고,1,0,0,0,차대차 - 측면직각충돌,신호위반,건조,맑음,교차로 - 교차로안,자전거,여,64세,사망,승용,여,45세,상해없음
2016080800100105,2016년 8월 8일 08시,월요일,경상남도 밀양시 내이동,중상사고,0,1,1,0,차대차 - 추돌,안전거리미확보,건조,맑음,단일로 - 기타,승용,여,53세,상해없음,승용,여,43세,경상
2016080800100146,2016년 8월 8일 09시,월요일,경상남도 통영시 항남동,경상사고,0,0,5,0,차대차 - 측면직각충돌,안전운전불이행,건조,맑음,교차로 - 교차로안,승용,남,46세,경상,화물,남,57세,상해없음
2016080800100183,2016년 8월 8일 10시,월요일,경상남도 밀양시 산외면,경상사고,0,0,1,0,차대차 - 측면직각충돌,신호위반,건조,맑음,교차로 - 교차로안,승용,여,75세,상해없음,화물,남,55세,경상
2016080800100184,2016년 8월 8일 10시,월요일,경상남도 창원시 마산회원구 양덕동,경상사고,0,0,1,0,차대차 - 추돌,안전운전불이행,건조,맑음,단일로 - 기타,승용,남,61세,상해없음,자전거,남,71세,경상
2016080800100255,2016년 8월 8일 12시,월요일,경상남도 김해시 부원동,중상사고,0,1,3,0,차대차 - 측면직각충돌,교차로운행방법위반,건조,맑음,교차로 - 교차로안,이륜,남,79세,중상,승용,여,36세,경상
2016080800100256,2016년 8월 8일 12시,월요일,경상남도 의령군 의령읍,경상사고,0,0,1,0,차대차 - 정면충돌,중앙선침범,건조,맑음,단일로 - 기타,이륜,남,72세,경상,화물,여,42세,상해없음
2016080800100289,2016년 8월 8일 13시,월요일,경상남도 양산시 남부동,경상사고,0,0,1,0,차대차 - 기타,보행자보호의무위반,건조,맑음,교차로 - 교차로안,승합,남,56세,상해없음,자전거,남,9세,경상
2016080800100353,2016년 8월 8일 15시,월요일,경상남도 통영시 명정동,중상사고,0,3,0,0,차대차 - 정면충돌,안전운전불이행,건조,맑음,교차로 - 교차로안,승용,여,42세,중상,화물,남,29세,중상
2016080800100354,2016년 8월 8일 15시,월요일,경상남도 양산시 물금읍,경상사고,0,0,1,0,차대차 - 정면충돌,안전운전불이행,건조,맑음,교차로 - 교차로부근,승용,남,49세,상해없음,승용,남,44세,경상
2016080800100355,2016년 8월 8일 15시,월요일,경상남도 거제시 장평동,중상사고,0,2,0,0,차대차 - 측면충돌,안전운전불이행,건조,맑음,기타 - 기타,화물,남,52세,기타불명,승용,남,62세,중상
2016080800100403,2016년 8월 8일 16시,월요일,경상남도 거제시 고현동,중상사고,0,1,0,0,차대차 - 측면충돌,안전운전불이행,건조,맑음,기타 - 기타,승용,남,44세,상해없음,이륜,남,32세,중상
2016080800100404,2016년 8월 8일 16시,월요일,경상남도 창원시 성산구 반림동,중상사고,0,1,1,0,차대차 - 측면충돌,신호위반,습기,비,교차로 - 교차로안,승용,여,38세,중상,승용,남,57세,경상
2016080800100405,2016년 8월 8일 16시,월요일,경상남도 창원시 의창구 사림동,경상사고,0,0,1,0,차대차 - 추돌,안전운전불이행,습기,비,단일로 - 기타,승용,여,59세,상해없음,승용,여,28세,경상
2016080800100439,2016년 8월 8일 17시,월요일,경상남도 양산시 물금읍,경상사고,0,0,1,1,차대차 - 측면충돌,교차로운행방법위반,건조,맑음,교차로 - 교차로안,화물,남,64세,상해없음,승합,남,42세,상해없음
2016080800100509,2016년 8월 8일 19시,월요일,경상남도 사천시 곤명면,중상사고,0,1,0,1,차대차 - 측면충돌,직진우회전진행방해,건조,맑음,교차로 - 교차로안,화물,남,55세,부상신고,승용,남,23세,중상
2016080800100510,2016년 8월 8일 19시,월요일,경상남도 창원시 성산구 내동,경상사고,0,0,1,0,차대차 - 측면직각충돌,차로위반,건조,맑음,교차로 - 교차로안,승용,남,44세,상해없음,승용,여,54세,경상
2016080800100534,2016년 8월 8일 20시,월요일,경상남도 진주시 상대동,경상사고,0,0,1,0,차대차 - 추돌,안전운전불이행,습기,흐림,교차로 - 교차로부근,승용,여,32세,상해없음,승용,남,31세,경상
2016080800100535,2016년 8월 8일 20시,월요일,경상남도 거제시 양정동,중상사고,0,1,0,0,차대차 - 기타,안전운전불이행,건조,맑음,기타 - 기타,승용,여,44세,기타불명,자전거,남,25세,중상
2016080800100580,2016년 8월 8일 22시,월요일,경상남도 통영시 무전동,중상사고,0,2,2,0,차대차 - 추돌,안전운전불이행,건조,맑음,단일로 - 기타,승용,남,61세,상해없음,승용,남,38세,중상
2016080800100602,2016년 8월 8일 23시,월요일,경상남도 양산시 남부동,중상사고,0,2,1,0,차대차 - 측면충돌,불법유턴,건조,맑음,교차로 - 교차로부근,승용,남,27세,상해없음,승용,남,55세,경상
2016080900100041,2016년 8월 9일 03시,화요일,경상남도 통영시 광도면,부상신고사고,0,0,0,1,차대차 - 추돌,안전운전불이행,건조,맑음,단일로 - 기타,승용,여,35세,부상신고,화물,남,63세,상해없음
2016080900100050,2016년 8월 9일 04시,화요일,경상남도 밀양시 초동면,중상사고,0,2,0,0,차대차 - 정면충돌,신호위반,건조,맑음,교차로 - 교차로안,화물,남,48세,중상,화물,남,46세,중상
2016080900100069,2016년 8월 9일 06시,화요일,경상남도 김해시 삼정동,중상사고,0,3,1,1,차대차 - 측면직각충돌,안전운전불이행,건조,맑음,단일로 - 기타,승용,남,76세,부상신고,승용,남,52세,중상
2016080900100075,2016년 8월 9일 06시,화요일,경상남도 거제시 연초면,중상사고,0,1,0,0,차대차 - 측면충돌,안전운전불이행,건조,맑음,기타 - 기타,승합,남,57세,상해없음,이륜,남,43세,중상
2016080900100130,2016년 8월 9일 08시,화요일,경상남도 김해시 삼계동,중상사고,0,1,0,0,차대차 - 측면직각충돌,교차로운행방법위반,건조,맑음,교차로 - 교차로안,이륜,남,74세,중상,승용,남,43세,상해없음
2016080900100131,2016년 8월 9일 08시,화요일,경상남도 김해시 전하동,경상사고,0,0,2,0,차대차 - 측면직각충돌,신호위반,건조,맑음,교차로 - 교차로안,기타불명,기타불명,기타불명,기타불명,승용,여,37세,경상
2016080900100197,2016년 8월 9일 10시,화요일,경상남도 통영시 항남동,경상사고,0,0,1,0,차대차 - 측면직각충돌,직진우회전진행방해,건조,맑음,교차로 - 교차로안,승용,여,23세,상해없음,자전거,남,71세,경상
2016080900100198,2016년 8월 9일 10시,화요일,경상남도 김해시 내동,경상사고,0,0,1,0,차대사람 - 횡단중,안전운전불이행,건조,맑음,단일로 - 횡단보도부근,승용,남,34세,상해없음,보행자,여,57세,경상
2016080900100224,2016년 8월 9일 11시,화요일,경상남도 사천시 용현면,부상신고사고,0,0,0,1,차대차 - 측면충돌,안전운전불이행,건조,맑음,단일로 - 기타,승용,남,73세,상해없음,화물,남,53세,부상신고
2016080900100225,2016년 8월 9일 11시,화요일,경상남도 양산시 물금읍,경상사고,0,0,1,0,차대차 - 측면충돌,안전운전불이행,건조,맑음,교차로 - 교차로부근,승용,남,59세,상해없음,승용,여,56세,경상
2016080900100250,2016년 8월 9일 12시,화요일,경상남도 진주시 가좌동,중상사고,0,1,1,1,차대차 - 측면충돌,신호위반,건조,맑음,교차로 - 교차로안,승용,여,40세,부상신고,승용,남,61세,중상
2016080900100251,2016년 8월 9일 12시,화요일,경상남도 창원시 성산구 남양동,경상사고,0,0,1,0,차대차 - 측면충돌,중앙선침범,건조,맑음,교차로 - 교차로안,이륜,남,17세,상해없음,승용,남,37세,경상
2016080900100283,2016년 8월 9일 13시,화요일,경상남도 창원시 성산구 중앙동,경상사고,0,0,1,0,차대사람 - 보도통행중,안전운전불이행,건조,맑음,단일로 - 기타,승용,여,49세,상해없음,보행자,여,29세,경상
2016080900100317,2016년 8월 9일 14시,화요일,경상남도 산청군 단성면,중상사고,0,2,0,0,차대차 - 측면직각충돌,교차로운행방법위반,건조,맑음,교차로 - 교차로안,승용,남,62세,상해없음,승용,남,63세,중상
2016080900100318,2016년 8월 9일 14시,화요일,경상남도 창원시 성산구 남산동,중상사고,0,1,0,0,차대사람 - 횡단중,교차로운행방법위반,건조,맑음,교차로 - 교차로안,화물,남,52세,상해없음,보행자,남,39세,중상
2016080900100351,2016년 8월 9일 15시,화요일,경상남도 진주시 초전동,중상사고,0,1,0,0,차대차 - 측면충돌,교차로운행방법위반,건조,맑음,교차로 - 교차로부근,승용,남,55세,상해없음,자전거,남,64세,중상
2016080900100352,2016년 8월 9일 15시,화요일,경상남도 창녕군 창녕읍,경상사고,0,0,2,0,차대차 - 측면직각충돌,신호위반,건조,맑음,교차로 - 교차로안,승용,남,34세,경상,승용,남,64세,경상
2016080900100353,2016년 8월 9일 15시,화요일,경상남도 함양군 안의면,중상사고,0,1,0,0,차대차 - 측면직각충돌,안전운전불이행,건조,맑음,단일로 - 기타,화물,여,50세,상해없음,이륜,남,82세,중상
2016080900100404,2016년 8월 9일 17시,화요일,경상남도 통영시 광도면,중상사고,0,1,1,0,차대차 - 측면직각충돌,안전운전불이행,건조,맑음,교차로 - 교차로부근,화물,남,48세,상해없음,화물,남,34세,중상
2016080900100508,2016년 8월 9일 20시,화요일,경상남도 김해시 삼방동,중상사고,0,1,0,0,차대차 - 추돌,안전거리미확보,건조,맑음,단일로 - 기타,승용,남,55세,상해없음,승용,남,61세,중상
2016080900100544,2016년 8월 9일 21시,화요일,경상남도 창원시 진해구 이동,경상사고,0,0,1,0,차대차 - 추돌,안전운전불이행,건조,맑음,단일로 - 기타,승용,남,38세,상해없음,승용,남,36세,경상
2016080900100574,2016년 8월 9일 23시,화요일,경상남도 의령군 대의면,중상사고,0,1,0,0,차량단독 - 전도전복,안전운전불이행,습기,맑음,단일로 - 기타,승용,남,50세,상해없음,,,,
2016080900100575,2016년 8월 9일 23시,화요일,경상남도 창원시 의창구 도계동,중상사고,0,1,1,0,차대차 - 측면충돌,중앙선침범,건조,맑음,교차로 - 교차로안,승용,남,58세,상해없음,승용,남,59세,경상
2016081000100029,2016년 8월 10일 01시,수요일,경상남도 창원시 성산구 중앙동,경상사고,0,0,1,0,차대차 - 측면충돌,안전운전불이행,건조,맑음,교차로 - 교차로안,승용,남,61세,상해없음,승용,남,51세,경상
2016081000100084,2016년 8월 10일 06시,수요일,경상남도 창원시 마산합포구 해운동,중상사고,0,1,0,0,차대사람 - 횡단중,신호위반,건조,맑음,단일로 - 횡단보도상,승용,남,35세,상해없음,보행자,여,63세,중상
2016081000100085,2016년 8월 10일 06시,수요일,경상남도 진주시 상봉동,중상사고,0,1,0,0,차대사람 - 횡단중,안전운전불이행,건조,맑음,교차로 - 교차로안,화물,남,54세,상해없음,보행자,남,78세,중상
2016081000100102,2016년 8월 10일 07시,수요일,경상남도 창녕군 창녕읍,부상신고사고,0,0,0,1,차대차 - 측면직각충돌,안전운전불이행,건조,맑음,교차로 - 교차로안,자전거,여,30세,부상신고,승용,남,53세,상해없음
2016081000100103,2016년 8월 10일 07시,수요일,경상남도 창원시 성산구 성주동,경상사고,0,0,4,0,차대차 - 추돌,안전거리미확보,건조,맑음,단일로 - 기타,승용,남,43세,상해없음,승용,남,38세,경상
2016081000100104,2016년 8월 10일 07시,수요일,경상남도 창원시 의창구 동정동,경상사고,0,0,1,0,차대차 - 측면직각충돌,신호위반,건조,맑음,교차로 - 교차로안,승용,남,59세,상해없음,승용,여,52세,경상
2016081000100138,2016년 8월 10일 08시,수요일,경상남도 양산시 북정동,부상신고사고,0,0,0,1,차대차 - 추돌,안전운전불이행,건조,맑음,교차로 - 교차로부근,화물,남,56세,상해없음,승합,남,34세,부상신고
2016081000100166,2016년 8월 10일 09시,수요일,경상남도 함양군 함양읍,중상사고,0,1,0,0,차대사람 - 횡단중,안전운전불이행,건조,맑음,교차로 - 교차로부근,승용,남,43세,상해없음,보행자,여,8세,중상
2016081000100193,2016년 8월 10일 10시,수요일,경상남도 김해시 장유면,중상사고,0,1,0,0,차대차 - 추돌,차로위반,건조,맑음,단일로 - 기타,건설기계,남,48세,상해없음,승용,여,37세,중상
2016081000100194,2016년 8월 10일 10시,수요일,경상남도 김해시 한림면,중상사고,0,2,0,0,차대차 - 추돌,안전운전불이행,건조,맑음,단일로 - 기타,화물,남,67세,상해없음,승용,남,62세,중상
2016081000100217,2016년 8월 10일 11시,수요일,경상남도 밀양시 하남읍,중상사고,0,1,0,0,차대차 - 정면충돌,교차로운행방법위반,건조,맑음,교차로 - 교차로안,승용,남,42세,상해없음,이륜,남,75세,중상
2016081000100218,2016년 8월 10일 11시,수요일,경상남도 김해시 부원동,중상사고,0,1,0,0,차대차 - 기타,신호위반,건조,맑음,교차로 - 교차로안,승용,남,35세,상해없음,승용,남,63세,상해없음
2016081000100219,2016년 8월 10일 11시,수요일,경상남도 거제시 고현동,중상사고,0,1,0,0,차대차 - 정면충돌,안전운전불이행,건조,맑음,교차로 - 교차로부근,승용,남,21세,상해없음,승용,여,46세,중상
2016081000100220,2016년 8월 10일 11시,수요일,경상남도 창원시 의창구 명서동,중상사고,0,2,0,0,차대차 - 추돌,기타,건조,맑음,교차로 - 교차로부근,승용,여,38세,상해없음,승용,남,58세,중상
2016081000100250,2016년 8월 10일 12시,수요일,경상남도 창원시 마산합포구 신포동2가,중상사고,0,1,0,0,차대차 - 추돌,안전운전불이행,건조,맑음,단일로 - 기타,승용,남,61세,상해없음,승용,여,59세,중상
2016081000100251,2016년 8월 10일 12시,수요일,경상남도 양산시 삼호동,경상사고,0,0,1,0,차대차 - 정면충돌,신호위반,건조,맑음,교차로 - 교차로안,승용,여,41세,상해없음,승합,남,75세,상해없음
2016081000100279,2016년 8월 10일 13시,수요일,경상남도 통영시 무전동,중상사고,0,1,0,0,차대사람 - 횡단중,보행자보호의무위반,건조,맑음,단일로 - 기타,승용,여,47세,상해없음,보행자,여,9세,중상
2016081000100280,2016년 8월 10일 13시,수요일,경상남도 김해시 내동,경상사고,0,0,1,0,차대차 - 기타,안전운전불이행,건조,맑음,단일로 - 기타,원동기,남,73세,경상,승용,남,36세,상해없음
2016081000100315,2016년 8월 10일 14시,수요일,경상남도 양산시 중부동,경상사고,0,0,1,0,차대차 - 정면충돌,직진우회전진행방해,건조,맑음,교차로 - 교차로안,승용,남,77세,상해없음,이륜,남,35세,경상
2016081000100316,2016년 8월 10일 14시,수요일,경상남도 거제시 고현동,중상사고,0,2,3,0,차대차 - 정면충돌,중앙선침범,건조,맑음,단일로 - 기타,승용,여,26세,상해없음,승용,남,37세,경상
2016081000100317,2016년 8월 10일 14시,수요일,경상남도 창원시 마산회원구 회성동,중상사고,0,1,0,0,차대차 - 추돌,안전운전불이행,건조,맑음,단일로 - 기타,이륜,남,16세,중상,승용,여,51세,상해없음
2016081000100349,2016년 8월 10일 15시,수요일,경상남도 통영시 무전동,중상사고,0,1,3,0,차대차 - 정면충돌,안전운전불이행,건조,맑음,교차로 - 교차로안,승용,여,28세,상해없음,승용,여,46세,경상
2016081000100350,2016년 8월 10일 15시,수요일,경상남도 창원시 의창구 명서동,경상사고,0,0,1,0,차량단독 - 기타,안전운전불이행,건조,맑음,단일로 - 기타,승합,남,55세,상해없음,,,,
2016081000100351,2016년 8월 10일 15시,수요일,경상남도 김해시 장유면,중상사고,0,1,1,1,차대차 - 측면충돌,안전운전불이행,건조,맑음,교차로 - 교차로부근,승용,여,43세,부상신고,승합,여,52세,중상
2016081000100391,2016년 8월 10일 16시,수요일,경상남도 창원시 마산합포구 해운동,경상사고,0,0,3,0,차대차 - 측면직각충돌,안전운전불이행,건조,맑음,교차로 - 교차로안,승용,남,19세,상해없음,승용,여,59세,경상
2016081000100392,2016년 8월 10일 16시,수요일,경상남도 통영시 도천동,중상사고,0,1,2,0,차대차 - 추돌,안전거리미확보,건조,맑음,단일로 - 기타,승용,남,40세,상해없음,승용,여,27세,중상
2016081000100393,2016년 8월 10일 16시,수요일,경상남도 거창군 거창읍,경상사고,0,0,1,0,차대차 - 측면충돌,교차로운행방법위반,건조,맑음,교차로 - 교차로안,승용,남,48세,상해없음,이륜,여,57세,경상
2016081000100437,2016년 8월 10일 17시,수요일,경상남도 밀양시 내이동,경상사고,0,0,1,0,차대차 - 측면충돌,교차로운행방법위반,건조,맑음,교차로 - 교차로안,승용,남,62세,상해없음,이륜,남,26세,경상