사고번호,사고일시,요일,시군구,사고내용,사망자수,중상자수,경상자수,부상신고자수,사고유형,법규위반,노면상태,기상상태,도로형태,가해운전자 차종,가해운전자 성별,가해운전자 연령,가해운전자 상해정도,피해운전자 차종,피해운전자 성별,피해운전자 연령,피해운전자 상해정도
2016081400100156,2016년 8월 14일 10시,일요일,경상남도 합천군 가야면,경상사고,0,0,1,0,차대차 - 측면직각충돌,안전운전불이행,건조,맑음,단일로 - 기타,승용,남,71세,상해없음,원동기,남,79세,경상
2016081400100176,2016년 8월 14일 11시,일요일,경상남도 하동군 옥종면,경상사고,0,0,2,0,차대차 - 측면직각충돌,안전운전불이행,건조,맑음,단일로 - 기타,승용,남,38세,상해없음,승용,여,46세,경상
2016081400100177,2016년 8월 14일 11시,일요일,경상남도 거제시 장승포동,경상사고,0,0,1,0,차대차 - 측면직각충돌,교차로운행방법위반,건조,맑음,교차로 - 교차로안,승용,남,29세,상해없음,자전거,남,25세,경상
2016081400100215,2016년 8월 14일 13시,일요일,경상남도 하동군 하동읍,부상신고사고,0,0,0,1,차대차 - 기타,교차로운행방법위반,건조,맑음,교차로 - 교차로안,이륜,남,79세,부상신고,승용,남,66세,상해없음
2016081400100242,2016년 8월 14일 14시,일요일,경상남도 김해시 삼계동,중상사고,0,1,0,0,차대차 - 추돌,안전운전불이행,건조,맑음,교차로 - 교차로부근,승합,남,51세,상해없음,승용,여,31세,중상
2016081400100243,2016년 8월 14일 14시,일요일,경상남도 양산시 중부동,경상사고,0,0,1,0,차대차 - 정면충돌,안전운전불이행,건조,맑음,교차로 - 교차로안,승용,남,52세,상해없음,이륜,남,53세,경상
2016081400100244,2016년 8월 14일 14시,일요일,경상남도 양산시 중부동,경상사고,0,0,1,0,차대차 - 정면충돌,안전운전불이행,건조,맑음,교차로 - 교차로안,승용,남,45세,상해없음,자전거,남,59세,경상
2016081400100245,2016년 8월 14일 14시,일요일,경상남도 양산시 덕계동,경상사고,0,0,1,0,차대차 - 기타,안전운전불이행,건조,맑음,교차로 - 교차로안,승용,남,48세,상해없음,승용,남,26세,경상
2016081400100272,2016년 8월 14일 15시,일요일,경상남도 통영시 광도면,중상사고,0,1,0,0,차대차 - 측면직각충돌,안전운전불이행,건조,맑음,단일로 - 기타,승용,남,48세,상해없음,이륜,남,37세,중상
2016081400100273,2016년 8월 14일 15시,일요일,경상남도 김해시 외동,중상사고,0,1,1,0,차대차 - 추돌,안전운전불이행,건조,맑음,단일로 - 기타,승용,남,24세,상해없음,승합,남,45세,경상
2016081400100274,2016년 8월 14일 15시,일요일,경상남도 함양군 함양읍,부상신고사고,0,0,0,1,차량단독 - 공작물충돌,안전운전불이행,건조,맑음,단일로 - 기타,승용,남,66세,부상신고,,,,
2016081400100275,2016년 8월 14일 15시,일요일,경상남도 남해군 삼동면,중상사고,0,1,0,0,차대사람 - 기타,안전운전불이행,건조,맑음,단일로 - 기타,승용,남,64세,상해없음,보행자,여,79세,중상
2016081400100307,2016년 8월 14일 16시,일요일,경상남도 창원시 마산합포구 진북면,경상사고,0,0,3,0,차대차 - 추돌,안전운전불이행,건조,맑음,단일로 - 기타,승용,남,42세,상해없음,승용,남,29세,경상
2016081400100308,2016년 8월 14일 16시,일요일,경상남도 사천시 좌룡동,부상신고사고,0,0,0,2,차대차 - 추돌,신호위반,건조,맑음,교차로 - 교차로안,화물,남,40세,상해없음,승용,남,34세,부상신고
2016081400100309,2016년 8월 14일 16시,일요일,경상남도 김해시 삼방동,중상사고,0,1,0,0,차대차 - 기타,직진우회전진행방해,건조,맑음,교차로 - 교차로안,승용,남,47세,상해없음,이륜,남,19세,중상
2016081400100310,2016년 8월 14일 16시,일요일,경상남도 거제시 일운면,중상사고,0,2,2,0,차대차 - 측면직각충돌,안전운전불이행,건조,맑음,교차로 - 교차로안,승용,남,54세,상해없음,승용,여,55세,경상
2016081400100346,2016년 8월 14일 17시,일요일,경상남도 김해시 장유면,중상사고,0,1,0,0,차량단독 - 전도전복,안전운전불이행,건조,맑음,단일로 - 기타,이륜,남,24세,중상,,,,
2016081400100367,2016년 8월 14일 18시,일요일,경상남도 창원시 마산회원구 회원동,경상사고,0,0,1,0,차대차 - 측면직각충돌,안전운전불이행,건조,맑음,단일로 - 기타,승용,남,62세,상해없음,원동기,남,23세,경상
2016081400100392,2016년 8월 14일 19시,일요일,경상남도 밀양시 상동면,사망사고,2,2,0,0,차대차 - 정면충돌,중앙선침범,건조,맑음,단일로 - 기타,승용,남,34세,사망,승용,남,36세,중상
2016081400100393,2016년 8월 14일 19시,일요일,경상남도 밀양시 산외면,중상사고,0,1,2,0,차대차 - 추돌,안전운전불이행,건조,맑음,단일로 - 기타,이륜,남,34세,중상,화물,남,56세,상해없음
2016081400100394,2016년 8월 14일 19시,일요일,경상남도 김해시 삼계동,경상사고,0,0,1,0,차대차 - 추돌,안전운전불이행,건조,맑음,기타 - 기타,승용,여,27세,상해없음,승용,여,42세,경상
2016081400100395,2016년 8월 14일 19시,일요일,경상남도 창녕군 부곡면,경상사고,0,0,1,0,차대차 - 측면직각충돌,안전운전불이행,건조,맑음,교차로 - 교차로부근,승용,남,63세,상해없음,승용,남,24세,경상
2016081400100473,2016년 8월 14일 22시,일요일,경상남도 김해시 어방동,중상사고,0,3,5,0,차대차 - 추돌,안전거리미확보,건조,맑음,교차로 - 교차로부근,승용,남,25세,상해없음,승용,남,25세,중상
2016081400100474,2016년 8월 14일 22시,일요일,경상남도 창원시 의창구 명서동,경상사고,0,0,1,0,차량단독 - 공작물충돌,안전운전불이행,건조,맑음,단일로 - 기타,승용,남,61세,상해없음,,,,
2016081400100475,2016년 8월 14일 22시,일요일,경상남도 김해시 장유면,중상사고,0,1,0,0,차대차 - 정면충돌,신호위반,건조,맑음,교차로 - 교차로안,승용,여,36세,상해없음,승용,여,48세,중상
2016081400100491,2016년 8월 14일 23시,일요일,경상남도 김해시 내동,중상사고,0,1,0,0,차량단독 - 기타,안전운전불이행,건조,맑음,단일로 - 기타,승합,남,49세,상해없음,,,,
2016081400100492,2016년 8월 14일 23시,일요일,경상남도 창원시 마산합포구 산호동,중상사고,0,1,1,0,차대차 - 추돌,안전운전불이행,건조,흐림,단일로 - 기타,승용,여,25세,상해없음,승용,남,67세,경상
2016081500100036,2016년 8월 15일 03시,월요일,경상남도 의령군 용덕면,중상사고,0,1,0,0,차량단독 - 전도전복,안전운전불이행,건조,맑음,단일로 - 기타,원동기,남,33세,중상,,,,
2016081500100042,2016년 8월 15일 04시,월요일,경상남도 김해시 어방동,경상사고,0,0,2,0,차대차 - 추돌,안전운전불이행,건조,맑음,교차로 - 교차로부근,승용,남,42세,상해없음,승용,남,49세,경상
2016081500100050,2016년 8월 15일 05시,월요일,경상남도 거제시 고현동,중상사고,0,2,0,0,차대차 - 측면충돌,교차로운행방법위반,건조,맑음,교차로 - 교차로안,승용,남,30세,상해없음,승용,남,62세,중상
2016081500100065,2016년 8월 15일 06시,월요일,경상남도 거창군 거창읍,경상사고,0,0,1,0,차대차 - 정면충돌,안전운전불이행,건조,맑음,단일로 - 기타,이륜,남,72세,경상,승용,여,57세,상해없음
2016081500100074,2016년 8월 15일 07시,월요일,경상남도 창원시 마산합포구 월영동,중상사고,0,1,0,0,차대차 - 측면직각충돌,안전운전불이행,건조,맑음,단일로 - 기타,원동기,남,74세,중상,승용,여,34세,상해없음
2016081500100090,2016년 8월 15일 08시,월요일,경상남도 거제시 옥포동,중상사고,0,3,0,0,차대차 - 추돌,안전운전불이행,건조,맑음,교차로 - 교차로부근,승용,남,56세,기타불명,승용,남,41세,중상
2016081500100109,2016년 8월 15일 09시,월요일,경상남도 창원시 마산회원구 봉암동,경상사고,0,0,1,0,차량단독 - 전도전복,안전운전불이행,건조,맑음,기타 - 기타,승용,여,26세,경상,,,,
2016081500100133,2016년 8월 15일 10시,월요일,경상남도 합천군 합천읍,중상사고,0,1,0,0,차대차 - 측면충돌,안전운전불이행,건조,맑음,단일로 - 기타,화물,여,50세,상해없음,이륜,남,74세,중상
2016081500100179,2016년 8월 15일 12시,월요일,경상남도 통영시 봉평동,중상사고,0,1,0,0,차대사람 - 차도통행중,안전운전불이행,건조,맑음,교차로 - 교차로부근,승용,남,39세,기타불명,보행자,여,63세,중상
2016081500100180,2016년 8월 15일 12시,월요일,경상남도 남해군 삼동면,중상사고,0,1,1,1,차대차 - 추돌,안전운전불이행,건조,맑음,단일로 - 교량,화물,남,38세,부상신고,승용,남,26세,중상
2016081500100203,2016년 8월 15일 13시,월요일,경상남도 진주시 사봉면,중상사고,0,2,0,0,차대차 - 추돌,안전운전불이행,건조,맑음,단일로 - 기타,승합,남,55세,상해없음,승용,남,64세,중상
2016081500100230,2016년 8월 15일 14시,월요일,경상남도 양산시 동면,경상사고,0,0,1,0,차대차 - 측면직각충돌,신호위반,건조,맑음,교차로 - 교차로안,승용,남,55세,기타불명,승용,남,43세,경상
2016081500100261,2016년 8월 15일 15시,월요일,경상남도 창원시 진해구 석동,경상사고,0,0,2,0,차대차 - 측면직각충돌,교차로운행방법위반,건조,맑음,교차로 - 교차로안,승용,여,47세,상해없음,원동기,남,46세,경상
2016081500100262,2016년 8월 15일 15시,월요일,경상남도 거제시 고현동,중상사고,0,1,0,0,차대사람 - 횡단중,보행자보호의무위반,건조,맑음,단일로 - 횡단보도상,승용,남,63세,상해없음,보행자,여,15세,중상
2016081500100292,2016년 8월 15일 16시,월요일,경상남도 창원시 성산구 상남동,경상사고,0,0,1,0,차대차 - 기타,신호위반,건조,맑음,교차로 - 교차로안,이륜,남,54세,상해없음,승용,남,63세,경상
2016081500100293,2016년 8월 15일 16시,월요일,경상남도 창원시 마산회원구 구암동,경상사고,0,0,2,0,차대차 - 추돌,안전운전불이행,건조,맑음,기타 - 기타,승용,여,36세,기타불명,승용,남,74세,경상
2016081500100294,2016년 8월 15일 16시,월요일,경상남도 창원시 마산합포구 산호동,중상사고,0,1,0,0,차대차 - 측면직각충돌,안전운전불이행,건조,맑음,기타 - 기타,특수,남,34세,상해없음,원동기,남,25세,중상
2016081500100352,2016년 8월 15일 18시,월요일,경상남도 통영시 도천동,경상사고,0,0,1,0,차대차 - 추돌,안전운전불이행,건조,맑음,단일로 - 기타,승용,여,35세,상해없음,자전거,남,63세,경상
2016081500100353,2016년 8월 15일 18시,월요일,경상남도 김해시 어방동,경상사고,0,0,1,0,차대차 - 기타,안전운전불이행,건조,맑음,단일로 - 기타,승용,여,45세,상해없음,승용,여,38세,경상
2016081500100388,2016년 8월 15일 19시,월요일,경상남도 김해시 생림면,경상사고,0,0,1,0,차대차 - 기타,안전운전불이행,습기,비,단일로 - 기타,기타불명,기타불명,기타불명,기타불명,승용,여,44세,경상
2016081500100389,2016년 8월 15일 19시,월요일,경상남도 창원시 의창구 두대동,경상사고,0,0,2,0,차대차 - 기타,교차로운행방법위반,건조,맑음,교차로 - 교차로안,승용,남,60세,상해없음,승합,남,37세,경상
2016081500100410,2016년 8월 15일 20시,월요일,경상남도 통영시 항남동,경상사고,0,0,1,0,차대차 - 측면직각충돌,차로위반,건조,맑음,단일로 - 기타,승용,여,32세,상해없음,승용,여,26세,경상
2016081500100411,2016년 8월 15일 20시,월요일,경상남도 김해시 구산동,경상사고,0,0,2,0,차대차 - 기타,신호위반,건조,맑음,교차로 - 교차로안,이륜,남,31세,경상,승용,여,26세,경상
2016081500100412,2016년 8월 15일 20시,월요일,경상남도 김해시 생림면,경상사고,0,0,1,0,차량단독 - 전도전복,안전운전불이행,건조,맑음,단일로 - 기타,화물,남,56세,경상,,,,
2016081500100436,2016년 8월 15일 21시,월요일,경상남도 거제시 고현동,경상사고,0,0,2,0,차대차 - 기타,중앙선침범,건조,맑음,단일로 - 기타,승용,남,53세,상해없음,승용,남,30세,경상
2016081500100451,2016년 8월 15일 22시,월요일,경상남도 창원시 진해구 덕산동,중상사고,0,1,0,0,차대사람 - 길가장자리구역통행중,안전운전불이행,건조,맑음,단일로 - 기타,승용,여,18세,상해없음,보행자,남,26세,중상
2016081500100452,2016년 8월 15일 22시,월요일,경상남도 김해시 외동,중상사고,0,1,0,0,차대차 - 측면직각충돌,안전운전불이행,건조,맑음,단일로 - 기타,승용,남,53세,상해없음,승용,남,53세,중상
2016081500100453,2016년 8월 15일 22시,월요일,경상남도 거제시 거제면,중상사고,0,1,0,0,차대사람 - 횡단중,안전운전불이행,건조,맑음,단일로 - 기타,승용,남,34세,상해없음,보행자,남,53세,중상
2016081500100472,2016년 8월 15일 23시,월요일,경상남도 김해시 장유면,중상사고,0,1,0,0,차대사람 - 횡단중,신호위반,건조,맑음,단일로 - 횡단보도상,승용,여,44세,상해없음,보행자,여,15세,중상
2016081600100030,2016년 8월 16일 02시,화요일,경상남도 거제시 고현동,부상신고사고,0,0,0,1,차대사람 - 횡단중,안전운전불이행,건조,맑음,교차로 - 교차로부근,승용,기타불명,기타불명,기타불명,보행자,남,23세,부상신고
2016081600100043,2016년 8월 16일 04시,화요일,경상남도 창원시 의창구 소계동,사망사고,1,0,0,0,차대차 - 정면충돌,안전운전불이행,건조,흐림,단일로 - 기타,승용,남,51세,사망,승합,남,63세,상해없음
2016081600100051,2016년 8월 16일 05시,화요일,경상남도 창녕군 대합면,사망사고,1,0,1,0,차대차 - 기타,안전운전불이행,건조,맑음,단일로 - 기타,화물,남,45세,상해없음,화물,남,54세,상해없음
2016081600100058,2016년 8월 16일 06시,화요일,경상남도 김해시 흥동,중상사고,0,2,1,0,차대차 - 기타,안전거리미확보,습기,비,단일로 - 기타,화물,남,42세,상해없음,승용,남,42세,경상
2016081600100123,2016년 8월 16일 08시,화요일,경상남도 창원시 의창구 동읍,경상사고,0,0,1,0,차대차 - 정면충돌,안전운전불이행,건조,맑음,단일로 - 터널,승용,남,53세,상해없음,승용,여,45세,경상
2016081600100155,2016년 8월 16일 09시,화요일,경상남도 사천시 동금동,중상사고,0,1,0,0,차량단독 - 기타,안전운전불이행,건조,맑음,단일로 - 기타,승합,남,44세,상해없음,,,,
2016081600100156,2016년 8월 16일 09시,화요일,경상남도 창원시 마산합포구 산호동,중상사고,0,1,0,0,차대차 - 기타,안전운전불이행,건조,맑음,교차로 - 교차로부근,승용,여,38세,상해없음,자전거,남,69세,중상
2016081600100191,2016년 8월 16일 10시,화요일,경상남도 창원시 마산합포구 중성동,중상사고,0,1,0,0,차대사람 - 횡단중,안전운전불이행,건조,흐림,기타 - 기타,승용,여,45세,상해없음,보행자,여,50세,중상
2016081600100192,2016년 8월 16일 10시,화요일,경상남도 양산시 동면,경상사고,0,0,1,0,차대차 - 측면충돌,신호위반,건조,맑음,교차로 - 교차로안,화물,남,41세,상해없음,승용,여,43세,경상
2016081600100193,2016년 8월 16일 10시,화요일,경상남도 함안군 군북면,사망사고,1,0,0,0,차량단독 - 전도전복,안전운전불이행,건조,맑음,교차로 - 교차로부근,이륜,남,75세,상해없음,,,,
2016081600100256,2016년 8월 16일 12시,화요일,경상남도 통영시 광도면,사망사고,1,1,0,0,차대차 - 정면충돌,중앙선침범,건조,맑음,단일로 - 기타,승용,남,62세,중상,승용,남,53세,사망
2016081600100257,2016년 8월 16일 12시,화요일,경상남도 창원시 의창구 동읍,경상사고,0,0,1,0,차대차 - 측면직각충돌,중앙선침범,건조,맑음,단일로 - 기타,승용,여,43세,상해없음,화물,남,29세,경상
2016081600100269,2016년 8월 16일 13시,화요일,경상남도 김해시 장유면,부상신고사고,0,0,0,1,차대차 - 기타,안전거리미확보,건조,맑음,단일로 - 기타,기타불명,기타불명,기타불명,기타불명,승용,여,24세,부상신고
2016081600100320,2016년 8월 16일 14시,화요일,경상남도 창원시 마산합포구 신포동1가,경상사고,0,0,1,0,차대사람 - 기타,안전운전불이행,건조,맑음,교차로 - 교차로부근,승용,여,35세,상해없음,보행자,남,81세,경상
2016081600100321,2016년 8월 16일 14시,화요일,경상남도 김해시 구산동,중상사고,0,1,1,0,차대차 - 측면직각충돌,신호위반,건조,맑음,교차로 - 교차로부근,승용,여,51세,경상,화물,남,44세,중상
2016081600100322,2016년 8월 16일 14시,화요일,경상남도 김해시 안동,중상사고,0,1,1,0,차대차 - 측면직각충돌,안전운전불이행,건조,맑음,교차로 - 교차로부근,승용,남,63세,경상,승합,남,31세,중상
2016081600100323,2016년 8월 16일 14시,화요일,경상남도 창녕군 창녕읍,경상사고,0,0,1,0,차대차 - 기타,신호위반,건조,맑음,교차로 - 교차로안,승용,남,55세,상해없음,승합,남,56세,경상
2016081600100324,2016년 8월 16일 14시,화요일,경상남도 창원시 성산구 상남동,경상사고,0,0,1,0,차대사람 - 기타,안전운전불이행,건조,맑음,단일로 - 기타,승용,남,45세,상해없음,보행자,여,57세,경상
2016081600100359,2016년 8월 16일 15시,화요일,경상남도 창원시 진해구 자은동,경상사고,0,0,1,0,차대차 - 추돌,안전운전불이행,건조,맑음,교차로 - 교차로부근,화물,남,48세,상해없음,원동기,여,40세,경상
2016081600100360,2016년 8월 16일 15시,화요일,경상남도 의령군 대의면,사망사고,1,1,0,0,차량단독 - 공작물충돌,안전운전불이행,건조,맑음,단일로 - 기타,화물,남,66세,중상,,,,
2016081600100390,2016년 8월 16일 16시,화요일,경상남도 양산시 중부동,경상사고,0,0,1,0,차대차 - 측면충돌,중앙선침범,건조,맑음,교차로 - 교차로안,이륜,남,68세,경상,승용,여,35세,상해없음
2016081600100391,2016년 8월 16일 16시,화요일,경상남도 산청군 생초면,경상사고,0,0,1,0,차대사람 - 차도통행중,안전운전불이행,건조,맑음,단일로 - 기타,승용,남,40세,상해없음,보행자,여,76세,경상
2016081600100428,2016년 8월 16일 17시,화요일,경상남도 창녕군 대합면,중상사고,0,1,0,0,차대차 - 정면충돌,안전운전불이행,건조,맑음,단일로 - 기타,원동기,남,64세,중상,화물,남,25세,상해없음
2016081600100429,2016년 8월 16일 17시,화요일,경상남도 양산시 북부동,경상사고,0,0,1,0,차대사람 - 횡단중,보행자보호의무위반,건조,맑음,단일로 - 기타,자전거,남,74세,상해없음,보행자,여,74세,경상
2016081600100430,2016년 8월 16일 17시,화요일,경상남도 창원시 마산회원구 양덕동,중상사고,0,1,0,0,차대사람 - 횡단중,안전운전불이행,건조,맑음,교차로 - 교차로안,승용,여,60세,상해없음,보행자,여,11세,중상
2016081600100431,2016년 8월 16일 17시,화요일,경상남도 창원시 의창구 소답동,중상사고,0,1,0,0,차대사람 - 횡단중,안전운전불이행,건조,맑음,단일로 - 기타,승용,여,52세,상해없음,보행자,남,44세,중상
2016081600100432,2016년 8월 16일 17시,화요일,경상남도 김해시 장유면,경상사고,0,0,1,0,차대사람 - 횡단중,안전운전불이행,건조,맑음,교차로 - 교차로부근,화물,남,38세,상해없음,보행자,남,20세,경상
2016081600100433,2016년 8월 16일 17시,화요일,경상남도 김해시 진례면,경상사고,0,0,1,0,차대차 - 측면직각충돌,안전운전불이행,건조,맑음,교차로 - 교차로안,승용,남,64세,상해없음,승용,여,39세,경상
2016081600100474,2016년 8월 16일 18시,화요일,경상남도 양산시 평산동,경상사고,0,0,1,0,차대사람 - 길가장자리구역통행중,안전운전불이행,건조,맑음,단일로 - 기타,승용,남,57세,상해없음,보행자,남,14세,경상
2016081600100510,2016년 8월 16일 19시,화요일,경상남도 통영시 미수동,경상사고,0,0,4,0,차대차 - 정면충돌,중앙선침범,건조,맑음,단일로 - 기타,승용,남,35세,상해없음,승용,남,24세,경상
2016081600100567,2016년 8월 16일 21시,화요일,경상남도 거제시 상동동,경상사고,0,0,1,0,차대차 - 기타,안전운전불이행,건조,맑음,기타 - 기타,승용,여,23세,기타불명,승용,여,31세,경상
2016081600100568,2016년 8월 16일 21시,화요일,경상남도 창원시 의창구 명서동,중상사고,0,1,0,0,차대차 - 측면직각충돌,안전운전불이행,건조,맑음,교차로 - 교차로안,승용,남,41세,상해없음,자전거,남,30세,중상
2016081600100612,2016년 8월 16일 23시,화요일,경상남도 김해시 삼계동,경상사고,0,0,2,0,차대차 - 기타,안전운전불이행,건조,맑음,교차로 - 교차로안,기타불명,기타불명,기타불명,기타불명,승용,남,46세,상해없음
2016081600100613,2016년 8월 16일 23시,화요일,경상남도 김해시 진영읍,중상사고,0,1,0,0,차대차 - 기타,안전운전불이행,건조,맑음,교차로 - 교차로안,승용,남,37세,상해없음,이륜,남,22세,중상
2016081700100019,2016년 8월 17일 00시,수요일,경상남도 진주시 인사동,경상사고,0,0,1,0,차대차 - 측면직각충돌,안전운전불이행,건조,맑음,교차로 - 교차로안,이륜,남,23세,경상,승용,남,62세,상해없음
2016081700100031,2016년 8월 17일 01시,수요일,경상남도 창원시 진해구 석동,경상사고,0,0,1,0,차대차 - 기타,안전거리미확보,건조,맑음,교차로 - 교차로안,화물,여,27세,상해없음,원동기,남,18세,경상
2016081700100072,2016년 8월 17일 06시,수요일,경상남도 거제시 고현동,중상사고,0,1,0,0,차대차 - 정면충돌,안전운전불이행,건조,맑음,기타 - 기타,자전거,남,39세,상해없음,자전거,남,55세,중상
2016081700100073,2016년 8월 17일 06시,수요일,경상남도 창원시 의창구 도계동,중상사고,0,1,0,0,차대차 - 측면직각충돌,안전운전불이행,건조,맑음,교차로 - 교차로안,승용,남,47세,상해없음,승용,여,33세,중상
2016081700100089,2016년 8월 17일 07시,수요일,경상남도 함양군 안의면,부상신고사고,0,0,0,1,차대차 - 측면직각충돌,신호위반,건조,맑음,교차로 - 교차로안,승용,남,22세,부상신고,승용,남,71세,상해없음
2016081700100124,2016년 8월 17일 08시,수요일,경상남도 사천시 사천읍,경상사고,0,0,1,0,차대차 - 측면직각충돌,신호위반,건조,맑음,교차로 - 교차로안,화물,남,35세,상해없음,승용,남,46세,경상
2016081700100125,2016년 8월 17일 08시,수요일,경상남도 김해시 삼정동,중상사고,0,1,0,0,차대차 - 측면직각충돌,직진우회전진행방해,건조,맑음,교차로 - 교차로안,승용,남,40세,상해없음,이륜,남,62세,중상
2016081700100126,2016년 8월 17일 08시,수요일,경상남도 거제시 일운면,경상사고,0,0,2,0,차대차 - 추돌,안전운전불이행,건조,맑음,기타 - 기타,화물,남,51세,상해없음,승용,남,30세,경상
2016081700100166,2016년 8월 17일 09시,수요일,경상남도 거제시 고현동,경상사고,0,0,1,0,차대차 - 측면충돌,안전운전불이행,건조,맑음,단일로 - 기타,승용,남,54세,상해없음,승용,여,42세,경상
2016081700100167,2016년 8월 17일 09시,수요일,경상남도 남해군 남해읍,중상사고,0,1,0,0,차대차 - 측면직각충돌,안전운전불이행,건조,맑음,단일로 - 기타,농기계,남,51세,상해없음,이륜,남,75세,중상
2016081700100207,2016년 8월 17일 10시,수요일,경상남도 창원시 진해구 태백동,경상사고,0,0,3,0,차대차 - 추돌,안전운전불이행,건조,맑음,교차로 - 교차로안,승용,여,47세,상해없음,승용,남,54세,경상
2016081700100208,2016년 8월 17일 10시,수요일,경상남도 창원시 의창구 동읍,경상사고,0,0,1,0,차대차 - 정면충돌,안전운전불이행,건조,맑음,교차로 - 교차로안,승용,여,61세,상해없음,이륜,남,60세,경상
2016081700100238,2016년 8월 17일 11시,수요일,경상남도 창원시 마산회원구 내서읍,경상사고,0,0,1,0,차대사람 - 횡단중,안전운전불이행,건조,맑음,단일로 - 기타,승용,남,47세,상해없음,보행자,남,8세,경상
2016081700100239,2016년 8월 17일 11시,수요일,경상남도 김해시 장유면,중상사고,0,1,0,0,차대차 - 추돌,안전운전불이행,건조,맑음,교차로 - 교차로안,승용,남,52세,상해없음,자전거,남,73세,중상
2016081700100265,2016년 8월 17일 12시,수요일,경상남도 김해시 삼방동,부상신고사고,0,0,0,1,차대차 - 측면충돌,안전운전불이행,건조,맑음,단일로 - 기타,승용,남,55세,상해없음,이륜,남,21세,부상신고
2016081700100292,2016년 8월 17일 13시,수요일,경상남도 양산시 북정동,사망사고,1,0,0,0,차대사람 - 횡단중,신호위반,건조,맑음,교차로 - 교차로안,화물,남,48세,상해없음,보행자,여,65세,사망
2016081700100293,2016년 8월 17일 13시,수요일,경상남도 산청군 시천면,경상사고,0,0,1,1,차대차 - 정면충돌,교차로운행방법위반,건조,맑음,교차로 - 교차로부근,승용,여,56세,부상신고,승용,여,42세,경상
2016081700100294,2016년 8월 17일 13시,수요일,경상남도 창원시 마산회원구 내서읍,경상사고,0,0,1,0,차대차 - 측면충돌,안전운전불이행,건조,맑음,교차로 - 교차로안,승용,남,67세,상해없음,승용,남,45세,경상
2016081700100337,2016년 8월 17일 14시,수요일,경상남도 통영시 미수동,경상사고,0,0,1,0,차대사람 - 횡단중,안전운전불이행,건조,맑음,교차로 - 교차로안,승용,남,54세,상해없음,보행자,남,63세,경상
2016081700100338,2016년 8월 17일 14시,수요일,경상남도 거제시 장평동,경상사고,0,0,2,0,차대차 - 추돌,안전운전불이행,건조,맑음,단일로 - 기타,화물,남,72세,상해없음,화물,남,24세,경상
2016081700100380,2016년 8월 17일 15시,수요일,경상남도 거창군 거창읍,중상사고,0,1,0,0,차대차 - 측면충돌,신호위반,건조,맑음,교차로 - 교차로안,승용,남,33세,상해없음,원동기,남,17세,중상
2016081700100381,2016년 8월 17일 15시,수요일,경상남도 함안군 칠원읍,중상사고,0,1,1,0,차대차 - 측면충돌,안전운전불이행,건조,맑음,교차로 - 교차로부근,화물,남,60세,상해없음,화물,여,48세,상해없음
2016081700100382,2016년 8월 17일 15시,수요일,경상남도 창원시 마산회원구 합성동,경상사고,0,0,1,0,차대차 - 측면충돌,신호위반,건조,맑음,교차로 - 교차로안,승용,여,25세,상해없음,승용,여,49세,상해없음
2016081700100410,2016년 8월 17일 16시,수요일,경상남도 사천시 서금동,경상사고,0,0,1,0,차대차 - 기타,직진우회전진행방해,건조,맑음,교차로 - 교차로안,승용,남,58세,경상,승용,남,30세,상해없음
2016081700100411,2016년 8월 17일 16시,수요일,경상남도 김해시 동상동,경상사고,0,0,3,0,차대차 - 기타,신호위반,건조,흐림,교차로 - 교차로부근,승용,남,30세,경상,승용,여,29세,경상
2016081700100453,2016년 8월 17일 17시,수요일,경상남도 밀양시 삼문동,경상사고,0,0,2,0,차대차 - 측면직각충돌,교차로운행방법위반,건조,맑음,교차로 - 교차로안,승용,여,67세,상해없음,화물,여,34세,경상
2016081700100454,2016년 8월 17일 17시,수요일,경상남도 김해시 장유면,경상사고,0,0,1,0,차대차 - 기타,안전운전불이행,건조,맑음,단일로 - 기타,원동기,남,49세,경상,화물,남,61세,상해없음
2016081700100503,2016년 8월 17일 18시,수요일,경상남도 양산시 상북면,경상사고,0,0,1,0,차대차 - 기타,기타,건조,맑음,단일로 - 기타,승용,남,37세,상해없음,승용,남,42세,경상
2016081700100504,2016년 8월 17일 18시,수요일,경상남도 거제시 고현동,중상사고,0,1,0,0,차대차 - 기타,안전운전불이행,건조,맑음,단일로 - 기타,승용,남,63세,상해없음,승용,남,27세,중상
2016081700100505,2016년 8월 17일 18시,수요일,경상남도 거제시 양정동,중상사고,0,1,1,0,차대차 - 추돌,안전운전불이행,건조,맑음,단일로 - 기타,자전거,남,25세,상해없음,이륜,남,60세,경상
2016081700100536,2016년 8월 17일 19시,수요일,경상남도 통영시 미수동,경상사고,0,0,1,0,차대사람 - 기타,안전운전불이행,건조,맑음,단일로 - 기타,승용,남,23세,상해없음,보행자,남,69세,경상
2016081700100537,2016년 8월 17일 19시,수요일,경상남도 거제시 상동동,중상사고,0,1,0,0,차대차 - 측면충돌,교차로운행방법위반,건조,맑음,교차로 - 교차로안,승합,여,52세,상해없음,이륜,남,38세,중상
2016081700100538,2016년 8월 17일 19시,수요일,경상남도 창원시 성산구 내동,중상사고,0,1,0,0,차대사람 - 횡단중,안전운전불이행,건조,맑음,단일로 - 횡단보도상,승용,남,53세,상해없음,보행자,여,72세,중상