사고번호,사고일시,요일,시군구,사고내용,사망자수,중상자수,경상자수,부상신고자수,사고유형,법규위반,노면상태,기상상태,도로형태,가해운전자 차종,가해운전자 성별,가해운전자 연령,가해운전자 상해정도,피해운전자 차종,피해운전자 성별,피해운전자 연령,피해운전자 상해정도
2016081700100563,2016년 8월 17일 20시,수요일,경상남도 통영시 무전동,경상사고,0,0,1,0,차대사람 - 기타,안전운전불이행,건조,맑음,교차로 - 교차로안,승용,남,54세,상해없음,보행자,남,52세,경상
2016081700100564,2016년 8월 17일 20시,수요일,경상남도 사천시 사남면,중상사고,0,1,0,0,차대사람 - 횡단중,안전운전불이행,건조,맑음,단일로 - 횡단보도부근,승용,남,29세,상해없음,보행자,남,58세,중상
2016081700100565,2016년 8월 17일 20시,수요일,경상남도 밀양시 산내면,경상사고,0,0,1,0,차대사람 - 횡단중,안전운전불이행,건조,맑음,단일로 - 기타,화물,남,48세,상해없음,보행자,남,46세,경상
2016081700100566,2016년 8월 17일 20시,수요일,경상남도 창원시 마산회원구 구암동,경상사고,0,0,1,0,차대사람 - 횡단중,안전운전불이행,건조,맑음,교차로 - 교차로안,화물,남,41세,상해없음,보행자,여,37세,경상
2016081700100590,2016년 8월 17일 21시,수요일,경상남도 고성군 상리면,사망사고,1,0,0,0,차대사람 - 횡단중,안전운전불이행,건조,맑음,교차로 - 교차로부근,화물,여,57세,상해없음,보행자,여,77세,사망
2016081700100619,2016년 8월 17일 22시,수요일,경상남도 창원시 마산합포구 진동면,경상사고,0,0,1,0,차대차 - 정면충돌,안전운전불이행,건조,맑음,단일로 - 교량,승용,남,48세,상해없음,승용,남,33세,경상
2016081700100632,2016년 8월 17일 23시,수요일,경상남도 양산시 물금읍,경상사고,0,0,2,0,차대차 - 기타,안전운전불이행,건조,맑음,단일로 - 기타,승용,여,52세,상해없음,승용,남,40세,경상
2016081800100012,2016년 8월 18일 00시,목요일,경상남도 양산시 신기동,중상사고,0,1,3,0,차대차 - 측면충돌,신호위반,건조,맑음,교차로 - 교차로부근,승용,남,39세,상해없음,승용,남,22세,경상
2016081800100033,2016년 8월 18일 02시,목요일,경상남도 의령군 정곡면,경상사고,0,0,1,0,차대차 - 추돌,안전운전불이행,건조,맑음,단일로 - 기타,승용,남,19세,상해없음,승용,남,19세,경상
2016081800100034,2016년 8월 18일 02시,목요일,경상남도 창원시 마산회원구 봉암동,경상사고,0,0,2,0,차대차 - 측면충돌,신호위반,건조,맑음,교차로 - 교차로안,승용,여,52세,상해없음,승용,남,57세,경상
2016081800100089,2016년 8월 18일 07시,목요일,경상남도 통영시 무전동,중상사고,0,1,0,0,차대차 - 기타,안전운전불이행,건조,맑음,교차로 - 교차로안,화물,남,55세,상해없음,이륜,남,25세,중상
2016081800100090,2016년 8월 18일 07시,목요일,경상남도 창녕군 이방면,경상사고,0,0,1,0,차대차 - 기타,안전운전불이행,건조,맑음,단일로 - 기타,원동기,남,63세,경상,승용,남,60세,상해없음
2016081800100091,2016년 8월 18일 07시,목요일,경상남도 창원시 성산구 반지동,중상사고,0,1,0,0,차대사람 - 기타,안전운전불이행,건조,맑음,단일로 - 기타,승합,남,47세,상해없음,보행자,여,68세,중상
2016081800100132,2016년 8월 18일 08시,목요일,경상남도 김해시 구산동,중상사고,0,1,0,0,차대차 - 기타,안전거리미확보,건조,맑음,교차로 - 교차로안,승용,남,56세,상해없음,이륜,남,71세,중상
2016081800100173,2016년 8월 18일 09시,목요일,경상남도 밀양시 가곡동,중상사고,0,1,0,0,차대차 - 정면충돌,안전운전불이행,건조,맑음,교차로 - 교차로안,승용,남,54세,상해없음,자전거,여,68세,중상
2016081800100200,2016년 8월 18일 10시,목요일,경상남도 김해시 진례면,중상사고,0,1,0,0,차대차 - 측면충돌,신호위반,건조,맑음,교차로 - 교차로안,승용,남,46세,상해없음,원동기,남,69세,중상
2016081800100229,2016년 8월 18일 11시,목요일,경상남도 김해시 내동,중상사고,0,1,0,0,차대차 - 기타,기타,건조,맑음,단일로 - 기타,승용,남,42세,상해없음,승용,여,45세,중상
2016081800100285,2016년 8월 18일 13시,목요일,경상남도 합천군 삼가면,경상사고,0,0,1,0,차량단독 - 기타,안전운전불이행,건조,맑음,단일로 - 터널,화물,남,34세,상해없음,,,,
2016081800100320,2016년 8월 18일 14시,목요일,경상남도 통영시 광도면,경상사고,0,0,4,0,차대차 - 측면직각충돌,신호위반,건조,맑음,교차로 - 교차로안,승용,여,18세,경상,승용,여,41세,경상
2016081800100348,2016년 8월 18일 15시,목요일,경상남도 진주시 충무공동,중상사고,0,1,1,0,차대차 - 추돌,안전거리미확보,건조,맑음,교차로 - 교차로안,화물,남,57세,상해없음,승용,여,53세,경상
2016081800100349,2016년 8월 18일 15시,목요일,경상남도 창원시 진해구 석동,경상사고,0,0,3,0,차대차 - 측면충돌,안전거리미확보,건조,맑음,교차로 - 교차로부근,건설기계,남,38세,상해없음,승용,여,55세,경상
2016081800100350,2016년 8월 18일 15시,목요일,경상남도 창원시 진해구 여좌동,경상사고,0,0,1,0,차대차 - 측면충돌,안전운전불이행,건조,맑음,단일로 - 기타,승용,남,56세,상해없음,자전거,남,30세,경상
2016081800100351,2016년 8월 18일 15시,목요일,경상남도 통영시 무전동,중상사고,0,1,0,0,차대사람 - 기타,안전운전불이행,건조,맑음,단일로 - 기타,승용,남,37세,상해없음,보행자,여,35세,중상
2016081800100352,2016년 8월 18일 15시,목요일,경상남도 창녕군 대지면,중상사고,0,1,0,0,차대차 - 기타,안전운전불이행,건조,맑음,교차로 - 교차로부근,승용,남,69세,상해없음,승용,남,55세,중상
2016081800100387,2016년 8월 18일 16시,목요일,경상남도 창원시 마산합포구 해운동,경상사고,0,0,1,0,차대사람 - 기타,안전운전불이행,건조,맑음,단일로 - 기타,화물,남,56세,상해없음,보행자,남,21세,경상
2016081800100388,2016년 8월 18일 16시,목요일,경상남도 거창군 거창읍,중상사고,0,1,0,0,차대차 - 기타,교차로운행방법위반,건조,맑음,교차로 - 교차로안,승합,여,33세,상해없음,이륜,남,21세,중상
2016081800100389,2016년 8월 18일 16시,목요일,경상남도 창녕군 계성면,경상사고,0,0,1,0,차대차 - 측면직각충돌,안전운전불이행,건조,맑음,단일로 - 기타,화물,남,50세,상해없음,화물,남,53세,경상
2016081800100390,2016년 8월 18일 16시,목요일,경상남도 창원시 마산회원구 합성동,경상사고,0,0,2,0,차대차 - 측면직각충돌,안전운전불이행,건조,맑음,교차로 - 교차로안,승용,남,53세,상해없음,승용,남,43세,경상
2016081800100391,2016년 8월 18일 16시,목요일,경상남도 창원시 마산합포구 산호동,경상사고,0,0,1,0,차대사람 - 횡단중,보행자보호의무위반,건조,맑음,단일로 - 기타,승용,남,61세,상해없음,보행자,남,6세,경상
2016081800100427,2016년 8월 18일 17시,목요일,경상남도 진주시 상대동,경상사고,0,0,1,1,차대차 - 정면충돌,중앙선침범,건조,맑음,단일로 - 기타,이륜,남,17세,경상,승용,남,66세,상해없음
2016081800100428,2016년 8월 18일 17시,목요일,경상남도 창원시 진해구 덕산동,경상사고,0,0,1,0,차대사람 - 차도통행중,직진우회전진행방해,건조,맑음,교차로 - 교차로안,화물,남,52세,상해없음,보행자,여,69세,경상
2016081800100429,2016년 8월 18일 17시,목요일,경상남도 창원시 의창구 봉림동,경상사고,0,0,1,0,차대차 - 측면충돌,신호위반,건조,맑음,교차로 - 교차로안,승용,여,40세,상해없음,승용,여,29세,경상
2016081800100458,2016년 8월 18일 18시,목요일,경상남도 거제시 장승포동,경상사고,0,0,2,0,차대차 - 측면충돌,안전운전불이행,건조,맑음,단일로 - 기타,승용,남,21세,경상,승합,남,42세,경상
2016081800100502,2016년 8월 18일 19시,목요일,경상남도 진주시 칠암동,중상사고,0,1,0,0,차대사람 - 횡단중,보행자보호의무위반,건조,맑음,교차로 - 교차로부근,승용,남,21세,상해없음,보행자,남,74세,중상
2016081800100503,2016년 8월 18일 19시,목요일,경상남도 진주시 수곡면,중상사고,0,2,0,0,차대차 - 측면직각충돌,직진우회전진행방해,건조,맑음,교차로 - 교차로안,화물,남,68세,중상,승용,여,48세,중상
2016081800100504,2016년 8월 18일 19시,목요일,경상남도 김해시 내동,경상사고,0,0,2,0,차대차 - 기타,신호위반,건조,맑음,교차로 - 교차로안,승용,여,48세,상해없음,승용,여,44세,경상
2016081800100505,2016년 8월 18일 19시,목요일,경상남도 양산시 덕계동,중상사고,0,1,0,0,차대사람 - 횡단중,안전운전불이행,건조,맑음,교차로 - 교차로안,승용,여,24세,상해없음,보행자,여,87세,중상
2016081800100506,2016년 8월 18일 19시,목요일,경상남도 창원시 의창구 중동,경상사고,0,0,1,0,차대차 - 측면충돌,신호위반,건조,맑음,교차로 - 교차로안,화물,남,68세,상해없음,승용,남,25세,경상
2016081800100540,2016년 8월 18일 20시,목요일,경상남도 양산시 중부동,경상사고,0,0,1,0,차대사람 - 횡단중,안전운전불이행,건조,맑음,교차로 - 교차로부근,승용,남,59세,상해없음,보행자,여,49세,경상
2016081800100541,2016년 8월 18일 20시,목요일,경상남도 거제시 고현동,중상사고,0,1,0,0,차대차 - 측면충돌,안전운전불이행,건조,맑음,단일로 - 기타,승용,여,48세,상해없음,자전거,남,30세,중상
2016081800100542,2016년 8월 18일 20시,목요일,경상남도 산청군 단성면,부상신고사고,0,0,0,2,차대차 - 측면직각충돌,교차로운행방법위반,건조,맑음,교차로 - 교차로안,승용,남,50세,상해없음,승용,남,71세,부상신고
2016081800100543,2016년 8월 18일 20시,목요일,경상남도 창원시 의창구 동읍,부상신고사고,0,0,0,1,차대사람 - 기타,안전운전불이행,건조,맑음,단일로 - 기타,승용,남,45세,상해없음,보행자,남,48세,부상신고
2016081800100565,2016년 8월 18일 21시,목요일,경상남도 창원시 마산합포구 중앙동1가,경상사고,0,0,2,0,차대차 - 측면직각충돌,안전운전불이행,건조,맑음,단일로 - 기타,승용,여,59세,경상,승용,여,39세,경상
2016081800100566,2016년 8월 18일 21시,목요일,경상남도 김해시 장유면,중상사고,0,1,0,0,차대차 - 추돌,안전운전불이행,건조,맑음,교차로 - 교차로부근,승용,남,34세,기타불명,화물,여,57세,중상
2016081800100595,2016년 8월 18일 22시,목요일,경상남도 창녕군 남지읍,경상사고,0,0,1,0,차대차 - 측면충돌,안전운전불이행,건조,맑음,교차로 - 교차로부근,자전거,여,15세,경상,원동기,남,41세,상해없음
2016081900100012,2016년 8월 19일 00시,금요일,경상남도 김해시 장유면,경상사고,0,0,1,0,차대차 - 측면충돌,신호위반,건조,맑음,교차로 - 교차로안,승용,남,22세,상해없음,승용,여,35세,경상
2016081900100038,2016년 8월 19일 02시,금요일,경상남도 함안군 칠원읍,중상사고,0,1,0,0,차량단독 - 기타,기타,건조,맑음,교차로 - 교차로부근,승합,남,59세,상해없음,,,,
2016081900100052,2016년 8월 19일 04시,금요일,경상남도 양산시 유산동,사망사고,1,0,0,0,차대사람 - 횡단중,안전운전불이행,건조,맑음,단일로 - 기타,화물,남,33세,상해없음,보행자,여,83세,사망
2016081900100062,2016년 8월 19일 05시,금요일,경상남도 거제시 사등면,중상사고,0,1,1,0,차대차 - 측면충돌,안전운전불이행,건조,맑음,단일로 - 기타,승용,여,40세,경상,승용,남,59세,중상
2016081900100120,2016년 8월 19일 08시,금요일,경상남도 창원시 진해구 남문동,경상사고,0,0,1,1,차대차 - 측면충돌,직진우회전진행방해,건조,흐림,교차로 - 교차로안,화물,남,54세,경상,화물,남,59세,부상신고
2016081900100121,2016년 8월 19일 08시,금요일,경상남도 거제시 연초면,경상사고,0,0,2,0,차대차 - 정면충돌,안전운전불이행,건조,맑음,단일로 - 기타,화물,남,67세,경상,화물,남,40세,경상
2016081900100122,2016년 8월 19일 08시,금요일,경상남도 창원시 마산회원구 봉암동,경상사고,0,0,3,0,차대차 - 추돌,안전운전불이행,건조,맑음,단일로 - 기타,화물,남,40세,상해없음,승용,남,51세,경상
2016081900100157,2016년 8월 19일 09시,금요일,경상남도 통영시 도산면,경상사고,0,0,1,0,차대차 - 추돌,안전운전불이행,건조,맑음,교차로 - 교차로부근,승용,남,72세,상해없음,승합,여,35세,경상
2016081900100158,2016년 8월 19일 09시,금요일,경상남도 통영시 태평동,중상사고,0,1,0,0,차대차 - 측면직각충돌,신호위반,건조,맑음,교차로 - 교차로안,승용,남,54세,상해없음,승합,남,43세,상해없음
2016081900100159,2016년 8월 19일 09시,금요일,경상남도 김해시 어방동,중상사고,0,1,0,0,차량단독 - 기타,기타,건조,맑음,단일로 - 기타,승합,남,42세,상해없음,,,,
2016081900100160,2016년 8월 19일 09시,금요일,경상남도 거제시 상동동,경상사고,0,0,3,0,차대차 - 추돌,안전운전불이행,건조,맑음,교차로 - 교차로부근,승용,남,45세,경상,승용,남,57세,경상
2016081900100185,2016년 8월 19일 10시,금요일,경상남도 통영시 항남동,경상사고,0,0,1,0,차대사람 - 기타,안전운전불이행,건조,맑음,단일로 - 기타,승용,남,43세,상해없음,보행자,여,52세,경상
2016081900100186,2016년 8월 19일 10시,금요일,경상남도 양산시 동면,중상사고,0,2,2,0,차대차 - 측면충돌,안전거리미확보,건조,맑음,단일로 - 기타,승용,여,51세,중상,화물,남,56세,중상
2016081900100213,2016년 8월 19일 11시,금요일,경상남도 진주시 평안동,중상사고,0,1,0,0,차대사람 - 횡단중,안전운전불이행,건조,맑음,단일로 - 기타,원동기,남,43세,상해없음,보행자,여,78세,중상
2016081900100214,2016년 8월 19일 11시,금요일,경상남도 김해시 삼정동,부상신고사고,0,0,0,1,차대차 - 측면충돌,안전운전불이행,건조,맑음,교차로 - 교차로안,자전거,남,79세,부상신고,승용,여,59세,상해없음
2016081900100215,2016년 8월 19일 11시,금요일,경상남도 김해시 어방동,경상사고,0,0,1,0,차대차 - 측면직각충돌,직진우회전진행방해,건조,맑음,교차로 - 교차로안,승용,남,42세,상해없음,승용,남,28세,경상
2016081900100245,2016년 8월 19일 12시,금요일,경상남도 김해시 내동,경상사고,0,0,1,0,차대사람 - 횡단중,안전운전불이행,건조,맑음,단일로 - 기타,승용,여,53세,상해없음,보행자,여,8세,경상
2016081900100278,2016년 8월 19일 13시,금요일,경상남도 사천시 사천읍,경상사고,0,0,1,0,차대차 - 정면충돌,안전운전불이행,건조,맑음,교차로 - 교차로부근,승용,여,40세,경상,화물,남,31세,기타불명
2016081900100279,2016년 8월 19일 13시,금요일,경상남도 함양군 수동면,중상사고,0,1,1,1,차대차 - 측면직각충돌,신호위반,건조,맑음,교차로 - 교차로안,승용,남,64세,상해없음,이륜,남,39세,중상
2016081900100280,2016년 8월 19일 13시,금요일,경상남도 의령군 의령읍,중상사고,0,1,0,0,차대차 - 측면직각충돌,안전운전불이행,건조,맑음,교차로 - 교차로안,이륜,남,75세,중상,승용,남,67세,상해없음
2016081900100310,2016년 8월 19일 14시,금요일,경상남도 사천시 곤명면,중상사고,0,5,3,3,차량단독 - 전도전복,안전운전불이행,건조,맑음,단일로 - 기타,승합,남,65세,상해없음,,,,
2016081900100311,2016년 8월 19일 14시,금요일,경상남도 고성군 마암면,중상사고,0,1,0,0,차대차 - 추돌,안전거리미확보,건조,맑음,단일로 - 기타,승용,여,38세,상해없음,승용,여,51세,중상
2016081900100349,2016년 8월 19일 15시,금요일,경상남도 밀양시 삼문동,경상사고,0,0,2,0,차대차 - 측면충돌,신호위반,건조,맑음,교차로 - 교차로안,화물,남,73세,상해없음,승용,남,63세,경상
2016081900100350,2016년 8월 19일 15시,금요일,경상남도 거제시 양정동,중상사고,0,1,0,0,차대차 - 측면충돌,안전운전불이행,건조,맑음,교차로 - 교차로안,승용,여,42세,상해없음,이륜,남,18세,중상
2016081900100351,2016년 8월 19일 15시,금요일,경상남도 김해시 풍유동,경상사고,0,0,1,0,차대차 - 추돌,교차로운행방법위반,건조,맑음,교차로 - 교차로안,승용,여,49세,기타불명,화물,남,38세,경상
2016081900100383,2016년 8월 19일 16시,금요일,경상남도 창원시 마산합포구 완월동,경상사고,0,0,1,0,차대사람 - 횡단중,보행자보호의무위반,건조,맑음,교차로 - 교차로부근,승용,남,77세,상해없음,보행자,여,17세,경상
2016081900100384,2016년 8월 19일 16시,금요일,경상남도 김해시 구산동,경상사고,0,0,2,0,차대차 - 정면충돌,중앙선침범,건조,맑음,교차로 - 교차로부근,승용,남,61세,상해없음,승용,여,34세,경상
2016081900100385,2016년 8월 19일 16시,금요일,경상남도 고성군 마암면,경상사고,0,0,2,0,차대차 - 추돌,안전거리미확보,건조,맑음,단일로 - 기타,승용,여,55세,상해없음,화물,남,68세,경상
2016081900100386,2016년 8월 19일 16시,금요일,경상남도 창원시 마산회원구 구암동,중상사고,0,1,3,0,차대차 - 추돌,안전운전불이행,건조,맑음,단일로 - 기타,승합,남,57세,상해없음,승합,남,38세,상해없음
2016081900100416,2016년 8월 19일 17시,금요일,경상남도 김해시 상동면,부상신고사고,0,0,0,1,차대차 - 정면충돌,안전운전불이행,건조,맑음,단일로 - 기타,이륜,남,61세,부상신고,승용,여,23세,상해없음
2016081900100508,2016년 8월 19일 19시,금요일,경상남도 거창군 거창읍,중상사고,0,1,0,0,차대차 - 측면직각충돌,안전운전불이행,건조,맑음,교차로 - 교차로안,승용,남,24세,상해없음,이륜,남,39세,중상
2016081900100537,2016년 8월 19일 20시,금요일,경상남도 창원시 마산회원구 내서읍,중상사고,0,1,0,0,차대차 - 추돌,안전운전불이행,건조,맑음,단일로 - 기타,승용,여,38세,상해없음,원동기,남,51세,중상
2016081900100557,2016년 8월 19일 21시,금요일,경상남도 밀양시 상동면,중상사고,0,1,0,0,차대차 - 추돌,안전운전불이행,건조,맑음,단일로 - 기타,화물,남,50세,상해없음,승용,남,47세,중상
2016081900100568,2016년 8월 19일 21시,금요일,경상남도 진주시 평거동,중상사고,0,1,0,0,차대차 - 측면충돌,안전운전불이행,건조,맑음,단일로 - 기타,이륜,남,19세,중상,승용,남,48세,상해없음
2016081900100569,2016년 8월 19일 21시,금요일,경상남도 창녕군 대합면,중상사고,0,1,0,0,차대사람 - 기타,안전운전불이행,건조,맑음,단일로 - 기타,이륜,여,74세,상해없음,보행자,여,84세,중상
2016081900100570,2016년 8월 19일 21시,금요일,경상남도 양산시 교동,중상사고,0,1,0,0,차대차 - 정면충돌,신호위반,건조,맑음,교차로 - 교차로안,승용,남,57세,상해없음,승용,남,29세,중상
2016081900100600,2016년 8월 19일 22시,금요일,경상남도 양산시 상북면,부상신고사고,0,0,0,1,차대차 - 측면충돌,직진우회전진행방해,건조,맑음,교차로 - 교차로안,승용,남,31세,상해없음,원동기,남,48세,부상신고
2016081900100629,2016년 8월 19일 23시,금요일,경상남도 김해시 장유면,중상사고,0,4,0,0,차대차 - 기타,안전운전불이행,건조,맑음,교차로 - 교차로부근,승용,여,52세,상해없음,승용,여,22세,중상
2016082000100014,2016년 8월 20일 00시,토요일,경상남도 창원시 성산구 신촌동,경상사고,0,0,1,0,차대차 - 측면충돌,안전운전불이행,건조,맑음,교차로 - 교차로안,승용,남,46세,상해없음,승용,남,48세,경상
2016082000100057,2016년 8월 20일 02시,토요일,경상남도 통영시 도천동,중상사고,0,1,0,0,차대차 - 측면직각충돌,안전운전불이행,건조,맑음,단일로 - 기타,화물,남,66세,상해없음,승용,남,54세,중상
2016082000100093,2016년 8월 20일 05시,토요일,경상남도 통영시 정량동,경상사고,0,0,1,0,차대차 - 기타,안전운전불이행,건조,맑음,교차로 - 교차로부근,승용,남,37세,상해없음,승용,남,50세,상해없음
2016082000100127,2016년 8월 20일 08시,토요일,경상남도 양산시 하북면,중상사고,0,1,2,2,차대차 - 측면직각충돌,안전거리미확보,건조,맑음,단일로 - 기타,승용,여,66세,상해없음,승용,남,44세,경상
2016082000100137,2016년 8월 20일 08시,토요일,경상남도 진주시 금산면,중상사고,0,1,0,0,차대사람 - 횡단중,보행자보호의무위반,건조,맑음,교차로 - 교차로안,화물,남,42세,상해없음,보행자,남,80세,중상
2016082000100190,2016년 8월 20일 10시,토요일,경상남도 밀양시 삼문동,경상사고,0,0,1,0,차대차 - 정면충돌,보행자보호의무위반,건조,맑음,교차로 - 교차로부근,승용,여,44세,상해없음,자전거,남,11세,경상
2016082000100232,2016년 8월 20일 11시,토요일,경상남도 양산시 동면,경상사고,0,0,3,0,차대차 - 정면충돌,신호위반,건조,맑음,교차로 - 교차로안,승용,여,49세,상해없음,승용,남,55세,경상
2016082000100233,2016년 8월 20일 11시,토요일,경상남도 김해시 장유면,중상사고,0,2,1,0,차대차 - 측면직각충돌,신호위반,건조,맑음,교차로 - 교차로안,승용,남,43세,중상,승용,여,36세,상해없음
2016082000100269,2016년 8월 20일 12시,토요일,경상남도 김해시 삼계동,부상신고사고,0,0,0,1,차대차 - 기타,안전운전불이행,건조,맑음,단일로 - 기타,자전거,남,8세,부상신고,승용,여,34세,상해없음
2016082000100295,2016년 8월 20일 13시,토요일,경상남도 창원시 의창구 소답동,중상사고,0,1,0,0,차대사람 - 횡단중,보행자보호의무위반,건조,맑음,교차로 - 교차로안,승합,남,52세,상해없음,보행자,남,15세,중상
2016082000100329,2016년 8월 20일 14시,토요일,경상남도 양산시 북정동,경상사고,0,0,1,1,차대차 - 정면충돌,안전거리미확보,건조,맑음,단일로 - 기타,화물,남,58세,상해없음,승용,남,28세,경상
2016082000100330,2016년 8월 20일 14시,토요일,경상남도 창원시 성산구 상남동,경상사고,0,0,1,0,차대차 - 기타,안전운전불이행,건조,맑음,기타 - 기타,승용,남,46세,상해없음,승용,남,35세,상해없음
2016082000100365,2016년 8월 20일 15시,토요일,경상남도 고성군 고성읍,사망사고,3,0,1,0,차대차 - 추돌,기타,건조,맑음,교차로 - 교차로부근,승용,여,19세,사망,화물,남,51세,경상
2016082000100366,2016년 8월 20일 15시,토요일,경상남도 창원시 성산구 중앙동,중상사고,0,1,0,0,차대차 - 측면직각충돌,신호위반,건조,맑음,단일로 - 횡단보도상,승용,남,29세,상해없음,자전거,여,19세,중상
2016082000100397,2016년 8월 20일 16시,토요일,경상남도 진주시 대곡면,중상사고,0,1,0,0,차대차 - 측면직각충돌,중앙선침범,건조,맑음,단일로 - 기타,승용,남,55세,상해없음,이륜,남,71세,중상
2016082000100398,2016년 8월 20일 16시,토요일,경상남도 창원시 의창구 신월동,중상사고,0,1,0,0,차대차 - 기타,신호위반,건조,맑음,단일로 - 기타,승용,남,55세,상해없음,자전거,남,13세,중상
2016082000100485,2016년 8월 20일 18시,토요일,경상남도 양산시 북부동,경상사고,0,0,1,0,차대차 - 기타,안전거리미확보,건조,맑음,단일로 - 기타,승용,여,67세,상해없음,승용,남,27세,경상
2016082000100486,2016년 8월 20일 18시,토요일,경상남도 고성군 회화면,경상사고,0,0,1,0,차대차 - 측면직각충돌,안전운전불이행,건조,맑음,단일로 - 기타,화물,남,48세,상해없음,자전거,남,47세,경상
2016082000100487,2016년 8월 20일 18시,토요일,경상남도 창원시 성산구 상복동,경상사고,0,0,2,1,차대차 - 측면직각충돌,신호위반,건조,맑음,교차로 - 교차로안,승용,여,51세,부상신고,승용,남,29세,경상
2016082000100488,2016년 8월 20일 18시,토요일,경상남도 창원시 의창구 팔용동,경상사고,0,0,1,0,차대차 - 추돌,안전운전불이행,건조,맑음,교차로 - 교차로부근,화물,남,55세,상해없음,승용,여,32세,경상
2016082000100526,2016년 8월 20일 19시,토요일,경상남도 창원시 마산합포구 중성동,경상사고,0,0,1,0,차대차 - 기타,안전운전불이행,건조,맑음,단일로 - 기타,승용,남,55세,상해없음,승용,남,42세,경상
2016082000100527,2016년 8월 20일 19시,토요일,경상남도 진주시 대평면,중상사고,0,1,0,0,차대차 - 측면직각충돌,안전운전불이행,건조,맑음,교차로 - 교차로부근,승용,남,47세,상해없음,자전거,남,76세,중상
2016082000100556,2016년 8월 20일 20시,토요일,경상남도 남해군 남해읍,사망사고,1,0,0,0,차량단독 - 전도전복,안전운전불이행,건조,맑음,단일로 - 기타,승용,남,56세,사망,,,,
2016082000100557,2016년 8월 20일 20시,토요일,경상남도 함안군 함안면,경상사고,0,0,1,0,차대차 - 측면충돌,안전운전불이행,건조,맑음,단일로 - 기타,승용,남,23세,상해없음,승용,남,44세,경상
2016082000100580,2016년 8월 20일 21시,토요일,경상남도 통영시 광도면,중상사고,0,1,0,0,차대사람 - 기타,안전운전불이행,건조,맑음,단일로 - 기타,승용,여,26세,상해없음,보행자,남,33세,중상
2016082000100581,2016년 8월 20일 21시,토요일,경상남도 김해시 내동,중상사고,0,1,0,0,차대사람 - 횡단중,안전운전불이행,건조,맑음,교차로 - 교차로부근,승용,남,61세,상해없음,보행자,남,65세,중상
2016082000100609,2016년 8월 20일 22시,토요일,경상남도 의령군 의령읍,중상사고,0,5,0,1,차대차 - 측면직각충돌,신호위반,건조,맑음,교차로 - 교차로안,화물,남,50세,부상신고,승용,남,31세,중상
2016082000100610,2016년 8월 20일 22시,토요일,경상남도 창원시 마산합포구 산호동,중상사고,0,1,0,0,차대차 - 기타,안전운전불이행,건조,맑음,단일로 - 기타,승용,남,59세,상해없음,원동기,남,48세,중상
2016082000100630,2016년 8월 20일 23시,토요일,경상남도 창원시 의창구 소답동,경상사고,0,0,2,0,차대차 - 추돌,안전운전불이행,건조,맑음,단일로 - 기타,승용,남,25세,상해없음,승용,남,59세,경상
2016082100100064,2016년 8월 21일 03시,일요일,경상남도 창원시 성산구 상남동,경상사고,0,0,1,0,차대사람 - 횡단중,보행자보호의무위반,건조,맑음,교차로 - 교차로부근,승용,남,58세,상해없음,보행자,남,27세,경상
2016082100100103,2016년 8월 21일 06시,일요일,경상남도 의령군 정곡면,경상사고,0,0,1,0,차대차 - 측면직각충돌,중앙선침범,건조,맑음,단일로 - 기타,승용,남,46세,상해없음,승용,남,60세,경상
2016082100100112,2016년 8월 21일 07시,일요일,경상남도 창녕군 창녕읍,부상신고사고,0,0,0,1,차대차 - 기타,안전운전불이행,건조,맑음,단일로 - 기타,원동기,남,33세,부상신고,승용,여,38세,기타불명
2016082100100127,2016년 8월 21일 08시,일요일,경상남도 사천시 대방동,경상사고,0,0,1,0,차대차 - 정면충돌,신호위반,건조,맑음,교차로 - 교차로안,승용,남,44세,상해없음,화물,남,48세,경상
2016082100100143,2016년 8월 21일 09시,일요일,경상남도 진주시 평거동,경상사고,0,0,1,0,차대차 - 측면직각충돌,신호위반,건조,맑음,교차로 - 교차로안,원동기,남,15세,상해없음,승용,여,59세,상해없음
2016082100100144,2016년 8월 21일 09시,일요일,경상남도 거창군 거창읍,중상사고,0,1,0,0,차대차 - 측면충돌,안전운전불이행,건조,맑음,교차로 - 교차로안,승용,여,44세,상해없음,원동기,여,51세,중상
2016082100100145,2016년 8월 21일 09시,일요일,경상남도 산청군 산청읍,중상사고,0,1,0,0,차대차 - 측면충돌,교차로운행방법위반,건조,맑음,교차로 - 교차로안,원동기,남,90세 이상,중상,승용,남,30세,상해없음
2016082100100146,2016년 8월 21일 09시,일요일,경상남도 창원시 마산회원구 양덕동,경상사고,0,0,2,0,차대차 - 측면충돌,안전운전불이행,건조,맑음,단일로 - 기타,승용,남,37세,상해없음,승용,남,61세,경상
2016082100100216,2016년 8월 21일 12시,일요일,경상남도 창원시 마산합포구 교방동,경상사고,0,0,1,0,차대사람 - 기타,기타,건조,맑음,단일로 - 기타,승용,남,24세,상해없음,보행자,남,36세,경상
2016082100100217,2016년 8월 21일 12시,일요일,경상남도 통영시 광도면,경상사고,0,0,2,0,차대차 - 추돌,안전운전불이행,건조,맑음,단일로 - 기타,승합,남,63세,상해없음,승용,남,35세,경상