사고번호,사고일시,요일,시군구,사고내용,사망자수,중상자수,경상자수,부상신고자수,사고유형,법규위반,노면상태,기상상태,도로형태,가해운전자 차종,가해운전자 성별,가해운전자 연령,가해운전자 상해정도,피해운전자 차종,피해운전자 성별,피해운전자 연령,피해운전자 상해정도
2016082100100239,2016년 8월 21일 13시,일요일,경상남도 창원시 진해구 용원동,중상사고,0,3,2,0,차대차 - 측면충돌,직진우회전진행방해,건조,맑음,교차로 - 교차로안,승용,여,55세,중상,승용,남,78세,경상
2016082100100264,2016년 8월 21일 14시,일요일,경상남도 밀양시 상남면,경상사고,0,0,1,0,차대차 - 측면직각충돌,안전운전불이행,건조,맑음,교차로 - 교차로부근,화물,남,69세,상해없음,승용,남,64세,경상
2016082100100265,2016년 8월 21일 14시,일요일,경상남도 양산시 명곡동,중상사고,0,1,0,0,차대차 - 기타,안전거리미확보,건조,맑음,단일로 - 기타,승용,여,54세,상해없음,승용,남,41세,중상
2016082100100266,2016년 8월 21일 14시,일요일,경상남도 김해시 장유면,경상사고,0,0,3,0,차대차 - 측면직각충돌,안전운전불이행,건조,맑음,교차로 - 교차로안,승용,남,45세,상해없음,승용,남,55세,경상
2016082100100285,2016년 8월 21일 15시,일요일,경상남도 양산시 물금읍,경상사고,0,0,1,0,차대차 - 측면직각충돌,안전거리미확보,건조,맑음,교차로 - 교차로부근,승용,남,47세,상해없음,승용,남,34세,경상
2016082100100317,2016년 8월 21일 16시,일요일,경상남도 통영시 산양읍,경상사고,0,0,2,0,차대차 - 측면직각충돌,직진우회전진행방해,건조,맑음,교차로 - 교차로안,승용,남,38세,상해없음,승용,남,62세,경상
2016082100100345,2016년 8월 21일 17시,일요일,경상남도 고성군 회화면,중상사고,0,1,0,0,차대차 - 측면직각충돌,안전운전불이행,건조,맑음,단일로 - 기타,승용,남,62세,상해없음,자전거,여,77세,중상
2016082100100346,2016년 8월 21일 17시,일요일,경상남도 산청군 금서면,중상사고,0,3,0,0,차량단독 - 전도전복,안전운전불이행,건조,맑음,단일로 - 기타,승용,여,56세,중상,,,,
2016082100100347,2016년 8월 21일 17시,일요일,경상남도 창원시 의창구 대원동,경상사고,0,0,1,0,차대차 - 측면충돌,안전운전불이행,건조,맑음,단일로 - 기타,승용,남,53세,상해없음,승용,남,28세,경상
2016082100100348,2016년 8월 21일 17시,일요일,경상남도 창원시 의창구 명서동,중상사고,0,1,0,0,차대사람 - 횡단중,안전운전불이행,건조,맑음,단일로 - 기타,승용,남,66세,상해없음,보행자,남,9세,중상
2016082100100381,2016년 8월 21일 18시,일요일,경상남도 거창군 거창읍,경상사고,0,0,2,0,차대차 - 측면충돌,안전운전불이행,건조,맑음,교차로 - 교차로안,승용,남,26세,경상,승용,여,69세,상해없음
2016082100100382,2016년 8월 21일 18시,일요일,경상남도 거창군 거창읍,중상사고,0,1,0,0,차대차 - 정면충돌,안전운전불이행,건조,맑음,단일로 - 기타,원동기,남,57세,상해없음,원동기,남,60세,중상
2016082100100383,2016년 8월 21일 18시,일요일,경상남도 양산시 삼호동,경상사고,0,0,1,0,차대차 - 측면충돌,교차로운행방법위반,건조,맑음,교차로 - 교차로안,승용,여,44세,상해없음,이륜,남,22세,경상
2016082100100384,2016년 8월 21일 18시,일요일,경상남도 산청군 단성면,경상사고,0,0,6,0,차대차 - 추돌,안전운전불이행,건조,맑음,단일로 - 기타,승용,남,48세,상해없음,승용,여,44세,상해없음
2016082100100412,2016년 8월 21일 19시,일요일,경상남도 창원시 마산합포구 창포동2가,경상사고,0,0,1,0,차대차 - 측면직각충돌,안전운전불이행,건조,맑음,교차로 - 교차로안,승용,남,60세,상해없음,이륜,남,35세,경상
2016082100100413,2016년 8월 21일 19시,일요일,경상남도 진주시 대곡면,중상사고,0,4,0,0,차대차 - 정면충돌,안전운전불이행,건조,맑음,단일로 - 기타,승용,여,60세,상해없음,농기계,남,57세,중상
2016082100100470,2016년 8월 21일 21시,일요일,경상남도 김해시 구산동,경상사고,0,0,1,0,차대사람 - 횡단중,안전운전불이행,건조,맑음,교차로 - 교차로부근,승용,남,49세,상해없음,보행자,남,20세,경상
2016082100100517,2016년 8월 21일 23시,일요일,경상남도 창원시 마산회원구 봉암동,중상사고,0,1,0,0,차대차 - 측면충돌,안전운전불이행,건조,맑음,단일로 - 기타,승용,남,66세,상해없음,승용,남,61세,상해없음
2016082200100013,2016년 8월 22일 00시,월요일,경상남도 창원시 의창구 팔용동,경상사고,0,0,1,0,차대차 - 측면충돌,교차로운행방법위반,건조,맑음,교차로 - 교차로안,승용,남,58세,상해없음,승용,남,47세,경상
2016082200100014,2016년 8월 22일 00시,월요일,경상남도 창원시 마산회원구 회원동,경상사고,0,0,1,0,차대사람 - 기타,안전운전불이행,건조,맑음,단일로 - 기타,화물,남,57세,상해없음,보행자,남,65세,경상
2016082200100033,2016년 8월 22일 02시,월요일,경상남도 김해시 부원동,경상사고,0,0,2,0,차대차 - 측면충돌,신호위반,건조,맑음,교차로 - 교차로안,승용,남,19세,상해없음,승용,남,61세,경상
2016082200100069,2016년 8월 22일 06시,월요일,경상남도 창원시 진해구 용원동,중상사고,0,2,0,0,차대차 - 측면충돌,안전운전불이행,건조,맑음,교차로 - 교차로안,승용,남,49세,상해없음,승용,여,42세,중상
2016082200100070,2016년 8월 22일 06시,월요일,경상남도 거창군 거창읍,중상사고,0,1,0,0,차대차 - 측면충돌,안전운전불이행,건조,맑음,교차로 - 교차로안,승용,남,43세,상해없음,원동기,남,42세,중상
2016082200100104,2016년 8월 22일 07시,월요일,경상남도 김해시 삼계동,중상사고,0,1,0,0,차대사람 - 횡단중,신호위반,건조,맑음,교차로 - 교차로안,승용,여,48세,상해없음,보행자,여,15세,중상
2016082200100105,2016년 8월 22일 07시,월요일,경상남도 창원시 의창구 팔용동,중상사고,0,1,0,0,차대차 - 측면직각충돌,교차로운행방법위반,건조,맑음,단일로 - 기타,승용,남,61세,상해없음,자전거,남,69세,중상
2016082200100149,2016년 8월 22일 08시,월요일,경상남도 김해시 내동,경상사고,0,0,1,0,차대차 - 측면충돌,신호위반,건조,맑음,교차로 - 교차로안,승용,남,58세,상해없음,승용,남,62세,경상
2016082200100150,2016년 8월 22일 08시,월요일,경상남도 창녕군 이방면,중상사고,0,1,0,0,차대차 - 측면직각충돌,안전운전불이행,건조,맑음,교차로 - 교차로부근,승용,남,59세,상해없음,원동기,남,77세,중상
2016082200100151,2016년 8월 22일 08시,월요일,경상남도 창녕군 창녕읍,중상사고,0,1,0,0,차대사람 - 기타,안전운전불이행,건조,맑음,교차로 - 교차로부근,승용,남,44세,상해없음,보행자,여,12세,중상
2016082200100241,2016년 8월 22일 10시,월요일,경상남도 진주시 집현면,경상사고,0,0,1,0,차대사람 - 횡단중,안전운전불이행,건조,맑음,단일로 - 기타,승용,남,68세,상해없음,보행자,남,43세,경상
2016082200100242,2016년 8월 22일 10시,월요일,경상남도 사천시 노룡동,경상사고,0,0,1,0,차량단독 - 전도전복,안전운전불이행,건조,맑음,단일로 - 기타,이륜,남,59세,경상,,,,
2016082200100243,2016년 8월 22일 10시,월요일,경상남도 밀양시 부북면,중상사고,0,1,0,0,차대차 - 측면직각충돌,안전운전불이행,건조,맑음,교차로 - 교차로부근,원동기,남,76세,중상,승용,남,23세,상해없음
2016082200100244,2016년 8월 22일 10시,월요일,경상남도 합천군 쌍책면,중상사고,0,1,2,0,차대차 - 기타,교차로운행방법위반,건조,맑음,교차로 - 교차로안,승용,여,57세,경상,승합,남,60세,상해없음
2016082200100245,2016년 8월 22일 10시,월요일,경상남도 김해시 한림면,중상사고,0,1,0,0,차대차 - 추돌,안전운전불이행,건조,맑음,단일로 - 기타,화물,여,48세,중상,화물,남,63세,상해없음
2016082200100279,2016년 8월 22일 11시,월요일,경상남도 김해시 장유면,중상사고,0,1,0,0,차대차 - 측면직각충돌,교차로운행방법위반,건조,맑음,교차로 - 교차로안,이륜,남,67세,중상,화물,남,45세,상해없음
2016082200100309,2016년 8월 22일 12시,월요일,경상남도 거창군 거창읍,경상사고,0,0,2,0,차대차 - 정면충돌,안전운전불이행,건조,맑음,단일로 - 기타,승용,남,69세,상해없음,승합,남,33세,경상
2016082200100339,2016년 8월 22일 13시,월요일,경상남도 김해시 어방동,경상사고,0,0,1,0,차대차 - 기타,안전운전불이행,건조,맑음,단일로 - 기타,특수,남,46세,경상,승합,남,52세,상해없음
2016082200100340,2016년 8월 22일 13시,월요일,경상남도 김해시 불암동,경상사고,0,0,1,0,차대차 - 기타,안전운전불이행,건조,맑음,단일로 - 교량,화물,남,26세,상해없음,이륜,남,25세,경상
2016082200100398,2016년 8월 22일 15시,월요일,경상남도 통영시 광도면,경상사고,0,0,1,0,차대차 - 측면직각충돌,안전운전불이행,건조,맑음,교차로 - 교차로안,승용,여,40세,상해없음,자전거,여,44세,경상
2016082200100399,2016년 8월 22일 15시,월요일,경상남도 창녕군 성산면,중상사고,0,1,0,0,차대차 - 기타,안전거리미확보,건조,맑음,교차로 - 교차로부근,원동기,남,76세,중상,화물,남,46세,상해없음
2016082200100400,2016년 8월 22일 15시,월요일,경상남도 양산시 중부동,중상사고,0,1,0,0,차대사람 - 횡단중,보행자보호의무위반,건조,맑음,기타 - 기타,승용,남,51세,상해없음,보행자,여,61세,중상
2016082200100449,2016년 8월 22일 16시,월요일,경상남도 산청군 신안면,사망사고,2,1,0,0,차대차 - 정면충돌,중앙선침범,건조,맑음,단일로 - 기타,승용,여,63세,사망,특수,남,56세,중상
2016082200100502,2016년 8월 22일 17시,월요일,경상남도 통영시 서호동,중상사고,0,1,0,0,차대사람 - 횡단중,안전운전불이행,건조,맑음,단일로 - 기타,승용,여,50세,상해없음,보행자,여,83세,중상
2016082200100503,2016년 8월 22일 17시,월요일,경상남도 합천군 가야면,중상사고,0,1,0,0,차대차 - 측면충돌,안전운전불이행,건조,맑음,단일로 - 기타,화물,남,55세,상해없음,이륜,여,72세,중상
2016082200100504,2016년 8월 22일 17시,월요일,경상남도 남해군 남면,부상신고사고,0,0,0,1,차대차 - 추돌,안전운전불이행,건조,맑음,교차로 - 교차로안,농기계,남,77세,부상신고,원동기,남,79세,상해없음
2016082200100534,2016년 8월 22일 18시,월요일,경상남도 창원시 마산합포구 교방동,경상사고,0,0,1,0,차대차 - 추돌,안전운전불이행,건조,맑음,교차로 - 교차로부근,화물,남,33세,상해없음,승용,남,54세,경상
2016082200100535,2016년 8월 22일 18시,월요일,경상남도 합천군 합천읍,부상신고사고,0,0,0,1,차대차 - 정면충돌,중앙선침범,건조,맑음,단일로 - 기타,원동기,남,44세,부상신고,승용,남,38세,상해없음
2016082200100576,2016년 8월 22일 19시,월요일,경상남도 통영시 봉평동,경상사고,0,0,1,0,차대차 - 추돌,중앙선침범,건조,맑음,단일로 - 기타,승용,여,41세,상해없음,승용,남,52세,경상
2016082200100577,2016년 8월 22일 19시,월요일,경상남도 거제시 둔덕면,중상사고,0,1,0,0,차대차 - 정면충돌,중앙선침범,건조,맑음,단일로 - 기타,승용,남,59세,상해없음,이륜,남,46세,중상
2016082200100578,2016년 8월 22일 19시,월요일,경상남도 진주시 진성면,중상사고,0,1,0,0,차대차 - 측면직각충돌,안전운전불이행,습기,비,단일로 - 기타,승용,남,20세,상해없음,승용,남,53세,중상
2016082200100616,2016년 8월 22일 20시,월요일,경상남도 밀양시 산외면,중상사고,0,1,0,0,차대차 - 추돌,안전운전불이행,건조,맑음,단일로 - 기타,승용,남,50세,상해없음,이륜,남,58세,중상
2016082200100617,2016년 8월 22일 20시,월요일,경상남도 함양군 함양읍,경상사고,0,0,1,0,차대차 - 측면직각충돌,안전운전불이행,건조,맑음,교차로 - 교차로부근,승용,남,51세,상해없음,이륜,남,16세,경상
2016082200100618,2016년 8월 22일 20시,월요일,경상남도 고성군 고성읍,중상사고,0,1,0,0,차대차 - 측면직각충돌,교차로운행방법위반,건조,맑음,교차로 - 교차로안,승용,남,55세,상해없음,승용,남,54세,중상
2016082200100652,2016년 8월 22일 21시,월요일,경상남도 김해시 구산동,중상사고,0,1,0,0,차대사람 - 횡단중,보행자보호의무위반,건조,맑음,단일로 - 횡단보도상,승용,남,36세,상해없음,보행자,남,16세,중상
2016082200100680,2016년 8월 22일 22시,월요일,경상남도 창원시 마산합포구 산호동,중상사고,0,3,0,0,차대차 - 측면직각충돌,신호위반,건조,맑음,교차로 - 교차로안,승용,남,30세,상해없음,승용,여,26세,중상
2016082200100700,2016년 8월 22일 23시,월요일,경상남도 창원시 진해구 청안동,경상사고,0,0,1,0,차대차 - 추돌,안전운전불이행,건조,맑음,기타 - 기타,승용,남,35세,상해없음,이륜,남,28세,경상
2016082200100701,2016년 8월 22일 23시,월요일,경상남도 김해시 삼정동,경상사고,0,0,1,0,차량단독 - 전도전복,안전운전불이행,건조,맑음,단일로 - 기타,화물,남,43세,경상,,,,
2016082200100702,2016년 8월 22일 23시,월요일,경상남도 합천군 합천읍,경상사고,0,0,1,0,차대사람 - 횡단중,안전운전불이행,건조,맑음,단일로 - 기타,승용,남,77세,상해없음,보행자,남,43세,경상
2016082200100703,2016년 8월 22일 23시,월요일,경상남도 창원시 의창구 팔용동,경상사고,0,0,1,0,차대사람 - 횡단중,안전운전불이행,건조,맑음,단일로 - 기타,승용,남,59세,상해없음,보행자,남,27세,경상
2016082200100704,2016년 8월 22일 23시,월요일,경상남도 거창군 거창읍,중상사고,0,1,1,0,차대차 - 추돌,안전운전불이행,건조,맑음,단일로 - 기타,승용,남,43세,중상,화물,남,49세,경상
2016082300100010,2016년 8월 23일 00시,화요일,경상남도 진주시 상대동,중상사고,0,1,0,0,차대사람 - 횡단중,안전운전불이행,건조,맑음,교차로 - 교차로안,승용,남,47세,상해없음,보행자,남,46세,중상
2016082300100026,2016년 8월 23일 01시,화요일,경상남도 창원시 성산구 양곡동,중상사고,0,2,0,0,차대차 - 측면직각충돌,안전운전불이행,건조,맑음,단일로 - 기타,화물,남,51세,상해없음,승용,남,30세,중상
2016082300100052,2016년 8월 23일 04시,화요일,경상남도 김해시 구산동,경상사고,0,0,1,0,차대차 - 추돌,중앙선침범,건조,맑음,단일로 - 기타,승용,남,48세,상해없음,특수,남,56세,상해없음
2016082300100060,2016년 8월 23일 05시,화요일,경상남도 진주시 장대동,중상사고,0,1,0,0,차대차 - 추돌,안전거리미확보,건조,맑음,단일로 - 기타,원동기,남,49세,중상,승용,남,54세,상해없음
2016082300100107,2016년 8월 23일 08시,화요일,경상남도 창원시 마산합포구 진전면,중상사고,0,2,5,0,차량단독 - 도로외이탈 - 기타,안전운전불이행,건조,맑음,단일로 - 기타,승합,여,51세,상해없음,,,,
2016082300100108,2016년 8월 23일 08시,화요일,경상남도 진주시 장대동,중상사고,0,1,1,0,차대차 - 추돌,안전운전불이행,건조,맑음,단일로 - 기타,승용,여,24세,상해없음,승용,여,46세,경상
2016082300100109,2016년 8월 23일 08시,화요일,경상남도 밀양시 내이동,경상사고,0,0,1,0,차대차 - 정면충돌,안전운전불이행,건조,맑음,교차로 - 교차로부근,승용,남,48세,상해없음,승용,여,45세,경상
2016082300100110,2016년 8월 23일 08시,화요일,경상남도 양산시 하북면,경상사고,0,0,2,0,차대차 - 정면충돌,신호위반,건조,맑음,교차로 - 교차로안,승용,여,66세,상해없음,승용,남,45세,경상
2016082300100141,2016년 8월 23일 09시,화요일,경상남도 김해시 부원동,중상사고,0,1,0,0,차대차 - 측면충돌,신호위반,건조,맑음,교차로 - 교차로안,승합,남,35세,상해없음,승용,남,74세,중상
2016082300100142,2016년 8월 23일 09시,화요일,경상남도 양산시 동면,경상사고,0,0,1,0,차대차 - 측면충돌,안전운전불이행,건조,맑음,단일로 - 기타,화물,남,53세,상해없음,자전거,남,61세,경상
2016082300100143,2016년 8월 23일 09시,화요일,경상남도 창원시 의창구 신월동,중상사고,0,1,0,0,차대차 - 측면충돌,안전운전불이행,건조,맑음,단일로 - 기타,승용,남,54세,상해없음,이륜,남,18세,중상
2016082300100144,2016년 8월 23일 09시,화요일,경상남도 창원시 성산구 상남동,경상사고,0,0,2,0,차대차 - 기타,안전운전불이행,건조,맑음,단일로 - 기타,승용,남,55세,상해없음,화물,남,43세,경상
2016082300100167,2016년 8월 23일 10시,화요일,경상남도 창원시 마산합포구 해운동,경상사고,0,0,3,0,차대차 - 추돌,안전운전불이행,건조,맑음,교차로 - 교차로부근,승용,남,36세,상해없음,승용,여,42세,경상
2016082300100168,2016년 8월 23일 10시,화요일,경상남도 합천군 묘산면,중상사고,0,1,4,0,차대차 - 정면충돌,안전운전불이행,건조,맑음,단일로 - 기타,화물,남,44세,경상,농기계,남,69세,중상
2016082300100169,2016년 8월 23일 10시,화요일,경상남도 남해군 고현면,경상사고,0,0,1,0,차량단독 - 전도전복,안전운전불이행,건조,맑음,단일로 - 기타,원동기,여,59세,경상,,,,
2016082300100170,2016년 8월 23일 10시,화요일,경상남도 창원시 의창구 두대동,경상사고,0,0,1,0,차대사람 - 횡단중,보행자보호의무위반,건조,맑음,단일로 - 횡단보도상,승용,여,48세,상해없음,보행자,남,52세,경상
2016082300100171,2016년 8월 23일 10시,화요일,경상남도 김해시 진영읍,중상사고,0,1,1,0,차대차 - 측면충돌,안전운전불이행,건조,맑음,단일로 - 기타,이륜,남,77세,중상,승용,남,53세,경상
2016082300100201,2016년 8월 23일 11시,화요일,경상남도 진주시 이반성면,중상사고,0,1,0,0,차대차 - 측면충돌,신호위반,건조,맑음,교차로 - 교차로안,화물,여,60세,상해없음,화물,남,66세,중상
2016082300100202,2016년 8월 23일 11시,화요일,경상남도 통영시 서호동,경상사고,0,0,1,0,차대차 - 측면충돌,교차로운행방법위반,건조,맑음,교차로 - 교차로안,승용,남,44세,상해없음,원동기,남,67세,경상
2016082300100203,2016년 8월 23일 11시,화요일,경상남도 양산시 교동,부상신고사고,0,0,0,1,차대차 - 정면충돌,안전운전불이행,습기,맑음,교차로 - 교차로부근,원동기,남,35세,부상신고,화물,남,57세,상해없음
2016082300100204,2016년 8월 23일 11시,화요일,경상남도 창원시 성산구 상남동,중상사고,0,1,0,0,차대차 - 정면충돌,안전운전불이행,건조,맑음,기타 - 기타,승용,여,59세,상해없음,승용,여,51세,중상
2016082300100224,2016년 8월 23일 12시,화요일,경상남도 김해시 구산동,경상사고,0,0,1,0,차대차 - 기타,안전운전불이행,건조,맑음,기타 - 기타,승용,여,23세,상해없음,자전거,남,10세,경상
2016082300100225,2016년 8월 23일 12시,화요일,경상남도 창원시 마산합포구 산호동,경상사고,0,0,1,0,차대사람 - 횡단중,안전운전불이행,건조,맑음,교차로 - 교차로부근,이륜,남,36세,기타불명,보행자,여,7세,경상
2016082300100285,2016년 8월 23일 14시,화요일,경상남도 진주시 초전동,경상사고,0,0,1,0,차대차 - 측면직각충돌,안전운전불이행,건조,맑음,교차로 - 교차로안,화물,남,51세,상해없음,승용,여,41세,경상
2016082300100286,2016년 8월 23일 14시,화요일,경상남도 합천군 묘산면,경상사고,0,0,1,0,차량단독 - 공작물충돌,안전운전불이행,건조,맑음,단일로 - 기타,이륜,남,40세,경상,,,,
2016082300100287,2016년 8월 23일 14시,화요일,경상남도 거제시 옥포동,경상사고,0,0,2,0,차대차 - 기타,안전운전불이행,건조,맑음,단일로 - 기타,승용,남,57세,상해없음,승용,남,30세,경상
2016082300100318,2016년 8월 23일 15시,화요일,경상남도 창원시 마산합포구 예곡동,중상사고,0,1,0,0,차대차 - 추돌,안전거리미확보,건조,맑음,단일로 - 기타,화물,남,65세,상해없음,승용,남,42세,중상
2016082300100354,2016년 8월 23일 16시,화요일,경상남도 창원시 진해구 용원동,경상사고,0,0,1,0,차대차 - 측면충돌,보행자보호의무위반,건조,맑음,교차로 - 교차로안,승용,여,36세,상해없음,자전거,남,7세,경상
2016082300100355,2016년 8월 23일 16시,화요일,경상남도 통영시 무전동,경상사고,0,0,2,0,차대차 - 측면충돌,신호위반,건조,맑음,교차로 - 교차로안,승합,남,34세,상해없음,화물,남,60세,경상
2016082300100356,2016년 8월 23일 16시,화요일,경상남도 함양군 함양읍,중상사고,0,1,0,0,차대차 - 측면직각충돌,교차로운행방법위반,건조,맑음,교차로 - 교차로안,자전거,남,13세,중상,승용,여,57세,상해없음
2016082300100389,2016년 8월 23일 17시,화요일,경상남도 창원시 마산회원구 회원동,경상사고,0,0,2,0,차대차 - 측면직각충돌,안전운전불이행,건조,맑음,단일로 - 기타,승용,여,37세,상해없음,자전거,남,12세,경상
2016082300100429,2016년 8월 23일 18시,화요일,경상남도 통영시 미수동,중상사고,0,2,2,0,차대차 - 추돌,안전거리미확보,건조,맑음,단일로 - 기타,화물,남,26세,상해없음,승합,남,21세,경상
2016082300100430,2016년 8월 23일 18시,화요일,경상남도 고성군 고성읍,중상사고,0,2,1,0,차대차 - 측면직각충돌,교차로운행방법위반,건조,맑음,교차로 - 교차로안,승용,남,24세,상해없음,승용,여,60세,중상
2016082300100451,2016년 8월 23일 19시,화요일,경상남도 김해시 장유면,경상사고,0,0,1,0,차대차 - 측면직각충돌,안전운전불이행,건조,맑음,단일로 - 기타,승용,남,33세,경상,기타불명,기타불명,기타불명,기타불명
2016082300100475,2016년 8월 23일 19시,화요일,경상남도 창원시 성산구 상남동,중상사고,0,1,0,0,차대차 - 기타,안전운전불이행,건조,맑음,단일로 - 기타,승용,여,41세,상해없음,자전거,남,15세,중상
2016082300100541,2016년 8월 23일 21시,화요일,경상남도 김해시 장유면,중상사고,0,1,0,0,차대차 - 측면충돌,직진우회전진행방해,건조,맑음,교차로 - 교차로안,승용,여,31세,상해없음,이륜,남,18세,중상
2016082400100009,2016년 8월 24일 00시,수요일,경상남도 통영시 북신동,경상사고,0,0,1,0,차대사람 - 횡단중,안전운전불이행,건조,맑음,교차로 - 교차로부근,승용,남,69세,상해없음,보행자,남,54세,경상
2016082400100010,2016년 8월 24일 00시,수요일,경상남도 양산시 중부동,부상신고사고,0,0,0,1,차대차 - 정면충돌,안전운전불이행,건조,맑음,교차로 - 교차로부근,원동기,남,23세,부상신고,승합,남,56세,상해없음
2016082400100071,2016년 8월 24일 06시,수요일,경상남도 진주시 금산면,중상사고,0,1,0,0,차대차 - 측면직각충돌,안전운전불이행,건조,맑음,단일로 - 기타,화물,남,49세,상해없음,농기계,남,72세,중상
2016082400100072,2016년 8월 24일 06시,수요일,경상남도 진주시 상대동,중상사고,0,3,0,0,차대차 - 측면직각충돌,신호위반,건조,맑음,교차로 - 교차로안,특수,남,33세,상해없음,승용,남,29세,중상
2016082400100073,2016년 8월 24일 06시,수요일,경상남도 밀양시 단장면,중상사고,0,1,0,0,차대사람 - 기타,안전운전불이행,건조,맑음,단일로 - 기타,승용,남,59세,상해없음,보행자,여,84세,중상
2016082400100093,2016년 8월 24일 07시,수요일,경상남도 거제시 아주동,경상사고,0,0,1,0,차대차 - 기타,신호위반,건조,맑음,단일로 - 기타,승용,여,26세,상해없음,승합,남,46세,경상
2016082400100131,2016년 8월 24일 08시,수요일,경상남도 밀양시 무안면,경상사고,0,0,1,0,차대차 - 정면충돌,교차로운행방법위반,건조,맑음,교차로 - 교차로안,승용,여,35세,상해없음,자전거,남,83세,경상
2016082400100171,2016년 8월 24일 09시,수요일,경상남도 김해시 외동,경상사고,0,0,2,0,차대차 - 측면직각충돌,직진우회전진행방해,건조,맑음,교차로 - 교차로안,승용,여,47세,경상,승용,남,31세,상해없음
2016082400100172,2016년 8월 24일 09시,수요일,경상남도 합천군 합천읍,경상사고,0,0,1,0,차대차 - 정면충돌,교차로운행방법위반,건조,맑음,교차로 - 교차로안,승용,남,41세,상해없음,이륜,남,82세,경상
2016082400100173,2016년 8월 24일 09시,수요일,경상남도 창원시 성산구 반지동,중상사고,0,1,0,0,차대사람 - 횡단중,안전운전불이행,건조,맑음,단일로 - 기타,승용,여,44세,상해없음,보행자,여,29세,중상
2016082400100227,2016년 8월 24일 11시,수요일,경상남도 김해시 부원동,경상사고,0,0,1,0,차대차 - 측면직각충돌,중앙선침범,건조,맑음,단일로 - 기타,승용,남,67세,상해없음,승용,남,46세,경상
2016082400100228,2016년 8월 24일 11시,수요일,경상남도 함양군 안의면,경상사고,0,0,2,0,차대차 - 측면직각충돌,안전거리미확보,건조,맑음,단일로 - 기타,건설기계,남,65세,상해없음,승용,여,47세,경상
2016082400100229,2016년 8월 24일 11시,수요일,경상남도 거제시 아주동,경상사고,0,0,1,0,차대사람 - 기타,안전운전불이행,건조,맑음,기타 - 기타,승용,여,43세,상해없음,보행자,남,39세,경상
2016082400100267,2016년 8월 24일 12시,수요일,경상남도 창원시 진해구 남문동,중상사고,0,1,0,0,차대차 - 추돌,안전운전불이행,건조,맑음,단일로 - 기타,화물,남,45세,중상,승용,남,51세,기타불명
2016082400100268,2016년 8월 24일 12시,수요일,경상남도 김해시 생림면,중상사고,0,1,0,0,차대사람 - 횡단중,안전운전불이행,건조,맑음,단일로 - 기타,화물,남,34세,상해없음,보행자,남,81세,중상
2016082400100370,2016년 8월 24일 15시,수요일,경상남도 사천시 사천읍,중상사고,0,1,1,2,차대차 - 추돌,안전운전불이행,건조,맑음,단일로 - 기타,승용,여,63세,중상,승용,남,36세,부상신고
2016082400100371,2016년 8월 24일 15시,수요일,경상남도 김해시 어방동,경상사고,0,0,1,0,차대차 - 추돌,안전운전불이행,건조,맑음,단일로 - 기타,승용,남,21세,상해없음,승용,남,51세,경상
2016082400100372,2016년 8월 24일 15시,수요일,경상남도 김해시 내동,중상사고,0,1,0,0,차량단독 - 기타,안전운전불이행,건조,맑음,단일로 - 기타,승용,남,69세,상해없음,,,,
2016082400100373,2016년 8월 24일 15시,수요일,경상남도 창원시 성산구 웅남동,경상사고,0,0,1,0,차대차 - 측면직각충돌,신호위반,건조,맑음,단일로 - 기타,승용,남,67세,상해없음,승용,남,60세,경상
2016082400100374,2016년 8월 24일 15시,수요일,경상남도 창원시 마산회원구 양덕동,경상사고,0,0,1,0,차량단독 - 기타,안전운전불이행,건조,맑음,단일로 - 기타,승합,남,44세,상해없음,,,,
2016082400100402,2016년 8월 24일 16시,수요일,경상남도 양산시 명동,경상사고,0,0,1,0,차대차 - 기타,교차로운행방법위반,건조,맑음,교차로 - 교차로안,승용,여,40세,상해없음,자전거,남,14세,경상
2016082400100448,2016년 8월 24일 17시,수요일,경상남도 양산시 물금읍,경상사고,0,0,1,0,차대차 - 측면충돌,교차로운행방법위반,건조,맑음,교차로 - 교차로안,승용,남,42세,상해없음,승용,여,48세,경상
2016082400100449,2016년 8월 24일 17시,수요일,경상남도 거제시 고현동,중상사고,0,1,0,0,차대차 - 기타,안전운전불이행,건조,맑음,기타 - 기타,승용,남,39세,상해없음,이륜,남,59세,중상
2016082400100450,2016년 8월 24일 17시,수요일,경상남도 김해시 장유면,경상사고,0,0,3,0,차대차 - 측면충돌,안전운전불이행,건조,맑음,단일로 - 기타,승합,남,59세,상해없음,승용,여,26세,경상
2016082400100523,2016년 8월 24일 19시,수요일,경상남도 진주시 칠암동,경상사고,0,0,1,0,차대차 - 측면직각충돌,신호위반,건조,맑음,교차로 - 교차로부근,원동기,남,34세,상해없음,자전거,남,22세,경상
2016082400100524,2016년 8월 24일 19시,수요일,경상남도 창원시 마산회원구 내서읍,경상사고,0,0,1,0,차대사람 - 차도통행중,안전운전불이행,건조,맑음,교차로 - 교차로부근,승용,남,58세,상해없음,보행자,남,47세,경상
2016082400100525,2016년 8월 24일 19시,수요일,경상남도 김해시 진영읍,경상사고,0,0,1,0,차대차 - 측면충돌,안전거리미확보,건조,맑음,단일로 - 기타,승용,남,20세,상해없음,승용,남,22세,경상
2016082400100562,2016년 8월 24일 20시,수요일,경상남도 창원시 마산합포구 진전면,중상사고,0,1,0,0,차대사람 - 길가장자리구역통행중,안전운전불이행,건조,맑음,단일로 - 기타,기타불명,기타불명,기타불명,기타불명,보행자,남,67세,중상