사고번호,사고일시,요일,시군구,사고내용,사망자수,중상자수,경상자수,부상신고자수,사고유형,법규위반,노면상태,기상상태,도로형태,가해운전자 차종,가해운전자 성별,가해운전자 연령,가해운전자 상해정도,피해운전자 차종,피해운전자 성별,피해운전자 연령,피해운전자 상해정도
2016091400100107,2016년 9월 14일 06시,수요일,경상남도 김해시 대동면,중상사고,0,2,0,0,차대차 - 측면직각충돌,차로위반,건조,맑음,단일로 - 기타,승용,여,47세,상해없음,화물,남,61세,상해없음
2016091400100178,2016년 9월 14일 10시,수요일,경상남도 김해시 삼방동,경상사고,0,0,1,0,차대차 - 측면충돌,직진우회전진행방해,건조,맑음,교차로 - 교차로안,승용,여,47세,경상,승용,남,50세,상해없음
2016091400100179,2016년 9월 14일 10시,수요일,경상남도 창녕군 남지읍,중상사고,0,1,0,0,차대사람 - 횡단중,안전운전불이행,건조,맑음,교차로 - 교차로안,승용,여,57세,상해없음,보행자,여,73세,중상
2016091400100209,2016년 9월 14일 11시,수요일,경상남도 사천시 사남면,경상사고,0,0,1,0,차대차 - 정면충돌,신호위반,건조,맑음,교차로 - 교차로부근,이륜,남,16세,경상,승용,남,62세,상해없음
2016091400100210,2016년 9월 14일 11시,수요일,경상남도 창녕군 창녕읍,사망사고,1,0,0,0,차대차 - 기타,안전운전불이행,건조,맑음,교차로 - 교차로안,승용,남,27세,상해없음,원동기,남,71세,사망
2016091400100211,2016년 9월 14일 11시,수요일,경상남도 남해군 남해읍,중상사고,0,1,1,0,차대차 - 추돌,안전운전불이행,건조,맑음,단일로 - 기타,승합,남,52세,상해없음,승용,여,53세,중상
2016091400100259,2016년 9월 14일 13시,수요일,경상남도 창원시 마산회원구 구암동,중상사고,0,1,0,0,차대사람 - 횡단중,안전운전불이행,건조,맑음,교차로 - 교차로안,승용,여,37세,상해없음,보행자,남,81세,중상
2016091400100275,2016년 9월 14일 14시,수요일,경상남도 진주시 주약동,중상사고,0,2,0,0,차대차 - 측면직각충돌,신호위반,건조,맑음,교차로 - 교차로안,승용,남,32세,상해없음,승용,남,30세,중상
2016091400100303,2016년 9월 14일 15시,수요일,경상남도 사천시 동금동,부상신고사고,0,0,0,1,차대차 - 정면충돌,교차로운행방법위반,건조,맑음,교차로 - 교차로안,승용,여,43세,상해없음,이륜,남,76세,부상신고
2016091400100304,2016년 9월 14일 15시,수요일,경상남도 함안군 가야읍,경상사고,0,0,1,0,차대차 - 측면직각충돌,안전운전불이행,건조,맑음,교차로 - 교차로안,승용,여,46세,상해없음,승용,남,57세,경상
2016091400100329,2016년 9월 14일 16시,수요일,경상남도 진주시 봉곡동,경상사고,0,0,1,0,차대사람 - 횡단중,안전운전불이행,건조,맑음,교차로 - 교차로안,승용,남,48세,상해없음,보행자,남,6세,경상
2016091400100330,2016년 9월 14일 16시,수요일,경상남도 통영시 북신동,중상사고,0,1,0,0,차대차 - 측면직각충돌,교차로운행방법위반,건조,맑음,교차로 - 교차로안,승용,남,50세,상해없음,이륜,남,58세,중상
2016091400100331,2016년 9월 14일 16시,수요일,경상남도 창녕군 영산면,경상사고,0,0,1,0,차량단독 - 전도전복,안전운전불이행,건조,맑음,단일로 - 기타,원동기,남,71세,경상,,,,
2016091400100371,2016년 9월 14일 18시,수요일,경상남도 김해시 삼정동,경상사고,0,0,1,0,차대사람 - 횡단중,신호위반,건조,맑음,단일로 - 횡단보도상,기타불명,기타불명,기타불명,기타불명,보행자,남,75세,경상
2016091400100393,2016년 9월 14일 19시,수요일,경상남도 김해시 장유면,중상사고,0,2,0,0,차대사람 - 횡단중,보행자보호의무위반,건조,맑음,단일로 - 기타,승용,남,31세,상해없음,보행자,여,10세,중상
2016091400100413,2016년 9월 14일 20시,수요일,경상남도 사천시 사천읍,중상사고,0,2,1,0,차대차 - 추돌,안전운전불이행,건조,맑음,교차로 - 교차로부근,승용,남,45세,상해없음,승용,여,34세,경상
2016091400100414,2016년 9월 14일 20시,수요일,경상남도 합천군 가야면,경상사고,0,0,1,0,차대차 - 정면충돌,안전운전불이행,건조,맑음,교차로 - 교차로안,자전거,남,16세,경상,승용,남,56세,상해없음
2016091400100431,2016년 9월 14일 21시,수요일,경상남도 하동군 횡천면,사망사고,1,0,0,0,차대사람 - 횡단중,안전운전불이행,건조,맑음,단일로 - 횡단보도부근,승용,남,31세,상해없음,보행자,여,85세,사망
2016091400100449,2016년 9월 14일 22시,수요일,경상남도 김해시 지내동,경상사고,0,0,3,0,차대차 - 기타,안전운전불이행,건조,맑음,단일로 - 기타,승용,남,45세,상해없음,승용,남,46세,경상
2016091400100458,2016년 9월 14일 23시,수요일,경상남도 김해시 삼방동,경상사고,0,0,3,0,차대차 - 기타,안전운전불이행,건조,맑음,교차로 - 교차로안,승용,남,26세,경상,승용,남,59세,경상
2016091500100011,2016년 9월 15일 00시,목요일,경상남도 진주시 신안동,경상사고,0,0,1,0,차대사람 - 횡단중,안전운전불이행,건조,맑음,단일로 - 기타,이륜,남,17세,상해없음,보행자,남,43세,경상
2016091500100018,2016년 9월 15일 01시,목요일,경상남도 밀양시 삼문동,경상사고,0,0,1,0,차대사람 - 차도통행중,안전운전불이행,건조,맑음,교차로 - 교차로안,승용,남,44세,상해없음,보행자,여,29세,경상
2016091500100026,2016년 9월 15일 02시,목요일,경상남도 창원시 진해구 덕산동,중상사고,0,1,0,0,차량단독 - 전도전복,안전운전불이행,건조,맑음,단일로 - 기타,원동기,남,18세,상해없음,,,,
2016091500100048,2016년 9월 15일 05시,목요일,경상남도 김해시 외동,중상사고,0,1,0,0,차대사람 - 횡단중,안전운전불이행,건조,맑음,단일로 - 기타,승용,남,67세,상해없음,보행자,여,37세,중상
2016091500100077,2016년 9월 15일 09시,목요일,경상남도 창원시 의창구 소답동,경상사고,0,0,1,0,차대사람 - 횡단중,안전운전불이행,건조,맑음,교차로 - 교차로안,승용,남,42세,상해없음,보행자,남,52세,경상
2016091500100099,2016년 9월 15일 10시,목요일,경상남도 창녕군 고암면,경상사고,0,0,5,0,차대차 - 측면직각충돌,신호위반,건조,맑음,교차로 - 교차로안,승용,남,28세,경상,승용,남,60세,경상
2016091500100100,2016년 9월 15일 10시,목요일,경상남도 함안군 칠서면,경상사고,0,0,2,0,차대차 - 측면직각충돌,신호위반,건조,맑음,교차로 - 교차로안,승용,여,59세,상해없음,승용,남,58세,경상
2016091500100145,2016년 9월 15일 12시,목요일,경상남도 밀양시 상남면,사망사고,1,1,0,0,차량단독 - 공작물충돌,안전운전불이행,건조,맑음,단일로 - 기타,승용,남,59세,사망,,,,
2016091500100146,2016년 9월 15일 12시,목요일,경상남도 거제시 장평동,경상사고,0,0,2,0,차대차 - 추돌,안전거리미확보,건조,맑음,미분류 - 미분류,승용,남,52세,상해없음,승용,남,53세,경상
2016091500100204,2016년 9월 15일 14시,목요일,경상남도 창원시 마산합포구 해운동,경상사고,0,0,2,0,차대차 - 측면직각충돌,직진우회전진행방해,건조,맑음,교차로 - 교차로안,승용,남,28세,상해없음,승용,남,53세,상해없음
2016091500100205,2016년 9월 15일 14시,목요일,경상남도 거창군 거창읍,경상사고,0,0,1,0,차대차 - 추돌,안전운전불이행,건조,맑음,단일로 - 기타,승용,남,35세,상해없음,승용,여,43세,경상
2016091500100232,2016년 9월 15일 15시,목요일,경상남도 김해시 대동면,경상사고,0,0,4,0,차대차 - 기타,중앙선침범,건조,맑음,단일로 - 기타,승용,남,40세,상해없음,승합,남,44세,경상
2016091500100257,2016년 9월 15일 16시,목요일,경상남도 거창군 신원면,중상사고,0,2,0,0,차대차 - 측면충돌,기타,건조,맑음,교차로 - 교차로안,승용,남,44세,상해없음,승용,남,28세,중상
2016091500100286,2016년 9월 15일 18시,목요일,경상남도 함안군 칠북면,부상신고사고,0,0,0,1,차대차 - 기타,중앙선침범,건조,맑음,단일로 - 기타,승합,남,54세,상해없음,승용,남,45세,부상신고
2016091500100287,2016년 9월 15일 18시,목요일,경상남도 창원시 의창구 명서동,경상사고,0,0,1,0,차대차 - 측면충돌,안전운전불이행,건조,맑음,교차로 - 교차로부근,승용,남,30세,상해없음,승용,남,33세,경상
2016091500100308,2016년 9월 15일 19시,목요일,경상남도 창녕군 유어면,중상사고,0,1,4,0,차대차 - 추돌,중앙선침범,건조,맑음,단일로 - 기타,승용,남,66세,경상,화물,남,47세,중상
2016091500100329,2016년 9월 15일 20시,목요일,경상남도 의령군 의령읍,중상사고,0,1,0,0,차대사람 - 횡단중,안전운전불이행,건조,맑음,단일로 - 기타,승용,남,48세,상해없음,보행자,남,65세,중상
2016091500100346,2016년 9월 15일 21시,목요일,경상남도 거제시 아주동,사망사고,1,0,1,0,차량단독 - 전도전복,안전운전불이행,건조,흐림,교차로 - 교차로부근,승용,여,54세,경상,,,,
2016091500100373,2016년 9월 15일 23시,목요일,경상남도 진주시 하대동,중상사고,0,1,0,0,차대사람 - 기타,안전운전불이행,건조,맑음,교차로 - 교차로안,승용,남,42세,상해없음,보행자,남,31세,중상
2016091600100008,2016년 9월 16일 00시,금요일,경상남도 양산시 동면,경상사고,0,0,1,0,차대차 - 측면충돌,안전거리미확보,건조,맑음,단일로 - 기타,승용,여,41세,상해없음,승용,여,44세,경상
2016091600100009,2016년 9월 16일 00시,금요일,경상남도 고성군 마암면,사망사고,1,0,0,0,차대사람 - 횡단중,안전운전불이행,건조,맑음,단일로 - 횡단보도부근,승용,남,45세,상해없음,보행자,여,74세,사망
2016091600100018,2016년 9월 16일 01시,금요일,경상남도 함양군 함양읍,부상신고사고,0,0,0,1,차대차 - 측면직각충돌,안전운전불이행,건조,맑음,단일로 - 기타,이륜,남,36세,부상신고,승용,남,54세,기타불명
2016091600100021,2016년 9월 16일 02시,금요일,경상남도 김해시 주촌면,중상사고,0,2,0,0,차대차 - 추돌,안전운전불이행,건조,맑음,단일로 - 기타,승용,남,30세,상해없음,승용,남,51세,상해없음
2016091600100063,2016년 9월 16일 07시,금요일,경상남도 남해군 삼동면,경상사고,0,0,2,0,차량단독 - 공작물충돌,안전운전불이행,습기,비,단일로 - 기타,승용,남,28세,경상,,,,
2016091600100072,2016년 9월 16일 09시,금요일,경상남도 창녕군 부곡면,중상사고,0,1,1,0,차대차 - 기타,안전운전불이행,습기,비,교차로 - 교차로안,승용,남,26세,상해없음,승용,남,41세,상해없음
2016091600100082,2016년 9월 16일 10시,금요일,경상남도 양산시 동면,경상사고,0,0,2,0,차대차 - 기타,차로위반,건조,맑음,단일로 - 기타,기타불명,기타불명,기타불명,기타불명,승용,남,35세,경상
2016091600100111,2016년 9월 16일 11시,금요일,경상남도 양산시 덕계동,경상사고,0,0,1,0,차대사람 - 횡단중,안전운전불이행,건조,맑음,교차로 - 교차로안,승용,여,49세,상해없음,보행자,여,65세,경상
2016091600100137,2016년 9월 16일 12시,금요일,경상남도 밀양시 하남읍,중상사고,0,1,3,0,차대차 - 측면직각충돌,기타,습기,비,교차로 - 교차로부근,화물,남,64세,경상,승용,남,41세,중상
2016091600100138,2016년 9월 16일 12시,금요일,경상남도 창원시 의창구 도계동,중상사고,0,1,4,0,차대차 - 추돌,안전운전불이행,건조,맑음,단일로 - 기타,승용,남,22세,상해없음,승용,여,51세,경상
2016091600100160,2016년 9월 16일 13시,금요일,경상남도 남해군 고현면,중상사고,0,4,0,7,차대차 - 추돌,안전운전불이행,건조,맑음,교차로 - 교차로부근,승용,남,46세,부상신고,승용,남,42세,중상
2016091600100237,2016년 9월 16일 17시,금요일,경상남도 창원시 마산합포구 구산면,중상사고,0,2,3,0,차대차 - 정면충돌,안전운전불이행,건조,맑음,단일로 - 기타,승용,남,63세,중상,승용,남,38세,경상
2016091600100238,2016년 9월 16일 17시,금요일,경상남도 창원시 진해구 석동,중상사고,0,2,0,0,차량단독 - 공작물충돌,안전운전불이행,건조,흐림,단일로 - 터널,승용,남,22세,중상,,,,
2016091600100239,2016년 9월 16일 17시,금요일,경상남도 창녕군 계성면,중상사고,0,1,0,0,차대사람 - 길가장자리구역통행중,안전운전불이행,건조,맑음,단일로 - 기타,승용,여,49세,상해없음,보행자,남,49세,중상
2016091600100263,2016년 9월 16일 18시,금요일,경상남도 양산시 신기동,부상신고사고,0,0,0,1,차대차 - 측면충돌,중앙선침범,건조,맑음,단일로 - 기타,자전거,남,17세,부상신고,승용,여,44세,상해없음
2016091600100296,2016년 9월 16일 19시,금요일,경상남도 김해시 장유면,중상사고,0,1,0,0,차대차 - 측면충돌,신호위반,건조,맑음,교차로 - 교차로안,승용,남,63세,상해없음,원동기,남,22세,중상
2016091600100319,2016년 9월 16일 20시,금요일,경상남도 양산시 삼호동,중상사고,0,1,0,0,차대차 - 측면충돌,직진우회전진행방해,건조,흐림,교차로 - 교차로안,승용,남,46세,상해없음,원동기,남,38세,중상
2016091600100350,2016년 9월 16일 21시,금요일,경상남도 진주시 상대동,중상사고,0,1,1,0,차량단독 - 기타,안전운전불이행,건조,맑음,단일로 - 기타,승합,남,52세,상해없음,,,,
2016091600100397,2016년 9월 16일 23시,금요일,경상남도 사천시 축동면,경상사고,0,0,3,0,차대차 - 추돌,안전운전불이행,습기,비,교차로 - 교차로부근,승용,여,39세,경상,승용,남,36세,경상
2016091700100060,2016년 9월 17일 01시,토요일,경상남도 창녕군 영산면,중상사고,0,1,0,0,차대사람 - 횡단중,안전운전불이행,습기,비,단일로 - 기타,승용,남,29세,상해없음,보행자,남,21세,중상
2016091700100061,2016년 9월 17일 01시,토요일,경상남도 창원시 성산구 상남동,경상사고,0,0,2,0,차대사람 - 기타,안전운전불이행,기타,흐림,교차로 - 교차로안,승용,남,60세,상해없음,보행자,여,22세,경상
2016091700100078,2016년 9월 17일 02시,토요일,경상남도 진주시 초전동,중상사고,0,1,0,0,차량단독 - 전도전복,안전운전불이행,습기,비,교차로 - 교차로부근,승용,남,54세,중상,,,,
2016091700100099,2016년 9월 17일 03시,토요일,경상남도 진주시 정촌면,경상사고,0,0,1,0,차량단독 - 전도전복,안전운전불이행,습기,비,단일로 - 기타,승용,여,57세,상해없음,,,,
2016091700100123,2016년 9월 17일 05시,토요일,경상남도 진주시 호탄동,중상사고,0,1,0,0,차대사람 - 횡단중,보행자보호의무위반,습기,비,교차로 - 교차로부근,승용,남,59세,상해없음,보행자,여,77세,중상
2016091700100157,2016년 9월 17일 08시,토요일,경상남도 김해시 삼정동,중상사고,0,1,0,0,차대사람 - 기타,안전운전불이행,습기,비,단일로 - 기타,승용,남,56세,상해없음,보행자,남,45세,중상
2016091700100158,2016년 9월 17일 08시,토요일,경상남도 김해시 장유면,중상사고,0,1,0,0,차대차 - 기타,안전운전불이행,습기,비,단일로 - 기타,승용,남,29세,상해없음,화물,남,50세,중상
2016091700100185,2016년 9월 17일 09시,토요일,경상남도 창원시 마산합포구 완월동,경상사고,0,0,2,0,차대차 - 추돌,안전운전불이행,습기,비,기타 - 기타,승용,남,62세,상해없음,승용,여,46세,경상
2016091700100186,2016년 9월 17일 09시,토요일,경상남도 거제시 장승포동,사망사고,1,0,0,0,차량단독 - 전도전복,안전운전불이행,습기,비,기타 - 기타,승용,남,25세,사망,,,,
2016091700100205,2016년 9월 17일 10시,토요일,경상남도 김해시 지내동,중상사고,0,1,1,0,차대차 - 측면직각충돌,신호위반,습기,비,교차로 - 교차로안,승합,남,63세,경상,승용,남,49세,중상
2016091700100206,2016년 9월 17일 10시,토요일,경상남도 합천군 야로면,경상사고,0,0,3,0,차대차 - 정면충돌,안전운전불이행,습기,비,단일로 - 기타,특수,남,51세,상해없음,승용,남,54세,경상
2016091700100207,2016년 9월 17일 10시,토요일,경상남도 의령군 의령읍,중상사고,0,1,0,0,차대차 - 추돌,안전운전불이행,습기,비,단일로 - 기타,화물,남,75세,상해없음,화물,남,48세,기타불명
2016091700100219,2016년 9월 17일 11시,토요일,경상남도 창원시 진해구 원포동,중상사고,0,1,3,0,차대차 - 추돌,안전거리미확보,습기,비,기타 - 기타,화물,남,43세,상해없음,승합,여,43세,경상
2016091700100241,2016년 9월 17일 12시,토요일,경상남도 김해시 부원동,중상사고,0,1,3,0,차대차 - 측면직각충돌,신호위반,습기,비,교차로 - 교차로안,승용,남,25세,상해없음,승용,남,26세,중상
2016091700100242,2016년 9월 17일 12시,토요일,경상남도 김해시 외동,경상사고,0,0,1,0,차대차 - 정면충돌,중앙선침범,습기,비,단일로 - 기타,승용,남,27세,상해없음,승용,여,67세,경상
2016091700100273,2016년 9월 17일 13시,토요일,경상남도 밀양시 가곡동,경상사고,0,0,1,0,차대차 - 기타,안전거리미확보,습기,비,단일로 - 기타,승용,남,24세,상해없음,이륜,남,50세,경상
2016091700100302,2016년 9월 17일 14시,토요일,경상남도 진주시 가좌동,경상사고,0,0,2,0,차대차 - 측면직각충돌,중앙선침범,습기,비,단일로 - 기타,승용,남,67세,상해없음,승용,남,27세,경상
2016091700100324,2016년 9월 17일 15시,토요일,경상남도 창원시 진해구 용원동,경상사고,0,0,1,0,차대차 - 측면직각충돌,차로위반,습기,비,기타 - 기타,승용,남,54세,상해없음,이륜,남,34세,경상
2016091700100325,2016년 9월 17일 15시,토요일,경상남도 진주시 가좌동,중상사고,0,1,2,0,차대차 - 기타,안전운전불이행,습기,비,단일로 - 기타,승용,남,25세,중상,승용,남,34세,경상
2016091700100367,2016년 9월 17일 16시,토요일,경상남도 창원시 의창구 사림동,경상사고,0,0,1,0,차대차 - 기타,안전운전불이행,건조,맑음,교차로 - 교차로안,기타불명,기타불명,기타불명,기타불명,이륜,남,33세,경상
2016091700100399,2016년 9월 17일 17시,토요일,경상남도 양산시 물금읍,중상사고,0,1,0,0,차대사람 - 횡단중,신호위반,습기,비,교차로 - 교차로안,승용,여,51세,상해없음,보행자,남,46세,중상
2016091700100400,2016년 9월 17일 17시,토요일,경상남도 김해시 장유면,경상사고,0,0,1,0,차대차 - 추돌,안전운전불이행,습기,비,단일로 - 기타,승용,남,31세,상해없음,승용,남,25세,경상
2016091700100432,2016년 9월 17일 18시,토요일,경상남도 창녕군 창녕읍,경상사고,0,0,1,0,차대차 - 측면직각충돌,안전운전불이행,습기,비,교차로 - 교차로안,승용,남,49세,상해없음,승용,남,59세,경상
2016091700100433,2016년 9월 17일 18시,토요일,경상남도 고성군 개천면,사망사고,1,0,0,0,차대사람 - 길가장자리구역통행중,안전운전불이행,습기,비,단일로 - 기타,화물,여,60세,상해없음,보행자,여,73세,사망
2016091700100464,2016년 9월 17일 19시,토요일,경상남도 양산시 덕계동,경상사고,0,0,1,0,차대사람 - 횡단중,안전운전불이행,건조,맑음,교차로 - 교차로안,승용,남,55세,상해없음,보행자,여,54세,경상
2016091700100535,2016년 9월 17일 21시,토요일,경상남도 사천시 대방동,경상사고,0,0,1,0,차대차 - 측면직각충돌,직진우회전진행방해,습기,비,교차로 - 교차로안,승용,남,25세,상해없음,승용,남,55세,상해없음
2016091700100536,2016년 9월 17일 21시,토요일,경상남도 양산시 신기동,중상사고,0,1,0,0,차대차 - 측면충돌,안전거리미확보,건조,맑음,단일로 - 기타,승용,남,31세,상해없음,이륜,남,53세,중상
2016091700100537,2016년 9월 17일 21시,토요일,경상남도 창원시 의창구 팔용동,중상사고,0,1,5,0,차대차 - 추돌,안전운전불이행,습기,비,단일로 - 기타,승용,남,52세,상해없음,승용,남,46세,경상
2016091700100563,2016년 9월 17일 22시,토요일,경상남도 창원시 마산합포구 상남동,경상사고,0,0,3,1,차대차 - 추돌,안전운전불이행,습기,비,기타 - 기타,승용,남,56세,상해없음,화물,남,31세,경상
2016091700100564,2016년 9월 17일 22시,토요일,경상남도 진주시 상대동,중상사고,0,1,0,0,차대사람 - 횡단중,안전운전불이행,습기,비,단일로 - 기타,화물,남,62세,상해없음,보행자,여,45세,중상
2016091700100582,2016년 9월 17일 23시,토요일,경상남도 통영시 무전동,중상사고,0,1,0,0,차대사람 - 횡단중,안전운전불이행,습기,비,단일로 - 횡단보도상,승용,남,23세,상해없음,보행자,여,40세,중상
2016091700100583,2016년 9월 17일 23시,토요일,경상남도 양산시 평산동,중상사고,0,1,1,0,차대사람 - 횡단중,교차로운행방법위반,습기,비,교차로 - 교차로부근,승용,남,21세,상해없음,보행자,남,45세,경상
2016091700100584,2016년 9월 17일 23시,토요일,경상남도 거제시 옥포동,부상신고사고,0,0,0,1,차대사람 - 기타,안전운전불이행,습기,비,교차로 - 교차로안,기타불명,기타불명,기타불명,기타불명,보행자,남,31세,부상신고
2016091800100030,2016년 9월 18일 01시,일요일,경상남도 창원시 마산회원구 회성동,중상사고,0,1,0,0,차대차 - 측면충돌,안전운전불이행,습기,비,교차로 - 교차로부근,승용,남,60세,상해없음,승용,여,51세,중상
2016091800100044,2016년 9월 18일 02시,일요일,경상남도 진주시 신안동,경상사고,0,0,1,0,차대사람 - 횡단중,안전운전불이행,건조,맑음,단일로 - 기타,승용,남,24세,상해없음,보행자,남,33세,경상
2016091800100045,2016년 9월 18일 02시,일요일,경상남도 김해시 삼정동,경상사고,0,0,3,0,차대차 - 측면충돌,신호위반,습기,비,교차로 - 교차로안,승용,남,36세,경상,승용,여,56세,경상
2016091800100072,2016년 9월 18일 04시,일요일,경상남도 창원시 마산합포구 신포동2가,경상사고,0,0,1,0,차대사람 - 횡단중,안전운전불이행,습기,비,기타 - 기타,승용,남,64세,기타불명,보행자,남,59세,경상
2016091800100073,2016년 9월 18일 04시,일요일,경상남도 창원시 진해구 석동,경상사고,0,0,1,0,차대차 - 추돌,안전운전불이행,습기,비,기타 - 기타,건설기계,남,41세,상해없음,승용,여,51세,경상
2016091800100090,2016년 9월 18일 06시,일요일,경상남도 김해시 삼계동,경상사고,0,0,3,0,차대차 - 정면충돌,중앙선침범,습기,비,기타 - 기타,승용,남,68세,경상,승용,여,56세,경상
2016091800100098,2016년 9월 18일 07시,일요일,경상남도 창원시 성산구 양곡동,경상사고,0,0,1,0,차대차 - 정면충돌,신호위반,습기,비,교차로 - 교차로안,승용,남,21세,상해없음,승용,남,24세,경상
2016091800100143,2016년 9월 18일 10시,일요일,경상남도 의령군 의령읍,경상사고,0,0,2,0,차대사람 - 길가장자리구역통행중,교차로운행방법위반,습기,흐림,교차로 - 교차로안,승용,여,57세,상해없음,보행자,여,80세,경상
2016091800100144,2016년 9월 18일 10시,일요일,경상남도 창원시 마산회원구 양덕동,사망사고,1,0,0,0,차대차 - 측면직각충돌,안전운전불이행,건조,맑음,교차로 - 교차로부근,자전거,남,75세,사망,승용,남,49세,상해없음
2016091800100186,2016년 9월 18일 12시,일요일,경상남도 김해시 진영읍,경상사고,0,0,1,0,차대차 - 측면충돌,안전운전불이행,건조,맑음,교차로 - 교차로안,승용,남,22세,상해없음,승용,여,39세,경상
2016091800100224,2016년 9월 18일 14시,일요일,경상남도 통영시 북신동,중상사고,0,1,1,0,차대차 - 측면직각충돌,안전운전불이행,건조,맑음,교차로 - 교차로안,승용,남,60세,상해없음,승용,남,58세,경상
2016091800100225,2016년 9월 18일 14시,일요일,경상남도 사천시 동림동,중상사고,0,1,0,0,차대차 - 측면직각충돌,직진우회전진행방해,건조,흐림,교차로 - 교차로안,승용,남,54세,상해없음,자전거,여,53세,중상
2016091800100226,2016년 9월 18일 14시,일요일,경상남도 거제시 장평동,경상사고,0,0,2,0,차대차 - 추돌,안전운전불이행,건조,맑음,단일로 - 기타,승용,남,48세,상해없음,승용,남,30세,경상
2016091800100300,2016년 9월 18일 17시,일요일,경상남도 양산시 물금읍,중상사고,0,1,0,1,차대차 - 측면충돌,교차로운행방법위반,건조,맑음,교차로 - 교차로안,승용,남,25세,상해없음,승용,남,30세,부상신고
2016091800100317,2016년 9월 18일 18시,일요일,경상남도 창원시 마산합포구 월영동,경상사고,0,0,1,0,차대사람 - 횡단중,안전운전불이행,건조,흐림,단일로 - 기타,승용,여,52세,상해없음,보행자,남,56세,경상
2016091800100318,2016년 9월 18일 18시,일요일,경상남도 김해시 외동,경상사고,0,0,1,0,차대차 - 측면직각충돌,안전운전불이행,건조,맑음,교차로 - 교차로안,승용,여,55세,상해없음,이륜,남,20세,경상
2016091800100349,2016년 9월 18일 19시,일요일,경상남도 김해시 외동,중상사고,0,1,0,0,차대사람 - 횡단중,안전운전불이행,건조,흐림,단일로 - 기타,승용,여,45세,상해없음,보행자,여,45세,중상
2016091800100350,2016년 9월 18일 19시,일요일,경상남도 김해시 생림면,경상사고,0,0,1,0,차량단독 - 전도전복,안전운전불이행,습기,흐림,단일로 - 기타,승용,남,48세,경상,,,,
2016091800100371,2016년 9월 18일 20시,일요일,경상남도 진주시 옥봉동,사망사고,1,0,0,0,차대사람 - 기타,안전운전불이행,습기,흐림,교차로 - 교차로안,화물,남,54세,상해없음,보행자,남,70세,사망
2016091800100388,2016년 9월 18일 21시,일요일,경상남도 창원시 마산회원구 합성동,경상사고,0,0,1,0,차대차 - 측면충돌,안전운전불이행,건조,맑음,교차로 - 교차로부근,승용,남,57세,상해없음,자전거,남,18세,경상
2016091900100004,2016년 9월 19일 00시,월요일,경상남도 진주시 인사동,중상사고,0,1,0,0,차대차 - 정면충돌,중앙선침범,건조,맑음,단일로 - 기타,승용,남,22세,상해없음,이륜,남,18세,중상
2016091900100005,2016년 9월 19일 00시,월요일,경상남도 진주시 평거동,경상사고,0,0,1,0,차대사람 - 횡단중,안전운전불이행,건조,맑음,교차로 - 교차로안,승용,남,53세,상해없음,보행자,남,44세,경상
2016091900100033,2016년 9월 19일 05시,월요일,경상남도 김해시 주촌면,사망사고,1,0,0,0,차대사람 - 횡단중,안전운전불이행,건조,맑음,교차로 - 교차로부근,화물,남,45세,상해없음,보행자,남,69세,사망
2016091900100113,2016년 9월 19일 08시,월요일,경상남도 창원시 마산합포구 신포동2가,중상사고,0,1,0,0,차대사람 - 차도통행중,안전운전불이행,건조,맑음,단일로 - 기타,화물,남,51세,상해없음,보행자,여,64세,중상
2016091900100114,2016년 9월 19일 08시,월요일,경상남도 진주시 금곡면,중상사고,0,1,0,0,차대차 - 측면직각충돌,직진우회전진행방해,건조,맑음,교차로 - 교차로안,승용,남,51세,상해없음,승용,여,55세,중상
2016091900100115,2016년 9월 19일 08시,월요일,경상남도 사천시 벌리동,경상사고,0,0,1,2,차대차 - 추돌,직진우회전진행방해,건조,맑음,교차로 - 교차로안,승용,여,25세,경상,승용,여,44세,부상신고
2016091900100116,2016년 9월 19일 08시,월요일,경상남도 김해시 삼방동,경상사고,0,0,1,0,차대차 - 기타,안전운전불이행,건조,맑음,교차로 - 교차로안,승용,여,59세,상해없음,승용,남,35세,경상
2016091900100178,2016년 9월 19일 10시,월요일,경상남도 진주시 장대동,중상사고,0,1,0,0,차대사람 - 횡단중,안전운전불이행,건조,맑음,교차로 - 교차로안,화물,남,21세,상해없음,보행자,여,44세,중상
2016091900100209,2016년 9월 19일 11시,월요일,경상남도 거창군 주상면,경상사고,0,0,1,0,차대사람 - 횡단중,안전운전불이행,건조,맑음,단일로 - 기타,승용,여,62세,상해없음,보행자,여,75세,경상
2016091900100233,2016년 9월 19일 12시,월요일,경상남도 통영시 광도면,경상사고,0,0,1,0,차대차 - 측면직각충돌,신호위반,건조,맑음,교차로 - 교차로안,승합,남,63세,상해없음,승용,남,40세,경상
2016091900100234,2016년 9월 19일 12시,월요일,경상남도 창녕군 대지면,중상사고,0,1,0,0,차대차 - 기타,안전운전불이행,건조,맑음,교차로 - 교차로부근,화물,남,75세,기타불명,이륜,남,80세,중상
2016091900100235,2016년 9월 19일 12시,월요일,경상남도 함안군 가야읍,중상사고,0,1,0,0,차대사람 - 횡단중,안전운전불이행,건조,맑음,단일로 - 기타,화물,남,54세,상해없음,보행자,여,54세,중상