사고번호,사고일시,요일,시군구,사고내용,사망자수,중상자수,경상자수,부상신고자수,사고유형,법규위반,노면상태,기상상태,도로형태,가해운전자 차종,가해운전자 성별,가해운전자 연령,가해운전자 상해정도,피해운전자 차종,피해운전자 성별,피해운전자 연령,피해운전자 상해정도
2016092300100109,2016년 9월 23일 07시,금요일,경상남도 거제시 남부면,중상사고,0,1,0,0,차대차 - 기타,중앙선침범,건조,맑음,단일로 - 기타,화물,남,65세,상해없음,화물,남,60세,상해없음
2016092300100149,2016년 9월 23일 08시,금요일,경상남도 창원시 성산구 웅남동,경상사고,0,0,1,0,차대차 - 측면직각충돌,안전운전불이행,건조,맑음,단일로 - 기타,화물,남,59세,상해없음,승용,남,24세,경상
2016092300100191,2016년 9월 23일 09시,금요일,경상남도 진주시 장대동,경상사고,0,0,1,0,차대차 - 추돌,안전운전불이행,건조,맑음,교차로 - 교차로부근,승용,여,39세,상해없음,화물,남,34세,경상
2016092300100192,2016년 9월 23일 09시,금요일,경상남도 거창군 가조면,중상사고,0,1,0,0,차대차 - 측면충돌,안전운전불이행,건조,맑음,교차로 - 교차로안,승용,남,48세,상해없음,승용,여,48세,중상
2016092300100193,2016년 9월 23일 09시,금요일,경상남도 양산시 신기동,경상사고,0,0,1,0,차대차 - 정면충돌,안전운전불이행,건조,맑음,단일로 - 기타,승용,남,39세,상해없음,승용,여,30세,경상
2016092300100194,2016년 9월 23일 09시,금요일,경상남도 거제시 고현동,경상사고,0,0,1,0,차대차 - 측면직각충돌,안전운전불이행,건조,맑음,단일로 - 기타,승용,남,60세,상해없음,승용,남,30세,경상
2016092300100195,2016년 9월 23일 09시,금요일,경상남도 김해시 진영읍,경상사고,0,0,1,0,차대사람 - 기타,안전운전불이행,건조,맑음,단일로 - 기타,승용,남,51세,상해없음,보행자,남,83세,경상
2016092300100224,2016년 9월 23일 10시,금요일,경상남도 창원시 마산합포구 창포동2가,중상사고,0,1,0,0,차대사람 - 길가장자리구역통행중,안전운전불이행,건조,맑음,단일로 - 기타,승용,여,27세,상해없음,보행자,여,51세,중상
2016092300100225,2016년 9월 23일 10시,금요일,경상남도 진주시 평거동,중상사고,0,1,0,0,차량단독 - 전도전복,안전운전불이행,기타,맑음,단일로 - 기타,자전거,남,69세,중상,,,,
2016092300100256,2016년 9월 23일 11시,금요일,경상남도 김해시 진영읍,사망사고,1,0,0,0,차대차 - 추돌,안전운전불이행,건조,맑음,단일로 - 기타,건설기계,남,41세,상해없음,이륜,남,73세,사망
2016092300100344,2016년 9월 23일 14시,금요일,경상남도 김해시 상동면,중상사고,0,1,4,0,차대차 - 정면충돌,중앙선침범,건조,맑음,단일로 - 기타,승용,여,52세,경상,화물,남,56세,경상
2016092300100379,2016년 9월 23일 15시,금요일,경상남도 김해시 삼정동,중상사고,0,1,6,0,차대차 - 정면충돌,기타,건조,맑음,교차로 - 교차로안,화물,남,22세,경상,승합,남,39세,경상
2016092300100380,2016년 9월 23일 15시,금요일,경상남도 김해시 진례면,경상사고,0,0,1,0,차대차 - 측면직각충돌,안전운전불이행,건조,맑음,교차로 - 교차로안,승용,여,41세,상해없음,승용,남,53세,경상
2016092300100410,2016년 9월 23일 16시,금요일,경상남도 거제시 아주동,경상사고,0,0,1,0,차대차 - 측면충돌,교차로운행방법위반,건조,맑음,교차로 - 교차로안,이륜,남,52세,경상,승용,남,57세,상해없음
2016092300100450,2016년 9월 23일 17시,금요일,경상남도 사천시 서포면,경상사고,0,0,1,0,차대차 - 추돌,안전운전불이행,건조,맑음,단일로 - 기타,원동기,여,52세,경상,화물,남,63세,상해없음
2016092300100451,2016년 9월 23일 17시,금요일,경상남도 양산시 원동면,부상신고사고,0,0,0,1,차대차 - 정면충돌,안전운전불이행,건조,맑음,교차로 - 교차로부근,승용,남,50세,상해없음,승용,남,54세,부상신고
2016092300100452,2016년 9월 23일 17시,금요일,경상남도 거제시 두모동,중상사고,0,1,0,0,차대차 - 추돌,안전운전불이행,건조,맑음,단일로 - 기타,승용,남,56세,상해없음,승용,남,59세,상해없음
2016092300100495,2016년 9월 23일 18시,금요일,경상남도 밀양시 가곡동,경상사고,0,0,1,0,차대차 - 정면충돌,안전운전불이행,건조,맑음,단일로 - 기타,승용,남,69세,상해없음,자전거,남,84세,경상
2016092300100496,2016년 9월 23일 18시,금요일,경상남도 거제시 고현동,경상사고,0,0,1,0,차대사람 - 횡단중,보행자보호의무위반,건조,맑음,교차로 - 교차로안,승용,여,38세,상해없음,보행자,여,39세,경상
2016092300100537,2016년 9월 23일 19시,금요일,경상남도 김해시 삼계동,부상신고사고,0,0,0,1,차대차 - 기타,안전운전불이행,건조,맑음,단일로 - 기타,이륜,남,23세,상해없음,승용,남,48세,부상신고
2016092300100538,2016년 9월 23일 19시,금요일,경상남도 김해시 구산동,중상사고,0,1,0,0,차대차 - 측면직각충돌,안전운전불이행,건조,맑음,단일로 - 기타,승용,남,49세,상해없음,원동기,남,16세,중상
2016092300100567,2016년 9월 23일 20시,금요일,경상남도 창원시 성산구 천선동,부상신고사고,0,0,0,3,차대차 - 추돌,안전운전불이행,건조,맑음,단일로 - 기타,승용,여,40세,상해없음,승용,남,31세,부상신고
2016092300100613,2016년 9월 23일 21시,금요일,경상남도 김해시 생림면,중상사고,0,3,0,0,차대차 - 측면직각충돌,안전운전불이행,건조,맑음,단일로 - 기타,승용,여,51세,상해없음,승용,남,39세,중상
2016092400100041,2016년 9월 24일 02시,토요일,경상남도 창원시 마산합포구 해운동,경상사고,0,0,4,0,차대차 - 추돌,안전운전불이행,건조,맑음,교차로 - 교차로안,승용,남,65세,상해없음,승용,여,28세,경상
2016092400100083,2016년 9월 24일 06시,토요일,경상남도 창원시 마산합포구 신포동2가,중상사고,0,1,0,0,차대사람 - 횡단중,안전운전불이행,건조,맑음,교차로 - 교차로부근,승용,남,62세,상해없음,보행자,여,68세,중상
2016092400100084,2016년 9월 24일 06시,토요일,경상남도 사천시 용강동,경상사고,0,0,1,1,차대차 - 측면직각충돌,직진우회전진행방해,건조,맑음,교차로 - 교차로안,승용,남,71세,경상,승용,남,37세,상해없음
2016092400100120,2016년 9월 24일 08시,토요일,경상남도 창원시 마산회원구 봉암동,경상사고,0,0,1,0,차대차 - 기타,중앙선침범,건조,맑음,교차로 - 교차로부근,승용,남,23세,상해없음,승용,여,55세,경상
2016092400100186,2016년 9월 24일 10시,토요일,경상남도 함양군 함양읍,중상사고,0,1,0,0,차대차 - 기타,안전운전불이행,건조,맑음,교차로 - 교차로안,이륜,여,77세,중상,승용,남,45세,상해없음
2016092400100187,2016년 9월 24일 10시,토요일,경상남도 산청군 생비량면,중상사고,0,1,0,0,차대차 - 측면직각충돌,교차로운행방법위반,건조,맑음,교차로 - 교차로안,화물,남,47세,상해없음,승용,여,56세,중상
2016092400100188,2016년 9월 24일 10시,토요일,경상남도 창원시 의창구 팔용동,경상사고,0,0,1,0,차대차 - 측면충돌,안전운전불이행,건조,맑음,단일로 - 기타,승용,여,49세,상해없음,원동기,남,33세,경상
2016092400100201,2016년 9월 24일 11시,토요일,경상남도 김해시 삼정동,중상사고,0,1,0,1,차대차 - 추돌,안전운전불이행,건조,맑음,단일로 - 기타,화물,남,45세,중상,화물,남,47세,부상신고
2016092400100252,2016년 9월 24일 12시,토요일,경상남도 창녕군 장마면,중상사고,0,1,0,0,차대사람 - 기타,안전운전불이행,건조,맑음,단일로 - 기타,원동기,여,23세,상해없음,보행자,여,46세,중상
2016092400100290,2016년 9월 24일 13시,토요일,경상남도 진주시 상대동,중상사고,0,1,0,0,차대차 - 측면직각충돌,신호위반,건조,맑음,교차로 - 교차로안,승용,여,47세,상해없음,승용,여,41세,중상
2016092400100291,2016년 9월 24일 13시,토요일,경상남도 창녕군 창녕읍,부상신고사고,0,0,0,1,차대차 - 측면직각충돌,안전운전불이행,건조,맑음,교차로 - 교차로안,이륜,남,52세,부상신고,승용,남,52세,상해없음
2016092400100292,2016년 9월 24일 13시,토요일,경상남도 창원시 의창구 봉곡동,경상사고,0,0,4,0,차대차 - 측면직각충돌,직진우회전진행방해,건조,맑음,교차로 - 교차로안,승용,남,61세,상해없음,승용,여,35세,경상
2016092400100331,2016년 9월 24일 14시,토요일,경상남도 김해시 외동,경상사고,0,0,2,0,차대차 - 추돌,안전거리미확보,건조,맑음,단일로 - 기타,승용,남,36세,상해없음,승용,여,43세,경상
2016092400100372,2016년 9월 24일 15시,토요일,경상남도 거제시 장승포동,중상사고,0,1,2,0,차대차 - 기타,안전운전불이행,건조,맑음,단일로 - 기타,승용,남,64세,상해없음,승용,여,27세,경상
2016092400100373,2016년 9월 24일 15시,토요일,경상남도 김해시 진영읍,중상사고,0,1,0,0,차대차 - 측면충돌,차로위반,건조,맑음,단일로 - 기타,원동기,남,79세,중상,승용,여,57세,상해없음
2016092400100409,2016년 9월 24일 16시,토요일,경상남도 진주시 상평동,중상사고,0,1,0,0,차대사람 - 보도통행중,보행자보호의무위반,건조,맑음,단일로 - 기타,화물,남,35세,상해없음,보행자,여,88세,중상
2016092400100452,2016년 9월 24일 17시,토요일,경상남도 밀양시 삼문동,경상사고,0,0,1,0,차대차 - 측면충돌,안전운전불이행,건조,맑음,단일로 - 기타,승용,여,61세,상해없음,자전거,남,8세,경상
2016092400100453,2016년 9월 24일 17시,토요일,경상남도 합천군 합천읍,경상사고,0,0,1,0,차대차 - 측면충돌,교차로운행방법위반,건조,맑음,교차로 - 교차로부근,승용,남,61세,상해없음,자전거,남,35세,경상
2016092400100454,2016년 9월 24일 17시,토요일,경상남도 양산시 교동,중상사고,0,1,0,0,차대차 - 기타,안전거리미확보,건조,맑음,단일로 - 기타,승용,남,31세,상해없음,이륜,남,40세,중상
2016092400100493,2016년 9월 24일 18시,토요일,경상남도 창원시 진해구 이동,경상사고,0,0,1,0,차대사람 - 길가장자리구역통행중,안전운전불이행,건조,맑음,단일로 - 기타,기타불명,기타불명,기타불명,기타불명,보행자,남,11세,경상
2016092400100494,2016년 9월 24일 18시,토요일,경상남도 밀양시 내이동,경상사고,0,0,1,0,차대차 - 측면직각충돌,안전운전불이행,건조,맑음,교차로 - 교차로부근,화물,남,67세,상해없음,승용,여,27세,경상
2016092400100495,2016년 9월 24일 18시,토요일,경상남도 김해시 내동,경상사고,0,0,1,0,차대차 - 추돌,안전운전불이행,건조,맑음,교차로 - 교차로부근,승용,여,51세,상해없음,이륜,남,33세,경상
2016092400100496,2016년 9월 24일 18시,토요일,경상남도 창원시 의창구 사림동,경상사고,0,0,1,0,차대차 - 기타,신호위반,건조,맑음,교차로 - 교차로안,승용,남,56세,상해없음,이륜,남,27세,경상
2016092400100539,2016년 9월 24일 19시,토요일,경상남도 거창군 거창읍,경상사고,0,0,1,0,차대차 - 측면직각충돌,신호위반,건조,맑음,교차로 - 교차로안,자전거,남,89세,경상,승용,남,60세,상해없음
2016092400100540,2016년 9월 24일 19시,토요일,경상남도 거제시 장평동,경상사고,0,0,1,0,차대차 - 기타,중앙선침범,건조,맑음,교차로 - 교차로안,기타불명,기타불명,기타불명,기타불명,원동기,남,59세,경상
2016092400100573,2016년 9월 24일 20시,토요일,경상남도 창원시 마산합포구 우산동,경상사고,0,0,2,4,차대차 - 측면직각충돌,안전운전불이행,건조,맑음,교차로 - 교차로안,승용,남,40세,경상,승용,남,53세,부상신고
2016092400100574,2016년 9월 24일 20시,토요일,경상남도 통영시 광도면,경상사고,0,0,3,0,차대차 - 추돌,안전운전불이행,건조,맑음,교차로 - 교차로안,승용,남,22세,상해없음,승용,여,44세,경상
2016092400100575,2016년 9월 24일 20시,토요일,경상남도 창원시 의창구 팔용동,경상사고,0,0,1,0,차대차 - 측면직각충돌,안전운전불이행,건조,맑음,교차로 - 교차로안,승용,남,25세,상해없음,자전거,남,32세,경상
2016092400100576,2016년 9월 24일 20시,토요일,경상남도 김해시 장유면,중상사고,0,1,0,0,차대사람 - 횡단중,보행자보호의무위반,건조,맑음,단일로 - 횡단보도상,승용,남,23세,상해없음,보행자,남,7세,중상
2016092400100629,2016년 9월 24일 22시,토요일,경상남도 창원시 성산구 귀산동,경상사고,0,0,1,0,차대사람 - 차도통행중,안전운전불이행,건조,맑음,단일로 - 기타,승용,남,33세,상해없음,보행자,남,53세,경상
2016092400100630,2016년 9월 24일 22시,토요일,경상남도 창원시 의창구 두대동,중상사고,0,1,0,0,차대차 - 기타,안전운전불이행,건조,맑음,단일로 - 기타,승용,남,66세,상해없음,승용,남,64세,상해없음
2016092400100631,2016년 9월 24일 22시,토요일,경상남도 진주시 내동면,사망사고,1,0,1,0,차량단독 - 공작물충돌,안전운전불이행,건조,맑음,단일로 - 기타,승용,남,49세,상해없음,,,,
2016092400100655,2016년 9월 24일 23시,토요일,경상남도 창녕군 창녕읍,부상신고사고,0,0,0,1,차대차 - 기타,안전운전불이행,건조,맑음,단일로 - 기타,이륜,남,27세,부상신고,승용,남,68세,상해없음
2016092400100656,2016년 9월 24일 23시,토요일,경상남도 창녕군 부곡면,중상사고,0,1,0,0,차대차 - 정면충돌,중앙선침범,건조,맑음,단일로 - 기타,승합,남,46세,상해없음,화물,남,46세,중상
2016092500100013,2016년 9월 25일 00시,일요일,경상남도 창원시 의창구 동읍,사망사고,1,0,0,0,차량단독 - 전도전복,안전운전불이행,건조,맑음,단일로 - 기타,승용,남,29세,사망,,,,
2016092500100037,2016년 9월 25일 02시,일요일,경상남도 창원시 마산합포구 해운동,중상사고,0,1,0,0,차량단독 - 기타,안전운전불이행,건조,맑음,교차로 - 교차로부근,원동기,남,64세,중상,,,,
2016092500100038,2016년 9월 25일 02시,일요일,경상남도 창원시 의창구 명서동,경상사고,0,0,1,1,차대차 - 추돌,안전운전불이행,건조,맑음,교차로 - 교차로부근,승용,남,45세,상해없음,승용,여,23세,부상신고
2016092500100054,2016년 9월 25일 04시,일요일,경상남도 사천시 동금동,중상사고,0,1,0,0,차대차 - 측면직각충돌,신호위반,건조,맑음,교차로 - 교차로안,승용,여,40세,기타불명,원동기,남,72세,중상
2016092500100055,2016년 9월 25일 04시,일요일,경상남도 창원시 성산구 상남동,경상사고,0,0,1,0,차대사람 - 길가장자리구역통행중,안전운전불이행,건조,맑음,단일로 - 기타,승용,남,68세,상해없음,보행자,남,39세,경상
2016092500100068,2016년 9월 25일 05시,일요일,경상남도 통영시 인평동,경상사고,0,0,1,0,차대차 - 추돌,교차로운행방법위반,건조,맑음,교차로 - 교차로안,승용,남,29세,상해없음,승용,남,51세,경상
2016092500100069,2016년 9월 25일 05시,일요일,경상남도 김해시 진영읍,경상사고,0,0,4,0,차대차 - 측면충돌,교차로운행방법위반,건조,맑음,교차로 - 교차로안,승용,남,44세,상해없음,승용,여,39세,경상
2016092500100078,2016년 9월 25일 06시,일요일,경상남도 거제시 연초면,경상사고,0,0,1,0,차대차 - 기타,안전운전불이행,건조,맑음,단일로 - 기타,승용,남,72세,상해없음,승용,남,50세,경상
2016092500100091,2016년 9월 25일 07시,일요일,경상남도 창원시 의창구 봉곡동,경상사고,0,0,1,0,차대차 - 측면직각충돌,안전운전불이행,건조,맑음,단일로 - 기타,승용,남,23세,상해없음,승용,남,46세,기타불명
2016092500100114,2016년 9월 25일 09시,일요일,경상남도 김해시 장유면,중상사고,0,1,1,0,차대차 - 측면직각충돌,안전거리미확보,건조,맑음,단일로 - 기타,승합,남,62세,상해없음,승용,남,64세,경상
2016092500100195,2016년 9월 25일 12시,일요일,경상남도 밀양시 삼랑진읍,중상사고,0,1,0,0,차대차 - 기타,안전운전불이행,건조,맑음,단일로 - 기타,자전거,남,32세,중상,자전거,남,6세,상해없음
2016092500100196,2016년 9월 25일 12시,일요일,경상남도 양산시 물금읍,경상사고,0,0,1,0,차대차 - 기타,안전운전불이행,건조,맑음,단일로 - 기타,이륜,남,35세,상해없음,자전거,남,8세,경상
2016092500100197,2016년 9월 25일 12시,일요일,경상남도 고성군 마암면,중상사고,0,1,1,0,차대차 - 측면직각충돌,안전거리미확보,건조,맑음,단일로 - 기타,건설기계,남,64세,상해없음,승용,여,37세,경상
2016092500100226,2016년 9월 25일 13시,일요일,경상남도 통영시 도남동,경상사고,0,0,1,0,차대차 - 추돌,안전운전불이행,건조,맑음,단일로 - 기타,승용,남,46세,상해없음,화물,남,53세,경상
2016092500100259,2016년 9월 25일 14시,일요일,경상남도 하동군 북천면,경상사고,0,0,1,0,차대차 - 측면충돌,교차로운행방법위반,건조,맑음,교차로 - 교차로안,승용,남,42세,상해없음,이륜,남,45세,경상
2016092500100260,2016년 9월 25일 14시,일요일,경상남도 창원시 마산회원구 내서읍,중상사고,0,1,0,0,차대차 - 추돌,중앙선침범,건조,맑음,교차로 - 교차로부근,이륜,남,16세,상해없음,이륜,남,54세,중상
2016092500100304,2016년 9월 25일 15시,일요일,경상남도 창녕군 창녕읍,중상사고,0,1,1,0,차대차 - 추돌,안전운전불이행,건조,맑음,단일로 - 기타,이륜,남,30세,중상,승용,남,39세,경상
2016092500100305,2016년 9월 25일 15시,일요일,경상남도 함안군 군북면,경상사고,0,0,2,0,차대차 - 측면직각충돌,교차로운행방법위반,건조,맑음,교차로 - 교차로안,이륜,남,42세,경상,화물,남,68세,경상
2016092500100335,2016년 9월 25일 16시,일요일,경상남도 창원시 마산합포구 예곡동,경상사고,0,0,3,0,차대차 - 추돌,안전운전불이행,건조,맑음,기타 - 기타,승용,남,30세,상해없음,승용,남,65세,경상
2016092500100336,2016년 9월 25일 16시,일요일,경상남도 김해시 서상동,중상사고,0,1,0,0,차대차 - 측면직각충돌,안전운전불이행,건조,맑음,교차로 - 교차로안,이륜,남,57세,중상,승용,남,40세,상해없음
2016092500100356,2016년 9월 25일 17시,일요일,경상남도 창원시 진해구 이동,경상사고,0,0,1,0,차대차 - 측면충돌,교차로운행방법위반,건조,맑음,교차로 - 교차로안,승용,남,36세,상해없음,원동기,남,41세,경상
2016092500100392,2016년 9월 25일 18시,일요일,경상남도 합천군 가야면,중상사고,0,1,0,0,차대사람 - 횡단중,안전운전불이행,건조,맑음,단일로 - 기타,승용,여,58세,상해없음,보행자,남,56세,중상
2016092500100393,2016년 9월 25일 18시,일요일,경상남도 창원시 마산회원구 회원동,중상사고,0,1,0,0,차대사람 - 횡단중,보행자보호의무위반,건조,맑음,단일로 - 기타,승용,남,55세,상해없음,보행자,남,69세,중상
2016092500100427,2016년 9월 25일 19시,일요일,경상남도 통영시 무전동,경상사고,0,0,1,0,차대사람 - 차도통행중,안전운전불이행,건조,맑음,교차로 - 교차로안,승용,남,21세,상해없음,보행자,남,17세,경상
2016092500100460,2016년 9월 25일 20시,일요일,경상남도 합천군 합천읍,경상사고,0,0,1,0,차대차 - 정면충돌,안전운전불이행,건조,맑음,단일로 - 기타,자전거,남,13세,경상,승용,여,23세,상해없음
2016092500100461,2016년 9월 25일 20시,일요일,경상남도 거제시 상동동,중상사고,0,2,0,0,차대차 - 추돌,안전운전불이행,건조,맑음,기타 - 기타,승용,남,40세,상해없음,승용,여,49세,중상
2016092500100487,2016년 9월 25일 21시,일요일,경상남도 창원시 마산합포구 월남동3가,부상신고사고,0,0,0,1,차대사람 - 기타,안전운전불이행,건조,맑음,기타 - 기타,승합,남,45세,상해없음,보행자,여,63세,부상신고
2016092500100488,2016년 9월 25일 21시,일요일,경상남도 김해시 대성동,부상신고사고,0,0,0,1,차대차 - 기타,안전운전불이행,건조,맑음,단일로 - 기타,승용,여,40세,상해없음,자전거,남,49세,부상신고
2016092500100489,2016년 9월 25일 21시,일요일,경상남도 양산시 동면,중상사고,0,1,1,0,차대차 - 기타,안전거리미확보,건조,맑음,단일로 - 기타,승용,남,32세,기타불명,승용,남,57세,경상
2016092500100490,2016년 9월 25일 21시,일요일,경상남도 거제시 연초면,중상사고,0,2,8,0,차대차 - 추돌,안전운전불이행,건조,맑음,기타 - 기타,승용,남,41세,상해없음,승용,남,43세,경상
2016092500100510,2016년 9월 25일 22시,일요일,경상남도 양산시 용당동,사망사고,1,0,1,0,차대차 - 측면충돌,신호위반,건조,맑음,교차로 - 교차로안,승용,남,23세,상해없음,승용,남,61세,경상
2016092500100524,2016년 9월 25일 23시,일요일,경상남도 사천시 사남면,중상사고,0,1,0,0,차대차 - 측면충돌,신호위반,건조,맑음,교차로 - 교차로안,승용,남,38세,상해없음,승용,남,24세,중상
2016092600100007,2016년 9월 26일 00시,월요일,경상남도 거제시 고현동,경상사고,0,0,1,0,차대사람 - 보도통행중,기타,건조,맑음,단일로 - 기타,승용,남,32세,상해없음,보행자,남,29세,경상
2016092600100070,2016년 9월 26일 07시,월요일,경상남도 창원시 진해구 이동,경상사고,0,0,1,0,차대차 - 측면충돌,직진우회전진행방해,건조,맑음,교차로 - 교차로안,원동기,남,66세,경상,승용,여,55세,상해없음
2016092600100071,2016년 9월 26일 07시,월요일,경상남도 양산시 덕계동,경상사고,0,0,1,0,차대차 - 정면충돌,교차로운행방법위반,건조,맑음,교차로 - 교차로안,승용,남,44세,상해없음,이륜,남,56세,경상
2016092600100112,2016년 9월 26일 08시,월요일,경상남도 양산시 물금읍,경상사고,0,0,3,1,차대차 - 측면충돌,신호위반,건조,맑음,교차로 - 교차로안,화물,남,56세,부상신고,화물,남,49세,경상
2016092600100113,2016년 9월 26일 08시,월요일,경상남도 거제시 고현동,경상사고,0,0,1,0,차대차 - 측면충돌,안전운전불이행,건조,맑음,기타 - 기타,건설기계,남,33세,기타불명,승용,여,36세,경상
2016092600100114,2016년 9월 26일 08시,월요일,경상남도 창원시 의창구 사림동,중상사고,0,1,1,0,차대차 - 측면직각충돌,교차로운행방법위반,건조,맑음,교차로 - 교차로안,화물,남,56세,상해없음,승용,여,64세,중상
2016092600100115,2016년 9월 26일 08시,월요일,경상남도 창원시 의창구 동읍,경상사고,0,0,2,0,차대차 - 추돌,차로위반,건조,맑음,교차로 - 교차로안,승용,여,25세,상해없음,승합,여,47세,경상
2016092600100149,2016년 9월 26일 09시,월요일,경상남도 양산시 중부동,경상사고,0,0,1,0,차대사람 - 횡단중,안전운전불이행,습기,비,단일로 - 기타,승용,남,44세,상해없음,보행자,여,69세,경상
2016092600100207,2016년 9월 26일 11시,월요일,경상남도 창원시 진해구 충무동,중상사고,0,1,0,0,차대사람 - 차도통행중,안전운전불이행,건조,맑음,기타 - 기타,승용,여,39세,상해없음,보행자,여,79세,중상
2016092600100209,2016년 9월 26일 11시,월요일,경상남도 김해시 장유면,중상사고,0,1,0,0,차대차 - 기타,안전운전불이행,건조,맑음,교차로 - 교차로안,승용,남,53세,상해없음,화물,남,40세,상해없음
2016092600100239,2016년 9월 26일 12시,월요일,경상남도 진주시 초전동,중상사고,0,1,0,0,차대사람 - 횡단중,안전운전불이행,건조,맑음,교차로 - 교차로부근,승용,남,24세,상해없음,보행자,여,7세,중상
2016092600100240,2016년 9월 26일 12시,월요일,경상남도 거제시 남부면,경상사고,0,0,1,0,차대차 - 측면충돌,교차로운행방법위반,건조,맑음,교차로 - 교차로부근,승용,남,31세,상해없음,화물,남,62세,경상
2016092600100275,2016년 9월 26일 13시,월요일,경상남도 김해시 흥동,중상사고,0,1,0,0,차대차 - 추돌,안전운전불이행,건조,맑음,단일로 - 기타,이륜,남,67세,중상,화물,남,40세,상해없음
2016092600100318,2016년 9월 26일 14시,월요일,경상남도 사천시 노룡동,경상사고,0,0,1,0,차대차 - 추돌,안전운전불이행,습기,비,교차로 - 교차로부근,화물,남,75세,상해없음,승용,여,34세,경상
2016092600100319,2016년 9월 26일 14시,월요일,경상남도 거제시 장평동,경상사고,0,0,1,0,차대사람 - 횡단중,신호위반,건조,맑음,단일로 - 횡단보도상,승합,남,54세,상해없음,보행자,남,35세,경상
2016092600100320,2016년 9월 26일 14시,월요일,경상남도 창원시 의창구 팔용동,경상사고,0,0,1,0,차대차 - 추돌,안전거리미확보,습기,비,교차로 - 교차로안,화물,남,23세,상해없음,승용,남,36세,경상
2016092600100351,2016년 9월 26일 15시,월요일,경상남도 사천시 향촌동,경상사고,0,0,1,0,차대차 - 측면직각충돌,교차로운행방법위반,건조,흐림,교차로 - 교차로안,화물,남,51세,상해없음,승용,여,53세,경상
2016092600100399,2016년 9월 26일 16시,월요일,경상남도 진주시 진성면,경상사고,0,0,1,0,차대차 - 추돌,안전운전불이행,건조,흐림,단일로 - 기타,화물,남,56세,상해없음,승용,남,38세,경상
2016092600100400,2016년 9월 26일 16시,월요일,경상남도 사천시 벌리동,중상사고,0,1,0,0,차대사람 - 횡단중,안전운전불이행,건조,맑음,교차로 - 교차로안,화물,여,58세,상해없음,보행자,여,71세,중상
2016092600100401,2016년 9월 26일 16시,월요일,경상남도 창녕군 길곡면,중상사고,0,2,1,0,차대차 - 기타,중앙선침범,습기,비,단일로 - 기타,화물,남,63세,경상,승용,남,52세,중상
2016092600100402,2016년 9월 26일 16시,월요일,경상남도 창녕군 대지면,사망사고,1,0,0,0,차량단독 - 전도전복,안전운전불이행,습기,비,단일로 - 기타,농기계,여,64세,사망,,,,
2016092600100403,2016년 9월 26일 16시,월요일,경상남도 창원시 마산회원구 석전동,경상사고,0,0,1,0,차대사람 - 횡단중,안전운전불이행,건조,흐림,단일로 - 기타,승용,남,65세,상해없음,보행자,남,70세,경상
2016092600100433,2016년 9월 26일 17시,월요일,경상남도 밀양시 상동면,중상사고,0,1,0,0,차대차 - 측면직각충돌,안전운전불이행,습기,비,교차로 - 교차로안,농기계,남,76세,중상,승용,남,62세,상해없음
2016092600100434,2016년 9월 26일 17시,월요일,경상남도 김해시 삼계동,경상사고,0,0,2,0,차대차 - 측면직각충돌,차로위반,습기,흐림,단일로 - 기타,승용,남,28세,경상,승용,남,36세,경상
2016092600100435,2016년 9월 26일 17시,월요일,경상남도 양산시 물금읍,경상사고,0,0,1,0,차대차 - 기타,교차로운행방법위반,습기,비,교차로 - 교차로안,화물,남,75세,상해없음,승용,여,51세,경상
2016092600100475,2016년 9월 26일 18시,월요일,경상남도 거창군 거창읍,중상사고,0,3,1,0,차대차 - 측면충돌,안전운전불이행,습기,비,교차로 - 교차로안,화물,남,29세,경상,승용,남,84세,중상
2016092600100476,2016년 9월 26일 18시,월요일,경상남도 거창군 거창읍,경상사고,0,0,1,0,차대사람 - 횡단중,신호위반,습기,비,단일로 - 횡단보도상,원동기,남,18세,상해없음,보행자,남,12세,경상
2016092600100477,2016년 9월 26일 18시,월요일,경상남도 창원시 성산구 중앙동,중상사고,0,1,0,0,차대사람 - 횡단중,안전운전불이행,건조,맑음,교차로 - 교차로안,승용,남,53세,상해없음,보행자,여,22세,중상
2016092600100528,2016년 9월 26일 19시,월요일,경상남도 밀양시 가곡동,중상사고,0,1,0,0,차대사람 - 횡단중,보행자보호의무위반,습기,비,단일로 - 횡단보도상,승용,남,48세,상해없음,보행자,여,73세,중상
2016092600100529,2016년 9월 26일 19시,월요일,경상남도 창원시 의창구 동읍,중상사고,0,1,0,0,차대사람 - 횡단중,안전운전불이행,습기,비,교차로 - 교차로안,승용,남,33세,상해없음,보행자,여,59세,중상
2016092600100530,2016년 9월 26일 19시,월요일,경상남도 김해시 장유면,경상사고,0,0,1,0,차대차 - 측면충돌,안전운전불이행,건조,맑음,교차로 - 교차로안,승용,남,63세,상해없음,승용,여,42세,경상
2016092600100531,2016년 9월 26일 19시,월요일,경상남도 김해시 장유면,중상사고,0,1,1,0,차대차 - 정면충돌,안전운전불이행,건조,맑음,교차로 - 교차로안,승용,남,44세,경상,화물,남,40세,중상
2016092600100566,2016년 9월 26일 20시,월요일,경상남도 창원시 마산합포구 오동동,중상사고,0,1,0,0,차대사람 - 횡단중,보행자보호의무위반,습기,비,단일로 - 횡단보도상,화물,남,67세,상해없음,보행자,여,76세,중상
2016092600100567,2016년 9월 26일 20시,월요일,경상남도 통영시 서호동,중상사고,0,1,0,0,차대차 - 측면충돌,안전운전불이행,건조,맑음,교차로 - 교차로안,승용,여,47세,상해없음,이륜,남,19세,중상