사고번호,사고일시,요일,시군구,사고내용,사망자수,중상자수,경상자수,부상신고자수,사고유형,법규위반,노면상태,기상상태,도로형태,가해운전자 차종,가해운전자 성별,가해운전자 연령,가해운전자 상해정도,피해운전자 차종,피해운전자 성별,피해운전자 연령,피해운전자 상해정도
2016100300100495,2016년 10월 3일 20시,월요일,경상남도 진주시 옥봉동,중상사고,0,1,0,0,차대사람 - 횡단중,보행자보호의무위반,건조,맑음,교차로 - 교차로부근,승용,여,48세,상해없음,보행자,남,50세,중상
2016100300100564,2016년 10월 3일 23시,월요일,경상남도 창원시 의창구 동읍,중상사고,0,1,0,0,차대차 - 추돌,안전운전불이행,건조,맑음,단일로 - 기타,승용,남,62세,상해없음,이륜,남,29세,중상
2016100400100010,2016년 10월 4일 00시,화요일,경상남도 김해시 삼계동,중상사고,0,1,1,0,차대차 - 측면직각충돌,신호위반,건조,맑음,교차로 - 교차로안,이륜,남,17세,중상,승합,남,49세,상해없음
2016100400100038,2016년 10월 4일 04시,화요일,경상남도 창원시 마산회원구 회원동,중상사고,0,1,0,0,차대사람 - 횡단중,안전운전불이행,건조,맑음,교차로 - 교차로안,승용,여,54세,상해없음,보행자,남,62세,중상
2016100400100050,2016년 10월 4일 05시,화요일,경상남도 창원시 마산회원구 내서읍,중상사고,0,2,0,0,차대차 - 측면직각충돌,신호위반,건조,맑음,교차로 - 교차로안,화물,남,51세,상해없음,승용,여,44세,중상
2016100400100065,2016년 10월 4일 06시,화요일,경상남도 거제시 고현동,중상사고,0,1,0,0,차대사람 - 횡단중,보행자보호의무위반,건조,맑음,기타 - 기타,승용,남,39세,상해없음,보행자,남,78세,중상
2016100400100099,2016년 10월 4일 07시,화요일,경상남도 창원시 의창구 북면,경상사고,0,0,1,0,차대차 - 측면직각충돌,안전운전불이행,건조,맑음,단일로 - 기타,특수,남,53세,상해없음,자전거,남,37세,경상
2016100400100143,2016년 10월 4일 08시,화요일,경상남도 진주시 장재동,중상사고,0,1,0,0,차대사람 - 횡단중,보행자보호의무위반,건조,맑음,단일로 - 기타,승용,남,46세,상해없음,보행자,여,15세,중상
2016100400100186,2016년 10월 4일 09시,화요일,경상남도 창녕군 남지읍,경상사고,0,0,1,0,차대차 - 기타,신호위반,건조,맑음,교차로 - 교차로안,승용,남,60세,상해없음,원동기,남,83세,경상
2016100400100187,2016년 10월 4일 09시,화요일,경상남도 창원시 의창구 중동,경상사고,0,0,1,0,차대사람 - 차도통행중,안전운전불이행,건조,맑음,단일로 - 기타,승용,여,54세,상해없음,보행자,여,88세,경상
2016100400100218,2016년 10월 4일 10시,화요일,경상남도 고성군 상리면,경상사고,0,0,2,0,차대차 - 추돌,안전거리미확보,건조,맑음,교차로 - 교차로부근,화물,남,34세,상해없음,승용,남,55세,경상
2016100400100219,2016년 10월 4일 10시,화요일,경상남도 남해군 서면,중상사고,0,1,0,0,차대차 - 측면충돌,안전운전불이행,건조,맑음,교차로 - 교차로안,이륜,남,88세,중상,승용,여,39세,상해없음
2016100400100251,2016년 10월 4일 11시,화요일,경상남도 창원시 마산합포구 자산동,경상사고,0,0,1,0,차대차 - 기타,안전운전불이행,건조,맑음,단일로 - 기타,승용,남,65세,상해없음,자전거,남,78세,경상
2016100400100252,2016년 10월 4일 11시,화요일,경상남도 창원시 의창구 소답동,중상사고,0,1,0,0,차대사람 - 횡단중,안전운전불이행,건조,맑음,단일로 - 기타,승용,남,65세,상해없음,보행자,여,67세,중상
2016100400100283,2016년 10월 4일 12시,화요일,경상남도 진주시 판문동,중상사고,0,1,0,0,차대차 - 측면충돌,중앙선침범,건조,맑음,단일로 - 기타,승합,남,61세,상해없음,승용,여,43세,중상
2016100400100316,2016년 10월 4일 13시,화요일,경상남도 사천시 사남면,중상사고,0,1,0,0,차대차 - 정면충돌,신호위반,건조,맑음,교차로 - 교차로안,승용,남,63세,상해없음,승용,여,42세,중상
2016100400100317,2016년 10월 4일 13시,화요일,경상남도 사천시 동금동,중상사고,0,1,0,0,차대사람 - 횡단중,보행자보호의무위반,건조,맑음,교차로 - 교차로안,승용,여,44세,상해없음,보행자,남,69세,중상
2016100400100318,2016년 10월 4일 13시,화요일,경상남도 양산시 삼호동,중상사고,0,1,0,0,차대사람 - 횡단중,안전운전불이행,건조,맑음,단일로 - 기타,승용,남,23세,상해없음,보행자,여,75세,중상
2016100400100319,2016년 10월 4일 13시,화요일,경상남도 창원시 성산구 신촌동,중상사고,0,1,0,0,차대차 - 추돌,안전거리미확보,건조,맑음,교차로 - 교차로부근,화물,남,64세,상해없음,승용,여,39세,중상
2016100400100360,2016년 10월 4일 14시,화요일,경상남도 창원시 진해구 풍호동,경상사고,0,0,1,0,차대차 - 측면충돌,직진우회전진행방해,건조,맑음,교차로 - 교차로안,승용,여,63세,상해없음,승용,여,34세,경상
2016100400100390,2016년 10월 4일 15시,화요일,경상남도 통영시 도산면,중상사고,0,2,0,0,차대차 - 추돌,안전운전불이행,건조,맑음,단일로 - 기타,승용,남,49세,상해없음,승용,여,46세,중상
2016100400100391,2016년 10월 4일 15시,화요일,경상남도 창녕군 창녕읍,중상사고,0,1,0,0,차량단독 - 도로외이탈 - 추락,안전운전불이행,건조,맑음,단일로 - 기타,승용,남,64세,중상,,,,
2016100400100392,2016년 10월 4일 15시,화요일,경상남도 산청군 신등면,부상신고사고,0,0,0,1,차량단독 - 전도전복,안전운전불이행,건조,맑음,교차로 - 교차로안,농기계,여,67세,부상신고,,,,
2016100400100422,2016년 10월 4일 16시,화요일,경상남도 양산시 북부동,경상사고,0,0,1,0,차대차 - 측면충돌,중앙선침범,건조,맑음,교차로 - 교차로부근,승용,남,42세,상해없음,이륜,남,42세,경상
2016100400100423,2016년 10월 4일 16시,화요일,경상남도 함안군 군북면,중상사고,0,1,0,0,차대차 - 측면직각충돌,안전운전불이행,건조,맑음,단일로 - 기타,화물,남,50세,중상,특수,남,42세,상해없음
2016100400100465,2016년 10월 4일 17시,화요일,경상남도 창원시 마산합포구 구산면,중상사고,0,1,1,0,차대차 - 기타,중앙선침범,건조,맑음,단일로 - 기타,승용,남,75세,상해없음,승용,남,71세,중상
2016100400100466,2016년 10월 4일 17시,화요일,경상남도 통영시 광도면,경상사고,0,0,1,0,차대사람 - 횡단중,안전운전불이행,건조,맑음,단일로 - 횡단보도상,승용,남,48세,상해없음,보행자,남,7세,경상
2016100400100467,2016년 10월 4일 17시,화요일,경상남도 거제시 수월동,중상사고,0,1,0,0,차대사람 - 횡단중,안전운전불이행,건조,맑음,단일로 - 기타,승용,여,54세,상해없음,보행자,여,60세,중상
2016100400100518,2016년 10월 4일 18시,화요일,경상남도 진주시 상대동,중상사고,0,1,0,0,차대사람 - 횡단중,보행자보호의무위반,건조,맑음,교차로 - 교차로안,승용,남,65세,상해없음,보행자,남,66세,중상
2016100400100519,2016년 10월 4일 18시,화요일,경상남도 밀양시 삼랑진읍,중상사고,0,1,0,0,차대사람 - 횡단중,안전운전불이행,건조,맑음,단일로 - 기타,승용,남,53세,상해없음,보행자,여,57세,중상
2016100400100573,2016년 10월 4일 19시,화요일,경상남도 김해시 내동,경상사고,0,0,2,0,차대차 - 추돌,안전거리미확보,건조,맑음,교차로 - 교차로부근,승용,남,58세,상해없음,승용,남,42세,경상
2016100400100574,2016년 10월 4일 19시,화요일,경상남도 합천군 대병면,사망사고,1,0,0,0,차대사람 - 횡단중,안전운전불이행,건조,맑음,단일로 - 기타,승용,남,35세,상해없음,보행자,여,81세,사망
2016100400100575,2016년 10월 4일 19시,화요일,경상남도 함안군 군북면,사망사고,1,0,0,0,차대사람 - 기타,안전운전불이행,건조,맑음,교차로 - 교차로부근,화물,남,57세,상해없음,보행자,여,76세,사망
2016100400100635,2016년 10월 4일 21시,화요일,경상남도 통영시 도산면,경상사고,0,0,1,0,차량단독 - 전도전복,안전운전불이행,건조,맑음,단일로 - 기타,이륜,남,52세,경상,,,,
2016100400100636,2016년 10월 4일 21시,화요일,경상남도 양산시 동면,경상사고,0,0,1,0,차대차 - 측면충돌,교차로운행방법위반,건조,흐림,교차로 - 교차로안,승용,남,44세,상해없음,승용,여,44세,경상
2016100400100637,2016년 10월 4일 21시,화요일,경상남도 양산시 평산동,경상사고,0,0,1,0,차대차 - 측면충돌,신호위반,건조,맑음,단일로 - 횡단보도상,승용,남,71세,상해없음,자전거,남,33세,경상
2016100400100663,2016년 10월 4일 22시,화요일,경상남도 양산시 다방동,중상사고,0,3,0,0,차대사람 - 횡단중,안전운전불이행,습기,비,교차로 - 교차로부근,승용,여,42세,상해없음,보행자,남,21세,중상
2016100400100677,2016년 10월 4일 23시,화요일,경상남도 통영시 명정동,중상사고,0,1,0,0,차대차 - 측면충돌,안전운전불이행,습기,비,단일로 - 기타,승용,여,38세,상해없음,승용,남,47세,상해없음
2016100400100678,2016년 10월 4일 23시,화요일,경상남도 함안군 가야읍,경상사고,0,0,1,0,차대사람 - 횡단중,안전운전불이행,습기,비,교차로 - 교차로부근,승용,남,40세,상해없음,보행자,남,63세,경상
2016100400100679,2016년 10월 4일 23시,화요일,경상남도 창원시 성산구 사파동,중상사고,0,2,0,0,차대차 - 측면충돌,차로위반,습기,비,단일로 - 기타,승용,남,58세,상해없음,화물,남,22세,중상
2016100500100025,2016년 10월 5일 01시,수요일,경상남도 거제시 수월동,사망사고,1,0,1,0,차대차 - 측면충돌,신호위반,습기,비,교차로 - 교차로안,승용,여,51세,상해없음,이륜,남,18세,사망
2016100500100036,2016년 10월 5일 02시,수요일,경상남도 창원시 의창구 신월동,중상사고,0,1,0,0,차대사람 - 횡단중,보행자보호의무위반,건조,맑음,교차로 - 교차로안,승용,남,54세,상해없음,보행자,남,25세,중상
2016100500100051,2016년 10월 5일 03시,수요일,경상남도 창원시 마산합포구 상남동,중상사고,0,2,0,0,차대차 - 정면충돌,신호위반,습기,비,교차로 - 교차로안,승용,남,59세,상해없음,화물,남,43세,중상
2016100500100052,2016년 10월 5일 03시,수요일,경상남도 창원시 마산회원구 내서읍,경상사고,0,0,1,0,차대차 - 측면충돌,신호위반,습기,비,교차로 - 교차로안,승용,여,69세,상해없음,승용,남,60세,경상
2016100500100083,2016년 10월 5일 05시,수요일,경상남도 양산시 북정동,경상사고,0,0,1,0,차대차 - 추돌,안전운전불이행,습기,비,교차로 - 교차로부근,승용,남,34세,상해없음,승용,남,77세,경상
2016100500100095,2016년 10월 5일 06시,수요일,경상남도 창원시 성산구 상남동,경상사고,0,0,2,0,차대차 - 측면충돌,안전운전불이행,건조,맑음,교차로 - 교차로안,승용,남,52세,상해없음,승용,남,57세,경상
2016100500100120,2016년 10월 5일 07시,수요일,경상남도 창원시 마산합포구 진동면,중상사고,0,2,0,0,차대차 - 정면충돌,안전운전불이행,습기,비,단일로 - 기타,승용,남,23세,중상,화물,남,63세,중상
2016100500100121,2016년 10월 5일 07시,수요일,경상남도 남해군 남해읍,중상사고,0,2,0,1,차대차 - 정면충돌,중앙선침범,습기,비,단일로 - 기타,승용,남,43세,중상,승합,남,35세,상해없음
2016100500100122,2016년 10월 5일 07시,수요일,경상남도 의령군 의령읍,중상사고,0,1,0,0,차대사람 - 횡단중,안전운전불이행,습기,비,단일로 - 기타,승용,남,70세,상해없음,보행자,여,70세,중상
2016100500100161,2016년 10월 5일 08시,수요일,경상남도 거제시 연초면,중상사고,0,1,1,0,차대차 - 추돌,안전운전불이행,습기,비,단일로 - 기타,승용,남,26세,상해없음,승용,남,48세,중상
2016100500100190,2016년 10월 5일 09시,수요일,경상남도 진주시 상대동,중상사고,0,1,0,0,차대차 - 정면충돌,신호위반,건조,맑음,교차로 - 교차로안,승용,남,77세,상해없음,승용,여,56세,중상
2016100500100191,2016년 10월 5일 09시,수요일,경상남도 함안군 가야읍,중상사고,0,1,0,0,차대사람 - 횡단중,안전운전불이행,습기,비,단일로 - 횡단보도부근,승용,남,23세,상해없음,보행자,여,80세,중상
2016100500100245,2016년 10월 5일 11시,수요일,경상남도 창원시 마산회원구 석전동,중상사고,0,1,0,0,차대차 - 측면직각충돌,신호위반,건조,맑음,교차로 - 교차로안,승용,남,58세,상해없음,승용,남,36세,중상
2016100500100273,2016년 10월 5일 12시,수요일,경상남도 창원시 의창구 대원동,경상사고,0,0,5,0,차대차 - 추돌,안전운전불이행,습기,비,단일로 - 기타,승용,남,63세,상해없음,승용,여,29세,경상
2016100500100296,2016년 10월 5일 13시,수요일,경상남도 거제시 옥포동,경상사고,0,0,2,0,차대차 - 측면충돌,안전운전불이행,건조,맑음,교차로 - 교차로안,승용,여,45세,상해없음,승용,여,56세,경상
2016100500100337,2016년 10월 5일 14시,수요일,경상남도 창원시 마산회원구 양덕동,중상사고,0,1,1,0,차대차 - 기타,안전운전불이행,건조,맑음,교차로 - 교차로부근,승용,남,69세,상해없음,이륜,남,49세,중상
2016100500100377,2016년 10월 5일 15시,수요일,경상남도 산청군 신등면,중상사고,0,1,0,0,차대차 - 측면직각충돌,교차로운행방법위반,건조,맑음,교차로 - 교차로안,화물,남,59세,상해없음,자전거,남,87세,중상
2016100500100422,2016년 10월 5일 16시,수요일,경상남도 함안군 가야읍,경상사고,0,0,2,0,차대차 - 측면직각충돌,신호위반,건조,맑음,교차로 - 교차로안,승용,여,53세,상해없음,승용,남,30세,경상
2016100500100462,2016년 10월 5일 17시,수요일,경상남도 창원시 마산합포구 진동면,중상사고,0,1,0,0,차대차 - 측면충돌,안전운전불이행,습기,맑음,교차로 - 교차로부근,자전거,남,11세,중상,승용,여,51세,상해없음
2016100500100463,2016년 10월 5일 17시,수요일,경상남도 진주시 명석면,경상사고,0,0,1,0,차대차 - 기타,교차로운행방법위반,건조,맑음,교차로 - 교차로안,화물,남,59세,상해없음,승용,남,28세,경상
2016100500100464,2016년 10월 5일 17시,수요일,경상남도 양산시 하북면,중상사고,0,1,0,0,차대차 - 기타,교차로운행방법위반,건조,맑음,교차로 - 교차로안,농기계,남,69세,상해없음,승용,여,66세,상해없음
2016100500100516,2016년 10월 5일 18시,수요일,경상남도 김해시 봉황동,중상사고,0,1,0,0,차대차 - 기타,신호위반,건조,맑음,교차로 - 교차로안,승용,남,46세,상해없음,원동기,남,38세,중상
2016100500100563,2016년 10월 5일 19시,수요일,경상남도 창원시 진해구 자은동,중상사고,0,1,0,0,차대차 - 측면충돌,기타,건조,맑음,기타 - 기타,원동기,남,41세,중상,승용,남,47세,상해없음
2016100500100564,2016년 10월 5일 19시,수요일,경상남도 양산시 상북면,중상사고,0,3,3,0,차량단독 - 공작물충돌,안전운전불이행,습기,비,교차로 - 교차로부근,승용,남,28세,경상,,,,
2016100500100600,2016년 10월 5일 20시,수요일,경상남도 거창군 거창읍,경상사고,0,0,1,0,차대사람 - 기타,안전운전불이행,건조,맑음,교차로 - 교차로안,원동기,남,37세,상해없음,보행자,남,28세,경상
2016100500100624,2016년 10월 5일 21시,수요일,경상남도 창원시 마산합포구 해운동,경상사고,0,0,1,0,차대차 - 측면충돌,직진우회전진행방해,건조,흐림,교차로 - 교차로안,승용,남,36세,상해없음,승용,여,59세,경상
2016100500100625,2016년 10월 5일 21시,수요일,경상남도 통영시 무전동,경상사고,0,0,2,0,차대차 - 측면직각충돌,중앙선침범,건조,맑음,단일로 - 기타,화물,남,43세,상해없음,승용,남,24세,경상
2016100500100626,2016년 10월 5일 21시,수요일,경상남도 김해시 장유면,중상사고,0,1,0,0,차대사람 - 기타,신호위반,건조,맑음,단일로 - 횡단보도상,승합,남,63세,상해없음,보행자,여,66세,중상
2016100500100653,2016년 10월 5일 22시,수요일,경상남도 거제시 장승포동,중상사고,0,1,0,0,차대사람 - 횡단중,안전운전불이행,건조,맑음,단일로 - 기타,승용,여,48세,상해없음,보행자,남,44세,중상
2016100500100654,2016년 10월 5일 22시,수요일,경상남도 창원시 성산구 완암동,중상사고,0,1,1,0,차대차 - 기타,안전운전불이행,건조,맑음,단일로 - 기타,승용,남,43세,상해없음,승용,남,50세,중상
2016100500100655,2016년 10월 5일 22시,수요일,경상남도 김해시 장유면,경상사고,0,0,2,0,차대차 - 추돌,안전운전불이행,습기,비,단일로 - 기타,승용,남,52세,상해없음,승용,남,42세,기타불명
2016100600100060,2016년 10월 6일 04시,목요일,경상남도 진주시 옥봉동,중상사고,0,1,0,0,차대사람 - 기타,안전운전불이행,건조,맑음,단일로 - 기타,승용,남,58세,상해없음,보행자,남,48세,중상
2016100600100101,2016년 10월 6일 07시,목요일,경상남도 김해시 장유면,경상사고,0,0,1,0,차대차 - 측면직각충돌,신호위반,건조,맑음,교차로 - 교차로안,승용,여,59세,상해없음,승용,남,33세,경상
2016100600100117,2016년 10월 6일 08시,목요일,경상남도 김해시 어방동,중상사고,0,1,0,0,차대차 - 측면직각충돌,안전거리미확보,건조,맑음,단일로 - 기타,승용,남,45세,상해없음,승용,남,41세,중상
2016100600100140,2016년 10월 6일 08시,목요일,경상남도 김해시 삼계동,중상사고,0,1,0,0,차대차 - 측면직각충돌,차로위반,건조,맑음,단일로 - 기타,이륜,남,74세,중상,승용,여,29세,상해없음
2016100600100141,2016년 10월 6일 08시,목요일,경상남도 거제시 옥포동,중상사고,0,6,5,1,차대차 - 추돌,안전운전불이행,습기,맑음,단일로 - 기타,특수,남,55세,중상,승용,여,51세,중상
2016100600100208,2016년 10월 6일 10시,목요일,경상남도 밀양시 내이동,경상사고,0,0,1,0,차대차 - 정면충돌,안전운전불이행,건조,맑음,교차로 - 교차로안,승용,여,35세,상해없음,승용,여,61세,경상
2016100600100209,2016년 10월 6일 10시,목요일,경상남도 김해시 어방동,중상사고,0,1,0,0,차대차 - 측면직각충돌,차로위반,건조,맑음,단일로 - 기타,승용,남,59세,상해없음,승용,남,68세,중상
2016100600100210,2016년 10월 6일 10시,목요일,경상남도 의령군 의령읍,경상사고,0,0,1,0,차대차 - 측면직각충돌,안전거리미확보,건조,맑음,단일로 - 기타,이륜,남,75세,경상,승용,남,64세,상해없음
2016100600100236,2016년 10월 6일 11시,목요일,경상남도 양산시 동면,경상사고,0,0,1,0,차대사람 - 횡단중,신호위반,건조,맑음,교차로 - 교차로부근,승용,남,80세,상해없음,보행자,남,65세,경상
2016100600100278,2016년 10월 6일 12시,목요일,경상남도 산청군 산청읍,경상사고,0,0,1,0,차대사람 - 횡단중,안전운전불이행,건조,맑음,단일로 - 기타,승용,남,47세,상해없음,보행자,여,59세,경상
2016100600100306,2016년 10월 6일 13시,목요일,경상남도 창원시 성산구 상남동,경상사고,0,0,1,0,차대사람 - 기타,안전운전불이행,건조,맑음,단일로 - 기타,기타불명,기타불명,기타불명,기타불명,보행자,여,45세,경상
2016100600100340,2016년 10월 6일 14시,목요일,경상남도 밀양시 삼문동,경상사고,0,0,1,0,차대차 - 추돌,안전거리미확보,건조,맑음,교차로 - 교차로부근,승용,남,59세,상해없음,승용,남,28세,경상
2016100600100341,2016년 10월 6일 14시,목요일,경상남도 함양군 함양읍,중상사고,0,1,0,0,차대사람 - 횡단중,안전운전불이행,건조,맑음,교차로 - 교차로부근,특수,남,43세,상해없음,보행자,여,85세,중상
2016100600100342,2016년 10월 6일 14시,목요일,경상남도 창원시 성산구 대방동,경상사고,0,0,1,0,차대차 - 기타,안전운전불이행,건조,맑음,교차로 - 교차로부근,화물,남,58세,상해없음,승용,여,40세,경상
2016100600100343,2016년 10월 6일 14시,목요일,경상남도 창원시 의창구 팔용동,경상사고,0,0,2,0,차대차 - 추돌,안전운전불이행,건조,맑음,단일로 - 기타,화물,남,65세,상해없음,승용,여,34세,경상
2016100600100385,2016년 10월 6일 15시,목요일,경상남도 거제시 고현동,중상사고,0,1,1,0,차대사람 - 횡단중,보행자보호의무위반,건조,맑음,단일로 - 횡단보도상,승용,남,40세,상해없음,보행자,여,57세,중상
2016100600100424,2016년 10월 6일 16시,목요일,경상남도 밀양시 내이동,경상사고,0,0,2,0,차대차 - 추돌,안전운전불이행,건조,맑음,단일로 - 기타,승용,남,56세,상해없음,승용,남,48세,경상
2016100600100425,2016년 10월 6일 16시,목요일,경상남도 하동군 하동읍,경상사고,0,0,1,0,차대차 - 측면충돌,안전운전불이행,건조,맑음,단일로 - 기타,화물,남,39세,상해없음,자전거,남,13세,경상
2016100600100512,2016년 10월 6일 18시,목요일,경상남도 창원시 진해구 용원동,경상사고,0,0,1,0,차대차 - 측면충돌,중앙선침범,건조,맑음,기타 - 기타,화물,남,30세,상해없음,이륜,남,24세,경상
2016100600100513,2016년 10월 6일 18시,목요일,경상남도 김해시 부원동,중상사고,0,1,0,0,차대차 - 기타,안전거리미확보,건조,맑음,단일로 - 기타,승용,남,43세,상해없음,원동기,남,36세,중상
2016100600100514,2016년 10월 6일 18시,목요일,경상남도 합천군 용주면,중상사고,0,1,0,0,차대차 - 정면충돌,중앙선침범,건조,맑음,단일로 - 기타,승합,남,41세,상해없음,승용,여,29세,중상
2016100600100557,2016년 10월 6일 19시,목요일,경상남도 진주시 가좌동,중상사고,0,1,0,0,차대사람 - 횡단중,안전운전불이행,건조,맑음,단일로 - 교량,승용,남,22세,상해없음,보행자,남,25세,중상
2016100600100559,2016년 10월 6일 19시,목요일,경상남도 양산시 북부동,경상사고,0,0,1,0,차대차 - 측면충돌,신호위반,건조,맑음,교차로 - 교차로안,승용,여,58세,상해없음,승용,여,33세,경상
2016100600100560,2016년 10월 6일 19시,목요일,경상남도 창원시 의창구 동읍,경상사고,0,0,1,0,차대차 - 기타,안전운전불이행,건조,맑음,단일로 - 기타,승용,남,35세,상해없음,화물,남,37세,경상
2016100600100605,2016년 10월 6일 20시,목요일,경상남도 창원시 마산합포구 우산동,중상사고,0,1,0,0,차대차 - 기타,안전운전불이행,건조,맑음,단일로 - 기타,승용,남,30세,상해없음,자전거,남,13세,중상
2016100600100606,2016년 10월 6일 20시,목요일,경상남도 김해시 안동,경상사고,0,0,1,0,차대차 - 정면충돌,중앙선침범,건조,맑음,단일로 - 기타,자전거,남,22세,경상,승용,남,56세,상해없음
2016100600100607,2016년 10월 6일 20시,목요일,경상남도 함양군 함양읍,중상사고,0,1,1,0,차대차 - 추돌,안전운전불이행,건조,맑음,단일로 - 기타,화물,남,64세,상해없음,승용,남,30세,경상
2016100600100608,2016년 10월 6일 20시,목요일,경상남도 남해군 남해읍,중상사고,0,1,0,0,차대사람 - 기타,보행자보호의무위반,건조,맑음,단일로 - 횡단보도상,승용,남,22세,상해없음,보행자,여,43세,중상
2016100600100634,2016년 10월 6일 21시,목요일,경상남도 사천시 정동면,경상사고,0,0,2,0,차대차 - 측면직각충돌,직진우회전진행방해,건조,맑음,교차로 - 교차로안,승용,남,27세,경상,승용,여,62세,경상
2016100600100635,2016년 10월 6일 21시,목요일,경상남도 고성군 고성읍,사망사고,1,0,0,0,차대사람 - 횡단중,과속,건조,맑음,단일로 - 기타,승용,남,43세,상해없음,보행자,여,48세,사망
2016100600100656,2016년 10월 6일 22시,목요일,경상남도 사천시 사천읍,경상사고,0,0,1,0,차대차 - 정면충돌,신호위반,건조,맑음,교차로 - 교차로안,승용,여,45세,상해없음,승용,남,49세,경상
2016100600100657,2016년 10월 6일 22시,목요일,경상남도 양산시 동면,중상사고,0,1,0,0,차대차 - 측면충돌,신호위반,건조,맑음,교차로 - 교차로안,승용,남,45세,상해없음,승용,여,55세,중상
2016100600100658,2016년 10월 6일 22시,목요일,경상남도 창원시 의창구 신월동,경상사고,0,0,1,0,차대사람 - 횡단중,안전운전불이행,건조,맑음,교차로 - 교차로안,승용,여,45세,상해없음,보행자,남,33세,경상
2016100700100011,2016년 10월 7일 00시,금요일,경상남도 창원시 마산합포구 예곡동,중상사고,0,2,0,0,차대차 - 측면직각충돌,신호위반,건조,맑음,교차로 - 교차로안,승용,남,20세,상해없음,승용,남,19세,중상
2016100700100012,2016년 10월 7일 00시,금요일,경상남도 창원시 마산회원구 양덕동,사망사고,1,0,0,0,차대사람 - 횡단중,안전운전불이행,건조,맑음,교차로 - 교차로안,승용,여,32세,상해없음,보행자,남,54세,사망
2016100700100065,2016년 10월 7일 05시,금요일,경상남도 창원시 마산합포구 상남동,사망사고,1,0,0,0,차대사람 - 횡단중,보행자보호의무위반,건조,맑음,단일로 - 기타,승용,남,30세,상해없음,보행자,여,72세,사망
2016100700100080,2016년 10월 7일 06시,금요일,경상남도 김해시 진영읍,중상사고,0,1,0,0,차대사람 - 횡단중,안전운전불이행,건조,맑음,교차로 - 교차로안,승용,남,57세,상해없음,보행자,남,48세,중상
2016100700100185,2016년 10월 7일 09시,금요일,경상남도 하동군 금남면,경상사고,0,0,1,0,차대차 - 측면충돌,신호위반,건조,맑음,교차로 - 교차로안,승용,남,22세,상해없음,승합,남,39세,상해없음
2016100700100186,2016년 10월 7일 09시,금요일,경상남도 창원시 성산구 남양동,중상사고,0,1,0,0,차대차 - 측면직각충돌,안전운전불이행,건조,맑음,단일로 - 기타,화물,남,63세,상해없음,승용,여,52세,중상
2016100700100218,2016년 10월 7일 10시,금요일,경상남도 밀양시 산외면,중상사고,0,1,3,0,차대차 - 추돌,안전운전불이행,건조,맑음,단일로 - 기타,화물,남,46세,상해없음,승용,여,68세,상해없음
2016100700100254,2016년 10월 7일 11시,금요일,경상남도 창원시 의창구 대원동,중상사고,0,1,0,0,차대차 - 측면충돌,신호위반,건조,맑음,교차로 - 교차로안,승용,여,38세,상해없음,승용,남,59세,중상
2016100700100286,2016년 10월 7일 12시,금요일,경상남도 양산시 물금읍,경상사고,0,0,1,0,차대사람 - 길가장자리구역통행중,안전운전불이행,건조,맑음,단일로 - 기타,승용,남,43세,상해없음,보행자,남,21세,경상
2016100700100287,2016년 10월 7일 12시,금요일,경상남도 남해군 미조면,중상사고,0,1,0,2,차대차 - 정면충돌,중앙선침범,건조,맑음,단일로 - 기타,승용,여,56세,부상신고,승용,남,41세,부상신고
2016100700100320,2016년 10월 7일 13시,금요일,경상남도 창원시 마산회원구 회원동,경상사고,0,0,1,0,차대차 - 추돌,안전운전불이행,건조,맑음,단일로 - 기타,승용,남,38세,상해없음,승용,남,33세,경상
2016100700100344,2016년 10월 7일 14시,금요일,경상남도 창원시 의창구 봉곡동,경상사고,0,0,1,0,차대차 - 기타,안전운전불이행,건조,흐림,단일로 - 기타,승용,남,51세,상해없음,이륜,여,52세,경상
2016100700100391,2016년 10월 7일 15시,금요일,경상남도 창녕군 도천면,중상사고,0,2,0,0,차대차 - 기타,안전운전불이행,건조,맑음,교차로 - 교차로안,특수,남,62세,상해없음,승용,남,56세,상해없음
2016100700100435,2016년 10월 7일 16시,금요일,경상남도 밀양시 삼문동,경상사고,0,0,1,0,차대차 - 측면직각충돌,안전거리미확보,건조,맑음,단일로 - 기타,화물,남,41세,상해없음,승용,여,43세,경상
2016100700100436,2016년 10월 7일 16시,금요일,경상남도 김해시 진례면,경상사고,0,0,1,0,차대차 - 추돌,안전운전불이행,건조,맑음,단일로 - 기타,화물,남,55세,상해없음,승용,남,52세,경상
2016100700100529,2016년 10월 7일 18시,금요일,경상남도 창원시 진해구 창선동,중상사고,0,1,0,0,차대사람 - 횡단중,보행자보호의무위반,건조,맑음,단일로 - 횡단보도상,승용,남,29세,상해없음,보행자,남,71세,중상
2016100700100530,2016년 10월 7일 18시,금요일,경상남도 거창군 거창읍,경상사고,0,0,1,0,차대차 - 기타,안전운전불이행,습기,비,단일로 - 기타,승용,남,56세,상해없음,승용,여,44세,경상
2016100700100531,2016년 10월 7일 18시,금요일,경상남도 거제시 아주동,중상사고,0,2,0,0,차대차 - 추돌,안전운전불이행,건조,맑음,단일로 - 기타,승용,여,38세,상해없음,승용,남,34세,중상
2016100700100532,2016년 10월 7일 18시,금요일,경상남도 창원시 성산구 사파동,경상사고,0,0,1,0,차대사람 - 길가장자리구역통행중,안전운전불이행,습기,비,단일로 - 기타,승용,남,60세,상해없음,보행자,남,61세,경상