사고번호,사고일시,요일,시군구,사고내용,사망자수,중상자수,경상자수,부상신고자수,사고유형,법규위반,노면상태,기상상태,도로형태,가해운전자 차종,가해운전자 성별,가해운전자 연령,가해운전자 상해정도,피해운전자 차종,피해운전자 성별,피해운전자 연령,피해운전자 상해정도
2016100700100618,2016년 10월 7일 19시,금요일,경상남도 밀양시 하남읍,경상사고,0,0,1,0,차대차 - 추돌,안전운전불이행,습기,맑음,교차로 - 교차로부근,승용,남,59세,상해없음,승용,남,48세,경상
2016100700100619,2016년 10월 7일 19시,금요일,경상남도 창원시 성산구 내동,중상사고,0,1,1,0,차량단독 - 공작물충돌,안전운전불이행,습기,비,단일로 - 기타,승합,남,63세,상해없음,,,,
2016100700100620,2016년 10월 7일 19시,금요일,경상남도 창원시 의창구 도계동,경상사고,0,0,1,0,차대차 - 측면직각충돌,안전운전불이행,건조,맑음,교차로 - 교차로안,승용,남,23세,기타불명,승용,여,35세,경상
2016100700100675,2016년 10월 7일 20시,금요일,경상남도 진주시 장대동,중상사고,0,1,0,0,차대사람 - 횡단중,보행자보호의무위반,습기,비,단일로 - 횡단보도상,승용,남,56세,상해없음,보행자,여,76세,중상
2016100700100676,2016년 10월 7일 20시,금요일,경상남도 진주시 상평동,중상사고,0,2,0,0,차대차 - 측면직각충돌,직진우회전진행방해,습기,비,교차로 - 교차로안,승용,남,24세,상해없음,승용,여,52세,중상
2016100700100677,2016년 10월 7일 20시,금요일,경상남도 진주시 초전동,중상사고,0,1,0,0,차대사람 - 횡단중,안전운전불이행,습기,맑음,단일로 - 기타,승용,여,30세,상해없음,보행자,여,44세,중상
2016100700100678,2016년 10월 7일 20시,금요일,경상남도 김해시 삼계동,경상사고,0,0,1,0,차대차 - 측면직각충돌,신호위반,습기,흐림,교차로 - 교차로부근,이륜,남,20세,경상,승용,남,25세,상해없음
2016100700100679,2016년 10월 7일 20시,금요일,경상남도 김해시 어방동,중상사고,0,1,0,0,차대사람 - 횡단중,안전운전불이행,습기,비,교차로 - 교차로부근,승용,남,33세,상해없음,보행자,남,51세,중상
2016100700100737,2016년 10월 7일 21시,금요일,경상남도 창원시 마산회원구 석전동,중상사고,0,1,0,0,차대사람 - 횡단중,안전운전불이행,습기,흐림,교차로 - 교차로안,승용,여,47세,상해없음,보행자,남,47세,중상
2016100700100780,2016년 10월 7일 22시,금요일,경상남도 진주시 내동면,중상사고,0,2,1,0,차대차 - 측면직각충돌,과속,습기,비,단일로 - 기타,승용,남,49세,중상,승용,남,47세,중상
2016100700100781,2016년 10월 7일 22시,금요일,경상남도 김해시 외동,경상사고,0,0,1,0,차량단독 - 전도전복,안전운전불이행,습기,흐림,단일로 - 기타,자전거,여,47세,경상,,,,
2016100700100782,2016년 10월 7일 22시,금요일,경상남도 김해시 내동,경상사고,0,0,1,0,차대사람 - 기타,안전운전불이행,습기,흐림,단일로 - 기타,이륜,남,23세,경상,보행자,여,60세,상해없음
2016100700100819,2016년 10월 7일 23시,금요일,경상남도 통영시 무전동,경상사고,0,0,1,0,차대차 - 측면직각충돌,신호위반,건조,맑음,교차로 - 교차로안,승용,여,49세,상해없음,승합,남,39세,경상
2016100700100820,2016년 10월 7일 23시,금요일,경상남도 김해시 어방동,경상사고,0,0,1,0,차대차 - 측면직각충돌,안전운전불이행,습기,흐림,단일로 - 기타,승용,남,31세,상해없음,이륜,남,53세,경상
2016100800100116,2016년 10월 8일 02시,토요일,경상남도 거제시 고현동,경상사고,0,0,1,0,차대차 - 측면충돌,신호위반,습기,비,단일로 - 기타,승용,남,55세,상해없음,승용,여,34세,경상
2016100800100160,2016년 10월 8일 04시,토요일,경상남도 진주시 가좌동,경상사고,0,0,1,0,차대사람 - 기타,안전운전불이행,습기,비,교차로 - 교차로안,승용,남,26세,상해없음,보행자,남,25세,경상
2016100800100161,2016년 10월 8일 04시,토요일,경상남도 진주시 봉곡동,중상사고,0,1,1,0,차대차 - 추돌,안전운전불이행,습기,비,교차로 - 교차로부근,승용,남,59세,상해없음,승용,남,50세,중상
2016100800100211,2016년 10월 8일 07시,토요일,경상남도 김해시 강동,경상사고,0,0,1,0,차량단독 - 공작물충돌,안전운전불이행,습기,비,단일로 - 기타,승용,남,50세,상해없음,,,,
2016100800100273,2016년 10월 8일 09시,토요일,경상남도 진주시 금산면,중상사고,0,1,0,0,차대차 - 측면직각충돌,안전운전불이행,건조,흐림,단일로 - 기타,승용,여,53세,상해없음,자전거,남,79세,중상
2016100800100274,2016년 10월 8일 09시,토요일,경상남도 창원시 의창구 용호동,경상사고,0,0,1,0,차대차 - 측면충돌,교차로운행방법위반,습기,흐림,교차로 - 교차로안,승용,여,50세,상해없음,승용,남,50세,경상
2016100800100310,2016년 10월 8일 10시,토요일,경상남도 진주시 충무공동,중상사고,0,1,0,0,차대사람 - 횡단중,보행자보호의무위반,건조,맑음,교차로 - 교차로안,화물,남,58세,상해없음,보행자,남,7세,중상
2016100800100311,2016년 10월 8일 10시,토요일,경상남도 거제시 사등면,중상사고,0,1,0,0,차대차 - 측면충돌,차로위반,습기,비,단일로 - 기타,승용,남,60세,상해없음,승용,여,26세,중상
2016100800100333,2016년 10월 8일 11시,토요일,경상남도 거제시 연초면,중상사고,0,1,0,0,차대차 - 기타,직진우회전진행방해,건조,맑음,교차로 - 교차로안,승용,남,45세,상해없음,원동기,남,56세,중상
2016100800100370,2016년 10월 8일 12시,토요일,경상남도 통영시 서호동,경상사고,0,0,1,0,차대차 - 측면직각충돌,안전운전불이행,건조,맑음,교차로 - 교차로안,자전거,남,38세,경상,승합,남,56세,상해없음
2016100800100371,2016년 10월 8일 12시,토요일,경상남도 창녕군 창녕읍,중상사고,0,3,0,0,차대차 - 추돌,안전운전불이행,건조,맑음,단일로 - 기타,승용,여,61세,상해없음,승용,남,75세,중상
2016100800100372,2016년 10월 8일 12시,토요일,경상남도 양산시 북정동,부상신고사고,0,0,0,2,차대차 - 측면충돌,안전거리미확보,건조,맑음,단일로 - 기타,승용,여,43세,상해없음,승용,여,51세,부상신고
2016100800100373,2016년 10월 8일 12시,토요일,경상남도 산청군 차황면,중상사고,0,4,0,0,차량단독 - 전도전복,안전운전불이행,습기,비,단일로 - 기타,승용,남,72세,중상,,,,
2016100800100405,2016년 10월 8일 13시,토요일,경상남도 김해시 진영읍,경상사고,0,0,1,0,차대차 - 측면직각충돌,안전운전불이행,습기,비,단일로 - 기타,승용,남,54세,상해없음,이륜,남,43세,경상
2016100800100474,2016년 10월 8일 15시,토요일,경상남도 김해시 안동,경상사고,0,0,3,0,차대차 - 기타,안전운전불이행,건조,맑음,단일로 - 기타,승용,남,31세,상해없음,승용,남,42세,경상
2016100800100512,2016년 10월 8일 16시,토요일,경상남도 양산시 삼호동,부상신고사고,0,0,0,1,차대차 - 측면충돌,안전거리미확보,습기,비,교차로 - 교차로부근,건설기계,남,37세,상해없음,승용,여,57세,부상신고
2016100800100550,2016년 10월 8일 17시,토요일,경상남도 통영시 용남면,경상사고,0,0,2,0,차대차 - 측면충돌,직진우회전진행방해,건조,맑음,교차로 - 교차로안,승용,남,65세,상해없음,승용,남,52세,경상
2016100800100551,2016년 10월 8일 17시,토요일,경상남도 거제시 동부면,경상사고,0,0,2,0,차대차 - 측면직각충돌,중앙선침범,건조,맑음,단일로 - 기타,화물,여,61세,상해없음,승용,남,62세,경상
2016100800100604,2016년 10월 8일 18시,토요일,경상남도 김해시 어방동,경상사고,0,0,1,0,차대차 - 측면충돌,안전거리미확보,건조,흐림,단일로 - 기타,승용,여,49세,상해없음,화물,남,42세,경상
2016100800100605,2016년 10월 8일 18시,토요일,경상남도 거제시 아주동,경상사고,0,0,2,0,차대차 - 기타,직진우회전진행방해,습기,비,교차로 - 교차로안,승용,여,32세,상해없음,승용,남,29세,경상
2016100800100606,2016년 10월 8일 18시,토요일,경상남도 창원시 마산회원구 내서읍,경상사고,0,0,1,1,차대차 - 기타,안전운전불이행,습기,비,교차로 - 교차로부근,승용,남,26세,상해없음,이륜,남,17세,경상
2016100800100642,2016년 10월 8일 19시,토요일,경상남도 사천시 벌리동,경상사고,0,0,1,0,차대차 - 측면직각충돌,교차로운행방법위반,건조,맑음,교차로 - 교차로안,승용,여,58세,상해없음,승용,남,64세,경상
2016100800100643,2016년 10월 8일 19시,토요일,경상남도 함안군 대산면,중상사고,0,1,0,0,차대차 - 추돌,안전운전불이행,건조,맑음,단일로 - 기타,화물,여,55세,중상,농기계,남,55세,기타불명
2016100800100676,2016년 10월 8일 20시,토요일,경상남도 김해시 생림면,중상사고,0,2,0,0,차량단독 - 전도전복,안전운전불이행,건조,흐림,단일로 - 기타,승용,여,50세,중상,,,,
2016100800100699,2016년 10월 8일 21시,토요일,경상남도 창원시 마산합포구 중성동,경상사고,0,0,2,0,차대차 - 기타,안전운전불이행,건조,맑음,단일로 - 기타,승용,여,27세,상해없음,승용,남,65세,상해없음
2016100800100729,2016년 10월 8일 22시,토요일,경상남도 창원시 성산구 상남동,경상사고,0,0,4,0,차대차 - 측면직각충돌,안전운전불이행,건조,흐림,단일로 - 기타,승용,여,29세,상해없음,승용,여,25세,경상
2016100800100730,2016년 10월 8일 22시,토요일,경상남도 창원시 의창구 도계동,경상사고,0,0,1,0,차대차 - 측면직각충돌,교차로운행방법위반,건조,맑음,교차로 - 교차로안,승용,여,43세,상해없음,승용,남,53세,경상
2016100800100755,2016년 10월 8일 23시,토요일,경상남도 진주시 초전동,중상사고,0,1,0,0,차대사람 - 횡단중,안전운전불이행,건조,맑음,교차로 - 교차로안,승용,남,41세,상해없음,보행자,남,52세,중상
2016100800100756,2016년 10월 8일 23시,토요일,경상남도 김해시 동상동,경상사고,0,0,5,0,차대차 - 추돌,안전운전불이행,건조,흐림,단일로 - 기타,승용,남,43세,상해없음,승용,남,41세,경상
2016100800100757,2016년 10월 8일 23시,토요일,경상남도 창원시 의창구 명서동,부상신고사고,0,0,0,1,차대차 - 측면충돌,신호위반,건조,맑음,교차로 - 교차로안,이륜,남,20세,부상신고,승용,남,51세,상해없음
2016100900100019,2016년 10월 9일 00시,일요일,경상남도 창원시 의창구 소답동,경상사고,0,0,1,0,차대차 - 측면충돌,안전운전불이행,습기,비,단일로 - 기타,승용,남,62세,기타불명,승용,남,29세,경상
2016100900100038,2016년 10월 9일 01시,일요일,경상남도 통영시 광도면,경상사고,0,0,1,0,차대차 - 추돌,안전운전불이행,건조,맑음,교차로 - 교차로부근,승용,남,31세,상해없음,승용,남,58세,경상
2016100900100039,2016년 10월 9일 01시,일요일,경상남도 양산시 동면,중상사고,0,1,0,0,차대차 - 측면충돌,중앙선침범,건조,맑음,교차로 - 교차로부근,승용,여,42세,상해없음,승용,남,33세,중상
2016100900100040,2016년 10월 9일 01시,일요일,경상남도 창원시 마산회원구 내서읍,중상사고,0,1,0,0,차대차 - 정면충돌,안전운전불이행,습기,흐림,교차로 - 교차로안,승용,여,52세,상해없음,승용,남,58세,중상
2016100900100060,2016년 10월 9일 02시,일요일,경상남도 김해시 외동,경상사고,0,0,1,0,차대차 - 정면충돌,안전운전불이행,건조,맑음,단일로 - 기타,승용,남,36세,상해없음,승용,남,22세,경상
2016100900100088,2016년 10월 9일 04시,일요일,경상남도 창원시 마산합포구 해운동,중상사고,0,1,0,0,차대사람 - 횡단중,안전운전불이행,건조,맑음,단일로 - 기타,승용,남,50세,상해없음,보행자,남,23세,중상
2016100900100089,2016년 10월 9일 04시,일요일,경상남도 창원시 성산구 상남동,경상사고,0,0,1,0,차대사람 - 횡단중,보행자보호의무위반,건조,맑음,교차로 - 교차로안,승용,남,29세,상해없음,보행자,여,39세,경상
2016100900100094,2016년 10월 9일 05시,일요일,경상남도 진주시 강남동,경상사고,0,0,1,0,차량단독 - 기타,안전운전불이행,건조,맑음,단일로 - 기타,승용,남,49세,상해없음,,,,
2016100900100095,2016년 10월 9일 05시,일요일,경상남도 김해시 장유면,중상사고,0,1,1,0,차대사람 - 횡단중,안전운전불이행,건조,맑음,단일로 - 기타,이륜,남,22세,경상,보행자,남,26세,중상
2016100900100110,2016년 10월 9일 06시,일요일,경상남도 사천시 벌리동,경상사고,0,0,1,0,차대사람 - 기타,중앙선침범,건조,맑음,교차로 - 교차로부근,승용,남,73세,상해없음,보행자,여,81세,경상
2016100900100111,2016년 10월 9일 06시,일요일,경상남도 창원시 성산구 중앙동,경상사고,0,0,1,0,차대차 - 측면충돌,안전운전불이행,건조,맑음,단일로 - 기타,승용,남,32세,상해없음,승용,남,57세,경상
2016100900100122,2016년 10월 9일 07시,일요일,경상남도 사천시 선구동,경상사고,0,0,1,0,차대차 - 추돌,안전운전불이행,건조,맑음,단일로 - 기타,화물,남,53세,상해없음,승용,남,51세,경상
2016100900100142,2016년 10월 9일 08시,일요일,경상남도 진주시 가좌동,경상사고,0,0,1,0,차대차 - 측면직각충돌,신호위반,건조,맑음,단일로 - 횡단보도상,승용,남,73세,상해없음,자전거,남,23세,경상
2016100900100143,2016년 10월 9일 08시,일요일,경상남도 합천군 가야면,중상사고,0,1,0,0,차대사람 - 횡단중,안전운전불이행,건조,맑음,단일로 - 기타,승용,여,56세,상해없음,보행자,여,63세,중상
2016100900100166,2016년 10월 9일 09시,일요일,경상남도 양산시 평산동,중상사고,0,1,1,0,차대차 - 정면충돌,신호위반,건조,맑음,교차로 - 교차로안,승용,남,35세,경상,승용,여,61세,중상
2016100900100191,2016년 10월 9일 10시,일요일,경상남도 김해시 동상동,중상사고,0,1,0,0,차대사람 - 횡단중,안전운전불이행,건조,맑음,교차로 - 교차로안,승용,여,45세,상해없음,보행자,남,8세,중상
2016100900100192,2016년 10월 9일 10시,일요일,경상남도 함양군 수동면,사망사고,1,0,0,0,차대차 - 측면직각충돌,교차로운행방법위반,건조,맑음,단일로 - 기타,이륜,남,73세,사망,승용,여,30세,상해없음
2016100900100193,2016년 10월 9일 10시,일요일,경상남도 창원시 성산구 반림동,경상사고,0,0,1,0,차대차 - 추돌,안전운전불이행,건조,맑음,교차로 - 교차로부근,승합,남,32세,상해없음,승용,여,59세,경상
2016100900100215,2016년 10월 9일 11시,일요일,경상남도 거제시 일운면,경상사고,0,0,1,0,차대차 - 측면직각충돌,안전운전불이행,건조,맑음,교차로 - 교차로안,승용,남,30세,상해없음,승용,여,26세,경상
2016100900100217,2016년 10월 9일 11시,일요일,경상남도 창원시 의창구 북면,경상사고,0,0,4,0,차대차 - 추돌,안전운전불이행,건조,맑음,단일로 - 터널,승용,남,33세,상해없음,승용,남,61세,경상
2016100900100245,2016년 10월 9일 12시,일요일,경상남도 사천시 벌리동,중상사고,0,1,0,2,차대차 - 측면직각충돌,안전운전불이행,건조,맑음,교차로 - 교차로안,승용,남,37세,상해없음,승용,남,24세,부상신고
2016100900100246,2016년 10월 9일 12시,일요일,경상남도 창원시 의창구 대원동,중상사고,0,1,0,0,차대차 - 측면직각충돌,안전운전불이행,건조,맑음,단일로 - 기타,승용,남,19세,상해없음,자전거,남,55세,중상
2016100900100269,2016년 10월 9일 13시,일요일,경상남도 창원시 진해구 석동,중상사고,0,1,2,0,차대차 - 측면충돌,신호위반,건조,맑음,교차로 - 교차로안,승용,남,73세,상해없음,승용,남,60세,경상
2016100900100270,2016년 10월 9일 13시,일요일,경상남도 창원시 의창구 동읍,경상사고,0,0,1,0,차대차 - 기타,안전운전불이행,건조,맑음,교차로 - 교차로안,승용,여,27세,상해없음,승용,남,55세,경상
2016100900100306,2016년 10월 9일 14시,일요일,경상남도 밀양시 내일동,경상사고,0,0,1,0,차대사람 - 횡단중,보행자보호의무위반,건조,맑음,단일로 - 기타,승용,여,51세,상해없음,보행자,남,7세,경상
2016100900100307,2016년 10월 9일 14시,일요일,경상남도 밀양시 상남면,사망사고,1,0,0,0,차량단독 - 전도전복,안전운전불이행,건조,맑음,단일로 - 기타,자전거,남,68세,사망,,,,
2016100900100341,2016년 10월 9일 15시,일요일,경상남도 거제시 고현동,중상사고,0,1,0,0,차대차 - 측면직각충돌,신호위반,건조,맑음,교차로 - 교차로안,승용,남,63세,상해없음,자전거,남,24세,중상
2016100900100390,2016년 10월 9일 16시,일요일,경상남도 창원시 마산합포구 우산동,경상사고,0,0,1,0,차대차 - 정면충돌,중앙선침범,건조,맑음,단일로 - 기타,이륜,남,26세,경상,승용,여,48세,상해없음
2016100900100391,2016년 10월 9일 16시,일요일,경상남도 진주시 상평동,중상사고,0,1,0,0,차대차 - 측면직각충돌,안전거리미확보,건조,맑음,단일로 - 기타,화물,남,68세,상해없음,화물,남,61세,상해없음
2016100900100392,2016년 10월 9일 16시,일요일,경상남도 창녕군 성산면,중상사고,0,1,0,0,차량단독 - 공작물충돌,안전운전불이행,건조,맑음,단일로 - 기타,승용,남,58세,중상,,,,
2016100900100393,2016년 10월 9일 16시,일요일,경상남도 고성군 고성읍,경상사고,0,0,1,0,차대차 - 측면직각충돌,안전운전불이행,건조,맑음,단일로 - 기타,화물,남,34세,상해없음,승용,남,50세,상해없음
2016100900100394,2016년 10월 9일 16시,일요일,경상남도 함안군 군북면,중상사고,0,1,0,0,차대차 - 측면직각충돌,안전운전불이행,건조,맑음,단일로 - 기타,승용,남,55세,상해없음,이륜,남,53세,중상
2016100900100429,2016년 10월 9일 17시,일요일,경상남도 통영시 인평동,중상사고,0,1,2,0,차대차 - 추돌,직진우회전진행방해,건조,맑음,교차로 - 교차로안,이륜,남,33세,상해없음,승용,남,58세,경상
2016100900100430,2016년 10월 9일 17시,일요일,경상남도 거제시 고현동,경상사고,0,0,1,0,차대차 - 측면직각충돌,안전운전불이행,건조,맑음,교차로 - 교차로안,자전거,남,16세,경상,승용,남,34세,상해없음
2016100900100431,2016년 10월 9일 17시,일요일,경상남도 창원시 마산회원구 내서읍,경상사고,0,0,1,0,차대사람 - 횡단중,보행자보호의무위반,건조,맑음,교차로 - 교차로안,화물,남,60세,상해없음,보행자,남,9세,경상
2016100900100432,2016년 10월 9일 17시,일요일,경상남도 김해시 진영읍,중상사고,0,1,1,1,차대차 - 측면직각충돌,안전운전불이행,건조,맑음,교차로 - 교차로안,승용,남,23세,부상신고,승용,남,29세,경상
2016100900100474,2016년 10월 9일 18시,일요일,경상남도 진주시 문산읍,중상사고,0,1,2,0,차대차 - 측면직각충돌,직진우회전진행방해,건조,맑음,교차로 - 교차로안,승용,여,62세,경상,승용,남,55세,중상
2016100900100475,2016년 10월 9일 18시,일요일,경상남도 김해시 구산동,중상사고,0,1,0,0,차대차 - 측면직각충돌,신호위반,건조,맑음,교차로 - 교차로안,승용,남,55세,상해없음,승용,남,44세,중상
2016100900100476,2016년 10월 9일 18시,일요일,경상남도 거창군 거창읍,중상사고,0,1,0,0,차대차 - 측면충돌,안전운전불이행,건조,맑음,단일로 - 기타,승용,남,63세,상해없음,이륜,여,51세,중상
2016100900100477,2016년 10월 9일 18시,일요일,경상남도 거제시 옥포동,경상사고,0,0,1,0,차대차 - 측면충돌,안전운전불이행,건조,맑음,교차로 - 교차로안,이륜,남,17세,경상,승용,남,67세,상해없음
2016100900100478,2016년 10월 9일 18시,일요일,경상남도 창원시 성산구 남산동,중상사고,0,1,1,0,차대차 - 정면충돌,안전운전불이행,건조,맑음,교차로 - 교차로부근,승용,남,51세,상해없음,승용,남,25세,경상
2016100900100479,2016년 10월 9일 18시,일요일,경상남도 김해시 장유면,중상사고,0,1,0,0,차대차 - 측면충돌,중앙선침범,건조,맑음,교차로 - 교차로부근,승용,남,49세,상해없음,원동기,남,19세,중상
2016100900100517,2016년 10월 9일 19시,일요일,경상남도 사천시 벌리동,경상사고,0,0,1,0,차대차 - 측면직각충돌,안전운전불이행,건조,맑음,교차로 - 교차로안,이륜,남,75세,경상,승용,여,32세,상해없음
2016100900100518,2016년 10월 9일 19시,일요일,경상남도 창원시 의창구 팔용동,경상사고,0,0,1,0,차대차 - 추돌,안전운전불이행,건조,맑음,단일로 - 기타,승용,남,53세,상해없음,승합,남,49세,상해없음
2016100900100563,2016년 10월 9일 21시,일요일,경상남도 김해시 장유면,중상사고,0,1,0,0,차대사람 - 횡단중,안전운전불이행,건조,맑음,단일로 - 기타,승용,남,57세,상해없음,보행자,여,80세,중상
2016100900100579,2016년 10월 9일 22시,일요일,경상남도 김해시 삼정동,중상사고,0,1,1,0,차대차 - 측면직각충돌,직진우회전진행방해,건조,맑음,교차로 - 교차로안,이륜,남,26세,중상,승용,남,38세,상해없음
2016101000100007,2016년 10월 10일 00시,월요일,경상남도 거제시 아주동,경상사고,0,0,2,0,차대차 - 기타,신호위반,건조,맑음,교차로 - 교차로안,승용,남,55세,상해없음,승용,여,31세,경상
2016101000100115,2016년 10월 10일 08시,월요일,경상남도 통영시 산양읍,중상사고,0,1,0,0,차대사람 - 기타,안전운전불이행,건조,맑음,단일로 - 기타,승용,여,56세,상해없음,보행자,여,56세,중상
2016101000100116,2016년 10월 10일 08시,월요일,경상남도 함안군 칠원읍,경상사고,0,0,2,0,차대차 - 추돌,안전운전불이행,건조,맑음,단일로 - 기타,승용,남,47세,상해없음,승용,여,60세,경상
2016101000100154,2016년 10월 10일 09시,월요일,경상남도 창원시 마산합포구 예곡동,중상사고,0,1,1,0,차대차 - 측면직각충돌,안전거리미확보,건조,맑음,단일로 - 기타,승용,남,70세,상해없음,승용,여,34세,중상
2016101000100155,2016년 10월 10일 09시,월요일,경상남도 진주시 사봉면,부상신고사고,0,0,0,1,차대차 - 측면직각충돌,안전거리미확보,건조,맑음,교차로 - 교차로부근,원동기,남,49세,부상신고,화물,남,68세,상해없음
2016101000100156,2016년 10월 10일 09시,월요일,경상남도 김해시 삼방동,중상사고,0,1,0,0,차대차 - 정면충돌,안전운전불이행,건조,맑음,교차로 - 교차로안,승용,여,51세,상해없음,원동기,남,43세,중상
2016101000100186,2016년 10월 10일 10시,월요일,경상남도 진주시 강남동,경상사고,0,0,1,0,차대사람 - 횡단중,보행자보호의무위반,건조,맑음,교차로 - 교차로부근,승용,남,44세,상해없음,보행자,남,78세,경상
2016101000100187,2016년 10월 10일 10시,월요일,경상남도 창원시 마산회원구 내서읍,중상사고,0,1,0,0,차대사람 - 횡단중,안전운전불이행,건조,맑음,단일로 - 기타,이륜,남,19세,상해없음,보행자,남,68세,중상
2016101000100188,2016년 10월 10일 10시,월요일,경상남도 창원시 마산회원구 석전동,중상사고,0,1,0,0,차대차 - 측면직각충돌,안전운전불이행,건조,맑음,단일로 - 기타,화물,남,56세,상해없음,자전거,여,73세,중상
2016101000100216,2016년 10월 10일 11시,월요일,경상남도 진주시 상평동,경상사고,0,0,1,0,차대차 - 측면충돌,직진우회전진행방해,건조,맑음,교차로 - 교차로안,화물,여,60세,상해없음,원동기,남,30세,경상
2016101000100217,2016년 10월 10일 11시,월요일,경상남도 밀양시 하남읍,중상사고,0,1,0,0,차대차 - 정면충돌,안전운전불이행,건조,맑음,단일로 - 기타,승용,남,75세,상해없음,이륜,남,72세,중상
2016101000100240,2016년 10월 10일 12시,월요일,경상남도 김해시 어방동,경상사고,0,0,1,0,차대차 - 측면직각충돌,안전운전불이행,건조,맑음,교차로 - 교차로안,원동기,남,54세,경상,승용,남,42세,상해없음
2016101000100241,2016년 10월 10일 12시,월요일,경상남도 창원시 성산구 신촌동,경상사고,0,0,1,0,차대차 - 정면충돌,중앙선침범,건조,맑음,교차로 - 교차로안,승용,남,41세,상해없음,이륜,남,34세,경상
2016101000100264,2016년 10월 10일 13시,월요일,경상남도 진주시 신안동,중상사고,0,1,0,0,차대사람 - 길가장자리구역통행중,안전운전불이행,건조,맑음,단일로 - 기타,자전거,여,57세,상해없음,보행자,여,77세,중상
2016101000100265,2016년 10월 10일 13시,월요일,경상남도 양산시 물금읍,경상사고,0,0,1,0,차대차 - 측면충돌,직진우회전진행방해,건조,맑음,교차로 - 교차로안,승용,여,31세,경상,승용,남,48세,상해없음
2016101000100266,2016년 10월 10일 13시,월요일,경상남도 창원시 성산구 삼정자동,중상사고,0,1,0,0,차대사람 - 기타,보행자보호의무위반,건조,맑음,교차로 - 교차로안,승용,남,46세,상해없음,보행자,남,9세,중상
2016101000100300,2016년 10월 10일 14시,월요일,경상남도 양산시 중부동,경상사고,0,0,2,0,차대차 - 정면충돌,직진우회전진행방해,건조,맑음,교차로 - 교차로부근,이륜,남,75세,경상,승용,여,61세,상해없음
2016101000100340,2016년 10월 10일 15시,월요일,경상남도 사천시 벌리동,경상사고,0,0,1,0,차대차 - 기타,안전운전불이행,건조,맑음,단일로 - 기타,승용,남,58세,상해없음,특수,남,45세,상해없음
2016101000100396,2016년 10월 10일 17시,월요일,경상남도 창원시 마산합포구 월남동1가,경상사고,0,0,1,0,차대차 - 측면직각충돌,신호위반,건조,맑음,교차로 - 교차로안,승용,남,72세,상해없음,승용,남,25세,경상
2016101000100397,2016년 10월 10일 17시,월요일,경상남도 통영시 광도면,경상사고,0,0,1,0,차대차 - 추돌,안전운전불이행,건조,맑음,단일로 - 기타,승용,여,36세,상해없음,승용,남,30세,경상
2016101000100398,2016년 10월 10일 17시,월요일,경상남도 사천시 사남면,중상사고,0,1,1,0,차대차 - 정면충돌,직진우회전진행방해,건조,맑음,교차로 - 교차로안,승용,남,46세,경상,승용,남,47세,중상
2016101000100400,2016년 10월 10일 17시,월요일,경상남도 남해군 삼동면,사망사고,1,0,0,0,차대사람 - 횡단중,안전운전불이행,건조,맑음,단일로 - 기타,승용,남,65세,상해없음,보행자,여,76세,사망
2016101000100442,2016년 10월 10일 18시,월요일,경상남도 진주시 대안동,경상사고,0,0,1,0,차대사람 - 차도통행중,안전운전불이행,건조,맑음,단일로 - 기타,승용,여,28세,상해없음,보행자,남,16세,경상
2016101000100443,2016년 10월 10일 18시,월요일,경상남도 산청군 산청읍,사망사고,1,0,0,0,차대사람 - 차도통행중,안전운전불이행,건조,맑음,단일로 - 기타,화물,남,55세,상해없음,보행자,여,76세,사망
2016101000100578,2016년 10월 10일 22시,월요일,경상남도 김해시 삼방동,중상사고,0,1,0,0,차대차 - 기타,교차로운행방법위반,건조,맑음,교차로 - 교차로안,승용,여,46세,상해없음,승합,남,40세,상해없음
2016101000100598,2016년 10월 10일 23시,월요일,경상남도 창원시 성산구 양곡동,중상사고,0,3,0,0,차대차 - 기타,안전운전불이행,건조,맑음,교차로 - 교차로부근,승용,남,58세,상해없음,승용,남,32세,중상
2016101100100020,2016년 10월 11일 01시,화요일,경상남도 밀양시 내이동,부상신고사고,0,0,0,2,차대사람 - 횡단중,안전운전불이행,건조,맑음,단일로 - 기타,승용,남,34세,상해없음,보행자,남,50세,부상신고
2016101100100031,2016년 10월 11일 02시,화요일,경상남도 함양군 휴천면,부상신고사고,0,0,0,1,차량단독 - 전도전복,안전운전불이행,건조,맑음,교차로 - 교차로안,화물,남,51세,부상신고,,,,
2016101100100092,2016년 10월 11일 07시,화요일,경상남도 진주시 정촌면,중상사고,0,1,0,0,차대차 - 추돌,안전운전불이행,건조,맑음,교차로 - 교차로부근,화물,남,47세,상해없음,승용,남,60세,중상
2016101100100093,2016년 10월 11일 07시,화요일,경상남도 창원시 마산회원구 양덕동,중상사고,0,1,0,0,차대사람 - 횡단중,신호위반,건조,맑음,교차로 - 교차로부근,자전거,남,26세,상해없음,보행자,여,16세,중상
2016101100100125,2016년 10월 11일 08시,화요일,경상남도 김해시 서상동,경상사고,0,0,1,0,차대차 - 기타,안전운전불이행,건조,맑음,교차로 - 교차로안,자전거,남,73세,경상,승용,남,24세,상해없음
2016101100100126,2016년 10월 11일 08시,화요일,경상남도 김해시 삼방동,중상사고,0,1,0,0,차대차 - 기타,안전운전불이행,건조,맑음,교차로 - 교차로부근,승용,남,62세,상해없음,원동기,남,76세,중상