사고번호,사고일시,요일,시군구,사고내용,사망자수,중상자수,경상자수,부상신고자수,사고유형,법규위반,노면상태,기상상태,도로형태,가해운전자 차종,가해운전자 성별,가해운전자 연령,가해운전자 상해정도,피해운전자 차종,피해운전자 성별,피해운전자 연령,피해운전자 상해정도
2016102100100347,2016년 10월 21일 14시,금요일,경상남도 남해군 창선면,경상사고,0,0,1,0,차대사람 - 기타,안전운전불이행,습기,흐림,단일로 - 기타,화물,남,47세,상해없음,보행자,여,71세,경상
2016102100100381,2016년 10월 21일 15시,금요일,경상남도 창녕군 남지읍,중상사고,0,1,0,0,차대차 - 측면직각충돌,안전운전불이행,건조,맑음,교차로 - 교차로부근,화물,남,62세,상해없음,자전거,여,79세,중상
2016102100100382,2016년 10월 21일 15시,금요일,경상남도 김해시 장유면,경상사고,0,0,1,0,차대차 - 측면충돌,안전운전불이행,건조,맑음,교차로 - 교차로안,승용,여,50세,상해없음,승용,여,62세,경상
2016102100100434,2016년 10월 21일 16시,금요일,경상남도 합천군 봉산면,중상사고,0,1,0,0,차량단독 - 전도전복,안전운전불이행,건조,맑음,교차로 - 교차로안,이륜,남,75세,상해없음,,,,
2016102100100435,2016년 10월 21일 16시,금요일,경상남도 양산시 남부동,중상사고,0,1,0,0,차대차 - 정면충돌,안전운전불이행,건조,맑음,교차로 - 교차로부근,승용,남,58세,상해없음,자전거,남,35세,중상
2016102100100522,2016년 10월 21일 18시,금요일,경상남도 의령군 칠곡면,중상사고,0,1,1,0,차대사람 - 횡단중,안전운전불이행,건조,맑음,단일로 - 기타,승합,남,41세,상해없음,보행자,여,80세,중상
2016102100100588,2016년 10월 21일 19시,금요일,경상남도 진주시 칠암동,중상사고,0,1,1,0,차대차 - 기타,중앙선침범,건조,맑음,교차로 - 교차로부근,승용,남,62세,상해없음,승용,남,48세,경상
2016102100100589,2016년 10월 21일 19시,금요일,경상남도 남해군 남해읍,중상사고,0,1,0,0,차대차 - 측면직각충돌,안전운전불이행,습기,흐림,교차로 - 교차로안,승용,여,48세,상해없음,승용,남,29세,중상
2016102100100590,2016년 10월 21일 19시,금요일,경상남도 산청군 산청읍,경상사고,0,0,1,0,차대차 - 측면충돌,안전거리미확보,건조,맑음,단일로 - 기타,승합,남,68세,상해없음,승용,여,34세,경상
2016102100100591,2016년 10월 21일 19시,금요일,경상남도 창원시 성산구 반림동,중상사고,0,1,0,0,차대차 - 정면충돌,신호위반,건조,맑음,교차로 - 교차로안,승용,여,42세,상해없음,승용,여,43세,중상
2016102100100592,2016년 10월 21일 19시,금요일,경상남도 창원시 의창구 서상동,중상사고,0,1,0,0,차대사람 - 횡단중,보행자보호의무위반,건조,맑음,교차로 - 교차로부근,승용,남,23세,상해없음,보행자,여,78세,중상
2016102100100593,2016년 10월 21일 19시,금요일,경상남도 함안군 칠서면,경상사고,0,0,1,0,차대차 - 추돌,안전운전불이행,건조,맑음,단일로 - 기타,승용,남,51세,상해없음,승용,남,49세,경상
2016102100100693,2016년 10월 21일 21시,금요일,경상남도 창원시 마산합포구 상남동,경상사고,0,0,1,0,차대사람 - 횡단중,안전운전불이행,건조,맑음,기타 - 기타,승용,여,63세,상해없음,보행자,남,66세,경상
2016102100100694,2016년 10월 21일 21시,금요일,경상남도 통영시 미수동,중상사고,0,1,0,0,차대사람 - 기타,안전운전불이행,건조,맑음,단일로 - 기타,승용,여,56세,상해없음,보행자,남,51세,중상
2016102100100695,2016년 10월 21일 21시,금요일,경상남도 통영시 북신동,경상사고,0,0,1,0,차대차 - 측면직각충돌,안전운전불이행,건조,맑음,교차로 - 교차로안,승용,남,64세,상해없음,이륜,남,33세,경상
2016102100100696,2016년 10월 21일 21시,금요일,경상남도 함안군 법수면,경상사고,0,0,2,0,차대차 - 측면직각충돌,안전운전불이행,건조,맑음,단일로 - 기타,승용,남,60세,상해없음,승용,남,19세,경상
2016102100100697,2016년 10월 21일 21시,금요일,경상남도 창원시 마산회원구 봉암동,중상사고,0,1,1,0,차대차 - 측면직각충돌,안전운전불이행,건조,맑음,교차로 - 교차로안,승용,남,62세,상해없음,승용,남,27세,경상
2016102100100758,2016년 10월 21일 23시,금요일,경상남도 거제시 연초면,중상사고,0,1,0,0,차대차 - 측면충돌,안전운전불이행,건조,맑음,단일로 - 기타,승용,남,45세,기타불명,승용,남,39세,중상
2016102200100076,2016년 10월 22일 05시,토요일,경상남도 통영시 용남면,중상사고,0,1,0,0,차대차 - 추돌,안전운전불이행,건조,맑음,단일로 - 기타,승용,남,32세,상해없음,승용,남,58세,중상
2016102200100077,2016년 10월 22일 05시,토요일,경상남도 김해시 외동,중상사고,0,1,1,0,차대차 - 기타,신호위반,건조,맑음,교차로 - 교차로안,승합,남,54세,상해없음,승용,남,51세,중상
2016102200100095,2016년 10월 22일 06시,토요일,경상남도 고성군 고성읍,중상사고,0,1,2,0,차대차 - 측면충돌,신호위반,습기,맑음,교차로 - 교차로안,화물,남,51세,상해없음,승용,남,36세,경상
2016102200100096,2016년 10월 22일 06시,토요일,경상남도 창원시 마산회원구 내서읍,경상사고,0,0,1,0,차대차 - 측면직각충돌,안전운전불이행,건조,맑음,단일로 - 기타,승용,남,24세,상해없음,승용,남,65세,경상
2016102200100109,2016년 10월 22일 07시,토요일,경상남도 진주시 주약동,중상사고,0,1,0,0,차대차 - 기타,신호위반,건조,맑음,단일로 - 기타,승용,남,65세,상해없음,자전거,여,66세,중상
2016102200100122,2016년 10월 22일 08시,토요일,경상남도 사천시 선구동,중상사고,0,2,0,0,차대차 - 측면충돌,직진우회전진행방해,건조,맑음,교차로 - 교차로안,원동기,남,74세,중상,원동기,여,58세,중상
2016102200100152,2016년 10월 22일 09시,토요일,경상남도 창원시 진해구 석동,경상사고,0,0,1,0,차대차 - 측면직각충돌,교차로운행방법위반,건조,맑음,교차로 - 교차로안,승용,남,45세,상해없음,승용,여,44세,경상
2016102200100181,2016년 10월 22일 10시,토요일,경상남도 진주시 상평동,중상사고,0,1,0,0,차대사람 - 기타,안전운전불이행,건조,맑음,기타 - 기타,화물,남,29세,상해없음,보행자,남,60세,중상
2016102200100209,2016년 10월 22일 11시,토요일,경상남도 사천시 서동,중상사고,0,1,0,0,차대사람 - 기타,안전운전불이행,건조,맑음,단일로 - 기타,화물,남,74세,상해없음,보행자,여,64세,중상
2016102200100248,2016년 10월 22일 12시,토요일,경상남도 창원시 마산합포구 교방동,중상사고,0,1,0,0,차대사람 - 횡단중,안전운전불이행,건조,맑음,단일로 - 기타,승용,남,66세,상해없음,보행자,남,63세,중상
2016102200100289,2016년 10월 22일 13시,토요일,경상남도 김해시 장유면,중상사고,0,1,0,0,차대차 - 측면충돌,중앙선침범,건조,맑음,단일로 - 기타,승용,남,42세,상해없음,이륜,남,39세,중상
2016102200100318,2016년 10월 22일 14시,토요일,경상남도 김해시 어방동,경상사고,0,0,3,0,차대차 - 추돌,안전운전불이행,건조,맑음,단일로 - 기타,승용,남,55세,상해없음,승용,남,29세,경상
2016102200100319,2016년 10월 22일 14시,토요일,경상남도 김해시 부원동,중상사고,0,1,0,0,차대사람 - 기타,안전운전불이행,건조,맑음,단일로 - 기타,화물,남,67세,상해없음,보행자,여,55세,중상
2016102200100320,2016년 10월 22일 14시,토요일,경상남도 하동군 악양면,중상사고,0,1,1,0,차대차 - 정면충돌,안전운전불이행,건조,맑음,교차로 - 교차로안,승용,남,55세,경상,화물,남,51세,중상
2016102200100343,2016년 10월 22일 15시,토요일,경상남도 양산시 하북면,경상사고,0,0,1,0,차대차 - 추돌,안전운전불이행,건조,맑음,단일로 - 기타,승용,남,55세,상해없음,승용,남,35세,경상
2016102200100363,2016년 10월 22일 15시,토요일,경상남도 함양군 유림면,경상사고,0,0,4,0,차대차 - 추돌,안전운전불이행,건조,맑음,단일로 - 기타,승합,남,38세,상해없음,승용,남,61세,경상
2016102200100364,2016년 10월 22일 15시,토요일,경상남도 김해시 장유면,경상사고,0,0,2,0,차대차 - 측면직각충돌,직진우회전진행방해,건조,맑음,교차로 - 교차로안,승용,남,74세,상해없음,승용,남,35세,경상
2016102200100395,2016년 10월 22일 16시,토요일,경상남도 사천시 정동면,경상사고,0,0,5,0,차대차 - 추돌,안전운전불이행,건조,맑음,단일로 - 기타,승합,남,63세,상해없음,승합,남,26세,경상
2016102200100396,2016년 10월 22일 16시,토요일,경상남도 함양군 함양읍,중상사고,0,1,0,0,차대사람 - 길가장자리구역통행중,안전운전불이행,건조,맑음,단일로 - 기타,화물,남,68세,상해없음,보행자,여,67세,중상
2016102200100430,2016년 10월 22일 17시,토요일,경상남도 고성군 회화면,중상사고,0,1,1,0,차대차 - 추돌,안전거리미확보,건조,맑음,단일로 - 기타,승용,여,60세,중상,승용,여,52세,경상
2016102200100484,2016년 10월 22일 18시,토요일,경상남도 진주시 금산면,경상사고,0,0,2,0,차대차 - 측면직각충돌,신호위반,건조,맑음,교차로 - 교차로안,승용,남,56세,상해없음,승용,남,45세,경상
2016102200100485,2016년 10월 22일 18시,토요일,경상남도 통영시 미수동,중상사고,0,2,0,0,차대차 - 추돌,안전운전불이행,건조,맑음,단일로 - 기타,승용,남,54세,상해없음,승합,남,40세,중상
2016102200100486,2016년 10월 22일 18시,토요일,경상남도 고성군 고성읍,중상사고,0,1,0,0,차대차 - 추돌,안전운전불이행,건조,맑음,단일로 - 기타,승용,남,29세,상해없음,승용,기타불명,기타불명,기타불명
2016102200100487,2016년 10월 22일 18시,토요일,경상남도 창원시 성산구 외동,경상사고,0,0,1,0,차대차 - 측면충돌,신호위반,건조,맑음,교차로 - 교차로안,승용,여,57세,상해없음,승용,여,58세,경상
2016102200100536,2016년 10월 22일 19시,토요일,경상남도 창원시 마산합포구 예곡동,경상사고,0,0,1,0,차대차 - 추돌,안전운전불이행,건조,맑음,단일로 - 기타,승용,남,25세,상해없음,승용,남,47세,경상
2016102200100537,2016년 10월 22일 19시,토요일,경상남도 진주시 가좌동,중상사고,0,1,0,0,차대차 - 측면충돌,신호위반,건조,맑음,교차로 - 교차로부근,원동기,남,45세,상해없음,자전거,남,26세,중상
2016102200100565,2016년 10월 22일 20시,토요일,경상남도 창원시 마산회원구 회성동,중상사고,0,2,3,0,차대차 - 측면직각충돌,신호위반,건조,맑음,교차로 - 교차로안,승용,여,51세,상해없음,승용,남,27세,중상
2016102200100584,2016년 10월 22일 21시,토요일,경상남도 진주시 칠암동,중상사고,0,1,0,0,차대차 - 측면직각충돌,안전운전불이행,건조,맑음,단일로 - 횡단보도상,승용,남,62세,상해없음,자전거,남,21세,중상
2016102200100585,2016년 10월 22일 21시,토요일,경상남도 창원시 의창구 소답동,중상사고,0,1,0,0,차대사람 - 기타,안전운전불이행,건조,맑음,단일로 - 기타,승용,남,34세,상해없음,보행자,남,13세,중상
2016102200100619,2016년 10월 22일 22시,토요일,경상남도 김해시 어방동,경상사고,0,0,1,0,차대사람 - 횡단중,신호위반,건조,맑음,교차로 - 교차로안,승용,여,51세,상해없음,보행자,남,76세,경상
2016102300100017,2016년 10월 23일 00시,일요일,경상남도 통영시 용남면,중상사고,0,2,0,0,차대차 - 측면직각충돌,안전운전불이행,건조,맑음,단일로 - 기타,승용,남,33세,상해없음,승용,남,55세,중상
2016102300100018,2016년 10월 23일 00시,일요일,경상남도 양산시 삼호동,부상신고사고,0,0,0,1,차대사람 - 횡단중,안전운전불이행,건조,맑음,교차로 - 교차로부근,기타불명,기타불명,기타불명,기타불명,보행자,남,33세,부상신고
2016102300100104,2016년 10월 23일 07시,일요일,경상남도 양산시 북부동,중상사고,0,1,0,0,차대사람 - 기타,안전운전불이행,건조,맑음,교차로 - 교차로안,승용,남,52세,상해없음,보행자,여,53세,중상
2016102300100139,2016년 10월 23일 09시,일요일,경상남도 남해군 창선면,경상사고,0,0,2,0,차대차 - 추돌,안전운전불이행,건조,맑음,단일로 - 기타,화물,남,46세,상해없음,승용,남,31세,경상
2016102300100140,2016년 10월 23일 09시,일요일,경상남도 창원시 의창구 도계동,중상사고,0,1,0,0,차대사람 - 기타,기타,건조,흐림,단일로 - 기타,승합,남,57세,상해없음,보행자,여,41세,중상
2016102300100162,2016년 10월 23일 10시,일요일,경상남도 창원시 마산합포구 창포동3가,부상신고사고,0,0,0,1,차대사람 - 차도통행중,안전운전불이행,건조,맑음,단일로 - 기타,승용,남,53세,상해없음,보행자,남,54세,부상신고
2016102300100163,2016년 10월 23일 10시,일요일,경상남도 창녕군 창녕읍,경상사고,0,0,3,0,차대차 - 측면직각충돌,안전운전불이행,건조,맑음,교차로 - 교차로안,승용,여,56세,경상,승합,남,43세,경상
2016102300100164,2016년 10월 23일 10시,일요일,경상남도 양산시 삼호동,경상사고,0,0,3,0,차대차 - 정면충돌,신호위반,건조,맑음,교차로 - 교차로안,승용,남,55세,상해없음,승용,남,30세,경상
2016102300100165,2016년 10월 23일 10시,일요일,경상남도 거제시 하청면,경상사고,0,0,1,0,차대사람 - 기타,안전운전불이행,건조,맑음,교차로 - 교차로안,승용,남,62세,상해없음,보행자,남,29세,경상
2016102300100181,2016년 10월 23일 11시,일요일,경상남도 창녕군 성산면,중상사고,0,1,6,0,차대차 - 추돌,안전운전불이행,건조,맑음,단일로 - 기타,승합,남,66세,경상,승용,남,51세,경상
2016102300100182,2016년 10월 23일 11시,일요일,경상남도 양산시 물금읍,경상사고,0,0,2,0,차대차 - 정면충돌,안전운전불이행,건조,맑음,단일로 - 기타,승용,남,60세,상해없음,승용,남,26세,경상
2016102300100183,2016년 10월 23일 11시,일요일,경상남도 거제시 고현동,중상사고,0,1,0,0,차대차 - 측면충돌,신호위반,건조,맑음,단일로 - 기타,승용,남,63세,상해없음,승용,여,46세,중상
2016102300100219,2016년 10월 23일 13시,일요일,경상남도 창원시 진해구 여좌동,중상사고,0,3,1,0,차대차 - 추돌,안전운전불이행,건조,맑음,교차로 - 교차로부근,승용,여,50세,경상,승용,남,69세,중상
2016102300100220,2016년 10월 23일 13시,일요일,경상남도 사천시 벌리동,부상신고사고,0,0,0,1,차대차 - 측면충돌,신호위반,건조,맑음,교차로 - 교차로안,자전거,남,75세,부상신고,승용,남,65세,상해없음
2016102300100221,2016년 10월 23일 13시,일요일,경상남도 창원시 성산구 귀산동,경상사고,0,0,1,0,차대사람 - 횡단중,안전운전불이행,건조,맑음,단일로 - 횡단보도부근,승용,남,25세,상해없음,보행자,남,8세,경상
2016102300100248,2016년 10월 23일 14시,일요일,경상남도 창녕군 유어면,부상신고사고,0,0,0,1,차대사람 - 기타,안전운전불이행,건조,맑음,단일로 - 기타,자전거,기타불명,기타불명,기타불명,보행자,여,10세,부상신고
2016102300100249,2016년 10월 23일 14시,일요일,경상남도 창원시 마산회원구 두척동,경상사고,0,0,3,0,차대차 - 측면충돌,안전운전불이행,건조,맑음,교차로 - 교차로부근,승용,남,25세,상해없음,승용,여,34세,경상
2016102300100273,2016년 10월 23일 15시,일요일,경상남도 창원시 마산합포구 두월동2가,중상사고,0,1,0,0,차대차 - 기타,안전운전불이행,건조,맑음,단일로 - 기타,승용,남,86세,상해없음,승용,남,73세,기타불명
2016102300100274,2016년 10월 23일 15시,일요일,경상남도 진주시 망경동,경상사고,0,0,1,0,차량단독 - 전도전복,안전운전불이행,건조,맑음,단일로 - 기타,원동기,남,17세,경상,,,,
2016102300100275,2016년 10월 23일 15시,일요일,경상남도 사천시 동금동,부상신고사고,0,0,0,1,차대차 - 측면충돌,중앙선침범,건조,맑음,단일로 - 기타,자전거,남,79세,부상신고,승용,여,45세,기타불명
2016102300100276,2016년 10월 23일 15시,일요일,경상남도 사천시 용강동,중상사고,0,1,0,0,차대차 - 측면충돌,직진우회전진행방해,건조,맑음,교차로 - 교차로안,승용,남,45세,상해없음,자전거,남,74세,중상
2016102300100277,2016년 10월 23일 15시,일요일,경상남도 양산시 명곡동,경상사고,0,0,3,0,차대차 - 정면충돌,중앙선침범,건조,맑음,단일로 - 기타,승용,남,34세,상해없음,승용,남,31세,경상
2016102300100311,2016년 10월 23일 16시,일요일,경상남도 창녕군 계성면,중상사고,0,1,3,0,차대차 - 측면직각충돌,안전운전불이행,건조,맑음,교차로 - 교차로안,승용,남,33세,상해없음,승용,남,50세,경상
2016102300100312,2016년 10월 23일 16시,일요일,경상남도 거제시 동부면,경상사고,0,0,1,0,차대사람 - 차도통행중,안전운전불이행,건조,맑음,단일로 - 기타,승용,남,45세,상해없음,보행자,남,6세,경상
2016102300100313,2016년 10월 23일 16시,일요일,경상남도 거제시 장평동,경상사고,0,0,2,0,차대차 - 측면충돌,안전운전불이행,건조,맑음,단일로 - 기타,승용,남,71세,상해없음,승용,남,68세,경상
2016102300100314,2016년 10월 23일 16시,일요일,경상남도 창원시 성산구 신촌동,경상사고,0,0,2,0,차대차 - 측면직각충돌,신호위반,건조,맑음,교차로 - 교차로안,승용,남,34세,상해없음,승용,남,39세,경상
2016102300100354,2016년 10월 23일 17시,일요일,경상남도 진주시 금산면,중상사고,0,1,0,0,차대사람 - 길가장자리구역통행중,안전운전불이행,건조,맑음,단일로 - 기타,승합,남,54세,상해없음,보행자,남,79세,중상
2016102300100355,2016년 10월 23일 17시,일요일,경상남도 창원시 마산회원구 구암동,경상사고,0,0,1,0,차대차 - 추돌,안전운전불이행,건조,맑음,단일로 - 기타,이륜,남,39세,경상,승용,남,44세,상해없음
2016102300100407,2016년 10월 23일 18시,일요일,경상남도 진주시 옥봉동,중상사고,0,1,0,0,차대사람 - 횡단중,보행자보호의무위반,건조,흐림,단일로 - 횡단보도상,승용,여,60세,상해없음,보행자,여,72세,중상
2016102300100408,2016년 10월 23일 18시,일요일,경상남도 밀양시 교동,경상사고,0,0,2,0,차대차 - 정면충돌,중앙선침범,건조,맑음,단일로 - 기타,승용,남,55세,상해없음,승용,남,61세,경상
2016102300100409,2016년 10월 23일 18시,일요일,경상남도 합천군 율곡면,경상사고,0,0,4,0,차대차 - 추돌,안전운전불이행,건조,맑음,단일로 - 기타,화물,남,58세,상해없음,승용,여,34세,경상
2016102300100410,2016년 10월 23일 18시,일요일,경상남도 양산시 중부동,경상사고,0,0,1,0,차대차 - 측면직각충돌,신호위반,건조,맑음,교차로 - 교차로안,승용,여,27세,상해없음,원동기,남,26세,경상
2016102300100411,2016년 10월 23일 18시,일요일,경상남도 거제시 옥포동,중상사고,0,1,0,0,차대사람 - 차도통행중,안전운전불이행,건조,맑음,단일로 - 기타,승용,남,58세,상해없음,보행자,남,56세,중상
2016102300100459,2016년 10월 23일 19시,일요일,경상남도 거제시 장목면,중상사고,0,1,13,0,차대차 - 측면충돌,안전운전불이행,건조,맑음,단일로 - 기타,승용,남,34세,상해없음,승합,남,52세,경상
2016102300100488,2016년 10월 23일 20시,일요일,경상남도 창녕군 남지읍,중상사고,0,2,1,0,차대차 - 정면충돌,중앙선침범,건조,맑음,단일로 - 기타,화물,남,61세,경상,화물,남,65세,중상
2016102300100489,2016년 10월 23일 20시,일요일,경상남도 거제시 고현동,중상사고,0,1,0,0,차대사람 - 차도통행중,안전운전불이행,건조,맑음,단일로 - 기타,이륜,남,24세,상해없음,보행자,여,65세,중상
2016102300100490,2016년 10월 23일 20시,일요일,경상남도 거제시 아주동,중상사고,0,1,0,0,차대사람 - 횡단중,신호위반,건조,맑음,단일로 - 기타,승용,여,54세,상해없음,보행자,여,41세,중상
2016102300100491,2016년 10월 23일 20시,일요일,경상남도 창원시 성산구 반림동,경상사고,0,0,3,0,차대차 - 측면직각충돌,안전운전불이행,건조,맑음,교차로 - 교차로부근,승용,남,53세,상해없음,승용,여,29세,경상
2016102300100492,2016년 10월 23일 20시,일요일,경상남도 창원시 의창구 동읍,경상사고,0,0,1,0,차량단독 - 도로외이탈 - 추락,안전운전불이행,건조,흐림,교차로 - 교차로부근,화물,남,50세,경상,,,,
2016102300100529,2016년 10월 23일 21시,일요일,경상남도 창원시 의창구 북동,경상사고,0,0,2,0,차대차 - 추돌,안전운전불이행,건조,흐림,단일로 - 기타,승합,여,49세,상해없음,화물,남,35세,기타불명
2016102300100553,2016년 10월 23일 22시,일요일,경상남도 진주시 평거동,중상사고,0,1,2,0,차대차 - 추돌,안전운전불이행,건조,맑음,교차로 - 교차로부근,승용,남,25세,상해없음,승용,남,26세,경상
2016102300100554,2016년 10월 23일 22시,일요일,경상남도 김해시 흥동,중상사고,0,1,0,0,차대차 - 정면충돌,중앙선침범,건조,맑음,단일로 - 기타,승용,남,31세,상해없음,승용,남,21세,중상
2016102300100562,2016년 10월 23일 23시,일요일,경상남도 양산시 평산동,부상신고사고,0,0,0,1,차량단독 - 전도전복,안전운전불이행,건조,맑음,교차로 - 교차로안,승용,여,56세,상해없음,,,,
2016102400100030,2016년 10월 24일 04시,월요일,경상남도 양산시 남부동,경상사고,0,0,1,0,차대차 - 측면직각충돌,차로위반,건조,맑음,미분류 - 미분류,승용,남,36세,상해없음,원동기,남,24세,경상
2016102400100085,2016년 10월 24일 07시,월요일,경상남도 사천시 사천읍,중상사고,0,1,1,1,차대차 - 추돌,안전운전불이행,건조,맑음,단일로 - 기타,승용,남,22세,경상,승합,남,61세,상해없음
2016102400100086,2016년 10월 24일 07시,월요일,경상남도 함양군 서상면,중상사고,0,1,0,0,차대차 - 기타,안전운전불이행,건조,맑음,단일로 - 기타,화물,남,39세,상해없음,화물,남,69세,중상
2016102400100087,2016년 10월 24일 07시,월요일,경상남도 하동군 하동읍,경상사고,0,0,1,0,차대사람 - 기타,안전운전불이행,건조,맑음,단일로 - 기타,화물,남,50세,상해없음,보행자,여,70세,경상
2016102400100088,2016년 10월 24일 07시,월요일,경상남도 거제시 고현동,중상사고,0,1,0,0,차대차 - 측면충돌,신호위반,건조,맑음,단일로 - 기타,승용,남,49세,상해없음,승용,남,31세,중상
2016102400100146,2016년 10월 24일 08시,월요일,경상남도 창원시 마산회원구 내서읍,중상사고,0,1,0,0,차대차 - 추돌,안전운전불이행,건조,맑음,단일로 - 기타,승용,남,68세,상해없음,승용,남,26세,중상
2016102400100185,2016년 10월 24일 09시,월요일,경상남도 밀양시 내이동,중상사고,0,1,1,0,차대차 - 추돌,안전운전불이행,건조,맑음,단일로 - 기타,특수,남,54세,상해없음,승용,남,68세,경상
2016102400100217,2016년 10월 24일 10시,월요일,경상남도 통영시 당동,경상사고,0,0,1,0,차대차 - 추돌,안전운전불이행,건조,맑음,단일로 - 기타,승용,남,30세,상해없음,승용,남,54세,경상
2016102400100218,2016년 10월 24일 10시,월요일,경상남도 창원시 마산합포구 산호동,중상사고,0,1,0,0,차대차 - 기타,안전운전불이행,건조,맑음,교차로 - 교차로안,자전거,남,82세,중상,승용,여,37세,상해없음
2016102400100251,2016년 10월 24일 11시,월요일,경상남도 진주시 상봉동,중상사고,0,1,0,0,차대차 - 측면직각충돌,교차로운행방법위반,건조,맑음,교차로 - 교차로부근,승용,남,51세,상해없음,화물,남,28세,중상
2016102400100253,2016년 10월 24일 11시,월요일,경상남도 창원시 성산구 반지동,중상사고,0,2,2,0,차대차 - 추돌,안전운전불이행,건조,맑음,단일로 - 기타,승용,남,32세,상해없음,승용,남,44세,경상
2016102400100353,2016년 10월 24일 14시,월요일,경상남도 김해시 서상동,중상사고,0,1,0,0,차대사람 - 길가장자리구역통행중,안전운전불이행,건조,맑음,교차로 - 교차로안,승용,여,57세,상해없음,보행자,여,73세,중상
2016102400100354,2016년 10월 24일 14시,월요일,경상남도 거제시 두모동,경상사고,0,0,1,0,차대사람 - 기타,안전운전불이행,건조,맑음,기타 - 기타,승용,여,61세,상해없음,보행자,남,59세,경상
2016102400100399,2016년 10월 24일 15시,월요일,경상남도 거제시 아주동,중상사고,0,1,3,0,차대차 - 추돌,안전운전불이행,건조,맑음,단일로 - 기타,승용,남,58세,상해없음,승용,남,29세,중상
2016102400100400,2016년 10월 24일 15시,월요일,경상남도 함안군 군북면,중상사고,0,1,0,0,차대사람 - 길가장자리구역통행중,안전운전불이행,건조,맑음,단일로 - 기타,승용,여,56세,상해없음,보행자,여,76세,중상
2016102400100442,2016년 10월 24일 16시,월요일,경상남도 사천시 벌리동,경상사고,0,0,1,0,차대차 - 측면직각충돌,교차로운행방법위반,건조,맑음,교차로 - 교차로안,승용,여,41세,상해없음,농기계,여,70세,경상
2016102400100443,2016년 10월 24일 16시,월요일,경상남도 창녕군 대지면,중상사고,0,1,3,0,차대차 - 측면직각충돌,직진우회전진행방해,건조,맑음,교차로 - 교차로부근,화물,남,64세,상해없음,화물,남,51세,상해없음
2016102400100491,2016년 10월 24일 17시,월요일,경상남도 진주시 인사동,중상사고,0,1,0,0,차대차 - 측면직각충돌,중앙선침범,건조,맑음,단일로 - 기타,승용,여,47세,상해없음,승용,여,49세,중상
2016102400100492,2016년 10월 24일 17시,월요일,경상남도 통영시 당동,중상사고,0,1,0,0,차대차 - 추돌,안전운전불이행,건조,맑음,교차로 - 교차로부근,승용,남,31세,상해없음,승용,남,27세,중상
2016102400100493,2016년 10월 24일 17시,월요일,경상남도 함안군 군북면,경상사고,0,0,1,0,차대차 - 정면충돌,안전운전불이행,건조,맑음,교차로 - 교차로안,승용,남,36세,상해없음,승용,남,52세,경상
2016102400100494,2016년 10월 24일 17시,월요일,경상남도 의령군 용덕면,사망사고,1,0,0,0,차량단독 - 전도전복,안전운전불이행,건조,맑음,단일로 - 기타,이륜,남,82세,사망,,,,
2016102400100556,2016년 10월 24일 18시,월요일,경상남도 사천시 용현면,중상사고,0,2,0,3,차대차 - 측면직각충돌,안전운전불이행,건조,맑음,교차로 - 교차로안,승용,남,18세,부상신고,승용,남,27세,중상
2016102400100557,2016년 10월 24일 18시,월요일,경상남도 김해시 불암동,경상사고,0,0,1,0,차대사람 - 횡단중,안전운전불이행,건조,맑음,교차로 - 교차로안,승용,남,42세,상해없음,보행자,남,57세,경상
2016102400100558,2016년 10월 24일 18시,월요일,경상남도 함양군 휴천면,사망사고,1,0,0,0,차대사람 - 차도통행중,안전운전불이행,건조,흐림,단일로 - 기타,승용,여,55세,상해없음,보행자,여,78세,사망
2016102400100559,2016년 10월 24일 18시,월요일,경상남도 의령군 칠곡면,경상사고,0,0,1,0,차대차 - 추돌,안전운전불이행,건조,흐림,교차로 - 교차로부근,승용,여,47세,상해없음,승용,여,35세,경상
2016102400100560,2016년 10월 24일 18시,월요일,경상남도 창원시 성산구 가음정동,경상사고,0,0,1,0,차대차 - 측면충돌,안전운전불이행,건조,흐림,교차로 - 교차로안,승용,남,59세,상해없음,자전거,남,60세,경상
2016102400100596,2016년 10월 24일 19시,월요일,경상남도 창원시 진해구 석동,경상사고,0,0,1,0,차대차 - 측면직각충돌,안전운전불이행,건조,맑음,교차로 - 교차로안,승용,여,41세,상해없음,승용,남,30세,경상
2016102400100598,2016년 10월 24일 19시,월요일,경상남도 양산시 북부동,경상사고,0,0,1,0,차대차 - 측면직각충돌,안전운전불이행,건조,맑음,교차로 - 교차로안,승용,남,51세,상해없음,승용,여,54세,경상
2016102400100599,2016년 10월 24일 19시,월요일,경상남도 창원시 의창구 봉곡동,중상사고,0,1,0,0,차대차 - 측면충돌,안전운전불이행,건조,맑음,교차로 - 교차로안,승용,여,40세,상해없음,자전거,여,42세,중상
2016102400100630,2016년 10월 24일 20시,월요일,경상남도 진주시 상평동,경상사고,0,0,1,0,차대사람 - 기타,안전운전불이행,건조,맑음,단일로 - 기타,승용,여,35세,상해없음,보행자,남,34세,경상
2016102400100631,2016년 10월 24일 20시,월요일,경상남도 양산시 동면,경상사고,0,0,3,0,차대차 - 측면충돌,신호위반,건조,맑음,교차로 - 교차로안,승용,남,40세,상해없음,승용,여,58세,경상