사고번호,사고일시,요일,시군구,사고내용,사망자수,중상자수,경상자수,부상신고자수,사고유형,법규위반,노면상태,기상상태,도로형태,가해운전자 차종,가해운전자 성별,가해운전자 연령,가해운전자 상해정도,피해운전자 차종,피해운전자 성별,피해운전자 연령,피해운전자 상해정도
2016102400100710,2016년 10월 24일 23시,월요일,경상남도 창원시 의창구 도계동,경상사고,0,0,2,0,차대차 - 정면충돌,중앙선침범,건조,맑음,교차로 - 교차로안,승용,남,33세,상해없음,승용,남,33세,경상
2016102500100027,2016년 10월 25일 01시,화요일,경상남도 양산시 평산동,경상사고,0,0,2,0,차대차 - 측면충돌,교차로운행방법위반,건조,맑음,교차로 - 교차로안,승용,남,56세,상해없음,승용,남,47세,경상
2016102500100134,2016년 10월 25일 07시,화요일,경상남도 창원시 진해구 남문동,중상사고,0,1,0,0,차대차 - 추돌,안전운전불이행,건조,맑음,기타 - 기타,승용,여,35세,중상,특수,기타불명,16세,기타불명
2016102500100135,2016년 10월 25일 07시,화요일,경상남도 양산시 평산동,중상사고,0,1,0,0,차대차 - 측면충돌,안전운전불이행,건조,맑음,교차로 - 교차로안,자전거,남,16세,중상,승용,여,49세,상해없음
2016102500100136,2016년 10월 25일 07시,화요일,경상남도 창원시 의창구 소답동,경상사고,0,0,1,0,차대차 - 측면충돌,교차로운행방법위반,건조,맑음,교차로 - 교차로안,이륜,여,56세,경상,승용,남,29세,상해없음
2016102500100176,2016년 10월 25일 08시,화요일,경상남도 통영시 도천동,중상사고,0,1,0,0,차대차 - 측면직각충돌,안전운전불이행,건조,맑음,교차로 - 교차로안,자전거,남,70세,중상,승용,남,63세,상해없음
2016102500100177,2016년 10월 25일 08시,화요일,경상남도 사천시 용현면,경상사고,0,0,1,0,차대차 - 측면직각충돌,안전운전불이행,건조,맑음,단일로 - 기타,승용,여,21세,경상,화물,남,47세,상해없음
2016102500100178,2016년 10월 25일 08시,화요일,경상남도 김해시 삼계동,경상사고,0,0,2,0,차대차 - 측면직각충돌,신호위반,건조,맑음,교차로 - 교차로안,승합,남,56세,경상,승용,여,48세,경상
2016102500100179,2016년 10월 25일 08시,화요일,경상남도 합천군 가회면,중상사고,0,1,0,0,차대차 - 정면충돌,중앙선침범,건조,맑음,교차로 - 교차로부근,건설기계,남,65세,상해없음,승용,남,56세,중상
2016102500100180,2016년 10월 25일 08시,화요일,경상남도 함안군 칠북면,경상사고,0,0,1,0,차대차 - 측면직각충돌,교차로운행방법위반,건조,맑음,교차로 - 교차로안,농기계,남,64세,경상,승용,남,64세,상해없음
2016102500100223,2016년 10월 25일 09시,화요일,경상남도 창원시 마산합포구 완월동,경상사고,0,0,1,0,차대사람 - 횡단중,보행자보호의무위반,건조,흐림,단일로 - 횡단보도상,승용,여,21세,상해없음,보행자,여,14세,경상
2016102500100224,2016년 10월 25일 09시,화요일,경상남도 창원시 진해구 석동,경상사고,0,0,1,0,차대차 - 측면직각충돌,직진우회전진행방해,건조,맑음,교차로 - 교차로부근,승용,여,28세,상해없음,자전거,남,67세,경상
2016102500100225,2016년 10월 25일 09시,화요일,경상남도 양산시 중부동,경상사고,0,0,1,0,차대사람 - 횡단중,안전운전불이행,건조,맑음,기타 - 기타,화물,남,50세,상해없음,보행자,남,37세,경상
2016102500100226,2016년 10월 25일 09시,화요일,경상남도 거제시 고현동,중상사고,0,1,1,0,차대차 - 측면직각충돌,안전운전불이행,건조,맑음,교차로 - 교차로안,승용,남,35세,상해없음,승용,남,72세,중상
2016102500100262,2016년 10월 25일 10시,화요일,경상남도 남해군 남해읍,중상사고,0,1,0,0,차대사람 - 횡단중,보행자보호의무위반,습기,비,단일로 - 횡단보도상,승용,남,70세,기타불명,보행자,여,70세,중상
2016102500100263,2016년 10월 25일 10시,화요일,경상남도 남해군 삼동면,중상사고,0,1,0,0,차량단독 - 전도전복,안전운전불이행,습기,흐림,교차로 - 교차로안,화물,남,48세,중상,,,,
2016102500100289,2016년 10월 25일 11시,화요일,경상남도 통영시 명정동,중상사고,0,1,0,0,차대차 - 정면충돌,안전운전불이행,습기,비,교차로 - 교차로안,승용,여,44세,중상,승합,남,54세,상해없음
2016102500100290,2016년 10월 25일 11시,화요일,경상남도 양산시 물금읍,경상사고,0,0,1,0,차대차 - 정면충돌,교차로운행방법위반,건조,맑음,교차로 - 교차로안,승용,남,76세,상해없음,화물,남,25세,경상
2016102500100319,2016년 10월 25일 12시,화요일,경상남도 사천시 용현면,경상사고,0,0,2,0,차대차 - 측면충돌,신호위반,습기,흐림,교차로 - 교차로안,승용,여,58세,경상,승용,여,56세,경상
2016102500100320,2016년 10월 25일 12시,화요일,경상남도 김해시 외동,중상사고,0,1,0,0,차대차 - 측면충돌,신호위반,습기,비,교차로 - 교차로안,승용,남,49세,상해없음,승용,남,55세,중상
2016102500100321,2016년 10월 25일 12시,화요일,경상남도 양산시 남부동,경상사고,0,0,1,0,차대차 - 기타,안전운전불이행,습기,비,단일로 - 기타,승용,여,64세,상해없음,승용,남,36세,상해없음
2016102500100380,2016년 10월 25일 14시,화요일,경상남도 양산시 중부동,경상사고,0,0,2,0,차대차 - 측면충돌,안전운전불이행,건조,맑음,교차로 - 교차로부근,승용,여,39세,상해없음,승용,남,48세,경상
2016102500100409,2016년 10월 25일 15시,화요일,경상남도 양산시 주진동,중상사고,0,1,0,0,차대차 - 정면충돌,안전운전불이행,건조,맑음,교차로 - 교차로부근,화물,남,55세,상해없음,승용,남,42세,중상
2016102500100441,2016년 10월 25일 16시,화요일,경상남도 함안군 칠원읍,중상사고,0,1,0,0,차대사람 - 보도통행중,보행자보호의무위반,건조,맑음,단일로 - 횡단보도상,화물,남,50세,상해없음,보행자,남,84세,중상
2016102500100442,2016년 10월 25일 16시,화요일,경상남도 창원시 성산구 반림동,경상사고,0,0,1,0,차대차 - 추돌,안전운전불이행,건조,맑음,단일로 - 기타,이륜,남,19세,상해없음,화물,남,24세,상해없음
2016102500100491,2016년 10월 25일 17시,화요일,경상남도 창원시 마산합포구 중앙동2가,중상사고,0,1,1,0,차대차 - 측면직각충돌,직진우회전진행방해,건조,맑음,교차로 - 교차로안,승용,여,47세,경상,승용,남,62세,중상
2016102500100492,2016년 10월 25일 17시,화요일,경상남도 진주시 평거동,중상사고,0,1,0,0,차대차 - 측면충돌,안전운전불이행,건조,맑음,교차로 - 교차로안,승용,여,46세,상해없음,자전거,남,59세,중상
2016102500100553,2016년 10월 25일 18시,화요일,경상남도 진주시 계동,경상사고,0,0,1,0,차대사람 - 횡단중,보행자보호의무위반,건조,맑음,교차로 - 교차로부근,승용,남,57세,상해없음,보행자,여,41세,경상
2016102500100554,2016년 10월 25일 18시,화요일,경상남도 양산시 교동,부상신고사고,0,0,0,1,차대차 - 정면충돌,안전운전불이행,건조,맑음,교차로 - 교차로부근,자전거,남,16세,부상신고,승용,남,42세,상해없음
2016102500100555,2016년 10월 25일 18시,화요일,경상남도 양산시 하북면,사망사고,1,0,0,0,차대사람 - 횡단중,안전운전불이행,건조,맑음,기타 - 기타,승용,여,52세,상해없음,보행자,남,74세,사망
2016102500100556,2016년 10월 25일 18시,화요일,경상남도 산청군 신안면,중상사고,0,1,0,0,차대사람 - 길가장자리구역통행중,안전운전불이행,건조,맑음,단일로 - 기타,승용,남,61세,상해없음,보행자,남,57세,중상
2016102500100557,2016년 10월 25일 18시,화요일,경상남도 창원시 의창구 도계동,중상사고,0,1,0,0,차량단독 - 기타,안전운전불이행,건조,맑음,단일로 - 기타,승합,남,39세,상해없음,,,,
2016102500100593,2016년 10월 25일 19시,화요일,경상남도 창원시 진해구 풍호동,경상사고,0,0,2,0,차대차 - 측면충돌,안전운전불이행,건조,맑음,단일로 - 기타,승용,여,57세,상해없음,승용,남,23세,경상
2016102500100594,2016년 10월 25일 19시,화요일,경상남도 거제시 양정동,경상사고,0,0,2,0,차대차 - 추돌,안전운전불이행,습기,흐림,단일로 - 기타,승용,여,32세,상해없음,승용,남,27세,경상
2016102500100659,2016년 10월 25일 21시,화요일,경상남도 창원시 마산합포구 상남동,중상사고,0,1,0,0,차대사람 - 횡단중,안전운전불이행,건조,맑음,단일로 - 기타,승용,남,62세,상해없음,보행자,남,51세,중상
2016102500100660,2016년 10월 25일 21시,화요일,경상남도 김해시 내동,경상사고,0,0,1,0,차대차 - 정면충돌,안전운전불이행,습기,흐림,교차로 - 교차로안,승합,남,40세,상해없음,원동기,남,39세,경상
2016102500100684,2016년 10월 25일 22시,화요일,경상남도 사천시 용강동,경상사고,0,0,1,0,차대차 - 추돌,안전운전불이행,건조,맑음,교차로 - 교차로안,승용,남,54세,상해없음,승용,여,37세,경상
2016102500100685,2016년 10월 25일 22시,화요일,경상남도 양산시 중부동,부상신고사고,0,0,0,1,차량단독 - 전도전복,안전운전불이행,건조,맑음,교차로 - 교차로안,자전거,남,16세,부상신고,,,,
2016102600100032,2016년 10월 26일 01시,수요일,경상남도 창원시 진해구 풍호동,중상사고,0,1,2,0,차대차 - 측면충돌,직진우회전진행방해,건조,맑음,교차로 - 교차로안,승용,남,52세,상해없음,승용,남,54세,경상
2016102600100048,2016년 10월 26일 02시,수요일,경상남도 밀양시 내이동,경상사고,0,0,1,0,차대사람 - 길가장자리구역통행중,안전운전불이행,건조,맑음,단일로 - 기타,승용,남,59세,상해없음,보행자,여,33세,경상
2016102600100101,2016년 10월 26일 06시,수요일,경상남도 진주시 수정동,중상사고,0,1,0,0,차대사람 - 횡단중,보행자보호의무위반,건조,맑음,단일로 - 기타,화물,남,60세,상해없음,보행자,여,67세,중상
2016102600100102,2016년 10월 26일 06시,수요일,경상남도 김해시 장유면,중상사고,0,1,0,0,차대차 - 정면충돌,중앙선침범,건조,맑음,단일로 - 기타,원동기,남,68세,중상,승용,남,33세,상해없음
2016102600100110,2016년 10월 26일 07시,수요일,경상남도 양산시 물금읍,경상사고,0,0,1,0,차대차 - 추돌,안전거리미확보,건조,맑음,단일로 - 기타,승용,남,49세,상해없음,승용,여,44세,경상
2016102600100125,2016년 10월 26일 07시,수요일,경상남도 창원시 마산합포구 자산동,중상사고,0,1,0,0,차대사람 - 횡단중,안전운전불이행,건조,맑음,교차로 - 교차로안,승용,남,54세,상해없음,보행자,여,86세,중상
2016102600100142,2016년 10월 26일 08시,수요일,경상남도 양산시 산막동,경상사고,0,0,1,0,차대차 - 기타,안전운전불이행,건조,맑음,단일로 - 기타,화물,남,43세,상해없음,승용,남,25세,경상
2016102600100163,2016년 10월 26일 08시,수요일,경상남도 거제시 사등면,중상사고,0,1,1,0,차대차 - 추돌,안전운전불이행,건조,맑음,단일로 - 기타,승용,여,50세,상해없음,승용,여,53세,상해없음
2016102600100242,2016년 10월 26일 10시,수요일,경상남도 김해시 장유면,중상사고,0,2,0,0,차대차 - 측면충돌,안전운전불이행,건조,맑음,단일로 - 기타,화물,남,46세,상해없음,승용,여,40세,중상
2016102600100275,2016년 10월 26일 11시,수요일,경상남도 사천시 이홀동,경상사고,0,0,1,0,차대차 - 추돌,안전운전불이행,건조,맑음,단일로 - 기타,화물,남,55세,상해없음,승용,남,75세,경상
2016102600100276,2016년 10월 26일 11시,수요일,경상남도 거제시 능포동,경상사고,0,0,1,0,차대차 - 기타,안전운전불이행,건조,맑음,교차로 - 교차로안,승용,남,58세,상해없음,이륜,남,41세,경상
2016102600100300,2016년 10월 26일 12시,수요일,경상남도 진주시 평안동,중상사고,0,1,1,0,차대차 - 측면직각충돌,신호위반,건조,맑음,교차로 - 교차로안,승용,여,77세,중상,승용,여,50세,경상
2016102600100331,2016년 10월 26일 13시,수요일,경상남도 양산시 물금읍,경상사고,0,0,1,1,차대차 - 측면충돌,직진우회전진행방해,건조,맑음,교차로 - 교차로안,승용,여,58세,부상신고,승용,여,59세,경상
2016102600100332,2016년 10월 26일 13시,수요일,경상남도 창원시 성산구 중앙동,경상사고,0,0,1,0,차대사람 - 기타,안전운전불이행,건조,맑음,교차로 - 교차로부근,승용,여,63세,상해없음,보행자,여,51세,경상
2016102600100393,2016년 10월 26일 15시,수요일,경상남도 함양군 함양읍,경상사고,0,0,1,0,차대차 - 측면직각충돌,안전운전불이행,건조,맑음,단일로 - 기타,자전거,여,74세,경상,화물,남,63세,상해없음
2016102600100426,2016년 10월 26일 16시,수요일,경상남도 양산시 평산동,경상사고,0,0,1,0,차량단독 - 전도전복,안전운전불이행,건조,맑음,교차로 - 교차로안,자전거,여,25세,경상,,,,
2016102600100427,2016년 10월 26일 16시,수요일,경상남도 함안군 가야읍,경상사고,0,0,1,0,차대차 - 추돌,안전운전불이행,건조,맑음,단일로 - 교량,화물,남,43세,상해없음,승용,여,52세,경상
2016102600100428,2016년 10월 26일 16시,수요일,경상남도 의령군 부림면,부상신고사고,0,0,0,1,차대차 - 기타,교차로운행방법위반,건조,맑음,단일로 - 기타,승용,남,33세,상해없음,이륜,남,48세,부상신고
2016102600100470,2016년 10월 26일 17시,수요일,경상남도 사천시 사남면,중상사고,0,1,0,0,차대차 - 측면직각충돌,신호위반,건조,맑음,교차로 - 교차로안,특수,남,50세,상해없음,승용,남,31세,중상
2016102600100471,2016년 10월 26일 17시,수요일,경상남도 거제시 고현동,중상사고,0,1,0,0,차대차 - 기타,신호위반,건조,맑음,단일로 - 기타,승용,남,60세,상해없음,이륜,남,41세,중상
2016102600100472,2016년 10월 26일 17시,수요일,경상남도 창원시 성산구 내동,경상사고,0,0,1,0,차대차 - 기타,안전운전불이행,건조,맑음,단일로 - 기타,승합,남,64세,상해없음,승용,남,48세,경상
2016102600100473,2016년 10월 26일 17시,수요일,경상남도 창원시 마산회원구 회원동,경상사고,0,0,1,0,차대사람 - 횡단중,안전운전불이행,건조,맑음,교차로 - 교차로부근,승용,남,22세,상해없음,보행자,여,80세,경상
2016102600100496,2016년 10월 26일 18시,수요일,경상남도 김해시 어방동,중상사고,0,1,4,0,차대차 - 추돌,안전거리미확보,건조,맑음,단일로 - 기타,화물,남,66세,상해없음,승용,남,61세,경상
2016102600100529,2016년 10월 26일 18시,수요일,경상남도 진주시 사봉면,중상사고,0,1,0,0,차대차 - 측면충돌,안전운전불이행,건조,맑음,단일로 - 기타,승용,남,31세,상해없음,농기계,남,77세,중상
2016102600100530,2016년 10월 26일 18시,수요일,경상남도 양산시 동면,중상사고,0,1,0,1,차대사람 - 횡단중,기타,건조,맑음,기타 - 기타,자전거,남,47세,부상신고,보행자,남,67세,중상
2016102600100531,2016년 10월 26일 18시,수요일,경상남도 양산시 삼호동,중상사고,0,1,0,0,차대차 - 기타,기타,건조,맑음,교차로 - 교차로부근,승용,남,61세,상해없음,원동기,남,23세,중상
2016102600100532,2016년 10월 26일 18시,수요일,경상남도 창원시 의창구 명서동,중상사고,0,1,1,0,차대차 - 측면충돌,안전운전불이행,건조,맑음,교차로 - 교차로안,승용,남,47세,상해없음,승용,남,68세,중상
2016102600100582,2016년 10월 26일 19시,수요일,경상남도 진주시 상평동,경상사고,0,0,1,0,차대사람 - 횡단중,안전운전불이행,건조,맑음,단일로 - 기타,승용,남,43세,상해없음,보행자,여,83세,경상
2016102600100626,2016년 10월 26일 20시,수요일,경상남도 진주시 상평동,경상사고,0,0,1,0,차대차 - 측면직각충돌,안전운전불이행,건조,맑음,교차로 - 교차로부근,승용,여,45세,상해없음,원동기,남,41세,경상
2016102600100627,2016년 10월 26일 20시,수요일,경상남도 고성군 동해면,중상사고,0,1,0,0,차대사람 - 횡단중,안전운전불이행,건조,맑음,단일로 - 기타,승용,여,47세,상해없음,보행자,여,83세,중상
2016102600100676,2016년 10월 26일 22시,수요일,경상남도 사천시 벌리동,경상사고,0,0,2,0,차대사람 - 길가장자리구역통행중,안전운전불이행,건조,맑음,교차로 - 교차로안,승용,남,52세,상해없음,보행자,남,15세,경상
2016102600100677,2016년 10월 26일 22시,수요일,경상남도 김해시 진영읍,중상사고,0,1,0,0,차량단독 - 전도전복,안전운전불이행,건조,맑음,단일로 - 기타,원동기,남,58세,상해없음,,,,
2016102700100014,2016년 10월 27일 00시,목요일,경상남도 진주시 상평동,경상사고,0,0,1,0,차대차 - 측면충돌,신호위반,건조,맑음,교차로 - 교차로안,건설기계,남,49세,상해없음,승용,남,24세,경상
2016102700100076,2016년 10월 27일 06시,목요일,경상남도 창녕군 대합면,중상사고,0,1,0,0,차대사람 - 횡단중,보행자보호의무위반,건조,맑음,교차로 - 교차로안,승용,남,48세,상해없음,보행자,여,76세,중상
2016102700100097,2016년 10월 27일 07시,목요일,경상남도 창원시 마산회원구 봉암동,경상사고,0,0,1,0,차대차 - 측면충돌,안전운전불이행,건조,맑음,교차로 - 교차로안,승용,남,49세,상해없음,승용,남,46세,상해없음
2016102700100126,2016년 10월 27일 08시,목요일,경상남도 창원시 마산합포구 월영동,경상사고,0,0,2,0,차대차 - 추돌,안전운전불이행,건조,맑음,단일로 - 기타,화물,남,54세,상해없음,이륜,남,34세,경상
2016102700100127,2016년 10월 27일 08시,목요일,경상남도 양산시 물금읍,경상사고,0,0,1,0,차대차 - 측면충돌,안전운전불이행,건조,맑음,단일로 - 기타,자전거,남,60세,경상,승용,여,34세,상해없음
2016102700100158,2016년 10월 27일 09시,목요일,경상남도 양산시 남부동,중상사고,0,2,0,0,차대차 - 측면충돌,신호위반,건조,맑음,교차로 - 교차로안,승용,남,51세,상해없음,승용,남,67세,중상
2016102700100159,2016년 10월 27일 09시,목요일,경상남도 하동군 진교면,중상사고,0,1,0,0,차대차 - 측면충돌,안전운전불이행,건조,맑음,교차로 - 교차로부근,승용,남,64세,상해없음,농기계,남,75세,중상
2016102700100160,2016년 10월 27일 09시,목요일,경상남도 함안군 가야읍,사망사고,1,0,0,0,차량단독 - 전도전복,안전운전불이행,건조,맑음,단일로 - 기타,농기계,남,68세,사망,,,,
2016102700100183,2016년 10월 27일 10시,목요일,경상남도 창원시 마산합포구 덕동동,부상신고사고,0,0,0,1,차대사람 - 기타,안전운전불이행,건조,맑음,기타 - 기타,승용,남,75세,상해없음,보행자,남,68세,부상신고
2016102700100184,2016년 10월 27일 10시,목요일,경상남도 김해시 진례면,부상신고사고,0,0,0,1,차대사람 - 기타,안전운전불이행,건조,맑음,단일로 - 기타,승용,남,44세,상해없음,보행자,남,57세,부상신고
2016102700100209,2016년 10월 27일 11시,목요일,경상남도 창원시 마산합포구 월남동1가,경상사고,0,0,1,0,차대차 - 기타,안전운전불이행,건조,맑음,교차로 - 교차로안,승용,기타불명,기타불명,기타불명,원동기,남,84세,경상
2016102700100226,2016년 10월 27일 12시,목요일,경상남도 창원시 진해구 충무동,중상사고,0,1,0,0,차대차 - 측면직각충돌,안전거리미확보,건조,맑음,교차로 - 교차로부근,원동기,남,53세,중상,승용,남,39세,상해없음
2016102700100227,2016년 10월 27일 12시,목요일,경상남도 밀양시 삼랑진읍,중상사고,0,1,0,0,차대차 - 측면직각충돌,안전운전불이행,건조,맑음,단일로 - 기타,승용,여,53세,상해없음,이륜,남,74세,중상
2016102700100228,2016년 10월 27일 12시,목요일,경상남도 창원시 성산구 대방동,경상사고,0,0,1,0,차대차 - 기타,안전운전불이행,건조,맑음,교차로 - 교차로부근,승합,남,49세,상해없음,승용,기타불명,기타불명,기타불명
2016102700100229,2016년 10월 27일 12시,목요일,경상남도 김해시 진영읍,경상사고,0,0,1,0,차대차 - 측면직각충돌,교차로운행방법위반,건조,맑음,교차로 - 교차로부근,건설기계,남,53세,상해없음,자전거,남,42세,경상
2016102700100251,2016년 10월 27일 13시,목요일,경상남도 창녕군 남지읍,사망사고,1,0,0,0,차대사람 - 횡단중,안전운전불이행,건조,흐림,교차로 - 교차로안,화물,남,66세,상해없음,보행자,여,63세,사망
2016102700100252,2016년 10월 27일 13시,목요일,경상남도 함안군 가야읍,경상사고,0,0,1,0,차대차 - 측면직각충돌,기타,건조,맑음,교차로 - 교차로안,승용,남,59세,상해없음,승용,남,27세,경상
2016102700100253,2016년 10월 27일 13시,목요일,경상남도 창원시 마산회원구 합성동,경상사고,0,0,1,0,차대사람 - 기타,안전운전불이행,건조,맑음,단일로 - 기타,승용,남,56세,상해없음,보행자,여,48세,경상
2016102700100254,2016년 10월 27일 13시,목요일,경상남도 창원시 의창구 북면,중상사고,0,2,0,0,차대차 - 추돌,안전운전불이행,건조,흐림,교차로 - 교차로안,승용,남,70세,상해없음,승용,남,53세,중상
2016102700100281,2016년 10월 27일 14시,목요일,경상남도 통영시 정량동,중상사고,0,1,0,0,차대사람 - 횡단중,안전운전불이행,건조,맑음,교차로 - 교차로안,승용,남,33세,상해없음,보행자,여,84세,중상
2016102700100313,2016년 10월 27일 15시,목요일,경상남도 사천시 사남면,경상사고,0,0,1,0,차대차 - 기타,안전운전불이행,건조,맑음,단일로 - 기타,승용,남,76세,상해없음,이륜,남,78세,경상
2016102700100350,2016년 10월 27일 16시,목요일,경상남도 고성군 고성읍,중상사고,0,1,0,0,차대차 - 추돌,안전거리미확보,건조,맑음,단일로 - 기타,화물,남,23세,상해없음,화물,남,27세,중상
2016102700100351,2016년 10월 27일 16시,목요일,경상남도 거제시 고현동,경상사고,0,0,1,0,차대사람 - 횡단중,보행자보호의무위반,건조,맑음,단일로 - 횡단보도상,승용,여,45세,기타불명,보행자,여,15세,경상
2016102700100377,2016년 10월 27일 17시,목요일,경상남도 사천시 사남면,경상사고,0,0,3,0,차대차 - 측면직각충돌,안전운전불이행,건조,맑음,교차로 - 교차로안,승용,남,44세,상해없음,승용,남,56세,경상
2016102700100378,2016년 10월 27일 17시,목요일,경상남도 창원시 마산회원구 구암동,경상사고,0,0,1,0,차대차 - 기타,안전운전불이행,건조,흐림,교차로 - 교차로안,화물,남,24세,상해없음,자전거,남,67세,경상
2016102700100379,2016년 10월 27일 17시,목요일,경상남도 창원시 마산회원구 석전동,경상사고,0,0,1,0,차대사람 - 횡단중,보행자보호의무위반,건조,맑음,교차로 - 교차로부근,승용,남,64세,상해없음,보행자,여,9세,경상
2016102700100399,2016년 10월 27일 18시,목요일,경상남도 김해시 장유면,사망사고,2,0,1,0,차대차 - 기타,안전운전불이행,건조,맑음,단일로 - 기타,화물,남,65세,상해없음,화물,남,50세,경상
2016102700100432,2016년 10월 27일 18시,목요일,경상남도 창원시 마산합포구 예곡동,경상사고,0,0,3,0,차대차 - 추돌,안전운전불이행,건조,맑음,기타 - 기타,승용,남,63세,상해없음,승용,남,28세,경상
2016102700100433,2016년 10월 27일 18시,목요일,경상남도 창원시 마산합포구 우산동,경상사고,0,0,2,1,차대차 - 추돌,안전운전불이행,건조,맑음,기타 - 기타,승용,남,42세,부상신고,승용,남,61세,경상
2016102700100434,2016년 10월 27일 18시,목요일,경상남도 창원시 진해구 수송동,중상사고,0,1,0,0,차대차 - 측면충돌,안전운전불이행,건조,맑음,교차로 - 교차로안,승용,남,26세,상해없음,원동기,남,42세,중상
2016102700100435,2016년 10월 27일 18시,목요일,경상남도 창원시 성산구 성산동,중상사고,0,1,0,0,차대차 - 측면충돌,안전운전불이행,건조,맑음,교차로 - 교차로부근,승용,여,36세,상해없음,이륜,남,25세,중상
2016102700100482,2016년 10월 27일 19시,목요일,경상남도 진주시 가좌동,중상사고,0,1,1,0,차대차 - 정면충돌,신호위반,건조,흐림,교차로 - 교차로안,원동기,남,27세,경상,원동기,남,33세,중상
2016102700100516,2016년 10월 27일 20시,목요일,경상남도 창원시 마산합포구 서성동,경상사고,0,0,2,0,차대차 - 측면충돌,안전운전불이행,건조,맑음,기타 - 기타,승용,남,31세,상해없음,이륜,남,21세,경상
2016102700100517,2016년 10월 27일 20시,목요일,경상남도 밀양시 내이동,중상사고,0,1,0,0,차대차 - 측면직각충돌,안전운전불이행,건조,맑음,단일로 - 기타,승용,남,33세,상해없음,이륜,남,46세,중상
2016102700100518,2016년 10월 27일 20시,목요일,경상남도 창원시 성산구 중앙동,중상사고,0,1,0,0,차대차 - 측면직각충돌,신호위반,건조,맑음,교차로 - 교차로안,승용,남,25세,상해없음,이륜,남,32세,중상
2016102700100548,2016년 10월 27일 21시,목요일,경상남도 창원시 마산합포구 진북면,중상사고,0,1,0,0,차대차 - 정면충돌,안전운전불이행,건조,맑음,교차로 - 교차로안,승용,남,45세,상해없음,자전거,여,52세,중상
2016102700100580,2016년 10월 27일 22시,목요일,경상남도 진주시 망경동,중상사고,0,1,0,0,차대차 - 기타,신호위반,건조,흐림,교차로 - 교차로안,승용,남,63세,상해없음,자전거,남,22세,중상
2016102700100581,2016년 10월 27일 22시,목요일,경상남도 사천시 서금동,경상사고,0,0,1,0,차대사람 - 기타,안전운전불이행,건조,맑음,교차로 - 교차로부근,승용,여,47세,기타불명,보행자,남,57세,경상
2016102700100582,2016년 10월 27일 22시,목요일,경상남도 김해시 내동,중상사고,0,1,0,0,차대차 - 측면직각충돌,중앙선침범,건조,맑음,단일로 - 기타,승용,남,60세,상해없음,이륜,남,24세,중상
2016102700100607,2016년 10월 27일 23시,목요일,경상남도 창원시 마산합포구 월남동5가,중상사고,0,1,0,0,차대사람 - 횡단중,안전운전불이행,건조,맑음,단일로 - 횡단보도부근,승용,남,64세,상해없음,보행자,여,61세,중상
2016102700100608,2016년 10월 27일 23시,목요일,경상남도 창원시 마산회원구 내서읍,사망사고,1,0,0,0,차대차 - 측면직각충돌,신호위반,건조,흐림,교차로 - 교차로안,승용,남,28세,상해없음,이륜,남,28세,사망
2016102800100012,2016년 10월 28일 00시,금요일,경상남도 진주시 초전동,중상사고,0,1,1,0,차대차 - 측면직각충돌,직진우회전진행방해,건조,흐림,교차로 - 교차로안,승용,남,62세,상해없음,승용,남,50세,경상
2016102800100013,2016년 10월 28일 00시,금요일,경상남도 김해시 삼계동,부상신고사고,0,0,0,1,차대차 - 측면충돌,안전운전불이행,건조,맑음,교차로 - 교차로안,자전거,남,30세,부상신고,승용,남,31세,상해없음
2016102800100029,2016년 10월 28일 01시,금요일,경상남도 창원시 진해구 경화동,중상사고,0,1,1,0,차대차 - 측면충돌,신호위반,건조,맑음,교차로 - 교차로안,승용,남,57세,상해없음,승용,남,23세,중상
2016102800100030,2016년 10월 28일 01시,금요일,경상남도 김해시 부원동,경상사고,0,0,1,0,차대차 - 정면충돌,신호위반,건조,맑음,교차로 - 교차로안,승용,남,21세,상해없음,승용,남,55세,경상
2016102800100031,2016년 10월 28일 01시,금요일,경상남도 김해시 삼방동,사망사고,1,0,0,0,차량단독 - 전도전복,안전운전불이행,건조,맑음,단일로 - 기타,이륜,남,24세,사망,,,,
2016102800100053,2016년 10월 28일 03시,금요일,경상남도 김해시 내동,부상신고사고,0,0,0,1,차량단독 - 전도전복,안전운전불이행,습기,비,교차로 - 교차로안,이륜,남,35세,부상신고,,,,
2016102800100097,2016년 10월 28일 06시,금요일,경상남도 김해시 삼방동,중상사고,0,1,0,0,차대사람 - 횡단중,안전운전불이행,습기,비,단일로 - 횡단보도상,승용,남,26세,상해없음,보행자,남,68세,중상
2016102800100098,2016년 10월 28일 06시,금요일,경상남도 고성군 고성읍,중상사고,0,1,0,0,차대차 - 추돌,안전운전불이행,건조,맑음,단일로 - 기타,승용,남,36세,상해없음,농기계,남,78세,중상
2016102800100122,2016년 10월 28일 07시,금요일,경상남도 김해시 삼정동,중상사고,0,1,0,0,차대사람 - 기타,안전운전불이행,건조,맑음,교차로 - 교차로안,승용,여,46세,상해없음,보행자,남,53세,중상
2016102800100150,2016년 10월 28일 08시,금요일,경상남도 창원시 진해구 자은동,중상사고,0,1,0,0,차대사람 - 기타,안전운전불이행,건조,맑음,교차로 - 교차로부근,승용,여,54세,상해없음,보행자,남,76세,중상