사고번호,사고일시,요일,시군구,사고내용,사망자수,중상자수,경상자수,부상신고자수,사고유형,법규위반,노면상태,기상상태,도로형태,가해운전자 차종,가해운전자 성별,가해운전자 연령,가해운전자 상해정도,피해운전자 차종,피해운전자 성별,피해운전자 연령,피해운전자 상해정도
2016102800100152,2016년 10월 28일 08시,금요일,경상남도 거제시 연초면,경상사고,0,0,2,0,차대차 - 추돌,안전운전불이행,습기,비,기타 - 기타,승용,남,37세,경상,승합,남,47세,상해없음
2016102800100220,2016년 10월 28일 10시,금요일,경상남도 양산시 중부동,중상사고,0,1,1,0,차대차 - 정면충돌,중앙선침범,건조,맑음,단일로 - 기타,승용,남,25세,상해없음,승용,남,52세,경상
2016102800100221,2016년 10월 28일 10시,금요일,경상남도 창원시 마산합포구 산호동,경상사고,0,0,1,0,차대차 - 측면충돌,신호위반,습기,비,교차로 - 교차로안,승용,남,55세,상해없음,승용,여,59세,경상
2016102800100222,2016년 10월 28일 10시,금요일,경상남도 김해시 한림면,경상사고,0,0,2,0,차대차 - 정면충돌,중앙선침범,건조,맑음,단일로 - 기타,화물,남,72세,상해없음,화물,남,55세,경상
2016102800100263,2016년 10월 28일 12시,금요일,경상남도 김해시 주촌면,경상사고,0,0,1,0,차대사람 - 차도통행중,안전운전불이행,건조,맑음,교차로 - 교차로부근,화물,남,50세,상해없음,보행자,남,43세,경상
2016102800100285,2016년 10월 28일 13시,금요일,경상남도 진주시 상대동,중상사고,0,2,1,0,차대차 - 정면충돌,안전운전불이행,습기,비,교차로 - 교차로안,승용,남,54세,상해없음,승용,남,64세,경상
2016102800100286,2016년 10월 28일 13시,금요일,경상남도 김해시 구산동,경상사고,0,0,1,0,차대차 - 측면직각충돌,안전운전불이행,건조,맑음,단일로 - 기타,건설기계,남,42세,상해없음,승용,여,47세,경상
2016102800100287,2016년 10월 28일 13시,금요일,경상남도 함안군 칠서면,중상사고,0,1,1,0,차대차 - 측면충돌,직진우회전진행방해,건조,맑음,교차로 - 교차로안,승용,남,68세,상해없음,화물,남,63세,경상
2016102800100321,2016년 10월 28일 14시,금요일,경상남도 창원시 의창구 신월동,중상사고,0,1,0,0,차대사람 - 차도통행중,안전운전불이행,습기,비,교차로 - 교차로부근,승용,남,42세,상해없음,보행자,남,42세,중상
2016102800100352,2016년 10월 28일 15시,금요일,경상남도 창원시 진해구 경화동,중상사고,0,1,1,0,차대차 - 측면직각충돌,신호위반,건조,맑음,교차로 - 교차로안,승용,남,37세,상해없음,승용,남,44세,중상
2016102800100353,2016년 10월 28일 15시,금요일,경상남도 통영시 광도면,경상사고,0,0,1,0,차대차 - 추돌,안전거리미확보,습기,비,단일로 - 기타,특수,남,49세,상해없음,승용,여,56세,경상
2016102800100354,2016년 10월 28일 15시,금요일,경상남도 사천시 사천읍,경상사고,0,0,1,0,차대사람 - 횡단중,안전운전불이행,건조,맑음,교차로 - 교차로안,화물,남,73세,상해없음,보행자,여,56세,경상
2016102800100355,2016년 10월 28일 15시,금요일,경상남도 창녕군 계성면,사망사고,1,0,0,0,차대차 - 측면직각충돌,안전운전불이행,습기,비,교차로 - 교차로안,이륜,남,63세,사망,승합,남,57세,상해없음
2016102800100356,2016년 10월 28일 15시,금요일,경상남도 하동군 화개면,경상사고,0,0,1,0,차대차 - 기타,안전운전불이행,습기,비,기타 - 기타,화물,남,58세,상해없음,화물,남,57세,경상
2016102800100357,2016년 10월 28일 15시,금요일,경상남도 창원시 성산구 가음동,경상사고,0,0,2,0,차대차 - 기타,신호위반,습기,비,교차로 - 교차로안,승용,남,50세,상해없음,승용,여,50세,경상
2016102800100393,2016년 10월 28일 16시,금요일,경상남도 사천시 사남면,경상사고,0,0,2,0,차대차 - 측면충돌,안전운전불이행,습기,흐림,단일로 - 기타,승용,남,68세,상해없음,승용,여,40세,경상
2016102800100429,2016년 10월 28일 17시,금요일,경상남도 김해시 불암동,중상사고,0,2,1,0,차대차 - 측면충돌,신호위반,건조,흐림,교차로 - 교차로안,승용,남,30세,경상,승용,남,29세,중상
2016102800100478,2016년 10월 28일 18시,금요일,경상남도 통영시 무전동,경상사고,0,0,2,0,차대차 - 측면직각충돌,안전거리미확보,건조,맑음,단일로 - 기타,승용,남,42세,상해없음,승용,남,47세,상해없음
2016102800100479,2016년 10월 28일 18시,금요일,경상남도 거제시 연초면,경상사고,0,0,1,0,차대차 - 추돌,안전운전불이행,건조,맑음,교차로 - 교차로부근,이륜,남,57세,상해없음,이륜,남,40세,경상
2016102800100480,2016년 10월 28일 18시,금요일,경상남도 함안군 칠원읍,중상사고,0,1,0,0,차대차 - 추돌,안전운전불이행,건조,맑음,단일로 - 기타,승용,여,36세,상해없음,승용,남,60세,중상
2016102800100519,2016년 10월 28일 19시,금요일,경상남도 사천시 사천읍,경상사고,0,0,1,0,차대차 - 추돌,안전운전불이행,건조,맑음,단일로 - 기타,승용,남,31세,상해없음,승용,남,39세,경상
2016102800100563,2016년 10월 28일 20시,금요일,경상남도 김해시 외동,경상사고,0,0,1,0,차대차 - 정면충돌,교차로운행방법위반,건조,흐림,교차로 - 교차로안,승용,남,49세,상해없음,원동기,남,32세,경상
2016102800100564,2016년 10월 28일 20시,금요일,경상남도 창원시 성산구 신촌동,경상사고,0,0,2,0,차대차 - 추돌,안전운전불이행,건조,맑음,교차로 - 교차로부근,승용,남,62세,상해없음,승용,여,36세,경상
2016102800100604,2016년 10월 28일 21시,금요일,경상남도 창원시 성산구 사파동,경상사고,0,0,1,0,차대차 - 추돌,안전운전불이행,건조,맑음,교차로 - 교차로부근,승용,남,49세,상해없음,승용,남,36세,경상
2016102800100636,2016년 10월 28일 22시,금요일,경상남도 창원시 마산합포구 남성동,경상사고,0,0,1,0,차대사람 - 횡단중,안전운전불이행,건조,흐림,단일로 - 기타,승용,남,64세,상해없음,보행자,남,51세,경상
2016102800100637,2016년 10월 28일 22시,금요일,경상남도 창원시 마산합포구 두월동1가,경상사고,0,0,2,0,차대차 - 기타,직진우회전진행방해,건조,맑음,교차로 - 교차로안,승용,남,54세,상해없음,승용,남,27세,경상
2016102800100638,2016년 10월 28일 22시,금요일,경상남도 김해시 생림면,중상사고,0,1,2,0,차대차 - 추돌,안전운전불이행,습기,흐림,단일로 - 기타,승용,남,26세,경상,승용,남,61세,상해없음
2016102800100663,2016년 10월 28일 23시,금요일,경상남도 김해시 어방동,경상사고,0,0,1,0,차대사람 - 기타,안전운전불이행,건조,흐림,단일로 - 기타,승용,남,57세,상해없음,보행자,남,36세,경상
2016102800100664,2016년 10월 28일 23시,금요일,경상남도 양산시 평산동,중상사고,0,1,0,0,차대차 - 측면충돌,기타,건조,맑음,교차로 - 교차로안,승용,남,26세,상해없음,이륜,남,17세,중상
2016102800100665,2016년 10월 28일 23시,금요일,경상남도 거제시 고현동,중상사고,0,1,0,0,차대사람 - 기타,안전운전불이행,건조,맑음,단일로 - 기타,승용,남,36세,상해없음,보행자,남,36세,중상
2016102900100027,2016년 10월 29일 01시,토요일,경상남도 통영시 광도면,중상사고,0,1,0,0,차대사람 - 횡단중,안전운전불이행,건조,맑음,단일로 - 기타,기타불명,기타불명,기타불명,기타불명,보행자,남,61세,중상
2016102900100028,2016년 10월 29일 01시,토요일,경상남도 김해시 전하동,중상사고,0,1,2,0,차대차 - 측면직각충돌,안전운전불이행,건조,맑음,교차로 - 교차로안,승용,여,42세,경상,승용,남,55세,중상
2016102900100057,2016년 10월 29일 03시,토요일,경상남도 진주시 평거동,부상신고사고,0,0,0,1,차대사람 - 기타,안전운전불이행,건조,맑음,단일로 - 기타,승용,여,35세,상해없음,보행자,남,36세,부상신고
2016102900100095,2016년 10월 29일 06시,토요일,경상남도 사천시 서포면,중상사고,0,1,0,0,차량단독 - 전도전복,안전운전불이행,건조,맑음,단일로 - 기타,승용,여,64세,상해없음,,,,
2016102900100096,2016년 10월 29일 06시,토요일,경상남도 고성군 거류면,중상사고,0,1,0,0,차대차 - 측면직각충돌,교차로운행방법위반,건조,맑음,교차로 - 교차로안,승용,남,50세,상해없음,이륜,남,62세,중상
2016102900100155,2016년 10월 29일 09시,토요일,경상남도 창원시 마산회원구 구암동,중상사고,0,1,0,0,차대사람 - 횡단중,안전운전불이행,건조,맑음,단일로 - 기타,승합,남,51세,상해없음,보행자,남,66세,중상
2016102900100178,2016년 10월 29일 10시,토요일,경상남도 양산시 북부동,중상사고,0,1,0,0,차대사람 - 횡단중,안전운전불이행,건조,맑음,교차로 - 교차로부근,승용,남,38세,상해없음,보행자,여,59세,중상
2016102900100211,2016년 10월 29일 11시,토요일,경상남도 진주시 하대동,경상사고,0,0,1,0,차대사람 - 기타,안전운전불이행,건조,맑음,교차로 - 교차로부근,승용,남,31세,상해없음,보행자,여,37세,경상
2016102900100212,2016년 10월 29일 11시,토요일,경상남도 진주시 신안동,경상사고,0,0,2,0,차대차 - 측면충돌,직진우회전진행방해,건조,맑음,교차로 - 교차로안,이륜,남,15세,경상,승용,남,43세,상해없음
2016102900100213,2016년 10월 29일 11시,토요일,경상남도 창원시 마산회원구 구암동,경상사고,0,0,2,0,차대차 - 추돌,안전운전불이행,건조,맑음,단일로 - 기타,승합,남,55세,상해없음,승용,여,31세,경상
2016102900100241,2016년 10월 29일 12시,토요일,경상남도 김해시 장유면,부상신고사고,0,0,0,1,차대차 - 측면충돌,안전운전불이행,건조,맑음,교차로 - 교차로안,원동기,남,17세,부상신고,승용,남,66세,상해없음
2016102900100280,2016년 10월 29일 13시,토요일,경상남도 통영시 광도면,중상사고,0,1,0,0,차대차 - 측면직각충돌,중앙선침범,건조,맑음,단일로 - 기타,승용,남,66세,상해없음,이륜,남,42세,중상
2016102900100281,2016년 10월 29일 13시,토요일,경상남도 김해시 장유면,경상사고,0,0,1,0,차대차 - 기타,기타,건조,맑음,단일로 - 기타,이륜,남,55세,상해없음,자전거,남,6세,경상
2016102900100316,2016년 10월 29일 14시,토요일,경상남도 통영시 항남동,경상사고,0,0,1,0,차대차 - 측면직각충돌,직진우회전진행방해,건조,맑음,교차로 - 교차로안,승용,남,37세,상해없음,이륜,남,17세,경상
2016102900100317,2016년 10월 29일 14시,토요일,경상남도 거제시 남부면,중상사고,0,1,0,0,차대차 - 측면직각충돌,안전운전불이행,건조,맑음,단일로 - 기타,승용,남,26세,상해없음,이륜,남,31세,중상
2016102900100318,2016년 10월 29일 14시,토요일,경상남도 창원시 마산회원구 합성동,경상사고,0,0,5,0,차대차 - 추돌,안전운전불이행,건조,맑음,교차로 - 교차로안,승합,남,27세,상해없음,승용,여,43세,경상
2016102900100319,2016년 10월 29일 14시,토요일,경상남도 김해시 장유면,경상사고,0,0,2,0,차대차 - 추돌,안전거리미확보,건조,맑음,단일로 - 기타,승합,남,50세,상해없음,승용,여,21세,경상
2016102900100376,2016년 10월 29일 16시,토요일,경상남도 김해시 생림면,경상사고,0,0,2,0,차대차 - 추돌,안전거리미확보,건조,맑음,단일로 - 기타,승용,남,21세,상해없음,승용,여,47세,경상
2016102900100392,2016년 10월 29일 16시,토요일,경상남도 통영시 도남동,중상사고,0,1,0,0,차대사람 - 횡단중,보행자보호의무위반,건조,맑음,단일로 - 횡단보도상,승용,남,56세,상해없음,보행자,여,74세,중상
2016102900100393,2016년 10월 29일 16시,토요일,경상남도 거제시 고현동,경상사고,0,0,1,0,차대차 - 측면충돌,안전운전불이행,건조,맑음,교차로 - 교차로안,이륜,남,43세,경상,승용,여,37세,상해없음
2016102900100419,2016년 10월 29일 17시,토요일,경상남도 양산시 하북면,경상사고,0,0,1,0,차대차 - 기타,교차로운행방법위반,건조,맑음,교차로 - 교차로안,승용,남,37세,상해없음,승합,남,44세,상해없음
2016102900100420,2016년 10월 29일 17시,토요일,경상남도 김해시 장유면,중상사고,0,1,0,0,차대차 - 측면충돌,안전운전불이행,건조,맑음,단일로 - 기타,승용,남,39세,기타불명,이륜,남,61세,중상
2016102900100479,2016년 10월 29일 18시,토요일,경상남도 사천시 향촌동,부상신고사고,0,0,0,1,차대사람 - 횡단중,안전운전불이행,건조,맑음,단일로 - 기타,승용,남,49세,상해없음,보행자,남,18세,부상신고
2016102900100480,2016년 10월 29일 18시,토요일,경상남도 의령군 대의면,중상사고,0,2,1,0,차대차 - 측면직각충돌,안전운전불이행,건조,맑음,단일로 - 기타,승용,남,51세,중상,승용,남,31세,경상
2016102900100481,2016년 10월 29일 18시,토요일,경상남도 창원시 성산구 내동,경상사고,0,0,6,0,차대차 - 추돌,안전운전불이행,건조,맑음,단일로 - 횡단보도부근,승용,남,56세,상해없음,승용,남,40세,경상
2016102900100499,2016년 10월 29일 19시,토요일,경상남도 양산시 동면,경상사고,0,0,1,0,차대차 - 기타,안전운전불이행,건조,맑음,단일로 - 기타,승용,남,46세,상해없음,승용,남,37세,경상
2016102900100518,2016년 10월 29일 19시,토요일,경상남도 창원시 의창구 팔용동,경상사고,0,0,2,0,차대차 - 추돌,안전운전불이행,건조,맑음,교차로 - 교차로부근,승용,남,65세,상해없음,승용,남,34세,경상
2016102900100519,2016년 10월 29일 19시,토요일,경상남도 김해시 진례면,중상사고,0,1,1,0,차대차 - 측면충돌,안전운전불이행,건조,맑음,교차로 - 교차로부근,원동기,남,32세,중상,승용,남,45세,경상
2016102900100546,2016년 10월 29일 20시,토요일,경상남도 창원시 마산합포구 신포동1가,경상사고,0,0,1,0,차대사람 - 기타,안전운전불이행,건조,맑음,단일로 - 기타,승합,남,33세,상해없음,보행자,남,7세,경상
2016102900100566,2016년 10월 29일 21시,토요일,경상남도 통영시 광도면,중상사고,0,1,0,0,차대사람 - 횡단중,안전운전불이행,건조,맑음,단일로 - 기타,이륜,남,17세,상해없음,보행자,여,51세,중상
2016102900100567,2016년 10월 29일 21시,토요일,경상남도 사천시 선구동,부상신고사고,0,0,0,1,차대차 - 정면충돌,직진우회전진행방해,건조,맑음,교차로 - 교차로안,승용,남,37세,상해없음,이륜,남,55세,부상신고
2016102900100594,2016년 10월 29일 22시,토요일,경상남도 사천시 벌리동,중상사고,0,1,0,0,차대차 - 측면충돌,중앙선침범,건조,맑음,단일로 - 기타,승용,남,46세,상해없음,이륜,남,35세,중상
2016102900100595,2016년 10월 29일 22시,토요일,경상남도 거창군 거창읍,경상사고,0,0,1,0,차대차 - 기타,안전운전불이행,건조,맑음,교차로 - 교차로안,승용,남,59세,경상,승용,남,35세,상해없음
2016103000100043,2016년 10월 30일 01시,일요일,경상남도 양산시 덕계동,경상사고,0,0,1,0,차대차 - 정면충돌,기타,건조,맑음,교차로 - 교차로부근,승용,남,34세,상해없음,승용,남,33세,경상
2016103000100061,2016년 10월 30일 02시,일요일,경상남도 밀양시 단장면,중상사고,0,1,0,0,차대사람 - 길가장자리구역통행중,안전운전불이행,건조,맑음,단일로 - 기타,승용,여,25세,상해없음,보행자,남,31세,중상
2016103000100062,2016년 10월 30일 02시,일요일,경상남도 창녕군 계성면,중상사고,0,2,0,0,차대차 - 추돌,안전운전불이행,건조,맑음,단일로 - 기타,원동기,남,18세,중상,승용,남,30세,기타불명
2016103000100085,2016년 10월 30일 03시,일요일,경상남도 창원시 진해구 자은동,경상사고,0,0,4,0,차대차 - 측면충돌,신호위반,건조,맑음,교차로 - 교차로안,승용,남,53세,상해없음,승용,남,28세,경상
2016103000100086,2016년 10월 30일 03시,일요일,경상남도 거제시 장평동,경상사고,0,0,2,0,차량단독 - 전도전복,안전운전불이행,건조,맑음,단일로 - 기타,이륜,남,23세,경상,,,,
2016103000100113,2016년 10월 30일 07시,일요일,경상남도 김해시 부원동,경상사고,0,0,1,0,차대사람 - 기타,안전운전불이행,건조,맑음,단일로 - 기타,이륜,남,56세,상해없음,보행자,남,61세,경상
2016103000100130,2016년 10월 30일 08시,일요일,경상남도 고성군 회화면,경상사고,0,0,2,0,차대차 - 추돌,안전거리미확보,건조,맑음,단일로 - 기타,승합,남,80세,상해없음,승용,남,51세,경상
2016103000100131,2016년 10월 30일 08시,일요일,경상남도 의령군 칠곡면,중상사고,0,1,1,0,차대차 - 추돌,안전운전불이행,건조,맑음,교차로 - 교차로안,승합,남,68세,중상,화물,남,47세,경상
2016103000100150,2016년 10월 30일 09시,일요일,경상남도 양산시 덕계동,부상신고사고,0,0,0,1,차대차 - 정면충돌,안전운전불이행,건조,맑음,단일로 - 기타,자전거,남,26세,부상신고,화물,남,50세,상해없음
2016103000100179,2016년 10월 30일 10시,일요일,경상남도 창원시 마산회원구 석전동,경상사고,0,0,3,0,차대차 - 추돌,안전운전불이행,건조,맑음,단일로 - 기타,승용,남,73세,상해없음,승용,남,69세,경상
2016103000100203,2016년 10월 30일 11시,일요일,경상남도 하동군 하동읍,중상사고,0,2,0,0,차량단독 - 전도전복,안전운전불이행,건조,맑음,단일로 - 기타,이륜,남,86세,중상,,,,
2016103000100204,2016년 10월 30일 11시,일요일,경상남도 창원시 성산구 반지동,경상사고,0,0,1,0,차대차 - 측면충돌,신호위반,건조,맑음,단일로 - 횡단보도상,승용,여,48세,상해없음,자전거,남,16세,경상
2016103000100230,2016년 10월 30일 12시,일요일,경상남도 김해시 진례면,중상사고,0,3,0,0,차대차 - 측면충돌,신호위반,건조,맑음,교차로 - 교차로안,승용,남,43세,상해없음,승용,남,68세,중상
2016103000100252,2016년 10월 30일 13시,일요일,경상남도 밀양시 초동면,중상사고,0,1,0,0,차대사람 - 횡단중,안전운전불이행,건조,맑음,단일로 - 기타,승용,남,53세,상해없음,보행자,여,71세,중상
2016103000100253,2016년 10월 30일 13시,일요일,경상남도 의령군 대의면,중상사고,0,2,0,0,차대차 - 추돌,안전운전불이행,건조,맑음,단일로 - 기타,이륜,남,25세,상해없음,이륜,남,30세,중상
2016103000100281,2016년 10월 30일 14시,일요일,경상남도 창원시 마산합포구 예곡동,경상사고,0,0,1,0,차대차 - 측면직각충돌,안전운전불이행,건조,맑음,단일로 - 기타,화물,남,69세,상해없음,승용,남,37세,상해없음
2016103000100282,2016년 10월 30일 14시,일요일,경상남도 김해시 장유면,중상사고,0,1,2,0,차대차 - 측면충돌,안전운전불이행,건조,맑음,단일로 - 기타,승용,남,84세,상해없음,승용,남,23세,경상
2016103000100322,2016년 10월 30일 15시,일요일,경상남도 통영시 항남동,경상사고,0,0,1,0,차대차 - 측면직각충돌,교차로운행방법위반,건조,맑음,교차로 - 교차로안,승용,남,40세,상해없음,이륜,남,17세,경상
2016103000100323,2016년 10월 30일 15시,일요일,경상남도 김해시 삼계동,경상사고,0,0,1,0,차대사람 - 횡단중,안전운전불이행,건조,맑음,단일로 - 기타,승용,남,71세,상해없음,보행자,남,6세,경상
2016103000100350,2016년 10월 30일 16시,일요일,경상남도 진주시 금산면,중상사고,0,1,0,0,차대차 - 측면충돌,중앙선침범,건조,맑음,단일로 - 기타,승용,남,72세,상해없음,원동기,남,47세,중상
2016103000100351,2016년 10월 30일 16시,일요일,경상남도 진주시 가좌동,중상사고,0,1,0,0,차량단독 - 기타,안전운전불이행,건조,맑음,단일로 - 기타,승합,남,41세,상해없음,,,,
2016103000100379,2016년 10월 30일 17시,일요일,경상남도 김해시 부원동,경상사고,0,0,1,0,차대차 - 측면직각충돌,기타,건조,맑음,교차로 - 교차로안,승용,남,26세,경상,승용,여,64세,상해없음
2016103000100380,2016년 10월 30일 17시,일요일,경상남도 김해시 어방동,경상사고,0,0,1,1,차대차 - 기타,안전운전불이행,건조,맑음,단일로 - 기타,화물,남,57세,상해없음,승용,여,25세,경상
2016103000100422,2016년 10월 30일 18시,일요일,경상남도 창원시 마산합포구 산호동,중상사고,0,2,0,0,차대사람 - 횡단중,안전운전불이행,건조,맑음,단일로 - 기타,이륜,남,72세,중상,보행자,여,78세,중상
2016103000100451,2016년 10월 30일 19시,일요일,경상남도 창원시 마산합포구 해운동,중상사고,0,1,0,0,차대사람 - 횡단중,보행자보호의무위반,건조,맑음,교차로 - 교차로부근,승용,남,73세,상해없음,보행자,남,51세,중상
2016103000100452,2016년 10월 30일 19시,일요일,경상남도 창원시 의창구 명서동,경상사고,0,0,1,0,차대사람 - 횡단중,안전운전불이행,건조,맑음,교차로 - 교차로부근,승용,남,33세,상해없음,보행자,여,56세,경상
2016103000100453,2016년 10월 30일 19시,일요일,경상남도 김해시 장유면,중상사고,0,1,2,0,차대차 - 측면충돌,신호위반,건조,맑음,교차로 - 교차로안,승용,여,53세,상해없음,승용,남,54세,중상
2016103000100487,2016년 10월 30일 20시,일요일,경상남도 창원시 진해구 자은동,중상사고,0,1,0,0,차대차 - 기타,중앙선침범,건조,맑음,교차로 - 교차로부근,승용,여,47세,상해없음,원동기,남,22세,중상
2016103000100488,2016년 10월 30일 20시,일요일,경상남도 김해시 내동,중상사고,0,1,1,0,차대사람 - 횡단중,신호위반,건조,맑음,단일로 - 횡단보도상,이륜,남,31세,경상,보행자,남,48세,중상
2016103000100489,2016년 10월 30일 20시,일요일,경상남도 김해시 삼방동,중상사고,0,2,0,0,차대차 - 기타,안전운전불이행,건조,맑음,교차로 - 교차로안,화물,남,54세,상해없음,승용,남,58세,상해없음
2016103000100490,2016년 10월 30일 20시,일요일,경상남도 창원시 마산회원구 회원동,경상사고,0,0,1,0,차대사람 - 횡단중,안전운전불이행,건조,맑음,단일로 - 기타,승용,남,63세,상해없음,보행자,남,44세,경상
2016103000100519,2016년 10월 30일 21시,일요일,경상남도 사천시 벌리동,경상사고,0,0,2,0,차대차 - 추돌,안전운전불이행,건조,맑음,단일로 - 기타,승용,남,48세,상해없음,승용,남,67세,상해없음
2016103000100540,2016년 10월 30일 22시,일요일,경상남도 진주시 옥봉동,경상사고,0,0,1,0,차대차 - 측면직각충돌,안전거리미확보,건조,맑음,교차로 - 교차로부근,승용,남,33세,상해없음,승용,남,35세,경상
2016103000100541,2016년 10월 30일 22시,일요일,경상남도 창원시 진해구 용원동,중상사고,0,1,3,0,차대차 - 측면충돌,교차로운행방법위반,건조,맑음,교차로 - 교차로안,승용,여,47세,상해없음,승용,남,44세,중상
2016103000100542,2016년 10월 30일 22시,일요일,경상남도 사천시 사천읍,경상사고,0,0,3,0,차대차 - 측면직각충돌,직진우회전진행방해,건조,맑음,교차로 - 교차로안,승용,남,45세,경상,승용,남,44세,경상
2016103100100094,2016년 10월 31일 07시,월요일,경상남도 김해시 부원동,경상사고,0,0,2,0,차대차 - 기타,안전운전불이행,건조,맑음,단일로 - 기타,승합,남,58세,상해없음,승용,남,73세,경상
2016103100100095,2016년 10월 31일 07시,월요일,경상남도 양산시 소주동,부상신고사고,0,0,0,1,차대차 - 측면충돌,직진우회전진행방해,건조,맑음,교차로 - 교차로안,원동기,남,61세,부상신고,승용,여,22세,상해없음
2016103100100125,2016년 10월 31일 08시,월요일,경상남도 밀양시 삼문동,중상사고,0,1,0,0,차대차 - 측면충돌,교차로운행방법위반,건조,맑음,교차로 - 교차로안,자전거,남,13세,중상,승용,남,27세,상해없음
2016103100100126,2016년 10월 31일 08시,월요일,경상남도 김해시 구산동,경상사고,0,0,1,0,차대사람 - 횡단중,보행자보호의무위반,건조,맑음,단일로 - 기타,승합,여,67세,상해없음,보행자,여,18세,경상
2016103100100127,2016년 10월 31일 08시,월요일,경상남도 거제시 연초면,중상사고,0,10,9,0,차대차 - 정면충돌,중앙선침범,건조,맑음,단일로 - 기타,승합,남,51세,상해없음,승합,남,47세,중상
2016103100100215,2016년 10월 31일 11시,월요일,경상남도 통영시 산양읍,중상사고,0,1,0,0,차대차 - 측면직각충돌,직진우회전진행방해,건조,맑음,교차로 - 교차로안,화물,남,49세,상해없음,승용,남,61세,중상
2016103100100291,2016년 10월 31일 14시,월요일,경상남도 김해시 부원동,중상사고,0,1,0,0,차대차 - 기타,신호위반,건조,맑음,교차로 - 교차로안,승용,남,50세,상해없음,승용,여,52세,중상
2016103100100292,2016년 10월 31일 14시,월요일,경상남도 창원시 의창구 팔용동,경상사고,0,0,1,0,차대차 - 측면충돌,안전운전불이행,습기,흐림,교차로 - 교차로안,승용,남,27세,상해없음,이륜,여,54세,경상
2016103100100358,2016년 10월 31일 16시,월요일,경상남도 양산시 삼호동,경상사고,0,0,1,0,차대차 - 측면직각충돌,직진우회전진행방해,건조,맑음,교차로 - 교차로안,승용,남,56세,상해없음,승용,남,29세,경상
2016103100100395,2016년 10월 31일 17시,월요일,경상남도 창원시 마산합포구 추산동,중상사고,0,1,0,0,차대차 - 기타,안전운전불이행,건조,맑음,교차로 - 교차로안,승용,남,47세,상해없음,승용,여,40세,중상
2016103100100396,2016년 10월 31일 17시,월요일,경상남도 창원시 진해구 죽곡동,경상사고,0,0,1,0,차량단독 - 공작물충돌,안전운전불이행,건조,맑음,단일로 - 기타,승용,남,46세,경상,,,,
2016103100100397,2016년 10월 31일 17시,월요일,경상남도 양산시 중부동,중상사고,0,1,0,0,차대차 - 정면충돌,안전운전불이행,습기,비,교차로 - 교차로안,승용,남,35세,상해없음,원동기,남,54세,중상
2016103100100459,2016년 10월 31일 18시,월요일,경상남도 창원시 마산합포구 동성동,중상사고,0,1,0,0,차대사람 - 횡단중,보행자보호의무위반,건조,맑음,단일로 - 횡단보도상,승용,남,63세,상해없음,보행자,여,67세,중상
2016103100100460,2016년 10월 31일 18시,월요일,경상남도 사천시 사남면,중상사고,0,1,0,0,차대사람 - 횡단중,안전운전불이행,건조,맑음,단일로 - 기타,승용,남,52세,상해없음,보행자,여,7세,중상
2016103100100461,2016년 10월 31일 18시,월요일,경상남도 사천시 용현면,중상사고,0,1,3,1,차대차 - 추돌,안전운전불이행,건조,맑음,교차로 - 교차로부근,화물,남,69세,경상,승용,남,51세,경상
2016103100100462,2016년 10월 31일 18시,월요일,경상남도 창녕군 남지읍,부상신고사고,0,0,0,1,차대차 - 기타,안전운전불이행,건조,맑음,교차로 - 교차로부근,자전거,여,41세,부상신고,승용,남,43세,상해없음
2016103100100463,2016년 10월 31일 18시,월요일,경상남도 창원시 마산회원구 석전동,경상사고,0,0,1,0,차대차 - 정면충돌,신호위반,건조,맑음,교차로 - 교차로안,승용,여,62세,상해없음,승용,남,31세,경상
2016103100100464,2016년 10월 31일 18시,월요일,경상남도 김해시 진례면,중상사고,0,1,0,0,차대사람 - 횡단중,안전운전불이행,건조,맑음,단일로 - 기타,승용,남,44세,기타불명,보행자,여,47세,중상
2016103100100508,2016년 10월 31일 19시,월요일,경상남도 창원시 마산합포구 월영동,경상사고,0,0,2,0,차대차 - 측면충돌,안전운전불이행,건조,맑음,단일로 - 기타,승용,남,60세,상해없음,승용,여,46세,경상
2016103100100509,2016년 10월 31일 19시,월요일,경상남도 거제시 장승포동,경상사고,0,0,1,0,차대사람 - 횡단중,안전운전불이행,건조,맑음,단일로 - 기타,승용,남,70세,상해없음,보행자,남,59세,경상
2016103100100510,2016년 10월 31일 19시,월요일,경상남도 창원시 성산구 가음정동,중상사고,0,1,0,0,차대차 - 추돌,안전운전불이행,건조,맑음,단일로 - 기타,승용,남,45세,상해없음,승용,여,41세,중상
2016103100100511,2016년 10월 31일 19시,월요일,경상남도 창원시 마산회원구 석전동,중상사고,0,1,0,0,차대사람 - 횡단중,안전운전불이행,건조,맑음,단일로 - 기타,화물,남,38세,상해없음,보행자,여,74세,중상
2016103100100545,2016년 10월 31일 20시,월요일,경상남도 진주시 하대동,중상사고,0,1,0,0,차대차 - 기타,중앙선침범,건조,맑음,단일로 - 기타,승용,남,49세,상해없음,원동기,남,31세,중상
2016103100100546,2016년 10월 31일 20시,월요일,경상남도 창원시 진해구 충무동,경상사고,0,0,1,0,차대차 - 기타,안전운전불이행,건조,맑음,단일로 - 기타,승합,남,43세,기타불명,원동기,남,32세,경상