사고번호,사고일시,요일,시군구,사고내용,사망자수,중상자수,경상자수,부상신고자수,사고유형,법규위반,노면상태,기상상태,도로형태,가해운전자 차종,가해운전자 성별,가해운전자 연령,가해운전자 상해정도,피해운전자 차종,피해운전자 성별,피해운전자 연령,피해운전자 상해정도
2016110700100554,2016년 11월 7일 19시,월요일,경상남도 거제시 상동동,중상사고,0,1,0,0,차대사람 - 횡단중,안전운전불이행,건조,맑음,기타 - 기타,승용,남,67세,상해없음,보행자,남,32세,중상
2016110700100586,2016년 11월 7일 20시,월요일,경상남도 김해시 삼계동,경상사고,0,0,1,0,차대차 - 측면충돌,신호위반,건조,맑음,교차로 - 교차로안,승합,여,42세,상해없음,승합,여,44세,경상
2016110700100622,2016년 11월 7일 21시,월요일,경상남도 양산시 물금읍,경상사고,0,0,1,0,차량단독 - 전도전복,안전운전불이행,건조,맑음,단일로 - 기타,원동기,남,19세,경상,,,,
2016110700100623,2016년 11월 7일 21시,월요일,경상남도 거제시 장평동,중상사고,0,1,0,0,차대사람 - 횡단중,보행자보호의무위반,건조,맑음,단일로 - 기타,승용,남,37세,상해없음,보행자,남,35세,중상
2016110700100663,2016년 11월 7일 22시,월요일,경상남도 통영시 북신동,경상사고,0,0,1,0,차대사람 - 기타,안전운전불이행,건조,맑음,단일로 - 기타,승용,남,49세,상해없음,보행자,남,38세,경상
2016110700100664,2016년 11월 7일 22시,월요일,경상남도 거제시 고현동,중상사고,0,1,0,0,차대차 - 정면충돌,중앙선침범,건조,맑음,단일로 - 기타,승용,남,58세,상해없음,이륜,남,47세,중상
2016110800100017,2016년 11월 8일 00시,화요일,경상남도 거제시 장평동,중상사고,0,1,0,0,차대차 - 정면충돌,안전운전불이행,건조,흐림,교차로 - 교차로안,승용,남,57세,상해없음,이륜,남,30세,중상
2016110800100073,2016년 11월 8일 06시,화요일,경상남도 거제시 옥포동,중상사고,0,2,0,0,차대차 - 정면충돌,안전운전불이행,습기,비,교차로 - 교차로안,화물,남,58세,상해없음,승용,남,21세,중상
2016110800100119,2016년 11월 8일 08시,화요일,경상남도 창원시 성산구 천선동,경상사고,0,0,3,0,차대차 - 추돌,안전운전불이행,건조,맑음,단일로 - 기타,승용,남,61세,기타불명,승용,남,62세,경상
2016110800100120,2016년 11월 8일 08시,화요일,경상남도 양산시 산막동,경상사고,0,0,1,0,차대차 - 기타,안전운전불이행,습기,비,단일로 - 기타,승용,남,28세,상해없음,승합,남,43세,상해없음
2016110800100156,2016년 11월 8일 09시,화요일,경상남도 통영시 항남동,중상사고,0,1,0,0,차대사람 - 횡단중,안전운전불이행,건조,맑음,교차로 - 교차로안,승용,여,42세,상해없음,보행자,남,83세,중상
2016110800100157,2016년 11월 8일 09시,화요일,경상남도 하동군 진교면,중상사고,0,1,0,0,차대사람 - 길가장자리구역통행중,안전운전불이행,건조,맑음,단일로 - 기타,승용,여,52세,상해없음,보행자,남,54세,중상
2016110800100158,2016년 11월 8일 09시,화요일,경상남도 거제시 연초면,경상사고,0,0,1,0,차대차 - 기타,안전운전불이행,건조,맑음,단일로 - 기타,승용,여,30세,상해없음,승용,여,59세,경상
2016110800100159,2016년 11월 8일 09시,화요일,경상남도 김해시 진영읍,중상사고,0,1,1,0,차대차 - 추돌,안전운전불이행,건조,흐림,교차로 - 교차로부근,화물,남,24세,상해없음,이륜,남,43세,중상
2016110800100182,2016년 11월 8일 10시,화요일,경상남도 김해시 주촌면,경상사고,0,0,2,0,차대차 - 측면직각충돌,직진우회전진행방해,건조,맑음,교차로 - 교차로안,승용,남,54세,경상,승용,남,41세,경상
2016110800100209,2016년 11월 8일 11시,화요일,경상남도 밀양시 상동면,중상사고,0,1,0,0,차대차 - 정면충돌,중앙선침범,건조,맑음,단일로 - 기타,이륜,남,81세,중상,화물,남,42세,상해없음
2016110800100233,2016년 11월 8일 12시,화요일,경상남도 창원시 의창구 대산면,경상사고,0,0,1,0,차대차 - 측면직각충돌,안전운전불이행,건조,맑음,교차로 - 교차로안,승용,여,23세,상해없음,이륜,여,66세,경상
2016110800100266,2016년 11월 8일 13시,화요일,경상남도 창원시 진해구 태평동,중상사고,0,1,0,0,차대사람 - 차도통행중,안전운전불이행,건조,맑음,교차로 - 교차로안,승용,여,56세,상해없음,보행자,여,77세,중상
2016110800100267,2016년 11월 8일 13시,화요일,경상남도 밀양시 삼문동,경상사고,0,0,1,0,차대차 - 측면충돌,교차로운행방법위반,건조,맑음,교차로 - 교차로안,승용,여,31세,상해없음,원동기,남,65세,경상
2016110800100268,2016년 11월 8일 13시,화요일,경상남도 양산시 원동면,중상사고,0,1,0,0,차대차 - 기타,교차로운행방법위반,건조,맑음,교차로 - 교차로안,화물,남,62세,상해없음,자전거,여,50세,중상
2016110800100293,2016년 11월 8일 14시,화요일,경상남도 창원시 진해구 장천동,경상사고,0,0,1,0,차대사람 - 차도통행중,보행자보호의무위반,건조,맑음,단일로 - 기타,승용,여,34세,상해없음,보행자,남,7세,경상
2016110800100332,2016년 11월 8일 15시,화요일,경상남도 거제시 연초면,경상사고,0,0,1,0,차대차 - 기타,안전운전불이행,건조,맑음,단일로 - 기타,특수,남,40세,상해없음,승용,남,45세,경상
2016110800100375,2016년 11월 8일 16시,화요일,경상남도 사천시 곤양면,중상사고,0,1,0,7,차대차 - 측면직각충돌,직진우회전진행방해,건조,맑음,교차로 - 교차로안,승합,남,37세,상해없음,원동기,남,62세,중상
2016110800100408,2016년 11월 8일 17시,화요일,경상남도 사천시 사천읍,중상사고,0,1,1,0,차대차 - 추돌,안전운전불이행,건조,맑음,단일로 - 기타,승용,여,19세,상해없음,승용,남,45세,상해없음
2016110800100409,2016년 11월 8일 17시,화요일,경상남도 김해시 외동,경상사고,0,0,1,0,차대차 - 측면충돌,안전운전불이행,건조,맑음,교차로 - 교차로안,승용,여,27세,상해없음,승용,남,57세,경상
2016110800100410,2016년 11월 8일 17시,화요일,경상남도 창원시 의창구 동읍,중상사고,0,1,0,0,차대사람 - 길가장자리구역통행중,안전운전불이행,건조,맑음,단일로 - 기타,승용,남,67세,상해없음,보행자,남,76세,중상
2016110800100469,2016년 11월 8일 18시,화요일,경상남도 창원시 진해구 용원동,중상사고,0,1,0,0,차대차 - 정면충돌,중앙선침범,건조,맑음,단일로 - 기타,승용,남,27세,상해없음,승용,여,39세,중상
2016110800100470,2016년 11월 8일 18시,화요일,경상남도 김해시 내동,경상사고,0,0,1,0,차대차 - 측면직각충돌,안전운전불이행,건조,맑음,교차로 - 교차로부근,자전거,남,27세,경상,승용,남,18세,상해없음
2016110800100471,2016년 11월 8일 18시,화요일,경상남도 합천군 율곡면,사망사고,1,0,0,0,차대사람 - 기타,안전운전불이행,건조,맑음,단일로 - 기타,승용,남,32세,상해없음,보행자,여,54세,사망
2016110800100513,2016년 11월 8일 19시,화요일,경상남도 양산시 신기동,중상사고,0,1,0,0,차대차 - 정면충돌,신호위반,건조,흐림,교차로 - 교차로안,승용,남,35세,상해없음,승용,남,29세,중상
2016110800100514,2016년 11월 8일 19시,화요일,경상남도 산청군 신안면,중상사고,0,1,0,0,차량단독 - 전도전복,안전운전불이행,건조,맑음,단일로 - 기타,원동기,남,22세,중상,,,,
2016110800100515,2016년 11월 8일 19시,화요일,경상남도 창원시 성산구 성주동,사망사고,1,0,0,0,차대차 - 측면직각충돌,안전운전불이행,건조,맑음,교차로 - 교차로부근,원동기,남,36세,사망,승용,여,62세,상해없음
2016110800100539,2016년 11월 8일 20시,화요일,경상남도 통영시 인평동,경상사고,0,0,1,0,차대차 - 정면충돌,중앙선침범,건조,맑음,단일로 - 기타,이륜,남,38세,상해없음,승용,남,43세,경상
2016110800100540,2016년 11월 8일 20시,화요일,경상남도 창원시 성산구 가음동,중상사고,0,1,0,0,차대사람 - 횡단중,신호위반,건조,맑음,교차로 - 교차로안,승용,여,31세,상해없음,보행자,남,15세,중상
2016110800100578,2016년 11월 8일 21시,화요일,경상남도 거제시 장평동,중상사고,0,1,0,0,차대차 - 측면충돌,안전운전불이행,건조,맑음,단일로 - 기타,이륜,남,27세,상해없음,자전거,남,50세,중상
2016110900100041,2016년 11월 9일 04시,수요일,경상남도 사천시 동금동,중상사고,0,1,0,0,차대사람 - 횡단중,안전운전불이행,건조,맑음,단일로 - 기타,승합,남,52세,상해없음,보행자,여,76세,중상
2016110900100136,2016년 11월 9일 08시,수요일,경상남도 창원시 마산합포구 해운동,경상사고,0,0,1,0,차대차 - 측면충돌,안전운전불이행,건조,맑음,교차로 - 교차로부근,승용,여,45세,상해없음,자전거,남,34세,경상
2016110900100137,2016년 11월 9일 08시,수요일,경상남도 밀양시 부북면,경상사고,0,0,1,0,차대차 - 정면충돌,신호위반,건조,맑음,교차로 - 교차로안,승용,남,55세,상해없음,화물,남,24세,경상
2016110900100138,2016년 11월 9일 08시,수요일,경상남도 김해시 삼계동,경상사고,0,0,1,0,차대차 - 추돌,안전운전불이행,건조,맑음,단일로 - 기타,승용,남,28세,상해없음,승용,남,35세,경상
2016110900100182,2016년 11월 9일 09시,수요일,경상남도 김해시 삼계동,경상사고,0,0,1,0,차대차 - 정면충돌,안전운전불이행,건조,맑음,단일로 - 기타,특수,남,51세,상해없음,승용,남,63세,경상
2016110900100183,2016년 11월 9일 09시,수요일,경상남도 양산시 원동면,경상사고,0,0,1,0,차대차 - 추돌,안전거리미확보,건조,맑음,단일로 - 기타,승용,남,53세,상해없음,화물,남,60세,경상
2016110900100184,2016년 11월 9일 09시,수요일,경상남도 고성군 고성읍,사망사고,1,0,0,0,차대사람 - 횡단중,안전운전불이행,건조,맑음,교차로 - 교차로안,승용,여,49세,상해없음,보행자,남,52세,사망
2016110900100221,2016년 11월 9일 10시,수요일,경상남도 하동군 금남면,사망사고,3,0,1,0,차대차 - 기타,안전운전불이행,건조,맑음,단일로 - 기타,승용,남,64세,경상,화물,남,58세,기타불명
2016110900100260,2016년 11월 9일 11시,수요일,경상남도 고성군 고성읍,경상사고,0,0,1,0,차대사람 - 횡단중,보행자보호의무위반,건조,맑음,교차로 - 교차로부근,화물,여,33세,상해없음,보행자,남,61세,경상
2016110900100261,2016년 11월 9일 11시,수요일,경상남도 거제시 옥포동,경상사고,0,0,1,0,차대사람 - 기타,기타,건조,맑음,단일로 - 기타,승합,남,45세,상해없음,보행자,여,59세,경상
2016110900100262,2016년 11월 9일 11시,수요일,경상남도 창원시 마산회원구 합성동,경상사고,0,0,1,0,차대사람 - 횡단중,보행자보호의무위반,건조,맑음,단일로 - 횡단보도상,승용,남,61세,상해없음,보행자,여,57세,경상
2016110900100298,2016년 11월 9일 12시,수요일,경상남도 사천시 사천읍,중상사고,0,1,1,0,차대사람 - 차도통행중,기타,건조,맑음,단일로 - 기타,승용,여,65세,상해없음,보행자,여,50세,중상
2016110900100299,2016년 11월 9일 12시,수요일,경상남도 창원시 마산회원구 회원동,경상사고,0,0,2,0,차량단독 - 기타,안전운전불이행,건조,맑음,교차로 - 교차로부근,승용,남,54세,상해없음,,,,
2016110900100335,2016년 11월 9일 13시,수요일,경상남도 합천군 청덕면,중상사고,0,2,0,0,차대차 - 추돌,안전운전불이행,건조,맑음,단일로 - 기타,화물,여,46세,상해없음,화물,남,63세,중상
2016110900100336,2016년 11월 9일 13시,수요일,경상남도 창원시 마산회원구 양덕동,경상사고,0,0,4,0,차대차 - 추돌,안전운전불이행,건조,맑음,교차로 - 교차로부근,화물,남,49세,상해없음,승용,남,56세,경상
2016110900100363,2016년 11월 9일 14시,수요일,경상남도 창녕군 장마면,중상사고,0,1,2,0,차대차 - 기타,안전운전불이행,건조,맑음,교차로 - 교차로안,화물,남,64세,경상,승용,남,76세,경상
2016110900100397,2016년 11월 9일 15시,수요일,경상남도 창원시 진해구 서중동,중상사고,0,1,4,0,차대차 - 추돌,안전운전불이행,건조,맑음,교차로 - 교차로부근,화물,남,52세,상해없음,승합,여,37세,중상
2016110900100424,2016년 11월 9일 16시,수요일,경상남도 통영시 용남면,경상사고,0,0,1,0,차대차 - 측면직각충돌,직진우회전진행방해,건조,맑음,교차로 - 교차로안,화물,남,53세,상해없음,화물,남,23세,경상
2016110900100505,2016년 11월 9일 18시,수요일,경상남도 진주시 내동면,중상사고,0,1,0,0,차대차 - 측면직각충돌,신호위반,건조,맑음,교차로 - 교차로안,승용,여,23세,상해없음,승용,남,67세,중상
2016110900100506,2016년 11월 9일 18시,수요일,경상남도 김해시 외동,중상사고,0,2,0,0,차대사람 - 횡단중,안전운전불이행,건조,맑음,교차로 - 교차로부근,화물,남,40세,상해없음,보행자,여,73세,중상
2016110900100507,2016년 11월 9일 18시,수요일,경상남도 합천군 율곡면,경상사고,0,0,1,0,차대차 - 추돌,안전운전불이행,건조,맑음,단일로 - 기타,화물,남,74세,상해없음,승용,남,33세,경상
2016110900100508,2016년 11월 9일 18시,수요일,경상남도 양산시 삼호동,경상사고,0,0,1,0,차대차 - 측면충돌,교차로운행방법위반,건조,맑음,교차로 - 교차로안,승용,남,59세,상해없음,승용,남,48세,경상
2016110900100509,2016년 11월 9일 18시,수요일,경상남도 거제시 옥포동,경상사고,0,0,1,0,차대차 - 측면충돌,안전운전불이행,건조,맑음,단일로 - 기타,승용,남,56세,상해없음,자전거,남,46세,경상
2016110900100551,2016년 11월 9일 19시,수요일,경상남도 거제시 고현동,중상사고,0,1,0,0,차대사람 - 기타,안전운전불이행,건조,맑음,단일로 - 기타,승합,남,53세,상해없음,보행자,여,64세,중상
2016110900100590,2016년 11월 9일 20시,수요일,경상남도 김해시 외동,중상사고,0,1,1,0,차대차 - 기타,교차로운행방법위반,건조,맑음,교차로 - 교차로부근,이륜,남,19세,중상,이륜,남,32세,경상
2016110900100614,2016년 11월 9일 21시,수요일,경상남도 밀양시 삼랑진읍,경상사고,0,0,1,0,차대사람 - 횡단중,안전운전불이행,건조,맑음,단일로 - 기타,승용,여,41세,상해없음,보행자,남,54세,경상
2016110900100615,2016년 11월 9일 21시,수요일,경상남도 창녕군 유어면,중상사고,0,1,0,0,차대차 - 추돌,안전운전불이행,건조,맑음,단일로 - 기타,승용,여,34세,상해없음,농기계,남,61세,중상
2016110900100616,2016년 11월 9일 21시,수요일,경상남도 거제시 거제면,중상사고,0,1,0,0,차대차 - 측면직각충돌,교차로운행방법위반,건조,맑음,교차로 - 교차로안,승용,남,54세,상해없음,이륜,남,28세,중상
2016110900100639,2016년 11월 9일 22시,수요일,경상남도 창원시 성산구 웅남동,경상사고,0,0,1,0,차대사람 - 횡단중,안전운전불이행,건조,맑음,단일로 - 기타,승용,남,29세,상해없음,보행자,남,58세,경상
2016110900100640,2016년 11월 9일 22시,수요일,경상남도 창원시 마산회원구 내서읍,경상사고,0,0,2,0,차대사람 - 기타,안전운전불이행,건조,맑음,교차로 - 교차로부근,승용,남,62세,상해없음,보행자,여,50세,경상
2016110900100641,2016년 11월 9일 22시,수요일,경상남도 창원시 마산회원구 양덕동,중상사고,0,1,0,0,차대차 - 추돌,안전운전불이행,건조,맑음,단일로 - 기타,승용,남,59세,상해없음,이륜,남,64세,중상
2016110900100642,2016년 11월 9일 22시,수요일,경상남도 사천시 축동면,중상사고,0,1,0,0,차대차 - 추돌,안전운전불이행,건조,맑음,단일로 - 기타,화물,남,42세,상해없음,승용,여,46세,중상
2016111000100067,2016년 11월 10일 06시,목요일,경상남도 양산시 동면,사망사고,1,0,0,0,차대사람 - 횡단중,신호위반,건조,맑음,단일로 - 횡단보도상,화물,남,59세,상해없음,보행자,여,78세,사망
2016111000100081,2016년 11월 10일 07시,목요일,경상남도 김해시 진례면,경상사고,0,0,1,0,차대차 - 기타,안전운전불이행,건조,맑음,단일로 - 기타,화물,남,46세,상해없음,승용,여,28세,경상
2016111000100092,2016년 11월 10일 07시,목요일,경상남도 거제시 상동동,중상사고,0,1,1,0,차대차 - 측면직각충돌,신호위반,건조,맑음,교차로 - 교차로안,승용,여,29세,상해없음,이륜,남,45세,중상
2016111000100118,2016년 11월 10일 08시,목요일,경상남도 창원시 의창구 명서동,경상사고,0,0,1,0,차대사람 - 기타,안전운전불이행,건조,맑음,단일로 - 기타,원동기,남,18세,상해없음,보행자,여,25세,경상
2016111000100154,2016년 11월 10일 09시,목요일,경상남도 진주시 망경동,중상사고,0,1,0,0,차대사람 - 횡단중,보행자보호의무위반,건조,흐림,단일로 - 횡단보도상,승용,남,55세,상해없음,보행자,여,61세,중상
2016111000100155,2016년 11월 10일 09시,목요일,경상남도 창원시 진해구 석동,경상사고,0,0,1,0,차대차 - 측면충돌,교차로운행방법위반,건조,맑음,교차로 - 교차로안,승용,여,56세,경상,화물,남,37세,상해없음
2016111000100156,2016년 11월 10일 09시,목요일,경상남도 김해시 부원동,중상사고,0,2,0,0,차대사람 - 기타,기타,건조,맑음,단일로 - 기타,승합,남,46세,상해없음,보행자,여,79세,중상
2016111000100182,2016년 11월 10일 10시,목요일,경상남도 창녕군 창녕읍,중상사고,0,1,0,0,차대차 - 측면직각충돌,안전운전불이행,건조,맑음,단일로 - 기타,화물,남,70세,상해없음,원동기,남,85세,중상
2016111000100183,2016년 11월 10일 10시,목요일,경상남도 양산시 명동,경상사고,0,0,1,0,차대차 - 정면충돌,교차로운행방법위반,건조,맑음,교차로 - 교차로안,승용,남,47세,상해없음,승용,여,47세,경상
2016111000100184,2016년 11월 10일 10시,목요일,경상남도 의령군 지정면,중상사고,0,1,0,0,차대차 - 측면충돌,안전운전불이행,건조,맑음,교차로 - 교차로안,화물,남,32세,상해없음,이륜,남,88세,중상
2016111000100245,2016년 11월 10일 13시,목요일,경상남도 창원시 의창구 동읍,중상사고,0,1,3,0,차대차 - 측면직각충돌,안전운전불이행,건조,맑음,교차로 - 교차로안,승용,남,55세,상해없음,승용,남,65세,경상
2016111000100246,2016년 11월 10일 13시,목요일,경상남도 김해시 장유면,경상사고,0,0,1,0,차대차 - 측면직각충돌,교차로운행방법위반,건조,맑음,교차로 - 교차로안,승용,남,60세,상해없음,승용,여,39세,경상
2016111000100273,2016년 11월 10일 14시,목요일,경상남도 창원시 마산합포구 교방동,중상사고,0,1,0,0,차대사람 - 횡단중,안전운전불이행,습기,비,교차로 - 교차로안,화물,남,61세,상해없음,보행자,남,81세,중상
2016111000100274,2016년 11월 10일 14시,목요일,경상남도 창원시 마산합포구 남성동,경상사고,0,0,1,0,차대사람 - 기타,기타,건조,맑음,단일로 - 기타,원동기,남,58세,상해없음,보행자,여,63세,경상
2016111000100275,2016년 11월 10일 14시,목요일,경상남도 창원시 진해구 덕산동,중상사고,0,1,0,0,차대차 - 측면충돌,신호위반,습기,비,교차로 - 교차로안,자전거,남,46세,중상,승용,남,47세,상해없음
2016111000100276,2016년 11월 10일 14시,목요일,경상남도 양산시 물금읍,경상사고,0,0,1,0,차대사람 - 횡단중,안전운전불이행,건조,맑음,교차로 - 교차로안,승용,남,35세,상해없음,보행자,남,61세,경상
2016111000100277,2016년 11월 10일 14시,목요일,경상남도 거제시 거제면,사망사고,1,0,0,0,차량단독 - 전도전복,안전운전불이행,습기,비,단일로 - 기타,건설기계,남,33세,사망,,,,
2016111000100278,2016년 11월 10일 14시,목요일,경상남도 남해군 이동면,중상사고,0,1,0,0,차대사람 - 횡단중,기타,건조,맑음,단일로 - 기타,화물,남,49세,상해없음,보행자,남,58세,중상
2016111000100315,2016년 11월 10일 15시,목요일,경상남도 김해시 한림면,경상사고,0,0,1,0,차대차 - 측면충돌,교차로운행방법위반,건조,맑음,교차로 - 교차로안,승용,남,34세,상해없음,이륜,남,62세,경상
2016111000100346,2016년 11월 10일 16시,목요일,경상남도 창원시 진해구 석동,중상사고,0,2,2,0,차대차 - 추돌,안전거리미확보,건조,맑음,기타 - 기타,승용,남,35세,경상,승용,남,54세,상해없음
2016111000100387,2016년 11월 10일 17시,목요일,경상남도 창원시 마산합포구 해운동,중상사고,0,1,0,0,차대차 - 추돌,안전거리미확보,건조,맑음,교차로 - 교차로부근,화물,남,53세,상해없음,승용,여,32세,중상
2016111000100388,2016년 11월 10일 17시,목요일,경상남도 거제시 옥포동,경상사고,0,0,1,0,차대차 - 기타,교차로운행방법위반,건조,맑음,교차로 - 교차로안,승합,남,55세,상해없음,이륜,남,30세,경상
2016111000100389,2016년 11월 10일 17시,목요일,경상남도 남해군 남면,중상사고,0,1,0,0,차대차 - 추돌,안전운전불이행,건조,맑음,단일로 - 기타,화물,남,65세,상해없음,승용,여,40세,중상
2016111000100390,2016년 11월 10일 17시,목요일,경상남도 함안군 대산면,중상사고,0,1,0,0,차량단독 - 주/정차차량 충돌,안전운전불이행,습기,비,교차로 - 교차로부근,화물,남,36세,중상,,,,
2016111000100452,2016년 11월 10일 18시,목요일,경상남도 통영시 도남동,경상사고,0,0,2,0,차대차 - 측면직각충돌,안전운전불이행,건조,맑음,교차로 - 교차로부근,승용,남,46세,상해없음,승용,여,37세,경상
2016111000100453,2016년 11월 10일 18시,목요일,경상남도 사천시 사남면,경상사고,0,0,1,0,차대사람 - 길가장자리구역통행중,안전운전불이행,건조,맑음,단일로 - 기타,승합,남,37세,상해없음,보행자,남,27세,경상
2016111000100454,2016년 11월 10일 18시,목요일,경상남도 김해시 어방동,경상사고,0,0,2,0,차대차 - 추돌,안전운전불이행,건조,맑음,단일로 - 기타,승용,여,51세,상해없음,승용,남,33세,경상
2016111000100455,2016년 11월 10일 18시,목요일,경상남도 김해시 진영읍,경상사고,0,0,1,0,차대사람 - 횡단중,보행자보호의무위반,건조,맑음,단일로 - 횡단보도상,승용,여,36세,상해없음,보행자,여,50세,경상
2016111000100515,2016년 11월 10일 19시,목요일,경상남도 창녕군 영산면,중상사고,0,1,0,0,차대차 - 측면직각충돌,안전운전불이행,건조,맑음,교차로 - 교차로부근,원동기,남,70세,중상,승합,남,54세,상해없음
2016111000100516,2016년 11월 10일 19시,목요일,경상남도 거제시 아주동,경상사고,0,0,1,0,차대차 - 측면충돌,안전운전불이행,건조,맑음,단일로 - 기타,승용,남,27세,기타불명,승용,여,37세,경상
2016111000100554,2016년 11월 10일 20시,목요일,경상남도 사천시 벌리동,중상사고,0,1,0,0,차대사람 - 차도통행중,안전운전불이행,건조,맑음,교차로 - 교차로안,승용,여,31세,상해없음,보행자,여,41세,중상
2016111000100555,2016년 11월 10일 20시,목요일,경상남도 김해시 대동면,중상사고,0,1,0,1,차대차 - 정면충돌,중앙선침범,습기,흐림,단일로 - 기타,승용,남,60세,부상신고,화물,남,62세,중상
2016111000100589,2016년 11월 10일 21시,목요일,경상남도 통영시 용남면,중상사고,0,1,0,0,차대차 - 추돌,안전거리미확보,건조,맑음,단일로 - 기타,화물,남,37세,상해없음,승용,남,43세,중상
2016111000100616,2016년 11월 10일 22시,목요일,경상남도 양산시 남부동,중상사고,0,2,0,0,차대차 - 측면충돌,신호위반,건조,맑음,교차로 - 교차로안,승용,남,37세,상해없음,승용,여,47세,중상
2016111000100617,2016년 11월 10일 22시,목요일,경상남도 거제시 옥포동,경상사고,0,0,1,0,차대사람 - 차도통행중,안전운전불이행,건조,흐림,교차로 - 교차로부근,승용,남,40세,상해없음,보행자,여,16세,경상
2016111000100618,2016년 11월 10일 22시,목요일,경상남도 거제시 장평동,경상사고,0,0,1,0,차대차 - 정면충돌,중앙선침범,습기,흐림,단일로 - 기타,이륜,남,22세,상해없음,승용,남,39세,경상
2016111000100644,2016년 11월 10일 23시,목요일,경상남도 김해시 부원동,경상사고,0,0,1,0,차대차 - 측면직각충돌,교차로운행방법위반,습기,흐림,교차로 - 교차로안,승용,여,49세,상해없음,이륜,남,19세,경상
2016111000100645,2016년 11월 10일 23시,목요일,경상남도 창원시 의창구 서상동,경상사고,0,0,1,0,차대차 - 추돌,안전운전불이행,건조,맑음,단일로 - 기타,승용,남,42세,상해없음,승용,여,63세,경상
2016111100100016,2016년 11월 11일 00시,금요일,경상남도 창원시 성산구 가음정동,중상사고,0,1,0,0,차대차 - 측면충돌,신호위반,습기,맑음,교차로 - 교차로안,승용,남,26세,상해없음,승용,남,45세,중상
2016111100100077,2016년 11월 11일 04시,금요일,경상남도 창원시 마산합포구 자산동,중상사고,0,1,1,0,차대차 - 추돌,안전운전불이행,건조,흐림,단일로 - 기타,승용,남,52세,경상,화물,남,44세,상해없음
2016111100100140,2016년 11월 11일 07시,금요일,경상남도 진주시 가좌동,중상사고,0,3,0,0,차대차 - 정면충돌,신호위반,건조,맑음,교차로 - 교차로안,승용,남,41세,중상,승용,남,41세,중상
2016111100100141,2016년 11월 11일 07시,금요일,경상남도 창녕군 영산면,경상사고,0,0,1,1,차대차 - 측면직각충돌,직진우회전진행방해,습기,안개,교차로 - 교차로안,승용,남,68세,경상,화물,남,46세,상해없음
2016111100100184,2016년 11월 11일 08시,금요일,경상남도 김해시 어방동,중상사고,0,1,0,0,차대차 - 기타,차로위반,건조,맑음,단일로 - 기타,원동기,남,73세,중상,승용,여,44세,상해없음
2016111100100185,2016년 11월 11일 08시,금요일,경상남도 김해시 장유면,중상사고,0,1,1,0,차대차 - 측면충돌,안전운전불이행,건조,맑음,단일로 - 기타,승용,남,50세,상해없음,승용,남,70세,중상
2016111100100223,2016년 11월 11일 09시,금요일,경상남도 창원시 마산합포구 완월동,경상사고,0,0,2,0,차대차 - 측면직각충돌,안전운전불이행,건조,맑음,교차로 - 교차로안,승용,남,72세,경상,승용,남,50세,경상
2016111100100224,2016년 11월 11일 09시,금요일,경상남도 진주시 호탄동,경상사고,0,0,2,0,차대차 - 추돌,안전운전불이행,건조,맑음,교차로 - 교차로안,원동기,남,14세,경상,승용,여,49세,경상
2016111100100225,2016년 11월 11일 09시,금요일,경상남도 창녕군 남지읍,부상신고사고,0,0,0,1,차대차 - 측면직각충돌,안전운전불이행,건조,맑음,교차로 - 교차로안,승용,여,55세,부상신고,화물,남,58세,상해없음
2016111100100310,2016년 11월 11일 11시,금요일,경상남도 양산시 물금읍,경상사고,0,0,1,0,차대차 - 정면충돌,안전운전불이행,건조,맑음,교차로 - 교차로안,자전거,여,72세,경상,화물,남,54세,상해없음
2016111100100311,2016년 11월 11일 11시,금요일,경상남도 거제시 아주동,경상사고,0,0,1,0,차대차 - 기타,차로위반,건조,맑음,단일로 - 기타,승용,여,55세,상해없음,승용,남,56세,경상
2016111100100340,2016년 11월 11일 12시,금요일,경상남도 김해시 한림면,중상사고,0,1,0,0,차대차 - 측면충돌,안전운전불이행,건조,맑음,단일로 - 기타,건설기계,남,59세,상해없음,원동기,남,63세,중상
2016111100100374,2016년 11월 11일 13시,금요일,경상남도 거제시 고현동,경상사고,0,0,1,0,차대차 - 기타,안전운전불이행,건조,맑음,교차로 - 교차로부근,특수,남,49세,상해없음,승용,여,28세,경상
2016111100100375,2016년 11월 11일 13시,금요일,경상남도 창원시 마산회원구 양덕동,경상사고,0,0,2,0,차대사람 - 횡단중,보행자보호의무위반,건조,맑음,교차로 - 교차로부근,승합,남,59세,상해없음,보행자,여,64세,경상
2016111100100407,2016년 11월 11일 14시,금요일,경상남도 밀양시 산외면,사망사고,1,0,0,0,차량단독 - 공작물충돌,안전운전불이행,건조,맑음,단일로 - 기타,화물,남,49세,사망,,,,
2016111100100442,2016년 11월 11일 15시,금요일,경상남도 김해시 대동면,사망사고,1,0,0,0,차대차 - 측면직각충돌,안전운전불이행,건조,맑음,교차로 - 교차로안,건설기계,남,56세,상해없음,화물,남,49세,사망
2016111100100482,2016년 11월 11일 16시,금요일,경상남도 밀양시 부북면,경상사고,0,0,1,0,차대차 - 정면충돌,중앙선침범,건조,맑음,단일로 - 기타,승용,남,26세,상해없음,화물,남,42세,경상