사고번호,사고일시,요일,시군구,사고내용,사망자수,중상자수,경상자수,부상신고자수,사고유형,법규위반,노면상태,기상상태,도로형태,가해운전자 차종,가해운전자 성별,가해운전자 연령,가해운전자 상해정도,피해운전자 차종,피해운전자 성별,피해운전자 연령,피해운전자 상해정도
2016111100100483,2016년 11월 11일 16시,금요일,경상남도 김해시 장유면,중상사고,0,1,0,0,차대사람 - 횡단중,안전운전불이행,건조,맑음,단일로 - 기타,승용,남,70세,상해없음,보행자,여,16세,중상
2016111100100521,2016년 11월 11일 17시,금요일,경상남도 양산시 동면,경상사고,0,0,3,0,차대차 - 정면충돌,안전운전불이행,건조,맑음,단일로 - 기타,화물,남,56세,상해없음,승합,남,36세,경상
2016111100100522,2016년 11월 11일 17시,금요일,경상남도 양산시 중부동,경상사고,0,0,2,0,차대차 - 측면충돌,직진우회전진행방해,건조,맑음,교차로 - 교차로안,승용,남,60세,경상,승용,여,44세,경상
2016111100100523,2016년 11월 11일 17시,금요일,경상남도 창원시 의창구 팔용동,중상사고,0,2,3,0,차대차 - 정면충돌,안전운전불이행,건조,흐림,단일로 - 기타,승용,남,50세,상해없음,승용,남,26세,중상
2016111100100596,2016년 11월 11일 18시,금요일,경상남도 함양군 함양읍,중상사고,0,1,0,1,차대차 - 추돌,안전운전불이행,건조,맑음,교차로 - 교차로부근,화물,남,78세,부상신고,농기계,남,79세,중상
2016111100100597,2016년 11월 11일 18시,금요일,경상남도 하동군 적량면,중상사고,0,1,1,0,차대차 - 추돌,안전운전불이행,건조,맑음,단일로 - 기타,화물,남,67세,상해없음,농기계,남,55세,경상
2016111100100598,2016년 11월 11일 18시,금요일,경상남도 창원시 성산구 상남동,경상사고,0,0,2,0,차대차 - 추돌,안전운전불이행,건조,맑음,단일로 - 기타,승용,남,60세,상해없음,승용,남,25세,경상
2016111100100599,2016년 11월 11일 18시,금요일,경상남도 창원시 마산회원구 양덕동,중상사고,0,2,1,0,차대차 - 측면직각충돌,안전운전불이행,건조,맑음,단일로 - 기타,승용,여,35세,상해없음,승합,남,42세,상해없음
2016111100100600,2016년 11월 11일 18시,금요일,경상남도 창원시 마산회원구 내서읍,경상사고,0,0,1,0,차대차 - 기타,중앙선침범,건조,맑음,단일로 - 기타,승용,남,36세,상해없음,이륜,여,41세,경상
2016111100100657,2016년 11월 11일 19시,금요일,경상남도 거제시 고현동,경상사고,0,0,2,0,차대차 - 추돌,안전운전불이행,건조,맑음,단일로 - 기타,승용,남,25세,상해없음,승용,남,35세,경상
2016111100100658,2016년 11월 11일 19시,금요일,경상남도 창원시 의창구 도계동,경상사고,0,0,1,0,차대차 - 측면직각충돌,안전운전불이행,건조,맑음,단일로 - 기타,승용,남,21세,상해없음,화물,남,47세,경상
2016111100100731,2016년 11월 11일 21시,금요일,경상남도 창원시 진해구 자은동,경상사고,0,0,5,0,차대차 - 추돌,안전운전불이행,건조,맑음,기타 - 기타,승합,남,58세,상해없음,승용,여,36세,경상
2016111100100752,2016년 11월 11일 22시,금요일,경상남도 통영시 광도면,중상사고,0,1,0,0,차대사람 - 횡단중,안전운전불이행,건조,맑음,교차로 - 교차로부근,승용,남,32세,상해없음,보행자,남,51세,중상
2016111100100753,2016년 11월 11일 22시,금요일,경상남도 김해시 서상동,중상사고,0,1,0,0,차대사람 - 기타,기타,건조,맑음,단일로 - 기타,승용,남,61세,상해없음,보행자,여,15세,중상
2016111200100014,2016년 11월 12일 00시,토요일,경상남도 진주시 가좌동,중상사고,0,2,0,0,차대차 - 측면직각충돌,신호위반,건조,맑음,단일로 - 횡단보도상,원동기,여,23세,상해없음,자전거,남,23세,중상
2016111200100055,2016년 11월 12일 02시,토요일,경상남도 고성군 마암면,중상사고,0,1,3,0,차대차 - 추돌,안전거리미확보,건조,맑음,단일로 - 기타,승용,남,62세,상해없음,승용,남,49세,경상
2016111200100067,2016년 11월 12일 03시,토요일,경상남도 거제시 아주동,중상사고,0,1,0,0,차대사람 - 횡단중,보행자보호의무위반,건조,맑음,단일로 - 기타,승용,여,30세,상해없음,보행자,남,52세,중상
2016111200100080,2016년 11월 12일 04시,토요일,경상남도 창원시 성산구 남양동,경상사고,0,0,1,0,차대차 - 측면충돌,신호위반,건조,맑음,교차로 - 교차로안,승용,남,36세,상해없음,승용,남,41세,경상
2016111200100096,2016년 11월 12일 05시,토요일,경상남도 양산시 신기동,중상사고,0,1,2,0,차대차 - 정면충돌,신호위반,건조,맑음,교차로 - 교차로안,승용,남,56세,경상,승용,여,44세,중상
2016111200100097,2016년 11월 12일 05시,토요일,경상남도 양산시 물금읍,중상사고,0,1,0,0,차대차 - 추돌,안전거리미확보,건조,맑음,단일로 - 기타,화물,남,51세,상해없음,승용,남,60세,중상
2016111200100138,2016년 11월 12일 07시,토요일,경상남도 거제시 고현동,사망사고,1,0,0,0,차대사람 - 횡단중,안전운전불이행,건조,맑음,단일로 - 기타,건설기계,남,46세,상해없음,보행자,여,69세,사망
2016111200100139,2016년 11월 12일 07시,토요일,경상남도 거제시 장평동,경상사고,0,0,1,0,차대차 - 기타,안전운전불이행,건조,맑음,단일로 - 기타,자전거,남,36세,경상,승용,남,52세,상해없음
2016111200100155,2016년 11월 12일 08시,토요일,경상남도 창원시 진해구 자은동,경상사고,0,0,1,0,차대차 - 측면충돌,안전운전불이행,건조,맑음,기타 - 기타,건설기계,남,49세,상해없음,승용,여,33세,경상
2016111200100156,2016년 11월 12일 08시,토요일,경상남도 김해시 삼방동,경상사고,0,0,1,0,차대사람 - 횡단중,보행자보호의무위반,건조,맑음,교차로 - 교차로안,승용,남,47세,상해없음,보행자,남,22세,경상
2016111200100157,2016년 11월 12일 08시,토요일,경상남도 양산시 하북면,경상사고,0,0,1,0,차대차 - 정면충돌,안전거리미확보,건조,맑음,단일로 - 기타,승용,여,28세,상해없음,승용,여,43세,경상
2016111200100158,2016년 11월 12일 08시,토요일,경상남도 거제시 고현동,경상사고,0,0,1,0,차대차 - 기타,신호위반,건조,맑음,교차로 - 교차로안,승용,남,68세,상해없음,승용,여,36세,경상
2016111200100159,2016년 11월 12일 08시,토요일,경상남도 남해군 남해읍,중상사고,0,1,0,0,차대차 - 정면충돌,안전운전불이행,건조,맑음,단일로 - 기타,원동기,남,58세,중상,승용,여,48세,상해없음
2016111200100177,2016년 11월 12일 09시,토요일,경상남도 거제시 연초면,부상신고사고,0,0,0,1,차대사람 - 기타,안전운전불이행,건조,맑음,교차로 - 교차로부근,기타불명,기타불명,기타불명,기타불명,보행자,남,59세,부상신고
2016111200100178,2016년 11월 12일 09시,토요일,경상남도 산청군 신안면,중상사고,0,1,0,0,차대차 - 측면충돌,안전운전불이행,건조,맑음,교차로 - 교차로부근,자전거,남,13세,중상,승용,남,41세,상해없음
2016111200100209,2016년 11월 12일 10시,토요일,경상남도 양산시 남부동,중상사고,0,1,0,0,차대사람 - 횡단중,보행자보호의무위반,건조,맑음,교차로 - 교차로안,승합,남,46세,상해없음,보행자,여,13세,중상
2016111200100210,2016년 11월 12일 10시,토요일,경상남도 고성군 고성읍,중상사고,0,1,0,0,차대차 - 측면직각충돌,안전운전불이행,건조,맑음,단일로 - 기타,승용,여,40세,상해없음,원동기,남,43세,중상
2016111200100211,2016년 11월 12일 10시,토요일,경상남도 거제시 고현동,중상사고,0,1,1,0,차대차 - 측면충돌,안전운전불이행,건조,맑음,기타 - 기타,승용,여,50세,상해없음,이륜,남,54세,중상
2016111200100278,2016년 11월 12일 12시,토요일,경상남도 양산시 중부동,경상사고,0,0,1,0,차대차 - 측면충돌,신호위반,건조,맑음,교차로 - 교차로안,승용,남,39세,상해없음,승합,남,47세,경상
2016111200100279,2016년 11월 12일 12시,토요일,경상남도 창원시 의창구 동정동,중상사고,0,1,1,0,차대차 - 정면충돌,안전운전불이행,건조,맑음,교차로 - 교차로안,승용,여,63세,상해없음,승용,남,54세,경상
2016111200100314,2016년 11월 12일 13시,토요일,경상남도 밀양시 상남면,사망사고,1,0,0,0,차대차 - 측면충돌,안전운전불이행,건조,맑음,단일로 - 기타,승용,여,50세,상해없음,이륜,남,82세,사망
2016111200100315,2016년 11월 12일 13시,토요일,경상남도 창녕군 창녕읍,경상사고,0,0,1,0,차대사람 - 횡단중,안전운전불이행,건조,맑음,단일로 - 기타,승용,남,57세,상해없음,보행자,남,69세,경상
2016111200100316,2016년 11월 12일 13시,토요일,경상남도 양산시 물금읍,경상사고,0,0,3,1,차대차 - 추돌,안전거리미확보,건조,맑음,단일로 - 기타,승용,여,33세,상해없음,승용,여,40세,경상
2016111200100353,2016년 11월 12일 14시,토요일,경상남도 사천시 노룡동,중상사고,0,1,0,0,차대차 - 측면직각충돌,안전운전불이행,건조,맑음,단일로 - 기타,화물,남,67세,상해없음,원동기,남,71세,중상
2016111200100354,2016년 11월 12일 14시,토요일,경상남도 김해시 상동면,부상신고사고,0,0,0,1,차대차 - 추돌,안전운전불이행,건조,맑음,단일로 - 기타,승용,남,76세,상해없음,화물,남,46세,부상신고
2016111200100355,2016년 11월 12일 14시,토요일,경상남도 창원시 성산구 반지동,경상사고,0,0,2,0,차대차 - 측면직각충돌,안전운전불이행,건조,맑음,교차로 - 교차로안,승용,여,47세,상해없음,승용,남,78세,경상
2016111200100429,2016년 11월 12일 16시,토요일,경상남도 합천군 용주면,중상사고,0,3,1,0,차대차 - 측면직각충돌,교차로운행방법위반,건조,맑음,교차로 - 교차로안,승용,남,28세,상해없음,승용,남,48세,경상
2016111200100468,2016년 11월 12일 17시,토요일,경상남도 밀양시 하남읍,중상사고,0,2,2,0,차대차 - 측면충돌,안전운전불이행,건조,맑음,교차로 - 교차로안,승용,여,53세,상해없음,승용,여,65세,경상
2016111200100469,2016년 11월 12일 17시,토요일,경상남도 창원시 성산구 가음정동,부상신고사고,0,0,0,2,차대차 - 측면직각충돌,안전운전불이행,건조,맑음,교차로 - 교차로안,승용,남,47세,상해없음,승용,남,55세,부상신고
2016111200100504,2016년 11월 12일 18시,토요일,경상남도 창원시 마산합포구 구산면,경상사고,0,0,1,0,차량단독 - 전도전복,기타,건조,맑음,기타 - 기타,승용,남,35세,경상,,,,
2016111200100505,2016년 11월 12일 18시,토요일,경상남도 밀양시 내이동,중상사고,0,1,0,0,차대차 - 측면충돌,교차로운행방법위반,건조,맑음,교차로 - 교차로안,승용,남,56세,상해없음,이륜,남,40세,중상
2016111200100506,2016년 11월 12일 18시,토요일,경상남도 거창군 거창읍,경상사고,0,0,1,0,차대차 - 측면충돌,교차로운행방법위반,건조,맑음,교차로 - 교차로안,이륜,남,44세,경상,이륜,여,62세,상해없음
2016111200100507,2016년 11월 12일 18시,토요일,경상남도 양산시 삼호동,경상사고,0,0,2,0,차대차 - 정면충돌,중앙선침범,건조,맑음,교차로 - 교차로부근,승용,남,22세,상해없음,승용,남,35세,경상
2016111200100508,2016년 11월 12일 18시,토요일,경상남도 하동군 하동읍,중상사고,0,1,0,0,차대차 - 측면충돌,중앙선침범,건조,맑음,단일로 - 기타,화물,남,38세,상해없음,이륜,남,80세,중상
2016111200100509,2016년 11월 12일 18시,토요일,경상남도 거제시 상동동,중상사고,0,1,0,0,차대차 - 측면충돌,안전운전불이행,건조,맑음,기타 - 기타,승용,남,33세,기타불명,이륜,남,46세,중상
2016111200100547,2016년 11월 12일 19시,토요일,경상남도 거제시 장평동,중상사고,0,1,0,0,차대사람 - 기타,안전운전불이행,건조,맑음,기타 - 기타,승용,남,54세,상해없음,보행자,남,54세,중상
2016111200100572,2016년 11월 12일 20시,토요일,경상남도 김해시 내동,경상사고,0,0,1,0,차대사람 - 횡단중,안전운전불이행,건조,맑음,단일로 - 기타,승용,여,56세,상해없음,보행자,여,51세,경상
2016111200100573,2016년 11월 12일 20시,토요일,경상남도 창원시 의창구 도계동,경상사고,0,0,2,0,차대차 - 측면충돌,안전운전불이행,건조,맑음,단일로 - 기타,승용,남,57세,상해없음,승용,남,58세,경상
2016111200100627,2016년 11월 12일 22시,토요일,경상남도 거제시 남부면,부상신고사고,0,0,0,4,차량단독 - 전도전복,안전운전불이행,건조,맑음,기타 - 기타,승용,남,60세,상해없음,,,,
2016111200100643,2016년 11월 12일 23시,토요일,경상남도 창원시 마산합포구 해운동,경상사고,0,0,1,0,차대차 - 측면충돌,안전운전불이행,건조,맑음,기타 - 기타,승용,남,27세,상해없음,이륜,남,24세,경상
2016111300100066,2016년 11월 13일 04시,일요일,경상남도 창원시 성산구 신촌동,경상사고,0,0,2,0,차대차 - 측면직각충돌,안전운전불이행,건조,맑음,교차로 - 교차로안,화물,남,42세,상해없음,승용,남,23세,경상
2016111300100075,2016년 11월 13일 05시,일요일,경상남도 창원시 마산합포구 진전면,경상사고,0,0,1,0,차량단독 - 전도전복,안전운전불이행,건조,맑음,교차로 - 교차로안,이륜,남,57세,경상,,,,
2016111300100083,2016년 11월 13일 06시,일요일,경상남도 창원시 진해구 경화동,중상사고,0,1,0,0,차대차 - 측면충돌,안전운전불이행,건조,맑음,기타 - 기타,승합,남,69세,상해없음,승용,남,47세,중상
2016111300100084,2016년 11월 13일 06시,일요일,경상남도 창원시 진해구 석동,경상사고,0,0,2,0,차대차 - 추돌,안전운전불이행,건조,맑음,단일로 - 기타,화물,남,20세,상해없음,승용,남,35세,경상
2016111300100085,2016년 11월 13일 06시,일요일,경상남도 양산시 중부동,중상사고,0,1,3,0,차대차 - 기타,불법유턴,건조,맑음,단일로 - 기타,승용,남,57세,상해없음,승용,남,65세,중상
2016111300100100,2016년 11월 13일 07시,일요일,경상남도 창원시 마산합포구 창포동3가,경상사고,0,0,1,0,차대사람 - 횡단중,안전운전불이행,건조,맑음,기타 - 기타,승용,남,65세,상해없음,보행자,남,51세,경상
2016111300100134,2016년 11월 13일 09시,일요일,경상남도 합천군 합천읍,중상사고,0,2,0,0,차대차 - 정면충돌,중앙선침범,건조,맑음,단일로 - 기타,승용,남,52세,중상,화물,남,59세,중상
2016111300100163,2016년 11월 13일 10시,일요일,경상남도 진주시 가좌동,중상사고,0,1,0,0,차대차 - 정면충돌,신호위반,건조,맑음,교차로 - 교차로안,승용,남,25세,상해없음,승용,남,30세,중상
2016111300100164,2016년 11월 13일 10시,일요일,경상남도 김해시 서상동,중상사고,0,1,1,0,차대차 - 측면직각충돌,안전운전불이행,건조,맑음,단일로 - 기타,승용,남,72세,상해없음,승용,남,56세,상해없음
2016111300100165,2016년 11월 13일 10시,일요일,경상남도 김해시 한림면,경상사고,0,0,1,0,차대차 - 기타,안전운전불이행,건조,맑음,단일로 - 기타,건설기계,남,44세,상해없음,승용,여,36세,경상
2016111300100189,2016년 11월 13일 11시,일요일,경상남도 밀양시 교동,경상사고,0,0,1,0,차대차 - 측면충돌,교차로운행방법위반,건조,맑음,교차로 - 교차로안,승용,여,60세,상해없음,승용,남,30세,경상
2016111300100190,2016년 11월 13일 11시,일요일,경상남도 창녕군 길곡면,중상사고,0,1,2,0,차대차 - 기타,신호위반,건조,맑음,교차로 - 교차로부근,승용,남,46세,경상,화물,남,67세,경상
2016111300100191,2016년 11월 13일 11시,일요일,경상남도 양산시 물금읍,중상사고,0,1,2,1,차대차 - 측면충돌,안전거리미확보,건조,맑음,단일로 - 기타,승용,남,67세,부상신고,승합,남,59세,경상
2016111300100213,2016년 11월 13일 12시,일요일,경상남도 합천군 쌍책면,경상사고,0,0,1,0,차대차 - 측면충돌,교차로운행방법위반,건조,흐림,교차로 - 교차로안,승용,여,44세,상해없음,화물,남,65세,상해없음
2016111300100214,2016년 11월 13일 12시,일요일,경상남도 창원시 마산회원구 석전동,경상사고,0,0,1,0,차대사람 - 횡단중,안전운전불이행,건조,맑음,단일로 - 기타,승용,남,24세,상해없음,보행자,여,2세,경상
2016111300100232,2016년 11월 13일 13시,일요일,경상남도 통영시 광도면,경상사고,0,0,1,0,차대차 - 측면직각충돌,안전운전불이행,건조,맑음,단일로 - 기타,승용,남,67세,상해없음,이륜,남,70세,경상
2016111300100233,2016년 11월 13일 13시,일요일,경상남도 김해시 구산동,경상사고,0,0,4,0,차대차 - 측면직각충돌,안전운전불이행,건조,맑음,단일로 - 기타,승용,여,48세,경상,승용,남,41세,경상
2016111300100256,2016년 11월 13일 14시,일요일,경상남도 김해시 삼계동,경상사고,0,0,1,0,차대차 - 측면충돌,직진우회전진행방해,건조,맑음,교차로 - 교차로안,승용,남,59세,상해없음,이륜,남,46세,경상
2016111300100257,2016년 11월 13일 14시,일요일,경상남도 양산시 물금읍,부상신고사고,0,0,0,1,차대차 - 측면충돌,교차로운행방법위반,건조,맑음,교차로 - 교차로안,이륜,남,23세,부상신고,승용,남,32세,상해없음
2016111300100286,2016년 11월 13일 15시,일요일,경상남도 진주시 대안동,중상사고,0,1,0,0,차대사람 - 횡단중,안전운전불이행,건조,맑음,교차로 - 교차로안,승용,여,23세,상해없음,보행자,남,36세,중상
2016111300100310,2016년 11월 13일 16시,일요일,경상남도 김해시 장유면,중상사고,0,3,1,0,차대차 - 측면충돌,안전운전불이행,건조,맑음,단일로 - 기타,승용,남,44세,경상,승용,남,44세,중상
2016111300100346,2016년 11월 13일 17시,일요일,경상남도 진주시 상봉동,중상사고,0,1,0,0,차대사람 - 횡단중,보행자보호의무위반,건조,맑음,교차로 - 교차로안,승용,남,67세,상해없음,보행자,여,53세,중상
2016111300100347,2016년 11월 13일 17시,일요일,경상남도 거제시 아주동,경상사고,0,0,1,0,차대차 - 측면충돌,안전운전불이행,건조,맑음,단일로 - 기타,이륜,남,33세,경상,승용,남,51세,상해없음
2016111300100348,2016년 11월 13일 17시,일요일,경상남도 남해군 설천면,부상신고사고,0,0,0,1,차대차 - 정면충돌,중앙선침범,건조,맑음,단일로 - 기타,이륜,남,57세,부상신고,승합,남,53세,상해없음
2016111300100400,2016년 11월 13일 18시,일요일,경상남도 양산시 물금읍,중상사고,0,1,0,0,차대차 - 측면충돌,안전거리미확보,건조,맑음,단일로 - 기타,승용,남,53세,상해없음,이륜,남,45세,중상
2016111300100401,2016년 11월 13일 18시,일요일,경상남도 거제시 장평동,경상사고,0,0,1,0,차대차 - 측면충돌,신호위반,습기,맑음,단일로 - 횡단보도부근,이륜,남,45세,상해없음,이륜,남,29세,경상
2016111300100434,2016년 11월 13일 19시,일요일,경상남도 김해시 부원동,경상사고,0,0,1,0,차대차 - 추돌,신호위반,건조,맑음,교차로 - 교차로안,자전거,여,62세,경상,승용,남,57세,상해없음
2016111300100435,2016년 11월 13일 19시,일요일,경상남도 함안군 대산면,경상사고,0,0,2,0,차대차 - 측면충돌,중앙선침범,건조,기타,단일로 - 기타,승합,남,67세,상해없음,승용,남,21세,경상
2016111300100500,2016년 11월 13일 21시,일요일,경상남도 사천시 선구동,중상사고,0,1,0,0,차대사람 - 횡단중,보행자보호의무위반,습기,비,교차로 - 교차로안,승용,남,19세,상해없음,보행자,여,60세,중상
2016111300100501,2016년 11월 13일 21시,일요일,경상남도 창원시 마산회원구 구암동,경상사고,0,0,1,2,차대차 - 측면충돌,안전운전불이행,건조,맑음,교차로 - 교차로부근,승용,여,54세,상해없음,승용,남,58세,경상
2016111300100545,2016년 11월 13일 23시,일요일,경상남도 양산시 북부동,경상사고,0,0,2,0,차대차 - 측면직각충돌,직진우회전진행방해,건조,맑음,교차로 - 교차로안,승용,남,56세,상해없음,승용,남,61세,경상
2016111300100546,2016년 11월 13일 23시,일요일,경상남도 함안군 칠원읍,경상사고,0,0,2,0,차대차 - 측면직각충돌,중앙선침범,건조,맑음,단일로 - 기타,승용,남,35세,기타불명,승용,여,20세,경상
2016111400100008,2016년 11월 14일 00시,월요일,경상남도 창원시 마산합포구 중앙동3가,부상신고사고,0,0,0,1,차대차 - 정면충돌,안전운전불이행,건조,흐림,단일로 - 기타,승용,남,28세,부상신고,이륜,남,55세,상해없음
2016111400100012,2016년 11월 14일 01시,월요일,경상남도 창원시 마산합포구 해운동,중상사고,0,1,0,0,차대사람 - 횡단중,안전운전불이행,습기,비,단일로 - 기타,승용,남,62세,상해없음,보행자,여,46세,중상
2016111400100057,2016년 11월 14일 06시,월요일,경상남도 고성군 동해면,중상사고,0,1,0,0,차대차 - 정면충돌,중앙선침범,습기,비,단일로 - 기타,승용,남,44세,상해없음,승용,남,45세,중상
2016111400100086,2016년 11월 14일 07시,월요일,경상남도 양산시 상북면,경상사고,0,0,2,1,차대차 - 측면충돌,교차로운행방법위반,건조,맑음,교차로 - 교차로부근,승용,남,25세,상해없음,승합,남,56세,상해없음
2016111400100087,2016년 11월 14일 07시,월요일,경상남도 거제시 고현동,경상사고,0,0,1,0,차대차 - 측면직각충돌,교차로운행방법위반,건조,맑음,교차로 - 교차로안,승용,여,37세,상해없음,자전거,남,39세,경상
2016111400100144,2016년 11월 14일 08시,월요일,경상남도 창원시 진해구 경화동,경상사고,0,0,1,0,차대차 - 측면직각충돌,안전운전불이행,습기,비,교차로 - 교차로부근,화물,남,44세,상해없음,원동기,남,73세,경상
2016111400100145,2016년 11월 14일 08시,월요일,경상남도 사천시 용현면,중상사고,0,1,0,0,차대차 - 추돌,안전운전불이행,건조,흐림,단일로 - 기타,승용,남,42세,기타불명,승용,남,76세,중상
2016111400100146,2016년 11월 14일 08시,월요일,경상남도 하동군 진교면,중상사고,0,1,0,0,차대차 - 측면충돌,신호위반,습기,비,교차로 - 교차로안,승용,여,49세,상해없음,승용,여,37세,중상
2016111400100147,2016년 11월 14일 08시,월요일,경상남도 함안군 대산면,중상사고,0,1,0,0,차량단독 - 전도전복,안전운전불이행,건조,맑음,교차로 - 교차로부근,농기계,남,73세,중상,,,,
2016111400100243,2016년 11월 14일 11시,월요일,경상남도 통영시 항남동,경상사고,0,0,1,0,차대차 - 측면직각충돌,직진우회전진행방해,건조,맑음,교차로 - 교차로안,승용,남,68세,상해없음,자전거,남,90세 이상,경상
2016111400100244,2016년 11월 14일 11시,월요일,경상남도 거제시 고현동,경상사고,0,0,2,0,차대차 - 정면충돌,안전운전불이행,건조,맑음,단일로 - 기타,승용,남,58세,상해없음,승용,남,38세,상해없음
2016111400100278,2016년 11월 14일 12시,월요일,경상남도 밀양시 하남읍,중상사고,0,1,1,0,차대차 - 정면충돌,중앙선침범,건조,맑음,단일로 - 기타,승용,남,66세,상해없음,승용,남,72세,경상
2016111400100279,2016년 11월 14일 12시,월요일,경상남도 함양군 함양읍,경상사고,0,0,1,0,차대차 - 측면직각충돌,교차로운행방법위반,건조,맑음,교차로 - 교차로안,승용,여,54세,상해없음,이륜,여,48세,경상
2016111400100307,2016년 11월 14일 13시,월요일,경상남도 김해시 외동,중상사고,0,1,0,0,차대차 - 추돌,안전거리미확보,건조,맑음,교차로 - 교차로부근,화물,남,46세,상해없음,승용,여,46세,중상
2016111400100308,2016년 11월 14일 13시,월요일,경상남도 창원시 의창구 명서동,경상사고,0,0,1,0,차대사람 - 횡단중,보행자보호의무위반,건조,맑음,교차로 - 교차로안,승용,여,52세,상해없음,보행자,여,21세,경상
2016111400100338,2016년 11월 14일 14시,월요일,경상남도 창녕군 부곡면,중상사고,0,1,0,0,차대차 - 추돌,안전운전불이행,건조,맑음,교차로 - 교차로부근,화물,남,44세,중상,특수,남,38세,상해없음
2016111400100359,2016년 11월 14일 15시,월요일,경상남도 진주시 내동면,중상사고,0,2,0,0,차대차 - 측면직각충돌,신호위반,건조,맑음,단일로 - 기타,승용,남,48세,상해없음,승용,남,27세,중상
2016111400100360,2016년 11월 14일 15시,월요일,경상남도 사천시 곤양면,경상사고,0,0,1,0,차대차 - 추돌,안전운전불이행,건조,맑음,기타 - 기타,승용,남,60세,상해없음,승용,남,43세,경상
2016111400100399,2016년 11월 14일 16시,월요일,경상남도 통영시 서호동,경상사고,0,0,1,0,차대차 - 기타,안전운전불이행,건조,맑음,단일로 - 기타,화물,남,60세,상해없음,승합,남,48세,상해없음
2016111400100400,2016년 11월 14일 16시,월요일,경상남도 김해시 내동,중상사고,0,1,0,0,차대차 - 기타,안전운전불이행,건조,맑음,단일로 - 기타,자전거,여,53세,중상,승용,여,59세,상해없음
2016111400100401,2016년 11월 14일 16시,월요일,경상남도 남해군 남해읍,중상사고,0,1,0,0,차대차 - 정면충돌,중앙선침범,습기,흐림,기타 - 기타,이륜,남,54세,중상,승용,여,40세,상해없음
2016111400100402,2016년 11월 14일 16시,월요일,경상남도 함안군 칠서면,경상사고,0,0,1,0,차대차 - 추돌,안전운전불이행,건조,맑음,교차로 - 교차로부근,화물,남,60세,상해없음,승용,여,41세,경상
2016111400100455,2016년 11월 14일 17시,월요일,경상남도 김해시 장유면,경상사고,0,0,1,0,차대사람 - 횡단중,보행자보호의무위반,건조,맑음,단일로 - 기타,승합,여,36세,상해없음,보행자,여,8세,경상
2016111400100478,2016년 11월 14일 18시,월요일,경상남도 양산시 물금읍,경상사고,0,0,1,0,차대차 - 추돌,안전운전불이행,건조,맑음,단일로 - 기타,승용,여,48세,상해없음,승용,남,40세,경상
2016111400100511,2016년 11월 14일 18시,월요일,경상남도 거제시 상동동,중상사고,0,1,0,0,차대사람 - 횡단중,안전운전불이행,건조,맑음,단일로 - 기타,승용,남,41세,상해없음,보행자,남,39세,중상
2016111400100512,2016년 11월 14일 18시,월요일,경상남도 거제시 사등면,중상사고,0,1,0,0,차대사람 - 길가장자리구역통행중,안전운전불이행,건조,맑음,단일로 - 기타,승용,여,54세,상해없음,보행자,남,57세,중상
2016111400100560,2016년 11월 14일 19시,월요일,경상남도 창원시 마산합포구 상남동,경상사고,0,0,2,1,차대차 - 측면직각충돌,중앙선침범,건조,맑음,단일로 - 기타,승용,여,36세,상해없음,승용,남,63세,경상
2016111400100561,2016년 11월 14일 19시,월요일,경상남도 창원시 의창구 명서동,경상사고,0,0,1,0,차대차 - 측면충돌,안전운전불이행,습기,비,교차로 - 교차로안,승용,남,62세,상해없음,원동기,남,28세,경상
2016111400100589,2016년 11월 14일 20시,월요일,경상남도 진주시 호탄동,경상사고,0,0,1,0,차대사람 - 횡단중,안전운전불이행,건조,맑음,교차로 - 교차로안,승용,남,21세,상해없음,보행자,여,42세,경상
2016111400100590,2016년 11월 14일 20시,월요일,경상남도 고성군 고성읍,경상사고,0,0,1,0,차대차 - 측면직각충돌,교차로운행방법위반,건조,맑음,교차로 - 교차로안,승용,남,64세,상해없음,이륜,남,19세,경상
2016111400100591,2016년 11월 14일 20시,월요일,경상남도 김해시 진례면,중상사고,0,1,1,0,차대차 - 측면직각충돌,안전운전불이행,습기,맑음,단일로 - 기타,화물,남,46세,상해없음,승용,여,41세,경상
2016111400100626,2016년 11월 14일 21시,월요일,경상남도 거제시 능포동,경상사고,0,0,1,0,차대차 - 측면충돌,안전운전불이행,건조,맑음,교차로 - 교차로부근,이륜,남,33세,경상,승용,여,44세,상해없음
2016111400100627,2016년 11월 14일 21시,월요일,경상남도 창원시 마산합포구 상남동,경상사고,0,0,2,0,차대차 - 측면직각충돌,안전운전불이행,건조,맑음,교차로 - 교차로안,화물,남,63세,상해없음,승용,남,51세,경상
2016111400100669,2016년 11월 14일 23시,월요일,경상남도 창원시 성산구 가음정동,경상사고,0,0,1,0,차대차 - 정면충돌,신호위반,건조,맑음,교차로 - 교차로안,승용,남,25세,상해없음,승용,남,56세,경상
2016111500100033,2016년 11월 15일 01시,화요일,경상남도 창원시 의창구 서상동,경상사고,0,0,1,0,차량단독 - 전도전복,안전운전불이행,건조,맑음,교차로 - 교차로부근,승용,남,25세,상해없음,,,,
2016111500100037,2016년 11월 15일 02시,화요일,경상남도 창원시 의창구 소답동,경상사고,0,0,2,0,차대차 - 추돌,안전운전불이행,습기,흐림,교차로 - 교차로부근,승용,남,37세,상해없음,승용,남,37세,경상