사고번호,사고일시,요일,시군구,사고내용,사망자수,중상자수,경상자수,부상신고자수,사고유형,법규위반,노면상태,기상상태,도로형태,가해운전자 차종,가해운전자 성별,가해운전자 연령,가해운전자 상해정도,피해운전자 차종,피해운전자 성별,피해운전자 연령,피해운전자 상해정도
2016111500100127,2016년 11월 15일 08시,화요일,경상남도 밀양시 내이동,경상사고,0,0,1,0,차대차 - 추돌,안전운전불이행,건조,맑음,교차로 - 교차로부근,승용,여,50세,상해없음,승용,여,48세,경상
2016111500100128,2016년 11월 15일 08시,화요일,경상남도 김해시 장유면,중상사고,0,2,0,0,차대차 - 측면충돌,안전운전불이행,건조,맑음,교차로 - 교차로안,승용,남,37세,중상,승용,남,46세,중상
2016111500100168,2016년 11월 15일 09시,화요일,경상남도 사천시 동금동,경상사고,0,0,1,0,차대차 - 측면직각충돌,안전거리미확보,건조,맑음,단일로 - 기타,승용,남,54세,상해없음,이륜,남,50세,경상
2016111500100169,2016년 11월 15일 09시,화요일,경상남도 김해시 장유면,경상사고,0,0,3,0,차대차 - 추돌,안전운전불이행,건조,맑음,단일로 - 기타,승용,남,67세,상해없음,승용,여,34세,경상
2016111500100217,2016년 11월 15일 10시,화요일,경상남도 밀양시 내이동,중상사고,0,1,0,0,차대차 - 정면충돌,신호위반,건조,맑음,교차로 - 교차로안,승용,남,31세,상해없음,승용,남,62세,중상
2016111500100218,2016년 11월 15일 10시,화요일,경상남도 김해시 진영읍,중상사고,0,3,0,0,차대차 - 측면충돌,신호위반,건조,맑음,교차로 - 교차로부근,화물,여,59세,중상,화물,남,42세,중상
2016111500100219,2016년 11월 15일 10시,화요일,경상남도 김해시 풍유동,경상사고,0,0,1,0,차대차 - 추돌,안전운전불이행,건조,맑음,단일로 - 기타,승용,여,47세,상해없음,승용,남,49세,경상
2016111500100246,2016년 11월 15일 11시,화요일,경상남도 고성군 고성읍,중상사고,0,3,0,0,차대차 - 추돌,안전운전불이행,건조,맑음,단일로 - 기타,화물,남,44세,상해없음,승용,남,46세,중상
2016111500100247,2016년 11월 15일 11시,화요일,경상남도 창원시 의창구 도계동,중상사고,0,1,0,0,차대사람 - 횡단중,안전운전불이행,건조,맑음,단일로 - 기타,승용,여,43세,상해없음,보행자,여,67세,중상
2016111500100249,2016년 11월 15일 11시,화요일,경상남도 김해시 흥동,경상사고,0,0,1,0,차대차 - 측면충돌,안전운전불이행,건조,맑음,교차로 - 교차로안,이륜,남,72세,상해없음,승용,남,34세,상해없음
2016111500100277,2016년 11월 15일 12시,화요일,경상남도 통영시 무전동,경상사고,0,0,2,0,차대차 - 측면직각충돌,교차로운행방법위반,건조,맑음,교차로 - 교차로안,승용,남,54세,상해없음,화물,남,36세,경상
2016111500100278,2016년 11월 15일 12시,화요일,경상남도 사천시 서동,경상사고,0,0,1,0,차대사람 - 기타,안전운전불이행,건조,맑음,교차로 - 교차로부근,승용,여,29세,상해없음,보행자,남,48세,경상
2016111500100279,2016년 11월 15일 12시,화요일,경상남도 김해시 내동,부상신고사고,0,0,0,1,차대차 - 측면직각충돌,교차로운행방법위반,건조,맑음,교차로 - 교차로안,이륜,남,43세,부상신고,승용,여,35세,상해없음
2016111500100280,2016년 11월 15일 12시,화요일,경상남도 고성군 고성읍,중상사고,0,1,0,0,차대사람 - 횡단중,보행자보호의무위반,건조,맑음,단일로 - 기타,승용,남,48세,상해없음,보행자,여,66세,중상
2016111500100310,2016년 11월 15일 13시,화요일,경상남도 김해시 구산동,중상사고,0,1,0,0,차대차 - 측면직각충돌,차로위반,건조,맑음,단일로 - 기타,건설기계,남,50세,상해없음,승용,남,68세,중상
2016111500100311,2016년 11월 15일 13시,화요일,경상남도 합천군 삼가면,중상사고,0,1,0,0,차대차 - 측면직각충돌,안전운전불이행,건조,맑음,단일로 - 기타,화물,남,77세,상해없음,이륜,남,70세,중상
2016111500100331,2016년 11월 15일 14시,화요일,경상남도 양산시 다방동,중상사고,0,1,1,0,차대차 - 측면직각충돌,안전운전불이행,건조,맑음,단일로 - 기타,승용,여,42세,상해없음,승용,남,35세,경상
2016111500100388,2016년 11월 15일 15시,화요일,경상남도 통영시 정량동,경상사고,0,0,1,0,차대차 - 측면직각충돌,교차로운행방법위반,건조,맑음,교차로 - 교차로안,이륜,남,64세,상해없음,이륜,남,32세,경상
2016111500100389,2016년 11월 15일 15시,화요일,경상남도 김해시 서상동,경상사고,0,0,2,0,차대사람 - 보도통행중,기타,건조,맑음,단일로 - 기타,이륜,남,17세,경상,보행자,여,36세,경상
2016111500100390,2016년 11월 15일 15시,화요일,경상남도 창녕군 계성면,중상사고,0,1,3,0,차대차 - 측면직각충돌,안전운전불이행,건조,맑음,교차로 - 교차로안,승용,여,54세,중상,승용,여,59세,경상
2016111500100432,2016년 11월 15일 16시,화요일,경상남도 진주시 금산면,중상사고,0,1,0,0,차대사람 - 횡단중,보행자보호의무위반,건조,맑음,단일로 - 횡단보도상,승용,여,59세,상해없음,보행자,여,74세,중상
2016111500100433,2016년 11월 15일 16시,화요일,경상남도 김해시 어방동,경상사고,0,0,6,0,차대차 - 측면직각충돌,차로위반,건조,맑음,단일로 - 기타,승용,남,44세,경상,승용,남,57세,경상
2016111500100434,2016년 11월 15일 16시,화요일,경상남도 거창군 거창읍,중상사고,0,1,0,0,차대사람 - 횡단중,안전운전불이행,건조,맑음,기타 - 기타,승용,여,37세,상해없음,보행자,여,65세,중상
2016111500100435,2016년 11월 15일 16시,화요일,경상남도 양산시 명동,경상사고,0,0,1,0,차대차 - 정면충돌,안전운전불이행,건조,맑음,단일로 - 기타,승합,남,35세,상해없음,자전거,남,42세,경상
2016111500100436,2016년 11월 15일 16시,화요일,경상남도 거제시 거제면,경상사고,0,0,1,0,차대차 - 기타,안전운전불이행,건조,맑음,교차로 - 교차로안,승용,남,50세,기타불명,화물,남,53세,경상
2016111500100481,2016년 11월 15일 17시,화요일,경상남도 양산시 삼호동,경상사고,0,0,1,0,차대차 - 측면충돌,안전운전불이행,건조,맑음,교차로 - 교차로부근,승용,남,66세,상해없음,자전거,여,18세,경상
2016111500100546,2016년 11월 15일 18시,화요일,경상남도 진주시 금산면,경상사고,0,0,1,0,차대사람 - 횡단중,안전운전불이행,건조,맑음,단일로 - 기타,승용,여,40세,상해없음,보행자,남,6세,경상
2016111500100547,2016년 11월 15일 18시,화요일,경상남도 함안군 함안면,경상사고,0,0,2,0,차대차 - 측면직각충돌,안전운전불이행,건조,맑음,교차로 - 교차로부근,이륜,남,68세,경상,승용,여,55세,경상
2016111500100548,2016년 11월 15일 18시,화요일,경상남도 창원시 의창구 소답동,경상사고,0,0,1,0,차대차 - 추돌,안전운전불이행,건조,맑음,단일로 - 기타,승용,여,58세,상해없음,승용,여,49세,경상
2016111500100590,2016년 11월 15일 19시,화요일,경상남도 김해시 어방동,경상사고,0,0,1,0,차대차 - 측면충돌,신호위반,건조,맑음,교차로 - 교차로안,이륜,남,24세,경상,승용,남,52세,상해없음
2016111500100626,2016년 11월 15일 20시,화요일,경상남도 진주시 호탄동,중상사고,0,1,0,0,차대차 - 정면충돌,안전운전불이행,건조,맑음,교차로 - 교차로안,승용,남,36세,상해없음,자전거,남,18세,중상
2016111500100627,2016년 11월 15일 20시,화요일,경상남도 양산시 소주동,경상사고,0,0,1,1,차대차 - 측면충돌,안전운전불이행,건조,맑음,단일로 - 기타,승용,남,64세,부상신고,승용,남,50세,경상
2016111500100628,2016년 11월 15일 20시,화요일,경상남도 양산시 덕계동,중상사고,0,2,0,0,차대차 - 측면충돌,신호위반,건조,맑음,교차로 - 교차로안,승용,남,59세,상해없음,승용,여,30세,중상
2016111500100629,2016년 11월 15일 20시,화요일,경상남도 창원시 성산구 대방동,경상사고,0,0,1,0,차대차 - 측면직각충돌,교차로운행방법위반,건조,맑음,교차로 - 교차로부근,승용,여,36세,상해없음,승용,남,55세,경상
2016111500100671,2016년 11월 15일 21시,화요일,경상남도 창녕군 남지읍,중상사고,0,1,0,0,차대차 - 기타,안전운전불이행,건조,맑음,교차로 - 교차로안,화물,남,55세,상해없음,화물,남,38세,중상
2016111500100672,2016년 11월 15일 21시,화요일,경상남도 거제시 연초면,경상사고,0,0,1,0,차대차 - 기타,안전운전불이행,건조,맑음,교차로 - 교차로부근,화물,남,51세,상해없음,이륜,남,47세,경상
2016111500100673,2016년 11월 15일 21시,화요일,경상남도 거제시 아주동,경상사고,0,0,1,0,차대차 - 측면직각충돌,신호위반,건조,흐림,교차로 - 교차로부근,화물,남,52세,상해없음,승용,남,30세,경상
2016111500100694,2016년 11월 15일 22시,화요일,경상남도 통영시 도천동,중상사고,0,1,0,0,차대차 - 추돌,안전운전불이행,건조,맑음,단일로 - 기타,승용,여,32세,상해없음,승용,여,45세,중상
2016111500100695,2016년 11월 15일 22시,화요일,경상남도 양산시 물금읍,중상사고,0,1,0,0,차대차 - 측면충돌,안전운전불이행,건조,맑음,단일로 - 기타,화물,남,54세,상해없음,승용,여,47세,중상
2016111500100721,2016년 11월 15일 23시,화요일,경상남도 거제시 아주동,경상사고,0,0,1,0,차대사람 - 횡단중,안전운전불이행,건조,맑음,단일로 - 기타,승용,남,54세,상해없음,보행자,남,26세,경상
2016111600100012,2016년 11월 16일 00시,수요일,경상남도 창원시 마산합포구 서성동,경상사고,0,0,3,0,차대차 - 정면충돌,신호위반,건조,맑음,교차로 - 교차로안,승용,여,50세,상해없음,승용,남,30세,경상
2016111600100024,2016년 11월 16일 01시,수요일,경상남도 창원시 마산합포구 서성동,중상사고,0,1,0,0,차대사람 - 횡단중,안전운전불이행,건조,맑음,단일로 - 기타,승용,남,55세,상해없음,보행자,남,68세,중상
2016111600100025,2016년 11월 16일 01시,수요일,경상남도 통영시 무전동,경상사고,0,0,1,0,차대차 - 정면충돌,중앙선침범,건조,맑음,단일로 - 기타,승용,여,44세,상해없음,승용,남,32세,경상
2016111600100056,2016년 11월 16일 05시,수요일,경상남도 진주시 상평동,중상사고,0,1,1,0,차대차 - 측면충돌,직진우회전진행방해,건조,맑음,교차로 - 교차로안,화물,남,40세,상해없음,승용,남,58세,중상
2016111600100075,2016년 11월 16일 06시,수요일,경상남도 창원시 마산합포구 진동면,중상사고,0,1,0,0,차대사람 - 횡단중,신호위반,건조,맑음,단일로 - 횡단보도상,승용,남,57세,상해없음,보행자,여,45세,중상
2016111600100076,2016년 11월 16일 06시,수요일,경상남도 김해시 삼방동,사망사고,1,0,0,0,차대사람 - 횡단중,안전운전불이행,건조,흐림,단일로 - 기타,승용,남,70세,상해없음,보행자,남,77세,사망
2016111600100108,2016년 11월 16일 07시,수요일,경상남도 하동군 악양면,중상사고,0,1,0,0,차대사람 - 기타,안전운전불이행,건조,맑음,교차로 - 교차로안,승용,여,57세,상해없음,보행자,여,65세,중상
2016111600100154,2016년 11월 16일 08시,수요일,경상남도 창원시 마산합포구 자산동,경상사고,0,0,1,0,차대차 - 측면직각충돌,안전운전불이행,건조,맑음,단일로 - 기타,승용,여,61세,상해없음,이륜,남,60세,상해없음
2016111600100155,2016년 11월 16일 08시,수요일,경상남도 밀양시 내이동,중상사고,0,1,0,0,차대차 - 측면직각충돌,안전운전불이행,건조,맑음,교차로 - 교차로안,승용,남,57세,상해없음,자전거,남,74세,중상
2016111600100156,2016년 11월 16일 08시,수요일,경상남도 거제시 장평동,경상사고,0,0,2,0,차대차 - 기타,안전운전불이행,건조,맑음,교차로 - 교차로부근,승용,남,47세,기타불명,승용,남,27세,경상
2016111600100198,2016년 11월 16일 09시,수요일,경상남도 거제시 거제면,경상사고,0,0,1,0,차대차 - 측면충돌,안전운전불이행,건조,맑음,단일로 - 기타,이륜,남,76세,상해없음,승용,여,32세,경상
2016111600100199,2016년 11월 16일 09시,수요일,경상남도 거제시 사등면,중상사고,0,1,0,0,차대차 - 추돌,안전운전불이행,건조,맑음,단일로 - 기타,화물,남,46세,상해없음,화물,남,77세,중상
2016111600100270,2016년 11월 16일 11시,수요일,경상남도 진주시 칠암동,중상사고,0,2,0,0,차대차 - 정면충돌,중앙선침범,건조,맑음,단일로 - 기타,승용,여,52세,중상,승용,여,55세,중상
2016111600100272,2016년 11월 16일 11시,수요일,경상남도 양산시 물금읍,경상사고,0,0,1,0,차대사람 - 기타,안전운전불이행,건조,맑음,교차로 - 교차로안,승용,남,54세,상해없음,보행자,남,54세,경상
2016111600100273,2016년 11월 16일 11시,수요일,경상남도 거제시 거제면,경상사고,0,0,2,0,차대차 - 기타,안전운전불이행,건조,맑음,단일로 - 기타,건설기계,남,41세,상해없음,승용,남,22세,경상
2016111600100340,2016년 11월 16일 13시,수요일,경상남도 창원시 진해구 용원동,경상사고,0,0,1,0,차대차 - 측면직각충돌,신호위반,건조,맑음,교차로 - 교차로안,승용,남,47세,상해없음,승용,남,32세,경상
2016111600100341,2016년 11월 16일 13시,수요일,경상남도 김해시 삼방동,중상사고,0,2,0,0,차대차 - 추돌,안전운전불이행,건조,맑음,교차로 - 교차로부근,건설기계,남,50세,상해없음,화물,남,56세,중상
2016111600100371,2016년 11월 16일 14시,수요일,경상남도 창원시 의창구 도계동,경상사고,0,0,1,0,차대차 - 측면직각충돌,안전운전불이행,건조,맑음,단일로 - 기타,승용,여,45세,상해없음,이륜,남,23세,경상
2016111600100404,2016년 11월 16일 15시,수요일,경상남도 창원시 마산합포구 현동,중상사고,0,1,4,0,차대차 - 기타,안전운전불이행,건조,맑음,단일로 - 기타,승용,남,55세,상해없음,승용,여,18세,경상
2016111600100405,2016년 11월 16일 15시,수요일,경상남도 진주시 정촌면,중상사고,0,1,0,0,차대차 - 측면직각충돌,직진우회전진행방해,건조,맑음,교차로 - 교차로안,승용,여,46세,상해없음,승용,여,58세,중상
2016111600100406,2016년 11월 16일 15시,수요일,경상남도 합천군 삼가면,중상사고,0,1,0,0,차대차 - 추돌,안전운전불이행,건조,맑음,단일로 - 기타,화물,남,30세,상해없음,원동기,남,73세,중상
2016111600100440,2016년 11월 16일 16시,수요일,경상남도 밀양시 하남읍,중상사고,0,1,1,0,차대차 - 측면직각충돌,기타,건조,맑음,교차로 - 교차로안,화물,남,36세,경상,승용,남,60세,중상
2016111600100441,2016년 11월 16일 16시,수요일,경상남도 거제시 고현동,경상사고,0,0,1,0,차대차 - 측면충돌,안전운전불이행,건조,맑음,단일로 - 기타,승용,남,70세,상해없음,승용,남,71세,경상
2016111600100486,2016년 11월 16일 17시,수요일,경상남도 양산시 물금읍,경상사고,0,0,1,0,차대차 - 측면직각충돌,교차로운행방법위반,건조,맑음,교차로 - 교차로안,승합,남,69세,상해없음,승용,남,47세,경상
2016111600100539,2016년 11월 16일 18시,수요일,경상남도 진주시 동성동,중상사고,0,2,0,0,차대차 - 측면직각충돌,신호위반,건조,맑음,교차로 - 교차로안,승용,여,50세,상해없음,승용,남,55세,중상
2016111600100540,2016년 11월 16일 18시,수요일,경상남도 창원시 진해구 남문동,중상사고,0,1,0,0,차대차 - 측면직각충돌,직진우회전진행방해,건조,맑음,교차로 - 교차로안,승용,남,54세,상해없음,승용,남,26세,중상
2016111600100541,2016년 11월 16일 18시,수요일,경상남도 통영시 도천동,경상사고,0,0,2,0,차대차 - 측면직각충돌,안전거리미확보,건조,맑음,교차로 - 교차로부근,승용,남,28세,상해없음,승용,남,68세,경상
2016111600100542,2016년 11월 16일 18시,수요일,경상남도 김해시 삼정동,경상사고,0,0,1,0,차대사람 - 기타,안전운전불이행,건조,맑음,교차로 - 교차로안,승용,남,48세,상해없음,보행자,남,48세,경상
2016111600100543,2016년 11월 16일 18시,수요일,경상남도 거제시 두모동,경상사고,0,0,1,0,차대차 - 추돌,안전운전불이행,건조,맑음,단일로 - 기타,승용,남,60세,상해없음,승용,남,41세,경상
2016111600100544,2016년 11월 16일 18시,수요일,경상남도 김해시 풍유동,경상사고,0,0,2,0,차대차 - 추돌,안전운전불이행,건조,맑음,단일로 - 기타,승용,남,30세,상해없음,화물,남,45세,경상
2016111600100583,2016년 11월 16일 19시,수요일,경상남도 창원시 마산회원구 양덕동,경상사고,0,0,2,0,차대차 - 측면충돌,신호위반,건조,맑음,교차로 - 교차로안,승용,여,48세,상해없음,승용,남,62세,경상
2016111600100609,2016년 11월 16일 20시,수요일,경상남도 김해시 구산동,경상사고,0,0,1,0,차대차 - 추돌,안전운전불이행,건조,맑음,교차로 - 교차로부근,승용,여,28세,상해없음,승용,여,43세,경상
2016111600100610,2016년 11월 16일 20시,수요일,경상남도 양산시 다방동,경상사고,0,0,1,0,차대차 - 정면충돌,신호위반,건조,맑음,교차로 - 교차로안,승용,여,28세,상해없음,승용,남,42세,경상
2016111600100611,2016년 11월 16일 20시,수요일,경상남도 창원시 마산회원구 합성동,경상사고,0,0,1,0,차대사람 - 횡단중,보행자보호의무위반,건조,맑음,교차로 - 교차로안,승용,여,57세,상해없음,보행자,남,13세,경상
2016111600100639,2016년 11월 16일 21시,수요일,경상남도 창원시 마산합포구 진동면,중상사고,0,1,2,0,차대사람 - 차도통행중,안전운전불이행,건조,맑음,단일로 - 기타,승용,여,56세,상해없음,보행자,여,58세,중상
2016111600100654,2016년 11월 16일 22시,수요일,경상남도 창원시 마산회원구 내서읍,중상사고,0,1,0,0,차대사람 - 횡단중,안전운전불이행,건조,맑음,교차로 - 교차로안,승용,남,59세,상해없음,보행자,남,68세,중상
2016111600100691,2016년 11월 16일 23시,수요일,경상남도 김해시 한림면,경상사고,0,0,1,0,차대차 - 추돌,안전운전불이행,건조,맑음,단일로 - 기타,승용,남,42세,상해없음,화물,남,64세,경상
2016111700100015,2016년 11월 17일 00시,목요일,경상남도 사천시 벌리동,경상사고,0,0,4,2,차대차 - 측면충돌,신호위반,건조,맑음,교차로 - 교차로안,승용,여,60세,상해없음,승용,남,50세,경상
2016111700100016,2016년 11월 17일 00시,목요일,경상남도 김해시 구산동,중상사고,0,1,1,0,차대차 - 측면충돌,안전운전불이행,건조,맑음,단일로 - 기타,이륜,남,17세,경상,승용,남,52세,상해없음
2016111700100017,2016년 11월 17일 00시,목요일,경상남도 거제시 장평동,경상사고,0,0,1,0,차대차 - 정면충돌,안전운전불이행,건조,맑음,단일로 - 기타,승용,남,32세,상해없음,승용,남,21세,경상
2016111700100052,2016년 11월 17일 02시,목요일,경상남도 김해시 부원동,사망사고,1,0,0,0,차량단독 - 전도전복,안전운전불이행,건조,맑음,단일로 - 기타,이륜,남,17세,사망,,,,
2016111700100103,2016년 11월 17일 07시,목요일,경상남도 진주시 진성면,중상사고,0,1,1,0,차대차 - 측면직각충돌,안전운전불이행,건조,맑음,단일로 - 기타,승용,남,32세,경상,화물,남,33세,중상
2016111700100104,2016년 11월 17일 07시,목요일,경상남도 창원시 의창구 대산면,경상사고,0,0,1,0,차대차 - 측면직각충돌,안전운전불이행,건조,맑음,교차로 - 교차로안,승용,남,34세,상해없음,승용,남,56세,경상
2016111700100157,2016년 11월 17일 09시,목요일,경상남도 창원시 마산합포구 자산동,중상사고,0,1,0,0,차대사람 - 횡단중,안전운전불이행,건조,맑음,교차로 - 교차로부근,승용,여,37세,상해없음,보행자,남,82세,중상
2016111700100158,2016년 11월 17일 09시,목요일,경상남도 진주시 신안동,경상사고,0,0,1,0,차대차 - 측면충돌,신호위반,건조,맑음,교차로 - 교차로안,승용,여,61세,상해없음,승용,여,36세,경상
2016111700100222,2016년 11월 17일 11시,목요일,경상남도 김해시 서상동,중상사고,0,1,0,0,차대사람 - 길가장자리구역통행중,안전운전불이행,건조,맑음,단일로 - 기타,승용,여,41세,상해없음,보행자,여,47세,중상
2016111700100250,2016년 11월 17일 12시,목요일,경상남도 함양군 함양읍,부상신고사고,0,0,0,1,차대차 - 측면직각충돌,안전운전불이행,건조,맑음,단일로 - 기타,자전거,남,77세,부상신고,승용,남,51세,상해없음
2016111700100251,2016년 11월 17일 12시,목요일,경상남도 창원시 마산회원구 구암동,중상사고,0,1,0,0,차대사람 - 횡단중,보행자보호의무위반,건조,맑음,교차로 - 교차로안,승용,여,42세,상해없음,보행자,남,64세,중상
2016111700100283,2016년 11월 17일 13시,목요일,경상남도 통영시 당동,경상사고,0,0,2,0,차대차 - 추돌,안전운전불이행,건조,맑음,단일로 - 기타,화물,남,52세,상해없음,이륜,남,48세,경상
2016111700100284,2016년 11월 17일 13시,목요일,경상남도 거창군 거창읍,중상사고,0,1,0,0,차대차 - 측면충돌,안전운전불이행,건조,맑음,단일로 - 기타,자전거,남,86세,중상,승용,남,65세,상해없음
2016111700100285,2016년 11월 17일 13시,목요일,경상남도 산청군 산청읍,중상사고,0,1,1,0,차대차 - 추돌,안전운전불이행,건조,맑음,단일로 - 기타,화물,남,60세,경상,농기계,남,81세,중상
2016111700100286,2016년 11월 17일 13시,목요일,경상남도 창원시 의창구 도계동,경상사고,0,0,1,0,차대차 - 측면직각충돌,안전운전불이행,건조,맑음,단일로 - 횡단보도상,자전거,남,17세,경상,승용,여,29세,상해없음
2016111700100324,2016년 11월 17일 14시,목요일,경상남도 창원시 성산구 천선동,경상사고,0,0,1,0,차대차 - 추돌,안전운전불이행,건조,맑음,단일로 - 기타,승용,남,47세,상해없음,이륜,남,52세,경상
2016111700100340,2016년 11월 17일 15시,목요일,경상남도 김해시 삼정동,중상사고,0,1,0,0,차대차 - 정면충돌,안전거리미확보,건조,맑음,단일로 - 기타,화물,남,49세,중상,화물,남,26세,상해없음
2016111700100365,2016년 11월 17일 15시,목요일,경상남도 진주시 평안동,경상사고,0,0,1,0,차대차 - 측면충돌,직진우회전진행방해,건조,맑음,교차로 - 교차로안,원동기,남,63세,경상,승용,여,51세,상해없음
2016111700100366,2016년 11월 17일 15시,목요일,경상남도 창녕군 남지읍,중상사고,0,1,0,0,차대사람 - 기타,안전운전불이행,건조,맑음,단일로 - 기타,승합,남,65세,상해없음,보행자,여,71세,중상
2016111700100399,2016년 11월 17일 16시,목요일,경상남도 김해시 외동,경상사고,0,0,1,0,차대사람 - 횡단중,보행자보호의무위반,건조,맑음,단일로 - 횡단보도상,승용,남,45세,상해없음,보행자,남,11세,경상
2016111700100400,2016년 11월 17일 16시,목요일,경상남도 김해시 한림면,경상사고,0,0,1,0,차대차 - 추돌,안전운전불이행,건조,맑음,단일로 - 기타,승용,남,54세,상해없음,이륜,남,69세,경상
2016111700100442,2016년 11월 17일 17시,목요일,경상남도 창원시 마산합포구 서성동,경상사고,0,0,1,0,차량단독 - 기타,안전운전불이행,건조,맑음,단일로 - 기타,승합,남,54세,상해없음,,,,
2016111700100443,2016년 11월 17일 17시,목요일,경상남도 통영시 당동,중상사고,0,1,1,0,차대차 - 추돌,안전운전불이행,건조,맑음,단일로 - 기타,승용,남,40세,상해없음,승용,남,64세,중상
2016111700100444,2016년 11월 17일 17시,목요일,경상남도 사천시 사천읍,중상사고,0,1,0,0,차대차 - 측면직각충돌,안전운전불이행,건조,맑음,단일로 - 기타,승용,여,33세,상해없음,원동기,여,61세,중상
2016111700100445,2016년 11월 17일 17시,목요일,경상남도 고성군 고성읍,중상사고,0,1,5,0,차대차 - 추돌,안전거리미확보,건조,맑음,단일로 - 기타,화물,남,64세,상해없음,승용,여,57세,경상
2016111700100493,2016년 11월 17일 18시,목요일,경상남도 창원시 마산합포구 남성동,경상사고,0,0,1,0,차대사람 - 횡단중,안전운전불이행,건조,맑음,단일로 - 기타,승용,남,69세,상해없음,보행자,여,35세,경상
2016111700100494,2016년 11월 17일 18시,목요일,경상남도 사천시 정동면,경상사고,0,0,3,0,차대차 - 측면직각충돌,교차로운행방법위반,건조,맑음,교차로 - 교차로안,승용,남,20세,경상,승용,남,30세,경상
2016111700100495,2016년 11월 17일 18시,목요일,경상남도 밀양시 초동면,경상사고,0,0,3,0,차대차 - 추돌,안전운전불이행,건조,맑음,교차로 - 교차로안,화물,남,72세,상해없음,승용,여,43세,경상
2016111700100496,2016년 11월 17일 18시,목요일,경상남도 창원시 의창구 팔용동,경상사고,0,0,3,0,차대차 - 추돌,안전운전불이행,건조,맑음,단일로 - 기타,화물,남,44세,상해없음,승용,남,61세,경상
2016111700100556,2016년 11월 17일 19시,목요일,경상남도 김해시 장유면,경상사고,0,0,1,0,차대차 - 추돌,안전운전불이행,건조,맑음,단일로 - 기타,승용,여,39세,상해없음,승용,여,32세,경상
2016111700100591,2016년 11월 17일 20시,목요일,경상남도 거제시 상동동,중상사고,0,1,0,0,차대차 - 기타,안전운전불이행,건조,맑음,단일로 - 기타,승용,여,57세,상해없음,원동기,남,37세,중상
2016111700100592,2016년 11월 17일 20시,목요일,경상남도 김해시 장유면,중상사고,0,2,5,0,차대차 - 추돌,안전운전불이행,건조,맑음,교차로 - 교차로부근,승용,남,53세,상해없음,승용,여,33세,중상
2016111700100619,2016년 11월 17일 21시,목요일,경상남도 창원시 성산구 중앙동,경상사고,0,0,1,0,차대사람 - 길가장자리구역통행중,안전운전불이행,건조,맑음,단일로 - 기타,승용,남,58세,상해없음,보행자,남,43세,경상
2016111800100074,2016년 11월 18일 05시,금요일,경상남도 김해시 내동,중상사고,0,1,0,0,차대차 - 기타,신호위반,건조,맑음,단일로 - 횡단보도상,자전거,남,66세,중상,승용,남,34세,상해없음
2016111800100091,2016년 11월 18일 06시,금요일,경상남도 통영시 용남면,경상사고,0,0,1,0,차대차 - 측면직각충돌,차로위반,건조,맑음,단일로 - 기타,승용,남,69세,상해없음,승용,남,62세,경상
2016111800100102,2016년 11월 18일 07시,금요일,경상남도 함안군 칠서면,중상사고,0,2,1,0,차대차 - 추돌,안전거리미확보,습기,안개,단일로 - 기타,승용,남,29세,중상,승용,여,26세,상해없음
2016111800100131,2016년 11월 18일 08시,금요일,경상남도 양산시 평산동,경상사고,0,0,1,0,차대차 - 측면충돌,신호위반,건조,맑음,교차로 - 교차로안,승용,여,63세,상해없음,승용,남,36세,경상
2016111800100173,2016년 11월 18일 09시,금요일,경상남도 통영시 북신동,경상사고,0,0,1,0,차대사람 - 횡단중,신호위반,건조,맑음,단일로 - 횡단보도상,화물,남,31세,상해없음,보행자,여,40세,경상
2016111800100174,2016년 11월 18일 09시,금요일,경상남도 남해군 창선면,중상사고,0,1,0,0,차대차 - 측면직각충돌,안전운전불이행,건조,맑음,교차로 - 교차로부근,승용,남,30세,상해없음,이륜,여,80세,중상
2016111800100263,2016년 11월 18일 12시,금요일,경상남도 통영시 명정동,중상사고,0,1,0,0,차대차 - 추돌,신호위반,건조,흐림,교차로 - 교차로안,승용,남,55세,상해없음,이륜,남,81세,중상
2016111800100264,2016년 11월 18일 12시,금요일,경상남도 통영시 광도면,경상사고,0,0,2,0,차대차 - 추돌,직진우회전진행방해,건조,맑음,교차로 - 교차로안,승용,남,66세,상해없음,승용,남,66세,경상
2016111800100265,2016년 11월 18일 12시,금요일,경상남도 창원시 성산구 귀산동,경상사고,0,0,2,0,차대차 - 추돌,안전운전불이행,건조,맑음,단일로 - 기타,승용,여,64세,경상,승용,남,45세,경상
2016111800100330,2016년 11월 18일 14시,금요일,경상남도 밀양시 부북면,경상사고,0,0,3,0,차대차 - 측면충돌,신호위반,건조,맑음,교차로 - 교차로안,승용,여,56세,경상,화물,남,74세,경상
2016111800100359,2016년 11월 18일 15시,금요일,경상남도 창원시 진해구 자은동,경상사고,0,0,1,0,차대차 - 측면직각충돌,안전거리미확보,건조,맑음,교차로 - 교차로부근,건설기계,남,52세,상해없음,승용,여,39세,경상
2016111800100360,2016년 11월 18일 15시,금요일,경상남도 통영시 정량동,경상사고,0,0,1,0,차대차 - 추돌,안전운전불이행,건조,흐림,단일로 - 기타,승용,여,43세,상해없음,이륜,남,56세,경상