사고번호,사고일시,요일,시군구,사고내용,사망자수,중상자수,경상자수,부상신고자수,사고유형,법규위반,노면상태,기상상태,도로형태,가해운전자 차종,가해운전자 성별,가해운전자 연령,가해운전자 상해정도,피해운전자 차종,피해운전자 성별,피해운전자 연령,피해운전자 상해정도
2016111800100400,2016년 11월 18일 16시,금요일,경상남도 김해시 삼방동,경상사고,0,0,1,0,차대사람 - 횡단중,보행자보호의무위반,습기,비,단일로 - 기타,승용,남,51세,상해없음,보행자,여,55세,경상
2016111800100401,2016년 11월 18일 16시,금요일,경상남도 거제시 아주동,경상사고,0,0,1,0,차대차 - 측면직각충돌,교차로운행방법위반,습기,비,교차로 - 교차로안,승용,남,56세,상해없음,이륜,남,37세,경상
2016111800100402,2016년 11월 18일 16시,금요일,경상남도 거제시 사등면,경상사고,0,0,1,0,차대차 - 측면직각충돌,안전운전불이행,습기,비,단일로 - 기타,건설기계,남,56세,상해없음,승용,남,59세,경상
2016111800100403,2016년 11월 18일 16시,금요일,경상남도 김해시 흥동,중상사고,0,1,0,0,차대차 - 측면직각충돌,차로위반,습기,비,단일로 - 기타,화물,남,28세,상해없음,건설기계,남,58세,중상
2016111800100460,2016년 11월 18일 17시,금요일,경상남도 진주시 평거동,중상사고,0,1,0,0,차대사람 - 횡단중,보행자보호의무위반,습기,비,교차로 - 교차로안,승용,남,64세,상해없음,보행자,남,62세,중상
2016111800100461,2016년 11월 18일 17시,금요일,경상남도 김해시 외동,중상사고,0,1,0,0,차대차 - 기타,안전운전불이행,습기,비,단일로 - 기타,승용,여,48세,상해없음,자전거,남,50세,중상
2016111800100462,2016년 11월 18일 17시,금요일,경상남도 남해군 남해읍,중상사고,0,1,0,0,차대차 - 정면충돌,중앙선침범,습기,비,교차로 - 교차로부근,승용,남,72세,상해없음,원동기,남,57세,중상
2016111800100463,2016년 11월 18일 17시,금요일,경상남도 산청군 신안면,부상신고사고,0,0,0,2,차대차 - 추돌,안전운전불이행,습기,비,단일로 - 기타,화물,남,55세,상해없음,화물,남,54세,부상신고
2016111800100464,2016년 11월 18일 17시,금요일,경상남도 산청군 신안면,경상사고,0,0,2,0,차대차 - 추돌,안전운전불이행,습기,비,단일로 - 기타,화물,남,56세,상해없음,승용,여,30세,경상
2016111800100537,2016년 11월 18일 18시,금요일,경상남도 거창군 거창읍,중상사고,0,1,0,0,차대사람 - 횡단중,안전운전불이행,습기,비,교차로 - 교차로부근,승용,여,56세,상해없음,보행자,여,63세,중상
2016111800100538,2016년 11월 18일 18시,금요일,경상남도 거제시 능포동,중상사고,0,1,0,0,차대사람 - 횡단중,보행자보호의무위반,습기,비,단일로 - 횡단보도상,승용,남,35세,상해없음,보행자,남,50세,중상
2016111800100539,2016년 11월 18일 18시,금요일,경상남도 거제시 장평동,경상사고,0,0,4,0,차대차 - 측면충돌,안전운전불이행,습기,비,단일로 - 기타,승용,여,45세,상해없음,승용,남,26세,경상
2016111800100540,2016년 11월 18일 18시,금요일,경상남도 김해시 장유면,중상사고,0,1,0,0,차대사람 - 횡단중,신호위반,습기,비,교차로 - 교차로부근,승합,남,60세,상해없음,보행자,여,51세,중상
2016111800100618,2016년 11월 18일 19시,금요일,경상남도 창원시 마산합포구 중앙동2가,경상사고,0,0,1,0,차대사람 - 횡단중,안전운전불이행,습기,비,단일로 - 횡단보도부근,승용,남,39세,상해없음,보행자,남,11세,경상
2016111800100619,2016년 11월 18일 19시,금요일,경상남도 김해시 장유면,중상사고,0,1,0,0,차대차 - 측면직각충돌,안전운전불이행,습기,비,교차로 - 교차로안,승용,남,36세,상해없음,승용,남,44세,중상
2016111800100667,2016년 11월 18일 20시,금요일,경상남도 창원시 진해구 마천동,중상사고,0,1,0,0,차대차 - 측면직각충돌,교차로운행방법위반,습기,비,교차로 - 교차로안,승용,남,35세,상해없음,승용,남,52세,중상
2016111800100668,2016년 11월 18일 20시,금요일,경상남도 통영시 무전동,중상사고,0,1,2,0,차대차 - 추돌,안전운전불이행,습기,비,단일로 - 기타,승용,남,48세,상해없음,승용,남,44세,중상
2016111800100669,2016년 11월 18일 20시,금요일,경상남도 사천시 사남면,중상사고,0,2,0,0,차대사람 - 횡단중,보행자보호의무위반,습기,비,단일로 - 횡단보도상,화물,남,33세,상해없음,보행자,여,12세,중상
2016111800100719,2016년 11월 18일 21시,금요일,경상남도 진주시 강남동,중상사고,0,1,1,0,차대사람 - 길가장자리구역통행중,안전운전불이행,습기,비,단일로 - 기타,승용,남,28세,상해없음,보행자,여,48세,중상
2016111800100720,2016년 11월 18일 21시,금요일,경상남도 사천시 노룡동,경상사고,0,0,3,0,차대차 - 추돌,중앙선침범,습기,비,단일로 - 기타,승용,여,72세,상해없음,승용,남,35세,경상
2016111800100721,2016년 11월 18일 21시,금요일,경상남도 사천시 사남면,부상신고사고,0,0,0,1,차대차 - 추돌,안전운전불이행,습기,비,단일로 - 기타,이륜,남,27세,부상신고,화물,남,47세,상해없음
2016111800100759,2016년 11월 18일 22시,금요일,경상남도 창원시 진해구 용원동,경상사고,0,0,2,0,차대차 - 추돌,차로위반,습기,비,교차로 - 교차로부근,승용,여,58세,경상,승합,남,34세,상해없음
2016111800100760,2016년 11월 18일 22시,금요일,경상남도 김해시 삼계동,중상사고,0,1,0,1,차대사람 - 횡단중,안전운전불이행,습기,비,교차로 - 교차로부근,이륜,남,16세,부상신고,보행자,여,22세,중상
2016111800100761,2016년 11월 18일 22시,금요일,경상남도 김해시 어방동,경상사고,0,0,1,0,차대사람 - 횡단중,신호위반,습기,비,단일로 - 횡단보도부근,승용,남,55세,상해없음,보행자,여,36세,경상
2016111800100762,2016년 11월 18일 22시,금요일,경상남도 양산시 명동,중상사고,0,1,0,0,차대차 - 정면충돌,교차로운행방법위반,습기,비,교차로 - 교차로안,원동기,남,39세,중상,승용,여,43세,상해없음
2016111800100763,2016년 11월 18일 22시,금요일,경상남도 거제시 옥포동,경상사고,0,0,1,0,차대사람 - 횡단중,안전운전불이행,습기,비,단일로 - 기타,이륜,남,32세,상해없음,보행자,남,58세,경상
2016111800100795,2016년 11월 18일 23시,금요일,경상남도 거제시 장평동,경상사고,0,0,1,0,차대사람 - 횡단중,안전운전불이행,습기,비,단일로 - 기타,이륜,남,28세,상해없음,보행자,남,37세,경상
2016111800100796,2016년 11월 18일 23시,금요일,경상남도 창원시 성산구 반지동,경상사고,0,0,2,0,차대차 - 측면충돌,신호위반,습기,비,교차로 - 교차로안,승용,남,23세,상해없음,승용,남,59세,경상
2016111900100029,2016년 11월 19일 00시,토요일,경상남도 거제시 옥포동,중상사고,0,1,0,0,차대사람 - 횡단중,안전운전불이행,습기,비,교차로 - 교차로부근,승용,남,49세,상해없음,보행자,남,36세,중상
2016111900100030,2016년 11월 19일 00시,토요일,경상남도 거제시 옥포동,경상사고,0,0,1,0,차대사람 - 횡단중,안전운전불이행,습기,비,교차로 - 교차로부근,승용,남,39세,상해없음,보행자,여,28세,경상
2016111900100031,2016년 11월 19일 00시,토요일,경상남도 창원시 의창구 사림동,중상사고,0,1,0,1,차대차 - 측면직각충돌,안전운전불이행,습기,비,단일로 - 교량,기타불명,기타불명,기타불명,기타불명,승용,여,21세,부상신고
2016111900100046,2016년 11월 19일 01시,토요일,경상남도 양산시 동면,경상사고,0,0,1,0,차대차 - 추돌,안전운전불이행,건조,맑음,단일로 - 기타,승용,남,37세,상해없음,승용,남,47세,경상
2016111900100069,2016년 11월 19일 02시,토요일,경상남도 양산시 동면,경상사고,0,0,1,0,차량단독 - 전도전복,안전운전불이행,습기,비,기타 - 기타,승용,남,60세,상해없음,,,,
2016111900100102,2016년 11월 19일 05시,토요일,경상남도 거제시 고현동,중상사고,0,1,0,0,차대사람 - 횡단중,안전운전불이행,습기,비,교차로 - 교차로부근,승용,남,31세,상해없음,보행자,남,23세,중상
2016111900100155,2016년 11월 19일 08시,토요일,경상남도 창원시 마산합포구 오동동,경상사고,0,0,1,1,차대차 - 추돌,안전거리미확보,건조,맑음,교차로 - 교차로안,승용,남,43세,상해없음,승용,남,39세,경상
2016111900100156,2016년 11월 19일 08시,토요일,경상남도 거제시 장평동,경상사고,0,0,1,0,차대차 - 기타,교차로운행방법위반,건조,맑음,교차로 - 교차로부근,승용,남,60세,기타불명,승합,남,59세,상해없음
2016111900100157,2016년 11월 19일 08시,토요일,경상남도 김해시 장유면,경상사고,0,0,1,0,차대차 - 측면충돌,신호위반,건조,흐림,교차로 - 교차로안,이륜,남,74세,경상,승용,남,23세,상해없음
2016111900100181,2016년 11월 19일 09시,토요일,경상남도 사천시 곤명면,중상사고,0,2,0,0,차대차 - 정면충돌,중앙선침범,습기,비,단일로 - 기타,승용,남,53세,상해없음,승용,여,44세,중상
2016111900100215,2016년 11월 19일 10시,토요일,경상남도 창원시 진해구 경화동,중상사고,0,1,0,0,차대차 - 기타,직진우회전진행방해,건조,맑음,교차로 - 교차로안,승용,남,60세,상해없음,자전거,남,50세,중상
2016111900100216,2016년 11월 19일 10시,토요일,경상남도 창녕군 남지읍,중상사고,0,1,0,1,차대차 - 기타,안전운전불이행,건조,맑음,교차로 - 교차로안,승용,남,61세,부상신고,화물,남,55세,중상
2016111900100246,2016년 11월 19일 11시,토요일,경상남도 김해시 동상동,경상사고,0,0,1,0,차대차 - 측면직각충돌,중앙선침범,건조,맑음,단일로 - 기타,원동기,남,72세,경상,승용,여,36세,상해없음
2016111900100247,2016년 11월 19일 11시,토요일,경상남도 창녕군 도천면,사망사고,1,2,0,0,차대차 - 정면충돌,중앙선침범,건조,맑음,단일로 - 기타,화물,남,69세,사망,화물,남,59세,중상
2016111900100248,2016년 11월 19일 11시,토요일,경상남도 창원시 마산회원구 회성동,경상사고,0,0,3,0,차대차 - 기타,안전운전불이행,건조,맑음,단일로 - 기타,승용,남,58세,상해없음,승용,남,38세,경상
2016111900100249,2016년 11월 19일 11시,토요일,경상남도 김해시 진례면,중상사고,0,1,1,0,차대차 - 측면충돌,중앙선침범,건조,맑음,단일로 - 기타,이륜,남,47세,중상,화물,남,56세,경상
2016111900100288,2016년 11월 19일 12시,토요일,경상남도 밀양시 내이동,중상사고,0,1,0,0,차대사람 - 횡단중,안전운전불이행,건조,맑음,단일로 - 기타,화물,남,67세,상해없음,보행자,여,72세,중상
2016111900100289,2016년 11월 19일 12시,토요일,경상남도 양산시 물금읍,중상사고,0,1,0,0,차대차 - 측면충돌,신호위반,건조,맑음,교차로 - 교차로안,승용,남,39세,상해없음,이륜,남,72세,중상
2016111900100332,2016년 11월 19일 13시,토요일,경상남도 창녕군 유어면,경상사고,0,0,1,0,차대사람 - 기타,안전운전불이행,건조,맑음,단일로 - 기타,승용,여,58세,상해없음,보행자,남,52세,경상
2016111900100333,2016년 11월 19일 13시,토요일,경상남도 남해군 상주면,경상사고,0,0,1,1,차대차 - 측면충돌,안전운전불이행,건조,맑음,교차로 - 교차로안,화물,여,48세,부상신고,승용,여,61세,상해없음
2016111900100334,2016년 11월 19일 13시,토요일,경상남도 산청군 단성면,중상사고,0,2,0,0,차대차 - 측면직각충돌,신호위반,건조,맑음,교차로 - 교차로안,화물,남,75세,상해없음,승용,남,45세,상해없음
2016111900100335,2016년 11월 19일 13시,토요일,경상남도 김해시 장유면,중상사고,0,1,0,0,차대차 - 측면직각충돌,중앙선침범,건조,맑음,단일로 - 기타,승용,남,60세,상해없음,이륜,남,46세,중상
2016111900100371,2016년 11월 19일 14시,토요일,경상남도 창원시 마산합포구 월영동,경상사고,0,0,1,0,차대사람 - 횡단중,안전운전불이행,건조,맑음,단일로 - 기타,승용,남,75세,상해없음,보행자,여,68세,경상
2016111900100373,2016년 11월 19일 14시,토요일,경상남도 창원시 의창구 동읍,중상사고,0,1,0,0,차대차 - 정면충돌,신호위반,건조,흐림,교차로 - 교차로안,승용,여,47세,상해없음,원동기,남,66세,중상
2016111900100411,2016년 11월 19일 15시,토요일,경상남도 김해시 어방동,중상사고,0,1,0,0,차대사람 - 횡단중,안전운전불이행,건조,맑음,교차로 - 교차로안,승용,남,58세,상해없음,보행자,여,78세,중상
2016111900100447,2016년 11월 19일 16시,토요일,경상남도 진주시 강남동,경상사고,0,0,1,0,차대차 - 추돌,안전거리미확보,건조,맑음,교차로 - 교차로부근,승합,남,64세,상해없음,승용,여,55세,경상
2016111900100448,2016년 11월 19일 16시,토요일,경상남도 하동군 화개면,경상사고,0,0,1,0,차대차 - 측면충돌,교차로운행방법위반,습기,흐림,교차로 - 교차로안,화물,남,46세,상해없음,승합,남,49세,경상
2016111900100449,2016년 11월 19일 16시,토요일,경상남도 거제시 장평동,경상사고,0,0,1,0,차대차 - 기타,중앙선침범,건조,맑음,단일로 - 기타,승용,남,37세,상해없음,이륜,남,49세,경상
2016111900100492,2016년 11월 19일 17시,토요일,경상남도 김해시 삼계동,경상사고,0,0,1,0,차대사람 - 기타,안전운전불이행,건조,맑음,단일로 - 기타,자전거,남,15세,상해없음,보행자,여,13세,경상
2016111900100516,2016년 11월 19일 18시,토요일,경상남도 김해시 대동면,경상사고,0,0,4,0,차대차 - 추돌,안전운전불이행,건조,맑음,단일로 - 터널,승용,남,57세,상해없음,승용,남,35세,경상
2016111900100540,2016년 11월 19일 18시,토요일,경상남도 사천시 사천읍,중상사고,0,1,0,0,차대사람 - 횡단중,안전운전불이행,건조,맑음,교차로 - 교차로안,화물,남,56세,상해없음,보행자,여,14세,중상
2016111900100541,2016년 11월 19일 18시,토요일,경상남도 양산시 물금읍,부상신고사고,0,0,0,1,차대차 - 측면충돌,안전운전불이행,건조,맑음,단일로 - 기타,이륜,남,34세,부상신고,화물,남,34세,상해없음
2016111900100542,2016년 11월 19일 18시,토요일,경상남도 거제시 고현동,경상사고,0,0,1,0,차대차 - 기타,안전운전불이행,건조,맑음,단일로 - 기타,승합,남,29세,상해없음,승용,여,36세,경상
2016111900100611,2016년 11월 19일 19시,토요일,경상남도 밀양시 상동면,중상사고,0,1,0,0,차대차 - 측면직각충돌,안전운전불이행,건조,맑음,단일로 - 기타,화물,남,74세,상해없음,화물,남,58세,중상
2016111900100612,2016년 11월 19일 19시,토요일,경상남도 남해군 남해읍,중상사고,0,1,0,0,차대차 - 기타,중앙선침범,건조,맑음,단일로 - 기타,승용,남,50세,상해없음,이륜,남,47세,중상
2016111900100650,2016년 11월 19일 20시,토요일,경상남도 창원시 의창구 북면,경상사고,0,0,1,0,차대사람 - 기타,안전운전불이행,건조,흐림,단일로 - 기타,화물,남,66세,상해없음,보행자,여,73세,경상
2016111900100651,2016년 11월 19일 20시,토요일,경상남도 김해시 진영읍,중상사고,0,1,0,0,차대사람 - 횡단중,안전운전불이행,건조,맑음,교차로 - 교차로안,승용,여,37세,상해없음,보행자,남,68세,중상
2016111900100652,2016년 11월 19일 20시,토요일,경상남도 김해시 장유면,중상사고,0,1,0,0,차대차 - 측면직각충돌,신호위반,건조,맑음,단일로 - 횡단보도상,이륜,남,19세,상해없음,자전거,남,26세,중상
2016111900100678,2016년 11월 19일 21시,토요일,경상남도 창원시 마산합포구 진전면,경상사고,0,0,3,0,차대차 - 추돌,안전운전불이행,건조,맑음,단일로 - 기타,승용,남,47세,상해없음,화물,남,63세,상해없음
2016111900100679,2016년 11월 19일 21시,토요일,경상남도 창원시 마산합포구 현동,경상사고,0,0,2,0,차대차 - 추돌,안전거리미확보,건조,맑음,교차로 - 교차로부근,승합,여,42세,상해없음,승용,남,34세,경상
2016112000100009,2016년 11월 20일 00시,일요일,경상남도 사천시 사천읍,경상사고,0,0,1,0,차대차 - 측면직각충돌,직진우회전진행방해,건조,맑음,교차로 - 교차로안,승용,남,49세,상해없음,승용,남,68세,상해없음
2016112000100010,2016년 11월 20일 00시,일요일,경상남도 김해시 삼방동,사망사고,1,0,0,0,차대차 - 측면직각충돌,신호위반,건조,맑음,교차로 - 교차로안,이륜,남,20세,사망,승용,남,22세,상해없음
2016112000100026,2016년 11월 20일 01시,일요일,경상남도 창원시 마산합포구 서성동,중상사고,0,2,0,0,차대차 - 측면충돌,신호위반,건조,맑음,교차로 - 교차로안,승용,남,45세,상해없음,승용,남,56세,중상
2016112000100046,2016년 11월 20일 02시,일요일,경상남도 거제시 고현동,경상사고,0,0,1,0,차대사람 - 기타,안전운전불이행,건조,맑음,단일로 - 기타,승용,남,59세,상해없음,보행자,남,21세,경상
2016112000100047,2016년 11월 20일 02시,일요일,경상남도 창원시 마산합포구 산호동,경상사고,0,0,2,0,차대차 - 측면직각충돌,안전운전불이행,건조,맑음,교차로 - 교차로안,승용,남,35세,상해없음,승용,남,58세,경상
2016112000100098,2016년 11월 20일 06시,일요일,경상남도 거제시 옥포동,경상사고,0,0,2,0,차대차 - 기타,안전운전불이행,건조,맑음,교차로 - 교차로부근,승용,남,62세,상해없음,승용,남,54세,경상
2016112000100126,2016년 11월 20일 09시,일요일,경상남도 합천군 초계면,사망사고,2,0,0,0,차량단독 - 전도전복,안전운전불이행,건조,맑음,단일로 - 교량,승용,남,43세,사망,,,,
2016112000100127,2016년 11월 20일 09시,일요일,경상남도 양산시 주진동,중상사고,0,1,1,0,차대차 - 측면직각충돌,교차로운행방법위반,건조,맑음,교차로 - 교차로안,승용,여,48세,상해없음,화물,남,64세,경상
2016112000100159,2016년 11월 20일 10시,일요일,경상남도 창원시 마산합포구 월영동,경상사고,0,0,2,0,차대차 - 측면충돌,안전운전불이행,건조,맑음,기타 - 기타,승용,남,27세,상해없음,승용,남,55세,경상
2016112000100160,2016년 11월 20일 10시,일요일,경상남도 의령군 지정면,중상사고,0,1,0,0,차대차 - 기타,안전운전불이행,습기,맑음,단일로 - 기타,승용,남,56세,상해없음,자전거,남,41세,중상
2016112000100188,2016년 11월 20일 11시,일요일,경상남도 창원시 진해구 남양동,중상사고,0,2,0,0,차대차 - 측면직각충돌,직진우회전진행방해,건조,맑음,교차로 - 교차로안,화물,남,48세,상해없음,승합,남,44세,중상
2016112000100210,2016년 11월 20일 12시,일요일,경상남도 밀양시 단장면,중상사고,0,2,0,0,차대차 - 측면직각충돌,중앙선침범,건조,맑음,단일로 - 기타,승용,남,73세,상해없음,승용,여,46세,중상
2016112000100211,2016년 11월 20일 12시,일요일,경상남도 김해시 생림면,경상사고,0,0,1,0,차대차 - 추돌,안전거리미확보,건조,맑음,단일로 - 기타,승용,남,65세,상해없음,승용,남,41세,경상
2016112000100212,2016년 11월 20일 12시,일요일,경상남도 김해시 삼정동,경상사고,0,0,4,0,차대차 - 기타,안전거리미확보,건조,맑음,단일로 - 기타,승용,남,32세,상해없음,승용,여,46세,경상
2016112000100213,2016년 11월 20일 12시,일요일,경상남도 창원시 마산회원구 내서읍,중상사고,0,2,0,0,차대차 - 정면충돌,신호위반,건조,맑음,교차로 - 교차로안,승용,남,64세,상해없음,승용,여,44세,상해없음
2016112000100248,2016년 11월 20일 13시,일요일,경상남도 진주시 봉곡동,중상사고,0,1,0,0,차대차 - 측면충돌,안전운전불이행,건조,맑음,교차로 - 교차로안,승용,남,52세,상해없음,자전거,남,63세,중상
2016112000100249,2016년 11월 20일 13시,일요일,경상남도 진주시 정촌면,중상사고,0,1,1,0,차대차 - 측면충돌,안전운전불이행,건조,맑음,교차로 - 교차로안,화물,남,23세,경상,승용,남,49세,중상
2016112000100277,2016년 11월 20일 14시,일요일,경상남도 밀양시 상남면,경상사고,0,0,2,0,차대차 - 측면직각충돌,안전운전불이행,건조,맑음,교차로 - 교차로안,승용,남,37세,경상,승합,남,35세,경상
2016112000100278,2016년 11월 20일 14시,일요일,경상남도 거제시 거제면,경상사고,0,0,1,0,차대차 - 측면충돌,안전운전불이행,건조,맑음,단일로 - 기타,승용,남,55세,상해없음,승용,남,32세,경상
2016112000100382,2016년 11월 20일 17시,일요일,경상남도 진주시 신안동,경상사고,0,0,1,0,차대사람 - 횡단중,신호위반,건조,맑음,단일로 - 기타,승용,남,73세,상해없음,보행자,여,25세,경상
2016112000100383,2016년 11월 20일 17시,일요일,경상남도 사천시 사천읍,중상사고,0,1,0,0,차대사람 - 기타,안전운전불이행,건조,맑음,기타 - 기타,승용,남,67세,상해없음,보행자,남,75세,중상
2016112000100384,2016년 11월 20일 17시,일요일,경상남도 창원시 마산회원구 석전동,중상사고,0,1,0,0,차대사람 - 횡단중,안전운전불이행,건조,흐림,단일로 - 기타,승용,남,25세,상해없음,보행자,여,69세,중상
2016112000100445,2016년 11월 20일 19시,일요일,경상남도 진주시 상대동,중상사고,0,2,0,0,차대차 - 정면충돌,중앙선침범,건조,맑음,단일로 - 기타,화물,남,60세,기타불명,승용,남,57세,중상
2016112000100446,2016년 11월 20일 19시,일요일,경상남도 사천시 서금동,경상사고,0,0,1,0,차대사람 - 차도통행중,안전운전불이행,건조,맑음,단일로 - 기타,승용,남,56세,상해없음,보행자,남,29세,경상
2016112000100447,2016년 11월 20일 19시,일요일,경상남도 양산시 물금읍,중상사고,0,1,0,0,차대차 - 정면충돌,안전거리미확보,건조,맑음,단일로 - 기타,승용,남,61세,상해없음,이륜,남,34세,중상
2016112000100496,2016년 11월 20일 21시,일요일,경상남도 진주시 상대동,중상사고,0,2,1,0,차대차 - 추돌,안전운전불이행,건조,맑음,교차로 - 교차로부근,승용,남,58세,상해없음,승용,남,54세,경상
2016112000100497,2016년 11월 20일 21시,일요일,경상남도 김해시 장유면,경상사고,0,0,1,0,차대차 - 측면직각충돌,신호위반,건조,맑음,교차로 - 교차로안,승용,여,46세,상해없음,승용,여,42세,경상
2016112000100518,2016년 11월 20일 22시,일요일,경상남도 김해시 부원동,경상사고,0,0,1,0,차대차 - 기타,안전운전불이행,건조,맑음,교차로 - 교차로안,승용,여,56세,상해없음,자전거,남,16세,경상
2016112000100519,2016년 11월 20일 22시,일요일,경상남도 고성군 고성읍,경상사고,0,0,1,0,차대차 - 측면직각충돌,교차로운행방법위반,건조,맑음,교차로 - 교차로안,승용,남,40세,상해없음,승용,여,63세,경상
2016112100100027,2016년 11월 21일 04시,월요일,경상남도 통영시 북신동,경상사고,0,0,2,0,차대차 - 측면직각충돌,안전운전불이행,건조,맑음,교차로 - 교차로부근,승용,남,53세,상해없음,승용,남,30세,경상
2016112100100028,2016년 11월 21일 04시,월요일,경상남도 사천시 좌룡동,중상사고,0,3,1,0,차대차 - 정면충돌,신호위반,건조,맑음,교차로 - 교차로안,승용,남,66세,경상,화물,남,66세,중상
2016112100100057,2016년 11월 21일 06시,월요일,경상남도 진주시 강남동,중상사고,0,1,0,0,차대사람 - 횡단중,안전운전불이행,건조,맑음,단일로 - 기타,승용,남,38세,상해없음,보행자,남,77세,중상
2016112100100058,2016년 11월 21일 06시,월요일,경상남도 합천군 삼가면,중상사고,0,1,0,0,차대사람 - 기타,안전운전불이행,건조,맑음,단일로 - 기타,화물,남,48세,상해없음,보행자,남,63세,중상
2016112100100081,2016년 11월 21일 07시,월요일,경상남도 김해시 장유면,중상사고,0,1,0,0,차대사람 - 차도통행중,안전운전불이행,습기,흐림,교차로 - 교차로부근,승용,남,44세,상해없음,보행자,여,60세,중상
2016112100100112,2016년 11월 21일 08시,월요일,경상남도 밀양시 하남읍,경상사고,0,0,1,0,차대차 - 정면충돌,안전운전불이행,기타,안개,교차로 - 교차로안,화물,남,53세,상해없음,승용,남,29세,경상
2016112100100113,2016년 11월 21일 08시,월요일,경상남도 고성군 고성읍,중상사고,0,1,3,0,차대차 - 측면직각충돌,교차로운행방법위반,건조,맑음,교차로 - 교차로안,승용,여,35세,상해없음,승용,여,24세,중상
2016112100100153,2016년 11월 21일 09시,월요일,경상남도 밀양시 무안면,경상사고,0,0,1,0,차대차 - 추돌,안전운전불이행,건조,맑음,단일로 - 기타,화물,남,65세,상해없음,원동기,남,56세,경상
2016112100100154,2016년 11월 21일 09시,월요일,경상남도 김해시 상동면,부상신고사고,0,0,0,1,차대차 - 측면직각충돌,기타,건조,맑음,단일로 - 기타,이륜,남,36세,부상신고,승용,여,47세,상해없음
2016112100100155,2016년 11월 21일 09시,월요일,경상남도 창원시 의창구 북면,경상사고,0,0,2,0,차대차 - 측면충돌,신호위반,건조,맑음,교차로 - 교차로안,승용,여,34세,상해없음,승용,남,35세,경상
2016112100100196,2016년 11월 21일 10시,월요일,경상남도 진주시 내동면,중상사고,0,1,0,0,차대차 - 측면직각충돌,신호위반,건조,맑음,교차로 - 교차로안,승용,남,24세,상해없음,화물,남,53세,중상
2016112100100197,2016년 11월 21일 10시,월요일,경상남도 거제시 옥포동,경상사고,0,0,1,0,차대차 - 측면충돌,안전운전불이행,건조,맑음,단일로 - 기타,승용,여,67세,상해없음,이륜,여,58세,경상
2016112100100229,2016년 11월 21일 11시,월요일,경상남도 창원시 마산합포구 신포동1가,경상사고,0,0,1,0,차대차 - 정면충돌,직진우회전진행방해,건조,흐림,교차로 - 교차로안,승용,남,44세,상해없음,이륜,남,39세,경상
2016112100100231,2016년 11월 21일 11시,월요일,경상남도 창원시 진해구 이동,경상사고,0,0,2,0,차대차 - 측면직각충돌,교차로운행방법위반,건조,맑음,교차로 - 교차로안,승용,여,34세,경상,승용,남,61세,경상
2016112100100232,2016년 11월 21일 11시,월요일,경상남도 함양군 함양읍,경상사고,0,0,1,0,차대차 - 추돌,안전운전불이행,건조,맑음,교차로 - 교차로부근,화물,여,51세,상해없음,화물,남,60세,상해없음
2016112100100233,2016년 11월 21일 11시,월요일,경상남도 남해군 삼동면,중상사고,0,3,0,0,차대차 - 추돌,안전운전불이행,건조,맑음,단일로 - 기타,화물,남,53세,상해없음,승용,남,74세,중상
2016112100100234,2016년 11월 21일 11시,월요일,경상남도 창원시 의창구 도계동,경상사고,0,0,1,0,차대사람 - 기타,안전운전불이행,건조,맑음,교차로 - 교차로안,화물,남,51세,상해없음,보행자,남,56세,경상
2016112100100281,2016년 11월 21일 13시,월요일,경상남도 거제시 고현동,경상사고,0,0,1,0,차대차 - 정면충돌,교차로운행방법위반,건조,맑음,교차로 - 교차로부근,승용,남,57세,상해없음,승용,남,64세,경상
2016112100100299,2016년 11월 21일 14시,월요일,경상남도 김해시 부원동,사망사고,1,0,0,0,차량단독 - 공작물충돌,안전운전불이행,건조,맑음,단일로 - 기타,화물,남,60세,사망,,,,
2016112100100320,2016년 11월 21일 14시,월요일,경상남도 김해시 어방동,중상사고,0,1,0,0,차량단독 - 공작물충돌,안전운전불이행,건조,맑음,단일로 - 기타,화물,남,60세,중상,,,,
2016112100100347,2016년 11월 21일 15시,월요일,경상남도 사천시 정동면,경상사고,0,0,1,0,차대차 - 측면직각충돌,안전거리미확보,건조,맑음,단일로 - 기타,화물,남,49세,상해없음,승용,남,25세,경상
2016112100100348,2016년 11월 21일 15시,월요일,경상남도 김해시 삼방동,중상사고,0,1,1,0,차대차 - 측면직각충돌,안전운전불이행,건조,맑음,교차로 - 교차로안,승용,여,54세,경상,승용,여,55세,중상
2016112100100349,2016년 11월 21일 15시,월요일,경상남도 거창군 거창읍,중상사고,0,1,0,0,차대차 - 추돌,안전운전불이행,건조,맑음,단일로 - 기타,승용,여,36세,상해없음,이륜,여,59세,중상
2016112100100350,2016년 11월 21일 15시,월요일,경상남도 양산시 상북면,경상사고,0,0,1,0,차대차 - 측면충돌,신호위반,건조,맑음,교차로 - 교차로안,승용,남,53세,상해없음,승용,여,39세,경상
2016112100100351,2016년 11월 21일 15시,월요일,경상남도 거제시 사등면,경상사고,0,0,2,0,차대차 - 측면충돌,안전운전불이행,건조,맑음,단일로 - 기타,승용,여,63세,상해없음,승용,여,48세,경상