사고번호,사고일시,요일,시군구,사고내용,사망자수,중상자수,경상자수,부상신고자수,사고유형,법규위반,노면상태,기상상태,도로형태,가해운전자 차종,가해운전자 성별,가해운전자 연령,가해운전자 상해정도,피해운전자 차종,피해운전자 성별,피해운전자 연령,피해운전자 상해정도
2016112100100352,2016년 11월 21일 15시,월요일,경상남도 창원시 마산회원구 양덕동,중상사고,0,1,0,0,차대차 - 기타,안전운전불이행,건조,맑음,단일로 - 기타,승용,남,21세,상해없음,자전거,남,68세,중상
2016112100100392,2016년 11월 21일 16시,월요일,경상남도 통영시 봉평동,경상사고,0,0,1,0,차대사람 - 횡단중,안전운전불이행,건조,맑음,교차로 - 교차로부근,승용,남,33세,상해없음,보행자,여,63세,경상
2016112100100393,2016년 11월 21일 16시,월요일,경상남도 창원시 마산회원구 합성동,중상사고,0,1,0,0,차대차 - 측면충돌,안전운전불이행,건조,맑음,교차로 - 교차로안,승합,여,43세,상해없음,이륜,남,68세,중상
2016112100100394,2016년 11월 21일 16시,월요일,경상남도 김해시 장유면,경상사고,0,0,2,0,차대차 - 기타,안전운전불이행,건조,맑음,단일로 - 기타,승용,남,68세,경상,승용,여,29세,경상
2016112100100431,2016년 11월 21일 17시,월요일,경상남도 통영시 욕지면,중상사고,0,2,0,0,차대사람 - 길가장자리구역통행중,안전운전불이행,건조,맑음,단일로 - 기타,이륜,남,56세,중상,보행자,남,57세,중상
2016112100100432,2016년 11월 21일 17시,월요일,경상남도 창녕군 남지읍,중상사고,0,1,0,0,차대차 - 추돌,안전운전불이행,건조,맑음,단일로 - 기타,원동기,남,21세,상해없음,자전거,여,65세,중상
2016112100100433,2016년 11월 21일 17시,월요일,경상남도 양산시 명곡동,중상사고,0,1,1,0,차대차 - 측면충돌,중앙선침범,건조,맑음,단일로 - 기타,화물,남,51세,상해없음,화물,남,56세,중상
2016112100100434,2016년 11월 21일 17시,월요일,경상남도 고성군 고성읍,중상사고,0,1,1,0,차대차 - 측면직각충돌,신호위반,건조,맑음,교차로 - 교차로안,승용,여,52세,상해없음,화물,남,38세,경상
2016112100100435,2016년 11월 21일 17시,월요일,경상남도 거제시 옥포동,경상사고,0,0,1,0,차대차 - 추돌,차로위반,건조,맑음,단일로 - 기타,화물,남,44세,상해없음,승합,남,43세,상해없음
2016112100100489,2016년 11월 21일 18시,월요일,경상남도 창원시 마산합포구 월영동,중상사고,0,1,0,0,차대사람 - 횡단중,안전운전불이행,건조,흐림,교차로 - 교차로안,승용,여,46세,상해없음,보행자,여,57세,중상
2016112100100490,2016년 11월 21일 18시,월요일,경상남도 김해시 지내동,경상사고,0,0,1,0,차대사람 - 횡단중,안전운전불이행,건조,맑음,기타 - 기타,승용,남,32세,상해없음,보행자,여,71세,경상
2016112100100491,2016년 11월 21일 18시,월요일,경상남도 김해시 삼정동,중상사고,0,1,0,0,차대사람 - 기타,안전운전불이행,건조,맑음,기타 - 기타,이륜,남,72세,상해없음,보행자,여,65세,중상
2016112100100492,2016년 11월 21일 18시,월요일,경상남도 양산시 물금읍,중상사고,0,1,0,0,차대차 - 정면충돌,안전거리미확보,건조,맑음,교차로 - 교차로부근,승합,남,59세,상해없음,이륜,남,38세,중상
2016112100100493,2016년 11월 21일 18시,월요일,경상남도 거제시 연초면,중상사고,0,2,0,0,차대차 - 추돌,차로위반,건조,맑음,단일로 - 기타,승용,남,62세,상해없음,승용,남,75세,중상
2016112100100494,2016년 11월 21일 18시,월요일,경상남도 창원시 의창구 신월동,중상사고,0,1,0,0,차대사람 - 횡단중,보행자보호의무위반,건조,맑음,단일로 - 기타,승용,남,62세,상해없음,보행자,여,22세,중상
2016112100100536,2016년 11월 21일 19시,월요일,경상남도 거제시 장평동,중상사고,0,1,0,0,차대사람 - 횡단중,보행자보호의무위반,건조,맑음,단일로 - 기타,승용,여,39세,상해없음,보행자,여,51세,중상
2016112100100537,2016년 11월 21일 19시,월요일,경상남도 김해시 장유면,중상사고,0,1,0,0,차대차 - 기타,안전운전불이행,건조,맑음,단일로 - 기타,승용,남,30세,상해없음,자전거,여,23세,중상
2016112100100562,2016년 11월 21일 20시,월요일,경상남도 김해시 대동면,사망사고,1,0,0,0,차대차 - 정면충돌,중앙선침범,건조,맑음,단일로 - 기타,승용,남,65세,사망,화물,남,39세,상해없음
2016112100100588,2016년 11월 21일 21시,월요일,경상남도 창원시 마산합포구 상남동,경상사고,0,0,1,0,차대차 - 정면충돌,안전운전불이행,건조,맑음,단일로 - 기타,승합,남,57세,상해없음,이륜,남,35세,경상
2016112100100589,2016년 11월 21일 21시,월요일,경상남도 진주시 판문동,중상사고,0,1,1,0,차대사람 - 횡단중,안전운전불이행,건조,맑음,단일로 - 횡단보도부근,승용,여,43세,상해없음,보행자,남,54세,중상
2016112100100590,2016년 11월 21일 21시,월요일,경상남도 통영시 동호동,중상사고,0,1,0,0,차대차 - 측면직각충돌,직진우회전진행방해,건조,맑음,교차로 - 교차로안,이륜,남,44세,중상,승용,남,45세,상해없음
2016112100100591,2016년 11월 21일 21시,월요일,경상남도 창녕군 도천면,중상사고,0,1,0,0,차대사람 - 기타,안전운전불이행,건조,맑음,단일로 - 기타,승용,남,43세,상해없음,보행자,남,57세,중상
2016112100100612,2016년 11월 21일 22시,월요일,경상남도 창원시 마산회원구 합성동,경상사고,0,0,1,0,차대사람 - 횡단중,안전운전불이행,건조,맑음,단일로 - 기타,승용,남,54세,상해없음,보행자,남,21세,경상
2016112200100022,2016년 11월 22일 01시,화요일,경상남도 거제시 장평동,중상사고,0,1,0,0,차대사람 - 횡단중,안전운전불이행,건조,맑음,단일로 - 기타,승용,여,54세,상해없음,보행자,남,33세,중상
2016112200100029,2016년 11월 22일 02시,화요일,경상남도 창원시 마산회원구 석전동,경상사고,0,0,1,0,차대차 - 추돌,안전운전불이행,건조,맑음,교차로 - 교차로부근,승용,남,43세,상해없음,승용,남,35세,경상
2016112200100081,2016년 11월 22일 07시,화요일,경상남도 창원시 진해구 용원동,경상사고,0,0,1,0,차량단독 - 기타,안전운전불이행,건조,맑음,교차로 - 교차로부근,이륜,남,19세,경상,,,,
2016112200100109,2016년 11월 22일 08시,화요일,경상남도 진주시 봉곡동,경상사고,0,0,1,0,차대사람 - 횡단중,보행자보호의무위반,건조,맑음,단일로 - 횡단보도상,이륜,기타불명,기타불명,기타불명,보행자,여,20세,경상
2016112200100110,2016년 11월 22일 08시,화요일,경상남도 양산시 북부동,경상사고,0,0,1,0,차대사람 - 횡단중,보행자보호의무위반,건조,맑음,교차로 - 교차로부근,화물,남,61세,상해없음,보행자,여,29세,경상
2016112200100111,2016년 11월 22일 08시,화요일,경상남도 창원시 성산구 신촌동,경상사고,0,0,2,0,차대사람 - 횡단중,보행자보호의무위반,건조,맑음,단일로 - 기타,승용,남,57세,상해없음,보행자,여,7세,경상
2016112200100139,2016년 11월 22일 09시,화요일,경상남도 밀양시 단장면,중상사고,0,1,0,0,차대차 - 측면직각충돌,교차로운행방법위반,건조,맑음,교차로 - 교차로안,화물,남,47세,상해없음,농기계,남,78세,중상
2016112200100140,2016년 11월 22일 09시,화요일,경상남도 김해시 장유면,중상사고,0,1,0,0,차대사람 - 횡단중,신호위반,건조,맑음,교차로 - 교차로부근,승용,여,45세,상해없음,보행자,남,6세,중상
2016112200100184,2016년 11월 22일 11시,화요일,경상남도 김해시 어방동,경상사고,0,0,1,0,차대사람 - 횡단중,보행자보호의무위반,건조,맑음,단일로 - 횡단보도상,승용,남,62세,상해없음,보행자,여,63세,경상
2016112200100299,2016년 11월 22일 15시,화요일,경상남도 창원시 마산합포구 두월동2가,중상사고,0,1,0,0,차대사람 - 횡단중,보행자보호의무위반,습기,비,단일로 - 횡단보도상,승용,여,31세,상해없음,보행자,여,51세,중상
2016112200100325,2016년 11월 22일 16시,화요일,경상남도 김해시 장유면,중상사고,0,2,0,0,차대차 - 기타,안전거리미확보,건조,맑음,단일로 - 기타,건설기계,남,46세,상해없음,승용,여,56세,중상
2016112200100368,2016년 11월 22일 17시,화요일,경상남도 거창군 거창읍,중상사고,0,1,0,0,차대차 - 추돌,안전운전불이행,건조,맑음,교차로 - 교차로안,승용,여,57세,상해없음,승용,남,53세,중상
2016112200100473,2016년 11월 22일 19시,화요일,경상남도 창원시 성산구 남산동,경상사고,0,0,1,0,차대차 - 정면충돌,신호위반,건조,맑음,교차로 - 교차로안,승용,남,27세,상해없음,승용,남,31세,경상
2016112200100502,2016년 11월 22일 20시,화요일,경상남도 진주시 내동면,중상사고,0,1,0,0,차대사람 - 횡단중,보행자보호의무위반,건조,맑음,교차로 - 교차로부근,승용,남,66세,상해없음,보행자,남,21세,중상
2016112200100503,2016년 11월 22일 20시,화요일,경상남도 창원시 의창구 서상동,경상사고,0,0,1,0,차대차 - 측면충돌,안전운전불이행,건조,맑음,교차로 - 교차로안,승용,남,50세,상해없음,승용,남,45세,경상
2016112200100531,2016년 11월 22일 21시,화요일,경상남도 창원시 진해구 용원동,경상사고,0,0,1,0,차대차 - 추돌,안전운전불이행,건조,맑음,교차로 - 교차로부근,승용,남,29세,상해없음,승용,남,29세,경상
2016112200100532,2016년 11월 22일 21시,화요일,경상남도 거제시 연초면,경상사고,0,0,3,0,차대차 - 정면충돌,안전운전불이행,건조,맑음,단일로 - 기타,승용,남,74세,상해없음,승용,남,39세,경상
2016112200100555,2016년 11월 22일 22시,화요일,경상남도 밀양시 가곡동,경상사고,0,0,1,0,차대차 - 측면직각충돌,안전운전불이행,건조,맑음,교차로 - 교차로안,화물,남,57세,상해없음,자전거,남,48세,경상
2016112300100017,2016년 11월 23일 00시,수요일,경상남도 창원시 성산구 중앙동,경상사고,0,0,2,0,차대차 - 정면충돌,안전운전불이행,건조,맑음,교차로 - 교차로안,승용,남,42세,상해없음,승용,남,50세,경상
2016112300100034,2016년 11월 23일 01시,수요일,경상남도 거제시 장평동,경상사고,0,0,1,0,차대사람 - 횡단중,안전운전불이행,건조,맑음,단일로 - 기타,화물,남,45세,상해없음,보행자,남,17세,경상
2016112300100043,2016년 11월 23일 02시,수요일,경상남도 창원시 성산구 귀산동,경상사고,0,0,1,0,차대차 - 정면충돌,중앙선침범,건조,맑음,단일로 - 기타,승용,남,34세,상해없음,승용,남,31세,경상
2016112300100057,2016년 11월 23일 05시,수요일,경상남도 창원시 마산회원구 석전동,경상사고,0,0,2,0,차대차 - 추돌,안전운전불이행,건조,맑음,단일로 - 기타,승용,남,56세,경상,승합,남,44세,경상
2016112300100078,2016년 11월 23일 06시,수요일,경상남도 양산시 상북면,경상사고,0,0,2,0,차대차 - 정면충돌,교차로운행방법위반,건조,맑음,교차로 - 교차로안,화물,남,79세,경상,승용,여,25세,경상
2016112300100079,2016년 11월 23일 06시,수요일,경상남도 양산시 물금읍,중상사고,0,1,0,0,차량단독 - 기타,기타,건조,맑음,단일로 - 기타,승합,남,52세,상해없음,,,,
2016112300100080,2016년 11월 23일 06시,수요일,경상남도 창원시 성산구 중앙동,중상사고,0,1,0,0,차대차 - 측면직각충돌,신호위반,건조,맑음,교차로 - 교차로안,승용,여,67세,상해없음,승용,남,60세,중상
2016112300100101,2016년 11월 23일 07시,수요일,경상남도 거제시 아주동,경상사고,0,0,1,0,차대차 - 기타,안전운전불이행,건조,맑음,단일로 - 기타,승합,남,60세,상해없음,승용,남,32세,경상
2016112300100138,2016년 11월 23일 08시,수요일,경상남도 김해시 외동,경상사고,0,0,1,0,차대차 - 측면직각충돌,안전운전불이행,건조,맑음,교차로 - 교차로안,승용,남,28세,상해없음,승용,여,32세,경상
2016112300100176,2016년 11월 23일 09시,수요일,경상남도 창녕군 창녕읍,중상사고,0,1,0,0,차대사람 - 횡단중,안전운전불이행,건조,맑음,단일로 - 기타,승용,여,48세,상해없음,보행자,남,59세,중상
2016112300100213,2016년 11월 23일 10시,수요일,경상남도 창원시 진해구 자은동,경상사고,0,0,2,0,차대차 - 측면충돌,안전거리미확보,건조,맑음,교차로 - 교차로부근,화물,남,53세,상해없음,승용,여,52세,경상
2016112300100232,2016년 11월 23일 11시,수요일,경상남도 김해시 대동면,경상사고,0,0,1,0,차대차 - 기타,안전거리미확보,건조,맑음,단일로 - 기타,화물,남,51세,상해없음,승용,남,33세,경상
2016112300100263,2016년 11월 23일 12시,수요일,경상남도 양산시 북정동,경상사고,0,0,1,0,차대차 - 기타,안전거리미확보,건조,맑음,단일로 - 기타,승용,여,38세,상해없음,승합,남,37세,상해없음
2016112300100264,2016년 11월 23일 12시,수요일,경상남도 양산시 물금읍,경상사고,0,0,1,0,차대차 - 추돌,안전운전불이행,건조,맑음,단일로 - 기타,승용,여,34세,상해없음,승용,여,44세,경상
2016112300100265,2016년 11월 23일 12시,수요일,경상남도 창원시 마산회원구 양덕동,중상사고,0,1,0,0,차대차 - 기타,안전운전불이행,건조,맑음,단일로 - 기타,승용,남,56세,상해없음,화물,남,25세,중상
2016112300100290,2016년 11월 23일 13시,수요일,경상남도 창원시 진해구 태평동,중상사고,0,1,0,0,차대사람 - 기타,안전운전불이행,건조,맑음,교차로 - 교차로안,화물,남,36세,상해없음,보행자,남,72세,중상
2016112300100291,2016년 11월 23일 13시,수요일,경상남도 거제시 장승포동,경상사고,0,0,1,0,차대차 - 측면충돌,안전운전불이행,건조,맑음,교차로 - 교차로부근,승용,남,48세,상해없음,승용,남,27세,경상
2016112300100314,2016년 11월 23일 14시,수요일,경상남도 김해시 부원동,중상사고,0,1,1,0,차대사람 - 차도통행중,안전운전불이행,건조,맑음,단일로 - 기타,승용,여,29세,상해없음,보행자,여,85세,중상
2016112300100351,2016년 11월 23일 15시,수요일,경상남도 창원시 성산구 신촌동,중상사고,0,1,0,0,차대차 - 정면충돌,안전운전불이행,건조,맑음,교차로 - 교차로부근,특수,남,60세,중상,승용,남,50세,상해없음
2016112300100352,2016년 11월 23일 15시,수요일,경상남도 창원시 의창구 팔용동,중상사고,0,1,1,0,차대차 - 추돌,안전운전불이행,건조,맑음,교차로 - 교차로부근,건설기계,남,58세,상해없음,승용,남,28세,경상
2016112300100353,2016년 11월 23일 15시,수요일,경상남도 창원시 의창구 팔용동,중상사고,0,1,0,0,차대사람 - 횡단중,안전운전불이행,건조,맑음,단일로 - 기타,승용,남,56세,상해없음,보행자,여,81세,중상
2016112300100385,2016년 11월 23일 16시,수요일,경상남도 김해시 한림면,중상사고,0,1,0,0,차대차 - 측면충돌,안전거리미확보,건조,맑음,단일로 - 기타,건설기계,남,39세,상해없음,화물,남,26세,중상
2016112300100420,2016년 11월 23일 17시,수요일,경상남도 사천시 축동면,경상사고,0,0,2,0,차대차 - 측면직각충돌,안전운전불이행,건조,맑음,단일로 - 기타,승용,남,38세,경상,농기계,남,48세,경상
2016112300100472,2016년 11월 23일 18시,수요일,경상남도 창원시 진해구 경화동,경상사고,0,0,1,0,차대사람 - 횡단중,신호위반,건조,맑음,교차로 - 교차로부근,이륜,남,35세,상해없음,보행자,여,21세,경상
2016112300100473,2016년 11월 23일 18시,수요일,경상남도 통영시 광도면,경상사고,0,0,1,0,차대사람 - 횡단중,안전운전불이행,건조,맑음,교차로 - 교차로안,승용,남,24세,상해없음,보행자,남,56세,경상
2016112300100474,2016년 11월 23일 18시,수요일,경상남도 창원시 의창구 팔용동,경상사고,0,0,2,0,차대차 - 기타,안전운전불이행,건조,맑음,교차로 - 교차로부근,승용,남,69세,상해없음,승용,남,34세,경상
2016112300100517,2016년 11월 23일 19시,수요일,경상남도 김해시 삼계동,경상사고,0,0,1,0,차대차 - 기타,신호위반,건조,맑음,교차로 - 교차로부근,이륜,남,19세,경상,화물,남,80세,상해없음
2016112300100544,2016년 11월 23일 20시,수요일,경상남도 사천시 사천읍,경상사고,0,0,1,1,차대차 - 측면충돌,직진우회전진행방해,건조,맑음,교차로 - 교차로안,승용,남,18세,부상신고,승용,남,37세,경상
2016112300100571,2016년 11월 23일 21시,수요일,경상남도 김해시 삼정동,중상사고,0,1,0,0,차대차 - 추돌,안전거리미확보,건조,맑음,단일로 - 기타,승용,여,44세,상해없음,승용,남,51세,상해없음
2016112300100572,2016년 11월 23일 21시,수요일,경상남도 창원시 의창구 명서동,경상사고,0,0,2,0,차대차 - 추돌,안전운전불이행,건조,맑음,교차로 - 교차로부근,승용,남,54세,상해없음,승용,여,42세,경상
2016112300100623,2016년 11월 23일 23시,수요일,경상남도 김해시 장유면,경상사고,0,0,1,0,차대차 - 측면충돌,신호위반,건조,맑음,교차로 - 교차로안,이륜,남,16세,경상,승용,남,29세,상해없음
2016112400100039,2016년 11월 24일 04시,목요일,경상남도 거제시 장승포동,사망사고,1,1,0,0,차대차 - 측면직각충돌,신호위반,건조,맑음,교차로 - 교차로안,이륜,남,16세,중상,승용,여,55세,상해없음
2016112400100068,2016년 11월 24일 06시,목요일,경상남도 거제시 문동동,경상사고,0,0,1,0,차대차 - 기타,안전운전불이행,건조,맑음,교차로 - 교차로안,기타불명,기타불명,기타불명,기타불명,원동기,남,33세,경상
2016112400100093,2016년 11월 24일 07시,목요일,경상남도 창원시 마산합포구 진전면,경상사고,0,0,1,0,차대차 - 측면충돌,안전운전불이행,건조,맑음,단일로 - 기타,승용,남,36세,상해없음,화물,남,53세,경상
2016112400100094,2016년 11월 24일 07시,목요일,경상남도 밀양시 상남면,중상사고,0,1,1,0,차대차 - 측면충돌,교차로운행방법위반,건조,맑음,교차로 - 교차로안,승용,남,54세,상해없음,화물,남,50세,경상
2016112400100095,2016년 11월 24일 07시,목요일,경상남도 김해시 내동,중상사고,0,1,2,0,차대차 - 측면직각충돌,직진우회전진행방해,건조,맑음,교차로 - 교차로안,승용,여,43세,경상,승용,여,52세,중상
2016112400100148,2016년 11월 24일 08시,목요일,경상남도 창원시 마산합포구 우산동,중상사고,0,1,0,0,차대차 - 추돌,안전운전불이행,건조,맑음,교차로 - 교차로부근,화물,남,59세,상해없음,승용,여,32세,중상
2016112400100149,2016년 11월 24일 08시,목요일,경상남도 창원시 의창구 명서동,사망사고,1,0,0,0,차대사람 - 횡단중,안전운전불이행,건조,맑음,교차로 - 교차로안,승용,여,45세,상해없음,보행자,여,7세,사망
2016112400100183,2016년 11월 24일 09시,목요일,경상남도 고성군 고성읍,중상사고,0,1,1,0,차대차 - 측면직각충돌,신호위반,건조,맑음,교차로 - 교차로부근,승용,남,76세,상해없음,화물,남,51세,중상
2016112400100256,2016년 11월 24일 11시,목요일,경상남도 창녕군 이방면,중상사고,0,1,0,0,차량단독 - 기타,안전운전불이행,건조,맑음,단일로 - 기타,농기계,남,81세,중상,,,,
2016112400100277,2016년 11월 24일 12시,목요일,경상남도 창원시 마산합포구 동성동,중상사고,0,1,0,0,차대사람 - 기타,보행자보호의무위반,건조,맑음,교차로 - 교차로부근,승용,남,63세,상해없음,보행자,여,58세,중상
2016112400100278,2016년 11월 24일 12시,목요일,경상남도 양산시 북부동,경상사고,0,0,2,0,차대차 - 정면충돌,차로위반,건조,맑음,단일로 - 기타,승용,남,51세,상해없음,승용,여,55세,경상
2016112400100279,2016년 11월 24일 12시,목요일,경상남도 창원시 마산합포구 산호동,중상사고,0,1,0,0,차대차 - 측면충돌,중앙선침범,건조,맑음,단일로 - 기타,원동기,남,84세,중상,승용,남,60세,상해없음
2016112400100311,2016년 11월 24일 13시,목요일,경상남도 진주시 문산읍,경상사고,0,0,2,0,차대차 - 정면충돌,중앙선침범,건조,맑음,단일로 - 기타,승용,남,73세,경상,화물,남,62세,경상
2016112400100348,2016년 11월 24일 14시,목요일,경상남도 통영시 광도면,경상사고,0,0,1,0,차대차 - 측면직각충돌,직진우회전진행방해,건조,맑음,교차로 - 교차로안,승용,여,56세,상해없음,원동기,남,42세,경상
2016112400100349,2016년 11월 24일 14시,목요일,경상남도 밀양시 삼랑진읍,경상사고,0,0,1,0,차대차 - 추돌,안전거리미확보,건조,맑음,단일로 - 기타,승용,여,62세,상해없음,자전거,남,82세,경상
2016112400100385,2016년 11월 24일 15시,목요일,경상남도 거제시 수월동,중상사고,0,1,0,0,차대차 - 측면충돌,안전운전불이행,건조,맑음,단일로 - 기타,승용,남,39세,상해없음,이륜,남,59세,중상
2016112400100386,2016년 11월 24일 15시,목요일,경상남도 김해시 장유면,중상사고,0,1,1,0,차대차 - 측면직각충돌,안전운전불이행,건조,맑음,교차로 - 교차로안,승합,남,60세,경상,승용,남,37세,중상
2016112400100387,2016년 11월 24일 15시,목요일,경상남도 김해시 장유면,경상사고,0,0,2,0,차대사람 - 횡단중,신호위반,건조,맑음,교차로 - 교차로부근,이륜,남,27세,경상,보행자,남,11세,경상
2016112400100412,2016년 11월 24일 16시,목요일,경상남도 창원시 성산구 사파동,경상사고,0,0,1,0,차대사람 - 길가장자리구역통행중,안전운전불이행,건조,맑음,교차로 - 교차로안,승용,남,58세,상해없음,보행자,여,37세,경상
2016112400100462,2016년 11월 24일 17시,목요일,경상남도 창녕군 창녕읍,중상사고,0,1,0,0,차대차 - 정면충돌,중앙선침범,건조,맑음,단일로 - 기타,원동기,남,64세,중상,승합,남,65세,상해없음
2016112400100463,2016년 11월 24일 17시,목요일,경상남도 창원시 의창구 봉곡동,경상사고,0,0,1,0,차대사람 - 기타,안전운전불이행,건조,맑음,단일로 - 기타,기타불명,기타불명,기타불명,기타불명,보행자,여,16세,경상
2016112400100464,2016년 11월 24일 17시,목요일,경상남도 김해시 진례면,중상사고,0,2,0,0,차대차 - 추돌,안전운전불이행,건조,맑음,단일로 - 기타,승합,남,45세,상해없음,원동기,여,29세,중상
2016112400100516,2016년 11월 24일 18시,목요일,경상남도 김해시 부원동,경상사고,0,0,2,0,차대차 - 기타,안전운전불이행,건조,맑음,단일로 - 기타,승합,여,35세,경상,자전거,남,76세,경상
2016112400100517,2016년 11월 24일 18시,목요일,경상남도 김해시 한림면,경상사고,0,0,2,0,차대차 - 추돌,안전운전불이행,건조,맑음,교차로 - 교차로부근,승합,남,61세,상해없음,승용,남,56세,경상
2016112400100552,2016년 11월 24일 19시,목요일,경상남도 거제시 고현동,중상사고,0,1,0,0,차대차 - 정면충돌,안전운전불이행,건조,맑음,단일로 - 기타,승용,남,46세,상해없음,이륜,남,45세,중상
2016112400100619,2016년 11월 24일 21시,목요일,경상남도 사천시 벌리동,경상사고,0,0,2,0,차대차 - 정면충돌,직진우회전진행방해,건조,맑음,교차로 - 교차로안,승용,남,51세,상해없음,승용,남,46세,상해없음
2016112400100620,2016년 11월 24일 21시,목요일,경상남도 창녕군 창녕읍,경상사고,0,0,1,0,차대차 - 측면직각충돌,기타,건조,맑음,교차로 - 교차로안,승용,남,29세,상해없음,승용,남,49세,경상
2016112400100647,2016년 11월 24일 22시,목요일,경상남도 함안군 가야읍,중상사고,0,1,0,0,차대차 - 측면직각충돌,교차로운행방법위반,건조,맑음,교차로 - 교차로안,승용,여,47세,상해없음,자전거,여,41세,중상
2016112400100648,2016년 11월 24일 22시,목요일,경상남도 김해시 주촌면,중상사고,0,1,0,0,차대차 - 정면충돌,신호위반,건조,맑음,교차로 - 교차로안,승용,남,29세,상해없음,승용,남,23세,중상
2016112500100099,2016년 11월 25일 07시,금요일,경상남도 양산시 신기동,경상사고,0,0,3,0,차대차 - 정면충돌,차로위반,건조,맑음,단일로 - 기타,건설기계,남,56세,상해없음,승용,남,57세,경상
2016112500100136,2016년 11월 25일 08시,금요일,경상남도 밀양시 교동,중상사고,0,1,0,0,차대사람 - 횡단중,보행자보호의무위반,건조,맑음,단일로 - 횡단보도상,승용,여,39세,상해없음,보행자,남,71세,중상
2016112500100182,2016년 11월 25일 10시,금요일,경상남도 창원시 의창구 북면,경상사고,0,0,2,0,차대차 - 측면충돌,안전운전불이행,건조,맑음,단일로 - 기타,화물,남,58세,상해없음,승용,남,54세,경상
2016112500100208,2016년 11월 25일 11시,금요일,경상남도 거제시 장목면,사망사고,1,0,0,0,차량단독 - 전도전복,안전운전불이행,건조,맑음,단일로 - 기타,이륜,남,45세,사망,,,,
2016112500100240,2016년 11월 25일 12시,금요일,경상남도 사천시 정동면,경상사고,0,0,1,0,차대차 - 추돌,기타,건조,맑음,단일로 - 기타,원동기,남,44세,경상,승용,남,51세,상해없음
2016112500100241,2016년 11월 25일 12시,금요일,경상남도 김해시 동상동,경상사고,0,0,2,0,차대차 - 추돌,안전운전불이행,건조,맑음,단일로 - 기타,승용,여,54세,상해없음,승용,남,32세,경상
2016112500100272,2016년 11월 25일 13시,금요일,경상남도 함양군 함양읍,중상사고,0,1,1,0,차대차 - 측면직각충돌,신호위반,건조,맑음,교차로 - 교차로안,화물,남,47세,경상,화물,남,49세,중상
2016112500100273,2016년 11월 25일 13시,금요일,경상남도 양산시 중부동,중상사고,0,1,0,0,차대사람 - 횡단중,보행자보호의무위반,건조,맑음,교차로 - 교차로부근,화물,남,26세,상해없음,보행자,여,67세,중상
2016112500100288,2016년 11월 25일 14시,금요일,경상남도 밀양시 산외면,중상사고,0,2,0,0,차대차 - 측면직각충돌,안전거리미확보,건조,맑음,단일로 - 기타,승용,남,51세,중상,화물,남,47세,상해없음
2016112500100305,2016년 11월 25일 14시,금요일,경상남도 창원시 진해구 경화동,경상사고,0,0,2,0,차대차 - 추돌,안전운전불이행,건조,맑음,단일로 - 기타,승용,남,74세,상해없음,승용,여,71세,경상
2016112500100306,2016년 11월 25일 14시,금요일,경상남도 합천군 적중면,중상사고,0,1,0,0,차대차 - 측면충돌,교차로운행방법위반,건조,맑음,교차로 - 교차로안,특수,남,45세,상해없음,특수,남,41세,중상
2016112500100307,2016년 11월 25일 14시,금요일,경상남도 함안군 대산면,중상사고,0,1,0,0,차대차 - 정면충돌,안전운전불이행,건조,맑음,교차로 - 교차로안,이륜,남,70세,중상,승용,남,68세,상해없음
2016112500100341,2016년 11월 25일 15시,금요일,경상남도 통영시 봉평동,경상사고,0,0,1,0,차대사람 - 횡단중,안전운전불이행,건조,맑음,교차로 - 교차로안,승합,여,43세,상해없음,보행자,남,44세,경상
2016112500100342,2016년 11월 25일 15시,금요일,경상남도 김해시 장유면,경상사고,0,0,1,0,차대사람 - 횡단중,안전운전불이행,건조,맑음,단일로 - 횡단보도상,승용,여,47세,상해없음,보행자,여,8세,경상
2016112500100385,2016년 11월 25일 16시,금요일,경상남도 거창군 마리면,중상사고,0,1,0,0,차대차 - 정면충돌,안전운전불이행,건조,맑음,단일로 - 기타,화물,남,46세,중상,특수,남,59세,상해없음
2016112500100430,2016년 11월 25일 17시,금요일,경상남도 창원시 마산회원구 양덕동,경상사고,0,0,1,0,차대사람 - 횡단중,안전운전불이행,건조,맑음,단일로 - 기타,승용,남,21세,상해없음,보행자,남,15세,경상
2016112500100483,2016년 11월 25일 18시,금요일,경상남도 김해시 구산동,경상사고,0,0,1,0,차대사람 - 횡단중,안전운전불이행,건조,맑음,단일로 - 기타,승용,여,38세,상해없음,보행자,남,48세,경상
2016112500100484,2016년 11월 25일 18시,금요일,경상남도 양산시 북정동,중상사고,0,1,0,0,차대사람 - 횡단중,보행자보호의무위반,건조,맑음,단일로 - 기타,화물,남,65세,상해없음,보행자,여,48세,중상
2016112500100485,2016년 11월 25일 18시,금요일,경상남도 거제시 상동동,중상사고,0,1,0,0,차대사람 - 횡단중,안전운전불이행,건조,맑음,기타 - 기타,승합,남,57세,기타불명,보행자,남,48세,중상
2016112500100486,2016년 11월 25일 18시,금요일,경상남도 창원시 의창구 명서동,부상신고사고,0,0,0,1,차대차 - 기타,안전운전불이행,건조,맑음,단일로 - 기타,기타불명,기타불명,기타불명,기타불명,자전거,남,15세,부상신고