사고번호,사고일시,요일,시군구,사고내용,사망자수,중상자수,경상자수,부상신고자수,사고유형,법규위반,노면상태,기상상태,도로형태,가해운전자 차종,가해운전자 성별,가해운전자 연령,가해운전자 상해정도,피해운전자 차종,피해운전자 성별,피해운전자 연령,피해운전자 상해정도
2016112500100487,2016년 11월 25일 18시,금요일,경상남도 김해시 진영읍,경상사고,0,0,2,0,차대차 - 추돌,안전운전불이행,건조,맑음,단일로 - 기타,승용,남,54세,상해없음,화물,남,36세,경상
2016112500100537,2016년 11월 25일 19시,금요일,경상남도 사천시 사남면,중상사고,0,1,0,2,차대차 - 측면직각충돌,교차로운행방법위반,건조,맑음,교차로 - 교차로부근,승용,남,27세,상해없음,승용,남,48세,중상
2016112500100538,2016년 11월 25일 19시,금요일,경상남도 김해시 구산동,중상사고,0,1,0,0,차대차 - 추돌,안전운전불이행,건조,맑음,단일로 - 기타,원동기,남,28세,중상,승용,남,59세,상해없음
2016112500100539,2016년 11월 25일 19시,금요일,경상남도 양산시 주남동,경상사고,0,0,1,1,차대차 - 측면충돌,기타,건조,맑음,단일로 - 기타,승용,남,25세,부상신고,승용,남,56세,경상
2016112500100575,2016년 11월 25일 20시,금요일,경상남도 함안군 칠원읍,경상사고,0,0,1,0,차대차 - 측면충돌,신호위반,건조,맑음,교차로 - 교차로안,승용,여,58세,상해없음,화물,남,45세,경상
2016112500100576,2016년 11월 25일 20시,금요일,경상남도 창원시 마산회원구 구암동,경상사고,0,0,1,0,차대차 - 측면충돌,신호위반,건조,맑음,교차로 - 교차로안,승용,여,28세,상해없음,승용,남,55세,경상
2016112500100577,2016년 11월 25일 20시,금요일,경상남도 창원시 의창구 봉곡동,경상사고,0,0,1,0,차대차 - 측면충돌,안전거리미확보,건조,맑음,교차로 - 교차로안,승용,여,38세,상해없음,이륜,남,17세,경상
2016112500100617,2016년 11월 25일 21시,금요일,경상남도 통영시 북신동,중상사고,0,1,2,0,차대차 - 측면직각충돌,안전운전불이행,건조,맑음,단일로 - 기타,승용,남,30세,상해없음,승용,여,47세,중상
2016112500100618,2016년 11월 25일 21시,금요일,경상남도 밀양시 하남읍,경상사고,0,0,2,0,차대차 - 정면충돌,중앙선침범,건조,맑음,단일로 - 기타,승용,여,43세,상해없음,승용,남,58세,경상
2016112500100619,2016년 11월 25일 21시,금요일,경상남도 양산시 물금읍,경상사고,0,0,2,0,차대차 - 기타,교차로운행방법위반,건조,맑음,교차로 - 교차로안,승용,여,24세,경상,승용,남,35세,경상
2016112500100667,2016년 11월 25일 22시,금요일,경상남도 거제시 연초면,중상사고,0,1,0,0,차대차 - 측면충돌,안전운전불이행,건조,맑음,단일로 - 기타,이륜,남,18세,상해없음,자전거,남,36세,중상
2016112500100668,2016년 11월 25일 22시,금요일,경상남도 창원시 마산회원구 양덕동,중상사고,0,1,0,0,차대차 - 정면충돌,신호위반,건조,맑음,교차로 - 교차로안,승용,남,47세,상해없음,승용,남,56세,중상
2016112500100694,2016년 11월 25일 23시,금요일,경상남도 사천시 서포면,경상사고,0,0,2,0,차량단독 - 공작물충돌,안전운전불이행,건조,맑음,단일로 - 기타,승용,여,23세,상해없음,,,,
2016112600100022,2016년 11월 26일 00시,토요일,경상남도 통영시 도천동,경상사고,0,0,4,0,차대차 - 추돌,안전운전불이행,건조,맑음,교차로 - 교차로부근,승용,여,43세,상해없음,승용,남,33세,경상
2016112600100023,2016년 11월 26일 00시,토요일,경상남도 김해시 상동면,사망사고,1,0,0,0,차량단독 - 공작물충돌,안전운전불이행,건조,맑음,단일로 - 기타,승용,남,37세,사망,,,,
2016112600100043,2016년 11월 26일 01시,토요일,경상남도 사천시 벌리동,부상신고사고,0,0,0,1,차대차 - 측면충돌,신호위반,건조,맑음,교차로 - 교차로안,승용,남,28세,상해없음,화물,남,47세,부상신고
2016112600100076,2016년 11월 26일 03시,토요일,경상남도 김해시 진례면,경상사고,0,0,1,0,차대차 - 추돌,안전운전불이행,건조,맑음,단일로 - 기타,승용,남,27세,상해없음,화물,남,34세,경상
2016112600100097,2016년 11월 26일 05시,토요일,경상남도 창원시 성산구 남산동,중상사고,0,1,2,0,차대차 - 기타,안전운전불이행,건조,맑음,교차로 - 교차로안,승용,남,24세,상해없음,승용,남,37세,경상
2016112600100110,2016년 11월 26일 06시,토요일,경상남도 산청군 산청읍,중상사고,0,1,0,0,차량단독 - 전도전복,안전운전불이행,건조,맑음,단일로 - 기타,이륜,여,77세,중상,,,,
2016112600100111,2016년 11월 26일 06시,토요일,경상남도 창원시 의창구 팔용동,중상사고,0,1,2,0,차대차 - 추돌,안전운전불이행,건조,맑음,단일로 - 기타,승용,여,41세,상해없음,승용,남,50세,중상
2016112600100124,2016년 11월 26일 07시,토요일,경상남도 김해시 어방동,중상사고,0,1,0,1,차대차 - 추돌,안전운전불이행,건조,맑음,단일로 - 기타,승용,여,47세,부상신고,승용,여,51세,중상
2016112600100143,2016년 11월 26일 08시,토요일,경상남도 밀양시 삼문동,경상사고,0,0,2,0,차대차 - 측면직각충돌,안전거리미확보,건조,맑음,단일로 - 기타,화물,남,47세,상해없음,승용,남,67세,경상
2016112600100152,2016년 11월 26일 09시,토요일,경상남도 고성군 고성읍,경상사고,0,0,1,0,차대사람 - 길가장자리구역통행중,안전운전불이행,건조,맑음,단일로 - 기타,승용,여,39세,상해없음,보행자,여,60세,경상
2016112600100199,2016년 11월 26일 11시,토요일,경상남도 창원시 의창구 명서동,경상사고,0,0,2,0,차대차 - 추돌,안전운전불이행,건조,흐림,단일로 - 기타,승용,남,24세,상해없음,승용,남,42세,경상
2016112600100229,2016년 11월 26일 12시,토요일,경상남도 진주시 정촌면,경상사고,0,0,1,0,차대차 - 추돌,안전운전불이행,건조,맑음,단일로 - 기타,화물,남,39세,상해없음,이륜,남,18세,경상
2016112600100260,2016년 11월 26일 13시,토요일,경상남도 양산시 하북면,중상사고,0,1,0,0,차대차 - 측면직각충돌,중앙선침범,건조,맑음,기타 - 기타,승용,남,53세,상해없음,승용,남,43세,중상
2016112600100291,2016년 11월 26일 14시,토요일,경상남도 남해군 삼동면,중상사고,0,1,0,0,차대차 - 측면충돌,기타,습기,비,교차로 - 교차로안,승용,여,55세,상해없음,이륜,남,80세,중상
2016112600100335,2016년 11월 26일 15시,토요일,경상남도 함양군 함양읍,경상사고,0,0,1,0,차대사람 - 차도통행중,안전운전불이행,습기,맑음,단일로 - 기타,화물,남,66세,상해없음,보행자,남,51세,경상
2016112600100336,2016년 11월 26일 15시,토요일,경상남도 양산시 물금읍,경상사고,0,0,1,0,차대차 - 정면충돌,안전운전불이행,습기,비,교차로 - 교차로안,이륜,남,63세,상해없음,이륜,남,25세,경상
2016112600100337,2016년 11월 26일 15시,토요일,경상남도 창원시 성산구 상남동,경상사고,0,0,1,0,차대차 - 기타,안전운전불이행,건조,맑음,단일로 - 기타,승용,남,20세,상해없음,승용,남,57세,경상
2016112600100373,2016년 11월 26일 16시,토요일,경상남도 김해시 진영읍,경상사고,0,0,1,0,차대차 - 측면직각충돌,안전운전불이행,건조,맑음,교차로 - 교차로부근,승용,남,49세,상해없음,승용,남,26세,경상
2016112600100429,2016년 11월 26일 17시,토요일,경상남도 사천시 벌리동,중상사고,0,1,0,1,차대사람 - 차도통행중,안전운전불이행,습기,비,단일로 - 기타,승용,남,67세,상해없음,보행자,여,13세,부상신고
2016112600100430,2016년 11월 26일 17시,토요일,경상남도 거제시 옥포동,경상사고,0,0,1,0,차대차 - 추돌,안전운전불이행,습기,비,단일로 - 기타,승용,남,61세,상해없음,건설기계,남,56세,경상
2016112600100431,2016년 11월 26일 17시,토요일,경상남도 거제시 장평동,중상사고,0,1,1,0,차대차 - 추돌,안전운전불이행,습기,비,단일로 - 기타,승합,남,54세,상해없음,승용,남,53세,중상
2016112600100501,2016년 11월 26일 18시,토요일,경상남도 창원시 마산합포구 상남동,중상사고,0,1,0,0,차대사람 - 횡단중,보행자보호의무위반,습기,비,단일로 - 기타,승용,남,36세,상해없음,보행자,남,68세,중상
2016112600100502,2016년 11월 26일 18시,토요일,경상남도 양산시 중부동,부상신고사고,0,0,0,1,차대차 - 정면충돌,안전운전불이행,습기,비,교차로 - 교차로안,승용,남,46세,상해없음,이륜,남,44세,부상신고
2016112600100503,2016년 11월 26일 18시,토요일,경상남도 거제시 고현동,경상사고,0,0,1,0,차대차 - 추돌,안전운전불이행,습기,비,단일로 - 기타,승용,남,54세,상해없음,승용,남,57세,경상
2016112600100504,2016년 11월 26일 18시,토요일,경상남도 창원시 성산구 상남동,중상사고,0,1,0,0,차대사람 - 횡단중,보행자보호의무위반,습기,흐림,교차로 - 교차로안,승용,남,26세,상해없음,보행자,여,41세,중상
2016112600100574,2016년 11월 26일 19시,토요일,경상남도 김해시 불암동,중상사고,0,1,0,0,차대사람 - 횡단중,안전운전불이행,습기,비,단일로 - 기타,승용,여,55세,상해없음,보행자,남,64세,중상
2016112600100575,2016년 11월 26일 19시,토요일,경상남도 양산시 물금읍,경상사고,0,0,1,0,차대차 - 추돌,안전운전불이행,건조,맑음,교차로 - 교차로부근,승용,남,46세,기타불명,승용,남,30세,경상
2016112600100576,2016년 11월 26일 19시,토요일,경상남도 김해시 진영읍,경상사고,0,0,1,0,차대사람 - 횡단중,안전운전불이행,건조,흐림,교차로 - 교차로안,승용,남,28세,상해없음,보행자,남,41세,경상
2016112600100626,2016년 11월 26일 20시,토요일,경상남도 김해시 삼계동,경상사고,0,0,1,0,차량단독 - 전도전복,안전운전불이행,습기,흐림,교차로 - 교차로안,이륜,남,37세,경상,,,,
2016112600100627,2016년 11월 26일 20시,토요일,경상남도 함안군 칠원읍,중상사고,0,2,2,0,차대차 - 추돌,안전운전불이행,습기,비,단일로 - 기타,승용,여,21세,상해없음,승용,남,59세,중상
2016112600100659,2016년 11월 26일 21시,토요일,경상남도 창원시 마산합포구 창포동3가,경상사고,0,0,1,0,차대사람 - 횡단중,안전운전불이행,습기,비,교차로 - 교차로안,승용,남,29세,상해없음,보행자,여,61세,경상
2016112600100660,2016년 11월 26일 21시,토요일,경상남도 김해시 삼방동,경상사고,0,0,1,0,차량단독 - 전도전복,안전운전불이행,습기,흐림,교차로 - 교차로안,이륜,남,23세,경상,,,,
2016112600100700,2016년 11월 26일 22시,토요일,경상남도 진주시 상대동,중상사고,0,1,0,0,차대사람 - 횡단중,안전운전불이행,습기,비,단일로 - 횡단보도상,승합,남,60세,상해없음,보행자,남,46세,중상
2016112600100701,2016년 11월 26일 22시,토요일,경상남도 함양군 안의면,중상사고,0,2,0,0,차대차 - 추돌,과속,결빙,기타,단일로 - 기타,승용,남,55세,상해없음,승용,여,52세,중상
2016112600100722,2016년 11월 26일 23시,토요일,경상남도 김해시 내동,경상사고,0,0,1,0,차대차 - 측면직각충돌,안전운전불이행,습기,흐림,교차로 - 교차로안,승용,남,32세,상해없음,승용,남,58세,경상
2016112600100723,2016년 11월 26일 23시,토요일,경상남도 창원시 의창구 봉곡동,중상사고,0,1,1,0,차대차 - 추돌,안전운전불이행,습기,흐림,단일로 - 기타,승용,남,38세,상해없음,승용,여,51세,중상
2016112700100024,2016년 11월 27일 00시,일요일,경상남도 창원시 마산합포구 동성동,중상사고,0,4,0,0,차대차 - 측면직각충돌,신호위반,건조,흐림,교차로 - 교차로안,승용,남,25세,상해없음,승용,남,58세,중상
2016112700100025,2016년 11월 27일 00시,일요일,경상남도 거제시 고현동,경상사고,0,0,1,0,차대차 - 측면충돌,안전운전불이행,습기,비,교차로 - 교차로안,승용,여,45세,상해없음,이륜,여,23세,경상
2016112700100026,2016년 11월 27일 00시,일요일,경상남도 거제시 옥포동,경상사고,0,0,2,0,차대사람 - 횡단중,보행자보호의무위반,습기,비,교차로 - 교차로부근,승용,여,57세,상해없음,보행자,남,28세,경상
2016112700100044,2016년 11월 27일 01시,일요일,경상남도 거제시 고현동,중상사고,0,1,2,0,차대차 - 측면충돌,신호위반,습기,비,교차로 - 교차로안,승용,여,30세,경상,화물,남,51세,경상
2016112700100076,2016년 11월 27일 04시,일요일,경상남도 거제시 장평동,중상사고,0,1,0,0,차대사람 - 차도통행중,안전운전불이행,습기,비,교차로 - 교차로부근,승용,남,46세,상해없음,보행자,남,25세,중상
2016112700100106,2016년 11월 27일 06시,일요일,경상남도 함양군 수동면,중상사고,0,1,0,0,차량단독 - 전도전복,안전운전불이행,결빙,맑음,단일로 - 기타,승용,남,48세,중상,,,,
2016112700100107,2016년 11월 27일 06시,일요일,경상남도 거제시 상동동,경상사고,0,0,3,0,차대차 - 추돌,안전운전불이행,습기,흐림,단일로 - 기타,승용,남,41세,상해없음,승용,남,40세,경상
2016112700100122,2016년 11월 27일 07시,일요일,경상남도 창원시 마산합포구 상남동,경상사고,0,0,1,0,차대차 - 측면직각충돌,안전운전불이행,건조,맑음,단일로 - 기타,승용,남,62세,상해없음,승합,남,34세,상해없음
2016112700100135,2016년 11월 27일 08시,일요일,경상남도 사천시 벌리동,경상사고,0,0,1,0,차대차 - 측면충돌,안전운전불이행,건조,맑음,교차로 - 교차로안,승합,남,47세,상해없음,이륜,남,55세,경상
2016112700100136,2016년 11월 27일 08시,일요일,경상남도 밀양시 상동면,경상사고,0,0,1,0,차대차 - 추돌,중앙선침범,건조,맑음,단일로 - 기타,화물,여,56세,상해없음,화물,남,56세,경상
2016112700100137,2016년 11월 27일 08시,일요일,경상남도 거제시 장목면,경상사고,0,0,1,0,차량단독 - 기타,기타,건조,맑음,단일로 - 기타,승합,남,34세,상해없음,,,,
2016112700100188,2016년 11월 27일 11시,일요일,경상남도 통영시 태평동,중상사고,0,1,0,0,차대사람 - 횡단중,안전운전불이행,건조,맑음,단일로 - 기타,승용,남,36세,상해없음,보행자,남,77세,중상
2016112700100204,2016년 11월 27일 12시,일요일,경상남도 창원시 마산회원구 합성동,경상사고,0,0,2,0,차대차 - 측면직각충돌,중앙선침범,건조,맑음,교차로 - 교차로부근,승용,남,22세,상해없음,승용,남,32세,경상
2016112700100248,2016년 11월 27일 14시,일요일,경상남도 김해시 외동,부상신고사고,0,0,0,1,차량단독 - 기타,안전운전불이행,건조,맑음,단일로 - 기타,원동기,남,10세,부상신고,,,,
2016112700100318,2016년 11월 27일 16시,일요일,경상남도 고성군 고성읍,경상사고,0,0,2,0,차대차 - 정면충돌,중앙선침범,건조,흐림,단일로 - 기타,승용,여,52세,상해없음,승용,남,71세,경상
2016112700100327,2016년 11월 27일 17시,일요일,경상남도 밀양시 상남면,중상사고,0,3,3,0,차대차 - 추돌,안전거리미확보,건조,맑음,단일로 - 기타,승용,남,45세,상해없음,승용,여,54세,중상
2016112700100343,2016년 11월 27일 17시,일요일,경상남도 창원시 마산합포구 구산면,경상사고,0,0,3,0,차대차 - 측면충돌,안전운전불이행,기타,맑음,단일로 - 기타,승용,여,59세,경상,승합,여,52세,경상
2016112700100344,2016년 11월 27일 17시,일요일,경상남도 고성군 마암면,경상사고,0,0,1,0,차대차 - 기타,안전거리미확보,건조,맑음,단일로 - 기타,승용,여,38세,상해없음,화물,여,68세,경상
2016112700100383,2016년 11월 27일 18시,일요일,경상남도 창원시 마산합포구 월영동,경상사고,0,0,3,0,차대차 - 추돌,안전운전불이행,건조,맑음,단일로 - 기타,승용,남,43세,상해없음,승용,여,48세,경상
2016112700100415,2016년 11월 27일 19시,일요일,경상남도 창원시 진해구 석동,중상사고,0,1,0,0,차대차 - 측면직각충돌,직진우회전진행방해,건조,맑음,교차로 - 교차로안,원동기,남,58세,상해없음,이륜,남,47세,중상
2016112700100416,2016년 11월 27일 19시,일요일,경상남도 합천군 야로면,사망사고,1,0,0,0,차대사람 - 횡단중,안전운전불이행,건조,맑음,단일로 - 기타,승용,여,43세,상해없음,보행자,남,62세,사망
2016112700100417,2016년 11월 27일 19시,일요일,경상남도 창원시 의창구 중동,경상사고,0,0,1,0,차대사람 - 길가장자리구역통행중,안전운전불이행,건조,맑음,단일로 - 기타,승용,남,28세,상해없음,보행자,여,56세,경상
2016112700100418,2016년 11월 27일 19시,일요일,경상남도 김해시 진영읍,경상사고,0,0,1,0,차대차 - 측면직각충돌,안전운전불이행,건조,맑음,기타 - 기타,화물,남,54세,상해없음,승용,여,31세,경상
2016112700100443,2016년 11월 27일 20시,일요일,경상남도 양산시 중부동,경상사고,0,0,1,0,차대차 - 정면충돌,중앙선침범,건조,맑음,단일로 - 기타,승용,남,23세,상해없음,승용,여,52세,경상
2016112700100467,2016년 11월 27일 21시,일요일,경상남도 통영시 봉평동,중상사고,0,1,0,0,차대사람 - 횡단중,안전운전불이행,건조,맑음,교차로 - 교차로안,승용,남,28세,상해없음,보행자,남,63세,중상
2016112800100011,2016년 11월 28일 01시,월요일,경상남도 진주시 수곡면,사망사고,1,0,0,0,차대차 - 측면충돌,안전운전불이행,건조,맑음,단일로 - 기타,이륜,남,55세,사망,화물,남,47세,기타불명
2016112800100041,2016년 11월 28일 05시,월요일,경상남도 의령군 용덕면,중상사고,0,1,0,0,차량단독 - 전도전복,안전운전불이행,건조,맑음,단일로 - 기타,화물,남,59세,중상,,,,
2016112800100062,2016년 11월 28일 06시,월요일,경상남도 거제시 장평동,중상사고,0,1,0,0,차대차 - 기타,안전운전불이행,건조,맑음,교차로 - 교차로안,승용,여,46세,상해없음,이륜,남,45세,중상
2016112800100091,2016년 11월 28일 07시,월요일,경상남도 거창군 거창읍,중상사고,0,1,0,0,차대차 - 정면충돌,중앙선침범,건조,맑음,단일로 - 기타,승용,여,65세,상해없음,승용,여,55세,중상
2016112800100092,2016년 11월 28일 07시,월요일,경상남도 김해시 장유면,중상사고,0,1,0,0,차대차 - 측면직각충돌,교차로운행방법위반,건조,맑음,교차로 - 교차로안,승용,여,34세,상해없음,승용,여,24세,중상
2016112800100136,2016년 11월 28일 08시,월요일,경상남도 창원시 마산합포구 수성동,경상사고,0,0,2,0,차대차 - 추돌,안전거리미확보,건조,맑음,단일로 - 기타,승용,여,41세,경상,승합,남,48세,경상
2016112800100137,2016년 11월 28일 08시,월요일,경상남도 진주시 상봉동,중상사고,0,1,0,0,차대사람 - 횡단중,안전운전불이행,건조,맑음,교차로 - 교차로부근,승용,여,24세,상해없음,보행자,여,76세,중상
2016112800100138,2016년 11월 28일 08시,월요일,경상남도 김해시 장유면,경상사고,0,0,1,0,차대차 - 측면직각충돌,안전거리미확보,건조,맑음,단일로 - 기타,승용,남,22세,상해없음,승용,여,36세,경상
2016112800100179,2016년 11월 28일 09시,월요일,경상남도 통영시 광도면,중상사고,0,1,0,0,차대차 - 측면직각충돌,기타,건조,맑음,단일로 - 기타,승합,남,59세,상해없음,이륜,남,70세,중상
2016112800100180,2016년 11월 28일 09시,월요일,경상남도 양산시 동면,사망사고,1,0,0,0,차대차 - 정면충돌,안전운전불이행,건조,맑음,단일로 - 기타,승용,남,21세,상해없음,자전거,여,67세,사망
2016112800100218,2016년 11월 28일 10시,월요일,경상남도 진주시 문산읍,중상사고,0,2,0,0,차대차 - 측면직각충돌,직진우회전진행방해,건조,맑음,교차로 - 교차로안,건설기계,남,55세,상해없음,승용,남,70세,중상
2016112800100219,2016년 11월 28일 10시,월요일,경상남도 양산시 동면,경상사고,0,0,1,0,차대차 - 정면충돌,신호위반,건조,맑음,교차로 - 교차로안,승용,여,65세,상해없음,화물,남,64세,경상
2016112800100220,2016년 11월 28일 10시,월요일,경상남도 양산시 물금읍,경상사고,0,0,1,0,차대사람 - 횡단중,보행자보호의무위반,건조,맑음,교차로 - 교차로안,승합,남,34세,상해없음,보행자,여,71세,경상
2016112800100221,2016년 11월 28일 10시,월요일,경상남도 창원시 의창구 대산면,중상사고,0,1,0,0,차대차 - 측면직각충돌,안전운전불이행,건조,맑음,단일로 - 기타,화물,남,67세,상해없음,자전거,남,83세,중상
2016112800100249,2016년 11월 28일 11시,월요일,경상남도 진주시 중안동,중상사고,0,1,0,0,차대사람 - 횡단중,보행자보호의무위반,건조,맑음,교차로 - 교차로안,승용,여,60세,상해없음,보행자,여,57세,중상
2016112800100250,2016년 11월 28일 11시,월요일,경상남도 창원시 성산구 신촌동,중상사고,0,1,1,0,차대차 - 추돌,안전거리미확보,건조,맑음,교차로 - 교차로부근,승용,남,69세,상해없음,승합,남,40세,경상
2016112800100280,2016년 11월 28일 12시,월요일,경상남도 통영시 무전동,중상사고,0,1,0,0,차대차 - 측면직각충돌,교차로운행방법위반,건조,맑음,교차로 - 교차로안,승용,남,58세,상해없음,승용,여,48세,중상
2016112800100355,2016년 11월 28일 14시,월요일,경상남도 양산시 신기동,중상사고,0,1,0,0,차대차 - 정면충돌,신호위반,건조,맑음,교차로 - 교차로안,승용,남,40세,상해없음,승용,남,30세,중상
2016112800100356,2016년 11월 28일 14시,월요일,경상남도 김해시 진례면,경상사고,0,0,1,0,차대차 - 측면직각충돌,신호위반,건조,맑음,교차로 - 교차로안,화물,남,61세,상해없음,승합,남,51세,경상
2016112800100387,2016년 11월 28일 15시,월요일,경상남도 밀양시 상남면,중상사고,0,1,0,0,차대차 - 측면충돌,교차로운행방법위반,건조,맑음,교차로 - 교차로안,이륜,남,85세,중상,화물,남,42세,상해없음
2016112800100388,2016년 11월 28일 15시,월요일,경상남도 거제시 장평동,경상사고,0,0,1,0,차대사람 - 기타,안전운전불이행,건조,맑음,단일로 - 기타,승용,남,60세,상해없음,보행자,남,22세,경상
2016112800100389,2016년 11월 28일 15시,월요일,경상남도 창원시 마산회원구 구암동,중상사고,0,2,2,0,차대차 - 추돌,안전거리미확보,건조,맑음,단일로 - 기타,승용,여,54세,경상,승용,남,28세,경상
2016112800100425,2016년 11월 28일 16시,월요일,경상남도 창원시 진해구 자은동,중상사고,0,1,0,0,차량단독 - 기타,기타,건조,맑음,기타 - 기타,승합,남,44세,상해없음,,,,
2016112800100426,2016년 11월 28일 16시,월요일,경상남도 밀양시 부북면,중상사고,0,1,0,0,차대차 - 측면직각충돌,안전운전불이행,건조,맑음,교차로 - 교차로안,원동기,여,54세,중상,화물,남,67세,상해없음
2016112800100470,2016년 11월 28일 17시,월요일,경상남도 거제시 고현동,경상사고,0,0,1,0,차대차 - 측면충돌,안전운전불이행,건조,맑음,기타 - 기타,자전거,남,14세,경상,승용,남,47세,상해없음
2016112800100471,2016년 11월 28일 17시,월요일,경상남도 창원시 의창구 팔용동,중상사고,0,1,0,0,차대사람 - 기타,안전운전불이행,건조,맑음,단일로 - 기타,승용,남,39세,상해없음,보행자,여,55세,중상
2016112800100529,2016년 11월 28일 18시,월요일,경상남도 통영시 북신동,중상사고,0,1,0,0,차대사람 - 횡단중,보행자보호의무위반,건조,맑음,단일로 - 횡단보도상,승용,여,53세,상해없음,보행자,남,68세,중상
2016112800100530,2016년 11월 28일 18시,월요일,경상남도 창녕군 남지읍,경상사고,0,0,1,0,차대차 - 기타,안전운전불이행,건조,맑음,단일로 - 기타,승용,여,47세,상해없음,승용,여,40세,경상
2016112800100574,2016년 11월 28일 19시,월요일,경상남도 김해시 진영읍,경상사고,0,0,2,0,차대차 - 추돌,안전운전불이행,건조,맑음,단일로 - 기타,승용,남,38세,상해없음,승용,남,37세,경상
2016112800100575,2016년 11월 28일 19시,월요일,경상남도 김해시 진영읍,중상사고,0,1,0,0,차대사람 - 횡단중,안전운전불이행,건조,맑음,단일로 - 기타,승용,남,31세,상해없음,보행자,남,69세,중상
2016112800100613,2016년 11월 28일 20시,월요일,경상남도 김해시 어방동,경상사고,0,0,1,0,차대사람 - 횡단중,보행자보호의무위반,건조,맑음,단일로 - 횡단보도상,이륜,남,56세,상해없음,보행자,여,20세,경상
2016112800100633,2016년 11월 28일 21시,월요일,경상남도 창원시 진해구 경화동,경상사고,0,0,1,0,차대차 - 측면충돌,교차로운행방법위반,건조,맑음,교차로 - 교차로안,승용,남,36세,상해없음,원동기,여,46세,경상
2016112800100634,2016년 11월 28일 21시,월요일,경상남도 사천시 사천읍,경상사고,0,0,1,0,차대차 - 추돌,직진우회전진행방해,건조,맑음,교차로 - 교차로안,승용,남,53세,상해없음,승용,남,23세,경상
2016112900100014,2016년 11월 29일 01시,화요일,경상남도 진주시 가좌동,중상사고,0,2,0,0,차대차 - 측면충돌,안전운전불이행,건조,맑음,단일로 - 기타,승용,남,64세,상해없음,승용,남,21세,중상
2016112900100023,2016년 11월 29일 02시,화요일,경상남도 사천시 동금동,사망사고,1,0,0,0,차대사람 - 기타,보행자보호의무위반,건조,맑음,단일로 - 기타,승용,남,38세,상해없음,보행자,남,66세,사망
2016112900100030,2016년 11월 29일 03시,화요일,경상남도 거제시 옥포동,중상사고,0,1,2,0,차대차 - 측면충돌,안전운전불이행,건조,맑음,기타 - 기타,승용,남,37세,상해없음,승용,남,52세,경상
2016112900100060,2016년 11월 29일 06시,화요일,경상남도 진주시 장대동,중상사고,0,1,0,0,차대차 - 기타,안전운전불이행,건조,맑음,단일로 - 횡단보도상,승합,남,29세,상해없음,자전거,남,77세,중상
2016112900100061,2016년 11월 29일 06시,화요일,경상남도 김해시 삼계동,중상사고,0,1,1,0,차대차 - 추돌,안전거리미확보,건조,맑음,단일로 - 기타,승용,여,53세,중상,승용,남,33세,상해없음
2016112900100062,2016년 11월 29일 06시,화요일,경상남도 거창군 거창읍,경상사고,0,0,2,0,차대차 - 정면충돌,교차로운행방법위반,건조,맑음,교차로 - 교차로안,승용,여,51세,경상,이륜,남,52세,경상
2016112900100083,2016년 11월 29일 07시,화요일,경상남도 창원시 마산합포구 월포동,중상사고,0,1,0,0,차대차 - 측면충돌,안전운전불이행,건조,맑음,기타 - 기타,승용,남,80세,상해없음,승용,남,64세,중상
2016112900100084,2016년 11월 29일 07시,화요일,경상남도 사천시 사남면,경상사고,0,0,1,0,차대차 - 측면충돌,중앙선침범,건조,맑음,단일로 - 기타,화물,남,34세,상해없음,승합,남,43세,경상
2016112900100085,2016년 11월 29일 07시,화요일,경상남도 거제시 장평동,경상사고,0,0,2,0,차대차 - 측면충돌,안전운전불이행,건조,맑음,기타 - 기타,자전거,남,46세,경상,자전거,남,44세,경상
2016112900100134,2016년 11월 29일 08시,화요일,경상남도 남해군 이동면,중상사고,0,1,1,0,차대차 - 측면충돌,안전운전불이행,건조,맑음,교차로 - 교차로안,승용,남,21세,상해없음,승용,남,46세,중상
2016112900100135,2016년 11월 29일 08시,화요일,경상남도 창원시 의창구 봉곡동,경상사고,0,0,1,0,차대차 - 측면직각충돌,안전운전불이행,건조,맑음,교차로 - 교차로안,승용,남,55세,상해없음,승용,여,32세,경상
2016112900100136,2016년 11월 29일 08시,화요일,경상남도 김해시 장유면,경상사고,0,0,1,0,차대차 - 정면충돌,중앙선침범,건조,맑음,교차로 - 교차로부근,승용,남,60세,상해없음,승용,여,39세,경상
2016112900100181,2016년 11월 29일 09시,화요일,경상남도 산청군 신등면,사망사고,1,0,0,0,차량단독 - 전도전복,안전운전불이행,건조,맑음,단일로 - 기타,이륜,남,68세,사망,,,,
2016112900100182,2016년 11월 29일 09시,화요일,경상남도 창원시 마산회원구 양덕동,중상사고,0,1,0,0,차대사람 - 횡단중,안전운전불이행,건조,맑음,단일로 - 기타,승용,여,43세,상해없음,보행자,여,46세,중상
2016112900100207,2016년 11월 29일 10시,화요일,경상남도 사천시 사천읍,경상사고,0,0,1,0,차대사람 - 횡단중,안전운전불이행,건조,맑음,교차로 - 교차로안,승용,여,43세,상해없음,보행자,남,67세,경상
2016112900100208,2016년 11월 29일 10시,화요일,경상남도 양산시 물금읍,경상사고,0,0,1,0,차대차 - 측면충돌,교차로운행방법위반,건조,맑음,교차로 - 교차로안,특수,남,36세,상해없음,승용,여,41세,경상