사고번호,사고일시,요일,시군구,사고내용,사망자수,중상자수,경상자수,부상신고자수,사고유형,법규위반,노면상태,기상상태,도로형태,가해운전자 차종,가해운전자 성별,가해운전자 연령,가해운전자 상해정도,피해운전자 차종,피해운전자 성별,피해운전자 연령,피해운전자 상해정도
2016112900100209,2016년 11월 29일 10시,화요일,경상남도 창원시 의창구 팔용동,경상사고,0,0,3,0,차대차 - 측면직각충돌,차로위반,건조,맑음,단일로 - 기타,승용,남,58세,상해없음,승용,남,45세,경상
2016112900100235,2016년 11월 29일 11시,화요일,경상남도 창원시 진해구 안골동,경상사고,0,0,2,0,차대차 - 측면직각충돌,안전운전불이행,건조,맑음,단일로 - 기타,승합,남,67세,상해없음,승용,남,78세,경상
2016112900100236,2016년 11월 29일 11시,화요일,경상남도 사천시 서포면,중상사고,0,1,0,0,차대차 - 측면충돌,안전운전불이행,건조,맑음,단일로 - 기타,승용,여,28세,상해없음,농기계,남,75세,중상
2016112900100237,2016년 11월 29일 11시,화요일,경상남도 양산시 동면,중상사고,0,1,0,1,차량단독 - 공작물충돌,안전운전불이행,건조,맑음,단일로 - 기타,화물,남,43세,부상신고,,,,
2016112900100267,2016년 11월 29일 12시,화요일,경상남도 양산시 하북면,부상신고사고,0,0,0,1,차대차 - 기타,직진우회전진행방해,건조,맑음,교차로 - 교차로부근,승용,여,63세,상해없음,승용,여,46세,부상신고
2016112900100298,2016년 11월 29일 13시,화요일,경상남도 창원시 진해구 석동,부상신고사고,0,0,0,1,차대차 - 측면직각충돌,직진우회전진행방해,건조,맑음,교차로 - 교차로안,승용,남,73세,상해없음,승용,여,39세,부상신고
2016112900100299,2016년 11월 29일 13시,화요일,경상남도 거제시 연초면,중상사고,0,1,0,0,차대차 - 정면충돌,안전운전불이행,건조,맑음,단일로 - 기타,승용,여,37세,상해없음,승용,여,56세,상해없음
2016112900100327,2016년 11월 29일 14시,화요일,경상남도 김해시 부원동,경상사고,0,0,1,0,차대차 - 기타,안전운전불이행,건조,맑음,교차로 - 교차로안,원동기,남,74세,경상,승용,남,45세,상해없음
2016112900100328,2016년 11월 29일 14시,화요일,경상남도 산청군 신안면,중상사고,0,1,0,0,차대차 - 추돌,안전운전불이행,건조,맑음,단일로 - 기타,화물,남,66세,상해없음,이륜,남,79세,중상
2016112900100329,2016년 11월 29일 14시,화요일,경상남도 산청군 신안면,중상사고,0,1,1,0,차대차 - 추돌,안전거리미확보,건조,맑음,단일로 - 기타,건설기계,남,64세,상해없음,화물,남,56세,중상
2016112900100330,2016년 11월 29일 14시,화요일,경상남도 창원시 의창구 도계동,경상사고,0,0,1,0,차대차 - 측면충돌,안전운전불이행,건조,맑음,교차로 - 교차로안,이륜,남,41세,경상,승용,남,55세,상해없음
2016112900100366,2016년 11월 29일 15시,화요일,경상남도 창원시 진해구 덕산동,중상사고,0,1,1,0,차대차 - 추돌,안전운전불이행,건조,맑음,교차로 - 교차로안,승용,남,44세,상해없음,승용,남,56세,경상
2016112900100367,2016년 11월 29일 15시,화요일,경상남도 창원시 진해구 석동,중상사고,0,1,0,0,차대사람 - 길가장자리구역통행중,안전운전불이행,건조,맑음,교차로 - 교차로안,승용,여,48세,상해없음,보행자,여,70세,중상
2016112900100368,2016년 11월 29일 15시,화요일,경상남도 밀양시 무안면,중상사고,0,1,1,0,차대차 - 추돌,안전운전불이행,건조,맑음,단일로 - 기타,승용,남,65세,상해없음,승용,남,77세,경상
2016112900100369,2016년 11월 29일 15시,화요일,경상남도 창원시 마산회원구 양덕동,경상사고,0,0,1,0,차대차 - 측면충돌,안전운전불이행,건조,맑음,교차로 - 교차로안,이륜,남,33세,상해없음,자전거,남,53세,경상
2016112900100449,2016년 11월 29일 17시,화요일,경상남도 통영시 정량동,경상사고,0,0,1,0,차대차 - 측면직각충돌,직진우회전진행방해,건조,맑음,교차로 - 교차로안,화물,남,68세,상해없음,승용,여,58세,경상
2016112900100450,2016년 11월 29일 17시,화요일,경상남도 사천시 벌리동,중상사고,0,1,0,0,차대차 - 측면충돌,직진우회전진행방해,건조,맑음,교차로 - 교차로안,승용,남,52세,상해없음,이륜,여,41세,중상
2016112900100497,2016년 11월 29일 18시,화요일,경상남도 통영시 무전동,중상사고,0,1,0,0,차대사람 - 횡단중,안전운전불이행,건조,맑음,단일로 - 기타,승용,남,61세,상해없음,보행자,여,44세,중상
2016112900100498,2016년 11월 29일 18시,화요일,경상남도 김해시 외동,경상사고,0,0,2,1,차대차 - 추돌,안전거리미확보,건조,맑음,단일로 - 기타,승용,남,63세,상해없음,화물,남,57세,경상
2016112900100499,2016년 11월 29일 18시,화요일,경상남도 김해시 삼정동,경상사고,0,0,1,0,차대차 - 기타,안전운전불이행,습기,흐림,교차로 - 교차로안,승용,남,48세,기타불명,이륜,남,17세,경상
2016112900100500,2016년 11월 29일 18시,화요일,경상남도 남해군 남면,중상사고,0,1,0,0,차대차 - 측면충돌,안전운전불이행,건조,맑음,교차로 - 교차로안,승용,남,30세,상해없음,원동기,남,55세,중상
2016112900100539,2016년 11월 29일 19시,화요일,경상남도 김해시 동상동,경상사고,0,0,2,0,차대차 - 기타,안전운전불이행,건조,맑음,단일로 - 기타,특수,남,47세,상해없음,승용,남,49세,경상
2016112900100540,2016년 11월 29일 19시,화요일,경상남도 양산시 북정동,경상사고,0,0,1,0,차대차 - 측면충돌,신호위반,건조,맑음,교차로 - 교차로안,승용,남,42세,상해없음,승용,남,50세,경상
2016112900100541,2016년 11월 29일 19시,화요일,경상남도 거제시 장평동,경상사고,0,0,4,0,차대차 - 추돌,차로위반,건조,맑음,단일로 - 기타,승용,여,65세,상해없음,승용,여,37세,경상
2016112900100576,2016년 11월 29일 20시,화요일,경상남도 거창군 위천면,경상사고,0,0,1,0,차대차 - 기타,안전운전불이행,건조,맑음,단일로 - 기타,이륜,여,49세,경상,승용,여,51세,상해없음
2016112900100602,2016년 11월 29일 21시,화요일,경상남도 김해시 안동,경상사고,0,0,1,0,차대차 - 측면직각충돌,신호위반,건조,맑음,교차로 - 교차로안,승용,여,45세,상해없음,승합,여,55세,경상
2016112900100603,2016년 11월 29일 21시,화요일,경상남도 김해시 삼계동,경상사고,0,0,1,0,차대차 - 기타,안전거리미확보,건조,맑음,단일로 - 기타,이륜,남,40세,경상,화물,남,23세,상해없음
2016112900100627,2016년 11월 29일 22시,화요일,경상남도 김해시 안동,중상사고,0,2,1,0,차량단독 - 전도전복,안전운전불이행,건조,맑음,단일로 - 기타,승합,남,57세,중상,,,,
2016112900100628,2016년 11월 29일 22시,화요일,경상남도 양산시 북부동,중상사고,0,1,0,1,차대차 - 측면충돌,직진우회전진행방해,건조,맑음,교차로 - 교차로부근,승용,여,47세,부상신고,승용,여,29세,중상
2016112900100650,2016년 11월 29일 23시,화요일,경상남도 창원시 진해구 자은동,중상사고,0,1,0,0,차대사람 - 차도통행중,안전운전불이행,건조,맑음,기타 - 기타,승용,남,58세,상해없음,보행자,남,51세,중상
2016113000100068,2016년 11월 30일 06시,수요일,경상남도 창원시 진해구 안골동,경상사고,0,0,1,0,차대사람 - 횡단중,안전운전불이행,건조,맑음,교차로 - 교차로부근,기타불명,기타불명,기타불명,기타불명,보행자,남,78세,경상
2016113000100070,2016년 11월 30일 06시,수요일,경상남도 거제시 연초면,중상사고,0,1,0,0,차대차 - 정면충돌,교차로운행방법위반,습기,흐림,교차로 - 교차로안,승용,남,60세,상해없음,이륜,남,32세,중상
2016113000100093,2016년 11월 30일 07시,수요일,경상남도 김해시 장유면,중상사고,0,1,0,0,차대사람 - 횡단중,안전운전불이행,건조,맑음,단일로 - 기타,승용,남,46세,상해없음,보행자,남,16세,중상
2016113000100122,2016년 11월 30일 08시,수요일,경상남도 거제시 일운면,경상사고,0,0,1,0,차대차 - 측면충돌,중앙선침범,습기,흐림,단일로 - 기타,승용,남,64세,상해없음,승용,여,42세,경상
2016113000100154,2016년 11월 30일 09시,수요일,경상남도 창원시 마산합포구 오동동,경상사고,0,0,1,0,차대차 - 추돌,안전운전불이행,건조,맑음,단일로 - 기타,화물,남,47세,상해없음,승용,여,53세,경상
2016113000100155,2016년 11월 30일 09시,수요일,경상남도 사천시 축동면,중상사고,0,1,0,0,차대차 - 기타,중앙선침범,건조,맑음,단일로 - 기타,화물,남,68세,기타불명,승합,남,47세,상해없음
2016113000100156,2016년 11월 30일 09시,수요일,경상남도 거제시 아주동,경상사고,0,0,1,0,차대차 - 기타,안전운전불이행,건조,맑음,단일로 - 기타,이륜,남,32세,경상,승용,남,39세,상해없음
2016113000100178,2016년 11월 30일 10시,수요일,경상남도 진주시 인사동,중상사고,0,1,0,0,차대차 - 기타,안전운전불이행,습기,비,교차로 - 교차로부근,자전거,남,49세,중상,화물,남,30세,상해없음
2016113000100179,2016년 11월 30일 10시,수요일,경상남도 통영시 무전동,경상사고,0,0,1,0,차대차 - 측면직각충돌,안전운전불이행,건조,맑음,단일로 - 기타,승용,여,54세,상해없음,승용,여,36세,경상
2016113000100219,2016년 11월 30일 12시,수요일,경상남도 김해시 삼정동,경상사고,0,0,1,0,차대차 - 기타,안전거리미확보,건조,맑음,단일로 - 기타,승용,남,54세,상해없음,승용,여,35세,경상
2016113000100220,2016년 11월 30일 12시,수요일,경상남도 창원시 성산구 반지동,중상사고,0,1,0,0,차대차 - 측면충돌,안전운전불이행,습기,비,교차로 - 교차로부근,화물,남,39세,상해없음,이륜,남,53세,중상
2016113000100242,2016년 11월 30일 13시,수요일,경상남도 진주시 내동면,중상사고,0,1,0,0,차대차 - 추돌,안전운전불이행,건조,맑음,교차로 - 교차로부근,화물,남,55세,상해없음,승용,여,62세,중상
2016113000100271,2016년 11월 30일 14시,수요일,경상남도 남해군 창선면,중상사고,0,3,0,0,차대차 - 측면충돌,안전운전불이행,건조,맑음,교차로 - 교차로부근,화물,남,61세,상해없음,농기계,남,78세,중상
2016113000100307,2016년 11월 30일 15시,수요일,경상남도 양산시 동면,경상사고,0,0,1,0,차대차 - 정면충돌,안전운전불이행,건조,맑음,교차로 - 교차로부근,승합,남,43세,상해없음,승용,여,55세,경상
2016113000100308,2016년 11월 30일 15시,수요일,경상남도 김해시 전하동,사망사고,1,0,0,0,차대차 - 측면직각충돌,교차로운행방법위반,건조,흐림,교차로 - 교차로안,자전거,여,61세,사망,화물,남,69세,상해없음
2016113000100378,2016년 11월 30일 17시,수요일,경상남도 진주시 동성동,중상사고,0,2,0,0,차대차 - 정면충돌,신호위반,습기,비,교차로 - 교차로안,화물,남,37세,중상,승용,남,73세,중상
2016113000100379,2016년 11월 30일 17시,수요일,경상남도 진주시 하대동,중상사고,0,1,0,0,차대사람 - 횡단중,보행자보호의무위반,습기,비,교차로 - 교차로부근,승용,남,27세,상해없음,보행자,남,59세,중상
2016113000100380,2016년 11월 30일 17시,수요일,경상남도 창원시 진해구 충무동,경상사고,0,0,3,0,차대차 - 추돌,안전운전불이행,건조,맑음,기타 - 기타,승용,남,44세,경상,화물,남,37세,경상
2016113000100381,2016년 11월 30일 17시,수요일,경상남도 통영시 봉평동,경상사고,0,0,1,0,차대사람 - 횡단중,안전운전불이행,건조,맑음,단일로 - 기타,승용,남,48세,상해없음,보행자,여,46세,경상
2016113000100382,2016년 11월 30일 17시,수요일,경상남도 거제시 고현동,중상사고,0,1,0,0,차대차 - 측면충돌,안전운전불이행,건조,맑음,단일로 - 기타,이륜,남,47세,중상,승용,여,38세,상해없음
2016113000100383,2016년 11월 30일 17시,수요일,경상남도 거제시 하청면,경상사고,0,0,1,0,차대사람 - 횡단중,안전운전불이행,건조,맑음,단일로 - 횡단보도부근,승용,남,42세,상해없음,보행자,여,35세,경상
2016113000100384,2016년 11월 30일 17시,수요일,경상남도 창원시 의창구 봉곡동,경상사고,0,0,1,0,차대차 - 측면충돌,안전운전불이행,습기,흐림,단일로 - 기타,승용,여,46세,상해없음,자전거,남,9세,경상
2016113000100435,2016년 11월 30일 18시,수요일,경상남도 진주시 금산면,중상사고,0,1,0,0,차대사람 - 횡단중,보행자보호의무위반,습기,비,단일로 - 기타,승용,남,59세,상해없음,보행자,남,74세,중상
2016113000100436,2016년 11월 30일 18시,수요일,경상남도 진주시 진성면,경상사고,0,0,2,0,차대차 - 정면충돌,중앙선침범,습기,비,단일로 - 기타,화물,남,65세,상해없음,화물,여,41세,경상
2016113000100437,2016년 11월 30일 18시,수요일,경상남도 진주시 수정동,중상사고,0,1,0,0,차대사람 - 횡단중,보행자보호의무위반,습기,비,단일로 - 횡단보도상,승용,남,73세,상해없음,보행자,여,79세,중상
2016113000100438,2016년 11월 30일 18시,수요일,경상남도 밀양시 부북면,중상사고,0,1,0,0,차대사람 - 횡단중,안전운전불이행,건조,맑음,단일로 - 기타,승용,남,60세,상해없음,보행자,여,60세,중상
2016113000100439,2016년 11월 30일 18시,수요일,경상남도 밀양시 내이동,중상사고,0,1,0,0,차대사람 - 횡단중,보행자보호의무위반,건조,맑음,단일로 - 횡단보도상,승용,남,42세,상해없음,보행자,여,54세,중상
2016113000100440,2016년 11월 30일 18시,수요일,경상남도 창원시 의창구 용호동,중상사고,0,1,0,0,차대사람 - 횡단중,보행자보호의무위반,건조,맑음,단일로 - 횡단보도상,승용,남,66세,상해없음,보행자,여,47세,중상
2016113000100482,2016년 11월 30일 19시,수요일,경상남도 창원시 성산구 외동,경상사고,0,0,1,0,차대차 - 정면충돌,신호위반,습기,비,교차로 - 교차로안,승용,남,29세,상해없음,이륜,남,42세,경상
2016113000100509,2016년 11월 30일 20시,수요일,경상남도 김해시 삼계동,경상사고,0,0,1,0,차대차 - 측면직각충돌,안전운전불이행,습기,비,단일로 - 횡단보도상,기타불명,기타불명,기타불명,기타불명,자전거,남,13세,경상
2016113000100510,2016년 11월 30일 20시,수요일,경상남도 창원시 성산구 중앙동,경상사고,0,0,1,0,차대차 - 정면충돌,안전운전불이행,건조,맑음,교차로 - 교차로부근,승용,남,51세,상해없음,승용,남,34세,경상
2016113000100540,2016년 11월 30일 21시,수요일,경상남도 김해시 대동면,경상사고,0,0,1,0,차대차 - 측면직각충돌,안전운전불이행,건조,맑음,단일로 - 기타,승용,여,44세,상해없음,화물,남,31세,경상
2016113000100555,2016년 11월 30일 21시,수요일,경상남도 거제시 장평동,경상사고,0,0,1,0,차대사람 - 횡단중,보행자보호의무위반,건조,맑음,단일로 - 횡단보도상,자전거,남,42세,상해없음,보행자,여,44세,경상
2016113000100583,2016년 11월 30일 22시,수요일,경상남도 김해시 어방동,경상사고,0,0,2,0,차대차 - 기타,신호위반,습기,비,교차로 - 교차로안,승용,여,28세,상해없음,승합,남,53세,경상
2016113000100584,2016년 11월 30일 22시,수요일,경상남도 창원시 성산구 가음동,중상사고,0,1,0,0,차대차 - 측면충돌,안전운전불이행,습기,비,단일로 - 기타,승용,남,69세,상해없음,이륜,남,50세,중상
2016113000100625,2016년 11월 30일 23시,수요일,경상남도 양산시 삼호동,경상사고,0,0,2,0,차대차 - 측면충돌,안전운전불이행,건조,맑음,교차로 - 교차로안,승용,남,60세,상해없음,승용,남,32세,경상
2016113000100626,2016년 11월 30일 23시,수요일,경상남도 김해시 장유면,경상사고,0,0,1,0,차대차 - 측면충돌,안전운전불이행,건조,맑음,교차로 - 교차로부근,승용,남,33세,상해없음,승용,남,50세,경상
2016120100100066,2016년 12월 1일 05시,목요일,경상남도 양산시 북정동,중상사고,0,1,0,0,차대차 - 정면충돌,신호위반,건조,맑음,교차로 - 교차로안,원동기,남,37세,중상,승용,남,30세,상해없음
2016120100100087,2016년 12월 1일 06시,목요일,경상남도 양산시 하북면,경상사고,0,0,1,0,차대차 - 정면충돌,안전운전불이행,건조,맑음,단일로 - 기타,화물,남,48세,상해없음,승용,여,37세,경상
2016120100100089,2016년 12월 1일 06시,목요일,경상남도 창원시 의창구 소답동,경상사고,0,0,1,0,차대차 - 측면충돌,신호위반,건조,맑음,교차로 - 교차로안,화물,남,44세,상해없음,화물,남,44세,경상
2016120100100111,2016년 12월 1일 07시,목요일,경상남도 창원시 성산구 외동,경상사고,0,0,1,0,차대사람 - 차도통행중,안전운전불이행,건조,맑음,단일로 - 기타,승용,여,29세,상해없음,보행자,남,53세,경상
2016120100100112,2016년 12월 1일 07시,목요일,경상남도 창원시 마산회원구 내서읍,중상사고,0,1,0,0,차대사람 - 보도통행중,신호위반,건조,맑음,교차로 - 교차로부근,승용,남,75세,상해없음,보행자,남,65세,중상
2016120100100113,2016년 12월 1일 07시,목요일,경상남도 창원시 의창구 동읍,경상사고,0,0,2,0,차대차 - 측면충돌,안전거리미확보,습기,안개,단일로 - 기타,승용,남,38세,상해없음,승용,남,34세,경상
2016120100100154,2016년 12월 1일 08시,목요일,경상남도 창원시 의창구 봉곡동,경상사고,0,0,1,0,차대차 - 측면직각충돌,안전운전불이행,건조,맑음,교차로 - 교차로부근,승용,남,43세,상해없음,승용,남,33세,경상
2016120100100196,2016년 12월 1일 09시,목요일,경상남도 김해시 내동,경상사고,0,0,1,0,차대차 - 측면직각충돌,신호위반,건조,맑음,교차로 - 교차로안,승용,여,43세,상해없음,승합,남,56세,경상
2016120100100197,2016년 12월 1일 09시,목요일,경상남도 창원시 성산구 남양동,경상사고,0,0,1,0,차대사람 - 횡단중,안전운전불이행,건조,맑음,단일로 - 기타,화물,남,54세,상해없음,보행자,여,89세,경상
2016120100100198,2016년 12월 1일 09시,목요일,경상남도 창원시 성산구 가음정동,경상사고,0,0,1,0,차대차 - 측면직각충돌,안전운전불이행,건조,맑음,단일로 - 기타,승용,여,42세,상해없음,승용,여,36세,경상
2016120100100222,2016년 12월 1일 10시,목요일,경상남도 창원시 마산합포구 예곡동,경상사고,0,0,1,0,차대차 - 측면충돌,안전운전불이행,건조,맑음,교차로 - 교차로안,승용,남,57세,상해없음,승용,남,63세,경상
2016120100100223,2016년 12월 1일 10시,목요일,경상남도 통영시 광도면,중상사고,0,1,0,0,차대차 - 정면충돌,신호위반,건조,맑음,교차로 - 교차로안,화물,남,27세,상해없음,화물,남,54세,중상
2016120100100224,2016년 12월 1일 10시,목요일,경상남도 함안군 가야읍,경상사고,0,0,1,0,차대차 - 측면충돌,안전운전불이행,건조,맑음,단일로 - 기타,화물,남,47세,상해없음,승용,여,52세,경상
2016120100100297,2016년 12월 1일 13시,목요일,경상남도 창원시 마산합포구 예곡동,중상사고,0,1,0,0,차대차 - 추돌,안전운전불이행,건조,맑음,교차로 - 교차로부근,승용,남,36세,중상,특수,남,61세,상해없음
2016120100100298,2016년 12월 1일 13시,목요일,경상남도 양산시 북부동,중상사고,0,1,0,0,차대사람 - 횡단중,보행자보호의무위반,건조,맑음,교차로 - 교차로안,승용,남,55세,상해없음,보행자,남,55세,중상
2016120100100332,2016년 12월 1일 14시,목요일,경상남도 통영시 항남동,사망사고,1,0,1,0,차대차 - 추돌,보행자보호의무위반,건조,맑음,교차로 - 교차로부근,화물,남,43세,상해없음,승용,남,80세,상해없음
2016120100100333,2016년 12월 1일 14시,목요일,경상남도 김해시 부원동,중상사고,0,1,0,0,차량단독 - 전도전복,안전운전불이행,건조,맑음,단일로 - 기타,이륜,남,67세,중상,,,,
2016120100100334,2016년 12월 1일 14시,목요일,경상남도 양산시 남부동,경상사고,0,0,1,0,차대사람 - 횡단중,안전운전불이행,건조,맑음,교차로 - 교차로안,화물,남,80세,상해없음,보행자,여,70세,경상
2016120100100335,2016년 12월 1일 14시,목요일,경상남도 김해시 주촌면,경상사고,0,0,1,0,차량단독 - 전도전복,안전운전불이행,건조,맑음,단일로 - 기타,원동기,남,57세,상해없음,,,,
2016120100100367,2016년 12월 1일 15시,목요일,경상남도 의령군 대의면,경상사고,0,0,2,0,차대차 - 기타,중앙선침범,건조,맑음,단일로 - 기타,승용,남,57세,상해없음,승용,남,56세,경상
2016120100100405,2016년 12월 1일 16시,목요일,경상남도 진주시 주약동,중상사고,0,1,0,0,차대차 - 기타,신호위반,건조,맑음,단일로 - 횡단보도상,자전거,남,70세,중상,승용,남,26세,상해없음
2016120100100407,2016년 12월 1일 16시,목요일,경상남도 함안군 칠북면,사망사고,1,0,0,0,차대사람 - 기타,과속,건조,맑음,단일로 - 기타,승용,남,59세,상해없음,보행자,남,50세,사망
2016120100100408,2016년 12월 1일 16시,목요일,경상남도 함안군 가야읍,중상사고,0,1,1,0,차대차 - 측면충돌,신호위반,건조,맑음,교차로 - 교차로안,승용,여,34세,상해없음,승용,남,59세,경상
2016120100100461,2016년 12월 1일 17시,목요일,경상남도 통영시 북신동,중상사고,0,1,0,0,차대차 - 측면직각충돌,교차로운행방법위반,건조,맑음,교차로 - 교차로안,승합,남,57세,상해없음,이륜,남,70세,중상
2016120100100462,2016년 12월 1일 17시,목요일,경상남도 거제시 고현동,중상사고,0,1,0,0,차대차 - 측면충돌,중앙선침범,건조,맑음,단일로 - 기타,승용,남,38세,상해없음,자전거,남,30세,중상
2016120100100463,2016년 12월 1일 17시,목요일,경상남도 창원시 의창구 소답동,경상사고,0,0,1,0,차대차 - 측면직각충돌,안전운전불이행,건조,맑음,단일로 - 기타,화물,남,76세,상해없음,승용,남,49세,경상
2016120100100509,2016년 12월 1일 18시,목요일,경상남도 함양군 함양읍,중상사고,0,1,0,0,차대차 - 측면직각충돌,교차로운행방법위반,건조,맑음,교차로 - 교차로안,승용,여,54세,상해없음,자전거,남,28세,중상
2016120100100510,2016년 12월 1일 18시,목요일,경상남도 양산시 물금읍,경상사고,0,0,1,0,차대차 - 측면충돌,안전운전불이행,건조,맑음,교차로 - 교차로부근,화물,남,67세,상해없음,원동기,남,34세,경상
2016120100100511,2016년 12월 1일 18시,목요일,경상남도 양산시 물금읍,중상사고,0,1,0,0,차대사람 - 횡단중,신호위반,건조,맑음,교차로 - 교차로부근,승용,남,44세,상해없음,보행자,여,15세,중상
2016120100100512,2016년 12월 1일 18시,목요일,경상남도 창원시 의창구 도계동,중상사고,0,1,0,0,차대사람 - 기타,안전운전불이행,건조,맑음,기타 - 기타,화물,남,44세,상해없음,보행자,여,37세,중상
2016120100100547,2016년 12월 1일 19시,목요일,경상남도 창원시 의창구 봉곡동,경상사고,0,0,1,0,차대사람 - 기타,안전운전불이행,건조,맑음,단일로 - 기타,승용,여,47세,상해없음,보행자,여,25세,경상
2016120100100566,2016년 12월 1일 20시,목요일,경상남도 밀양시 삼랑진읍,경상사고,0,0,1,0,차대차 - 기타,안전거리미확보,건조,맑음,단일로 - 기타,승용,남,45세,상해없음,화물,남,45세,상해없음
2016120100100577,2016년 12월 1일 20시,목요일,경상남도 창원시 마산합포구 상남동,경상사고,0,0,1,0,차대차 - 측면충돌,안전운전불이행,건조,맑음,단일로 - 기타,이륜,남,18세,경상,승용,남,61세,상해없음
2016120100100578,2016년 12월 1일 20시,목요일,경상남도 밀양시 하남읍,경상사고,0,0,1,0,차대차 - 정면충돌,안전운전불이행,건조,맑음,교차로 - 교차로부근,화물,남,60세,상해없음,승용,남,23세,경상
2016120100100579,2016년 12월 1일 20시,목요일,경상남도 창녕군 창녕읍,중상사고,0,3,0,0,차대차 - 기타,안전운전불이행,건조,맑음,교차로 - 교차로안,승용,여,24세,중상,승용,남,25세,중상
2016120100100580,2016년 12월 1일 20시,목요일,경상남도 함안군 칠서면,경상사고,0,0,2,0,차대차 - 기타,차로위반,건조,맑음,단일로 - 기타,원동기,여,29세,경상,승용,여,49세,상해없음
2016120100100614,2016년 12월 1일 21시,목요일,경상남도 창원시 진해구 풍호동,경상사고,0,0,1,0,차대사람 - 차도통행중,안전운전불이행,건조,맑음,교차로 - 교차로부근,승합,남,70세,상해없음,보행자,여,70세,경상
2016120100100640,2016년 12월 1일 22시,목요일,경상남도 창원시 마산합포구 신포동1가,경상사고,0,0,1,0,차대사람 - 길가장자리구역통행중,안전운전불이행,건조,맑음,단일로 - 기타,승용,남,43세,상해없음,보행자,남,51세,경상
2016120100100641,2016년 12월 1일 22시,목요일,경상남도 양산시 신기동,중상사고,0,1,0,0,차대차 - 측면충돌,신호위반,건조,맑음,교차로 - 교차로안,원동기,남,17세,중상,승용,남,67세,상해없음
2016120200100044,2016년 12월 2일 03시,금요일,경상남도 진주시 판문동,경상사고,0,0,1,0,차대차 - 측면직각충돌,신호위반,건조,맑음,교차로 - 교차로안,승용,남,38세,상해없음,승용,남,28세,경상
2016120200100045,2016년 12월 2일 03시,금요일,경상남도 양산시 신기동,중상사고,0,1,1,0,차대차 - 정면충돌,직진우회전진행방해,건조,맑음,교차로 - 교차로안,승용,남,31세,상해없음,승합,남,48세,중상
2016120200100066,2016년 12월 2일 05시,금요일,경상남도 창원시 마산합포구 상남동,중상사고,0,1,0,0,차대차 - 정면충돌,안전운전불이행,건조,맑음,교차로 - 교차로부근,승용,남,53세,상해없음,승용,남,64세,중상
2016120200100067,2016년 12월 2일 05시,금요일,경상남도 창원시 성산구 삼정자동,사망사고,1,0,0,0,차량단독 - 기타,안전운전불이행,습기,맑음,기타 - 기타,이륜,남,22세,사망,,,,
2016120200100084,2016년 12월 2일 06시,금요일,경상남도 양산시 물금읍,중상사고,0,1,0,0,차대차 - 추돌,안전운전불이행,건조,맑음,교차로 - 교차로부근,원동기,남,63세,중상,화물,남,48세,상해없음
2016120200100106,2016년 12월 2일 07시,금요일,경상남도 진주시 하대동,중상사고,0,1,0,0,차대사람 - 횡단중,보행자보호의무위반,건조,맑음,단일로 - 횡단보도상,승용,여,41세,상해없음,보행자,여,17세,중상
2016120200100107,2016년 12월 2일 07시,금요일,경상남도 진주시 평거동,경상사고,0,0,1,0,차대차 - 추돌,안전운전불이행,건조,맑음,교차로 - 교차로부근,승용,남,38세,상해없음,승용,남,37세,경상
2016120200100146,2016년 12월 2일 08시,금요일,경상남도 통영시 광도면,중상사고,0,1,0,0,차대차 - 측면직각충돌,신호위반,건조,맑음,교차로 - 교차로안,승용,남,82세,상해없음,승용,남,28세,중상
2016120200100147,2016년 12월 2일 08시,금요일,경상남도 밀양시 내이동,경상사고,0,0,2,0,차대차 - 측면직각충돌,안전운전불이행,건조,맑음,단일로 - 기타,승용,남,36세,상해없음,승용,남,29세,경상
2016120200100148,2016년 12월 2일 08시,금요일,경상남도 함양군 함양읍,중상사고,0,1,0,0,차대차 - 추돌,안전운전불이행,건조,맑음,단일로 - 기타,승용,여,56세,상해없음,승용,남,45세,중상
2016120200100149,2016년 12월 2일 08시,금요일,경상남도 창원시 성산구 가음정동,중상사고,0,1,0,0,차대차 - 측면직각충돌,안전거리미확보,건조,맑음,단일로 - 기타,건설기계,남,54세,상해없음,승용,남,39세,중상
2016120200100150,2016년 12월 2일 08시,금요일,경상남도 김해시 진영읍,경상사고,0,0,1,0,차대차 - 측면충돌,신호위반,건조,맑음,교차로 - 교차로안,화물,남,58세,기타불명,승용,여,56세,경상
2016120200100191,2016년 12월 2일 09시,금요일,경상남도 거제시 고현동,중상사고,0,1,0,0,차대차 - 측면충돌,안전운전불이행,건조,맑음,단일로 - 기타,승용,남,67세,상해없음,승용,여,53세,중상
2016120200100241,2016년 12월 2일 11시,금요일,경상남도 통영시 동호동,중상사고,0,1,0,0,차대차 - 측면직각충돌,직진우회전진행방해,건조,맑음,교차로 - 교차로안,원동기,남,63세,중상,승용,남,28세,상해없음
2016120200100242,2016년 12월 2일 11시,금요일,경상남도 통영시 북신동,경상사고,0,0,1,0,차대차 - 기타,안전운전불이행,건조,맑음,교차로 - 교차로부근,승합,남,58세,상해없음,승용,남,45세,상해없음