사고번호,사고일시,요일,시군구,사고내용,사망자수,중상자수,경상자수,부상신고자수,사고유형,법규위반,노면상태,기상상태,도로형태,가해운전자 차종,가해운전자 성별,가해운전자 연령,가해운전자 상해정도,피해운전자 차종,피해운전자 성별,피해운전자 연령,피해운전자 상해정도
2016120200100243,2016년 12월 2일 11시,금요일,경상남도 고성군 마암면,경상사고,0,0,1,0,차량단독 - 공작물충돌,안전운전불이행,건조,맑음,단일로 - 기타,승용,남,68세,상해없음,,,,
2016120200100244,2016년 12월 2일 11시,금요일,경상남도 함안군 칠원읍,중상사고,0,1,0,0,차량단독 - 전도전복,안전운전불이행,건조,맑음,단일로 - 기타,원동기,남,72세,중상,,,,
2016120200100245,2016년 12월 2일 11시,금요일,경상남도 창원시 마산회원구 석전동,경상사고,0,0,1,0,차대차 - 정면충돌,안전운전불이행,건조,맑음,교차로 - 교차로안,화물,남,58세,상해없음,원동기,남,64세,경상
2016120200100246,2016년 12월 2일 11시,금요일,경상남도 김해시 장유면,중상사고,0,1,0,0,차대차 - 측면충돌,차로위반,건조,맑음,단일로 - 기타,승용,남,27세,상해없음,원동기,남,35세,중상
2016120200100277,2016년 12월 2일 12시,금요일,경상남도 창원시 의창구 북면,중상사고,0,1,0,0,차량단독 - 기타,안전운전불이행,건조,맑음,단일로 - 기타,승합,남,55세,상해없음,,,,
2016120200100308,2016년 12월 2일 13시,금요일,경상남도 창원시 마산합포구 중앙동1가,중상사고,0,1,0,0,차대사람 - 횡단중,안전운전불이행,건조,맑음,단일로 - 기타,승용,여,23세,상해없음,보행자,남,80세,중상
2016120200100309,2016년 12월 2일 13시,금요일,경상남도 창원시 마산합포구 신포동2가,중상사고,0,1,0,0,차대차 - 기타,교차로운행방법위반,건조,맑음,교차로 - 교차로안,이륜,남,53세,상해없음,화물,남,69세,상해없음
2016120200100310,2016년 12월 2일 13시,금요일,경상남도 김해시 내동,중상사고,0,1,2,0,차대차 - 추돌,안전운전불이행,건조,맑음,단일로 - 기타,승용,남,24세,상해없음,승용,남,65세,중상
2016120200100311,2016년 12월 2일 13시,금요일,경상남도 창녕군 창녕읍,중상사고,0,1,0,0,차대차 - 정면충돌,안전운전불이행,건조,맑음,단일로 - 기타,원동기,남,45세,중상,승용,여,51세,상해없음
2016120200100312,2016년 12월 2일 13시,금요일,경상남도 양산시 중부동,경상사고,0,0,1,0,차대사람 - 차도통행중,안전운전불이행,건조,맑음,단일로 - 기타,승용,여,46세,상해없음,보행자,여,55세,경상
2016120200100313,2016년 12월 2일 13시,금요일,경상남도 창원시 마산회원구 내서읍,중상사고,0,1,4,0,차대차 - 추돌,안전운전불이행,건조,맑음,교차로 - 교차로안,승용,여,48세,경상,화물,남,49세,경상
2016120200100314,2016년 12월 2일 13시,금요일,경상남도 창녕군 계성면,사망사고,1,0,1,0,차대차 - 추돌,안전운전불이행,건조,맑음,단일로 - 기타,화물,남,61세,사망,화물,남,42세,상해없음
2016120200100395,2016년 12월 2일 15시,금요일,경상남도 고성군 회화면,경상사고,0,0,1,0,차대차 - 측면직각충돌,교차로운행방법위반,건조,맑음,교차로 - 교차로안,승용,여,57세,상해없음,승용,남,54세,경상
2016120200100396,2016년 12월 2일 15시,금요일,경상남도 산청군 산청읍,부상신고사고,0,0,0,1,차대차 - 측면직각충돌,안전운전불이행,건조,맑음,단일로 - 기타,이륜,남,77세,부상신고,화물,남,48세,상해없음
2016120200100397,2016년 12월 2일 15시,금요일,경상남도 창원시 의창구 명서동,경상사고,0,0,1,0,차대차 - 기타,교차로운행방법위반,건조,맑음,교차로 - 교차로안,승용,남,63세,상해없음,승합,남,64세,기타불명
2016120200100431,2016년 12월 2일 16시,금요일,경상남도 창원시 마산합포구 신포동1가,경상사고,0,0,1,0,차대차 - 측면충돌,신호위반,건조,맑음,교차로 - 교차로안,승용,여,25세,상해없음,자전거,남,75세,경상
2016120200100478,2016년 12월 2일 17시,금요일,경상남도 사천시 사천읍,중상사고,0,1,0,0,차대차 - 측면충돌,신호위반,건조,맑음,교차로 - 교차로부근,승용,남,33세,상해없음,원동기,남,60세,중상
2016120200100547,2016년 12월 2일 18시,금요일,경상남도 통영시 북신동,중상사고,0,1,0,0,차대차 - 추돌,안전운전불이행,습기,맑음,단일로 - 기타,원동기,남,22세,상해없음,농기계,여,53세,중상
2016120200100548,2016년 12월 2일 18시,금요일,경상남도 합천군 대양면,중상사고,0,1,2,0,차대차 - 측면충돌,안전운전불이행,건조,맑음,단일로 - 기타,승용,남,81세,상해없음,승합,남,33세,경상
2016120200100660,2016년 12월 2일 21시,금요일,경상남도 양산시 덕계동,경상사고,0,0,2,0,차대차 - 정면충돌,직진우회전진행방해,건조,맑음,교차로 - 교차로안,승용,남,51세,상해없음,승용,남,60세,경상
2016120200100682,2016년 12월 2일 22시,금요일,경상남도 김해시 장유면,중상사고,0,1,0,0,차대차 - 측면충돌,안전운전불이행,건조,맑음,교차로 - 교차로안,승용,남,51세,상해없음,승용,여,56세,중상
2016120200100711,2016년 12월 2일 23시,금요일,경상남도 김해시 삼방동,경상사고,0,0,1,0,차대사람 - 길가장자리구역통행중,안전운전불이행,건조,맑음,교차로 - 교차로안,승용,여,47세,기타불명,보행자,여,37세,경상
2016120300100020,2016년 12월 3일 00시,토요일,경상남도 진주시 상대동,경상사고,0,0,1,0,차대사람 - 횡단중,안전운전불이행,건조,맑음,단일로 - 횡단보도상,승용,남,27세,상해없음,보행자,남,45세,경상
2016120300100021,2016년 12월 3일 00시,토요일,경상남도 사천시 사천읍,부상신고사고,0,0,0,1,차대차 - 정면충돌,안전운전불이행,건조,맑음,단일로 - 기타,승용,여,51세,부상신고,승용,남,42세,상해없음
2016120300100023,2016년 12월 3일 00시,토요일,경상남도 김해시 흥동,경상사고,0,0,1,0,차대차 - 정면충돌,중앙선침범,건조,맑음,단일로 - 기타,승용,남,28세,상해없음,승용,남,22세,경상
2016120300100046,2016년 12월 3일 01시,토요일,경상남도 창원시 마산합포구 자산동,중상사고,0,1,0,0,차대사람 - 기타,안전운전불이행,건조,맑음,교차로 - 교차로부근,승용,여,66세,상해없음,보행자,남,42세,중상
2016120300100047,2016년 12월 3일 01시,토요일,경상남도 김해시 장유면,중상사고,0,1,0,0,차대사람 - 횡단중,보행자보호의무위반,건조,맑음,교차로 - 교차로부근,승용,남,67세,상해없음,보행자,여,43세,중상
2016120300100103,2016년 12월 3일 05시,토요일,경상남도 창원시 의창구 명서동,중상사고,0,1,1,0,차대차 - 추돌,안전운전불이행,건조,맑음,교차로 - 교차로부근,화물,남,42세,상해없음,승용,남,66세,경상
2016120300100121,2016년 12월 3일 06시,토요일,경상남도 밀양시 내이동,중상사고,0,1,0,0,차대차 - 측면직각충돌,교차로운행방법위반,건조,맑음,교차로 - 교차로안,승용,남,59세,상해없음,원동기,남,58세,중상
2016120300100163,2016년 12월 3일 08시,토요일,경상남도 밀양시 삼문동,중상사고,0,1,0,0,차대차 - 정면충돌,중앙선침범,건조,맑음,단일로 - 기타,자전거,남,84세,중상,승용,여,36세,상해없음
2016120300100164,2016년 12월 3일 08시,토요일,경상남도 창원시 의창구 명서동,부상신고사고,0,0,0,1,차대차 - 측면충돌,안전운전불이행,건조,맑음,교차로 - 교차로안,자전거,여,42세,부상신고,승용,남,65세,상해없음
2016120300100182,2016년 12월 3일 09시,토요일,경상남도 고성군 회화면,경상사고,0,0,1,0,차대차 - 추돌,안전거리미확보,건조,맑음,단일로 - 기타,특수,남,48세,상해없음,승용,남,42세,경상
2016120300100207,2016년 12월 3일 10시,토요일,경상남도 거제시 장목면,사망사고,1,1,0,0,차대사람 - 보도통행중,안전운전불이행,건조,맑음,단일로 - 기타,승용,남,65세,상해없음,보행자,남,9세,사망
2016120300100272,2016년 12월 3일 12시,토요일,경상남도 통영시 북신동,중상사고,0,1,0,0,차대차 - 측면직각충돌,안전운전불이행,건조,맑음,교차로 - 교차로안,승용,남,28세,상해없음,이륜,남,26세,중상
2016120300100273,2016년 12월 3일 12시,토요일,경상남도 밀양시 하남읍,사망사고,1,1,0,0,차대차 - 측면충돌,교차로운행방법위반,건조,맑음,교차로 - 교차로안,화물,남,56세,상해없음,원동기,남,82세,사망
2016120300100274,2016년 12월 3일 12시,토요일,경상남도 합천군 율곡면,중상사고,0,2,4,0,차대차 - 추돌,안전운전불이행,건조,맑음,단일로 - 기타,승용,남,28세,상해없음,승용,여,45세,경상
2016120300100275,2016년 12월 3일 12시,토요일,경상남도 창녕군 영산면,경상사고,0,0,1,0,차대차 - 기타,중앙선침범,건조,맑음,단일로 - 기타,승용,남,55세,상해없음,이륜,남,16세,경상
2016120300100276,2016년 12월 3일 12시,토요일,경상남도 창녕군 부곡면,경상사고,0,0,1,0,차대차 - 기타,안전운전불이행,건조,맑음,단일로 - 기타,승용,남,73세,상해없음,승용,남,54세,상해없음
2016120300100277,2016년 12월 3일 12시,토요일,경상남도 창원시 의창구 동읍,경상사고,0,0,1,0,차대차 - 정면충돌,중앙선침범,건조,맑음,교차로 - 교차로부근,승용,여,57세,상해없음,이륜,남,36세,경상
2016120300100278,2016년 12월 3일 12시,토요일,경상남도 창원시 의창구 팔용동,경상사고,0,0,1,0,차대차 - 기타,안전운전불이행,건조,맑음,교차로 - 교차로안,이륜,남,35세,상해없음,승용,남,39세,경상
2016120300100279,2016년 12월 3일 12시,토요일,경상남도 김해시 진영읍,사망사고,1,0,1,0,차대차 - 측면충돌,중앙선침범,건조,맑음,교차로 - 교차로부근,승용,남,56세,사망,화물,남,47세,경상
2016120300100280,2016년 12월 3일 12시,토요일,경상남도 김해시 장유면,경상사고,0,0,6,0,차대차 - 정면충돌,중앙선침범,건조,맑음,단일로 - 기타,승용,남,34세,기타불명,화물,남,26세,경상
2016120300100328,2016년 12월 3일 13시,토요일,경상남도 양산시 상북면,부상신고사고,0,0,0,1,차대차 - 추돌,안전거리미확보,건조,맑음,교차로 - 교차로부근,화물,남,35세,상해없음,승용,남,53세,부상신고
2016120300100413,2016년 12월 3일 16시,토요일,경상남도 통영시 용남면,중상사고,0,3,2,0,차대차 - 추돌,안전거리미확보,건조,맑음,단일로 - 기타,승용,여,34세,상해없음,승용,남,58세,중상
2016120300100414,2016년 12월 3일 16시,토요일,경상남도 창녕군 부곡면,중상사고,0,1,0,0,차량단독 - 전도전복,안전운전불이행,건조,맑음,단일로 - 기타,원동기,남,73세,중상,,,,
2016120300100415,2016년 12월 3일 16시,토요일,경상남도 양산시 동면,중상사고,0,2,0,1,차대차 - 측면충돌,안전거리미확보,건조,맑음,단일로 - 기타,승용,여,67세,부상신고,건설기계,남,48세,상해없음
2016120300100445,2016년 12월 3일 17시,토요일,경상남도 창원시 진해구 용원동,중상사고,0,1,0,0,차대차 - 측면충돌,차로위반,건조,맑음,기타 - 기타,승용,남,28세,상해없음,이륜,남,17세,중상
2016120300100446,2016년 12월 3일 17시,토요일,경상남도 통영시 광도면,중상사고,0,1,0,0,차대차 - 측면직각충돌,신호위반,건조,맑음,교차로 - 교차로안,승용,여,50세,상해없음,화물,남,47세,중상
2016120300100447,2016년 12월 3일 17시,토요일,경상남도 거제시 장평동,경상사고,0,0,1,0,차대사람 - 횡단중,보행자보호의무위반,건조,맑음,단일로 - 횡단보도상,승용,남,24세,상해없음,보행자,여,41세,경상
2016120300100448,2016년 12월 3일 17시,토요일,경상남도 함안군 가야읍,경상사고,0,0,1,0,차대차 - 기타,안전운전불이행,건조,맑음,교차로 - 교차로부근,승용,여,38세,상해없음,승용,남,40세,경상
2016120300100449,2016년 12월 3일 17시,토요일,경상남도 김해시 진영읍,중상사고,0,1,0,0,차대차 - 정면충돌,신호위반,건조,맑음,교차로 - 교차로안,승용,남,40세,상해없음,승용,남,61세,중상
2016120300100486,2016년 12월 3일 18시,토요일,경상남도 고성군 마암면,경상사고,0,0,2,0,차대차 - 추돌,안전거리미확보,건조,맑음,단일로 - 기타,화물,여,68세,상해없음,승용,남,26세,경상
2016120300100487,2016년 12월 3일 18시,토요일,경상남도 창원시 의창구 팔용동,경상사고,0,0,1,0,차대차 - 측면직각충돌,안전거리미확보,건조,맑음,단일로 - 기타,승용,남,56세,상해없음,승용,남,45세,경상
2016120300100488,2016년 12월 3일 18시,토요일,경상남도 김해시 진영읍,경상사고,0,0,1,0,차대사람 - 횡단중,안전운전불이행,건조,맑음,단일로 - 기타,화물,남,56세,상해없음,보행자,남,56세,경상
2016120300100489,2016년 12월 3일 18시,토요일,경상남도 김해시 장유면,경상사고,0,0,2,0,차대차 - 측면충돌,안전운전불이행,건조,맑음,교차로 - 교차로안,승용,남,28세,상해없음,승용,남,28세,경상
2016120300100536,2016년 12월 3일 19시,토요일,경상남도 김해시 구산동,경상사고,0,0,1,0,차대사람 - 기타,안전운전불이행,건조,맑음,단일로 - 기타,자전거,남,47세,상해없음,보행자,남,71세,경상
2016120300100537,2016년 12월 3일 19시,토요일,경상남도 거제시 거제면,중상사고,0,1,0,0,차대사람 - 기타,안전운전불이행,건조,맑음,기타 - 기타,승용,남,39세,상해없음,보행자,여,48세,중상
2016120300100603,2016년 12월 3일 21시,토요일,경상남도 양산시 북부동,부상신고사고,0,0,0,1,차대차 - 측면충돌,교차로운행방법위반,건조,맑음,교차로 - 교차로안,승용,남,46세,상해없음,이륜,남,41세,부상신고
2016120300100630,2016년 12월 3일 22시,토요일,경상남도 창녕군 계성면,사망사고,1,0,0,0,차대사람 - 기타,안전운전불이행,건조,맑음,단일로 - 기타,승용,여,51세,상해없음,보행자,남,63세,사망
2016120300100652,2016년 12월 3일 23시,토요일,경상남도 양산시 명동,중상사고,0,2,0,0,차대차 - 측면충돌,직진우회전진행방해,건조,맑음,교차로 - 교차로부근,승용,남,29세,상해없음,승용,남,31세,중상
2016120300100653,2016년 12월 3일 23시,토요일,경상남도 창원시 의창구 대원동,중상사고,0,1,0,0,차대사람 - 횡단중,안전운전불이행,건조,맑음,단일로 - 기타,승용,남,31세,상해없음,보행자,남,65세,중상
2016120300100654,2016년 12월 3일 23시,토요일,경상남도 창원시 의창구 봉곡동,경상사고,0,0,1,0,차대차 - 측면충돌,안전거리미확보,건조,맑음,단일로 - 기타,승용,남,50세,상해없음,승용,남,30세,상해없음
2016120400100012,2016년 12월 4일 00시,일요일,경상남도 김해시 삼정동,경상사고,0,0,2,0,차대차 - 측면직각충돌,중앙선침범,건조,맑음,단일로 - 기타,승용,남,20세,상해없음,승용,남,29세,경상
2016120400100037,2016년 12월 4일 01시,일요일,경상남도 창원시 의창구 팔용동,중상사고,0,1,4,0,차대차 - 정면충돌,안전운전불이행,건조,맑음,단일로 - 기타,승용,남,19세,경상,화물,남,52세,경상
2016120400100062,2016년 12월 4일 04시,일요일,경상남도 거제시 고현동,경상사고,0,0,1,0,차대사람 - 횡단중,안전운전불이행,건조,맑음,단일로 - 기타,승용,남,37세,상해없음,보행자,남,41세,경상
2016120400100081,2016년 12월 4일 06시,일요일,경상남도 양산시 북정동,중상사고,0,2,1,0,차대차 - 측면충돌,신호위반,건조,맑음,교차로 - 교차로안,승용,남,61세,경상,승용,남,62세,중상
2016120400100125,2016년 12월 4일 10시,일요일,경상남도 사천시 사천읍,경상사고,0,0,1,0,차대차 - 측면직각충돌,직진우회전진행방해,건조,맑음,교차로 - 교차로안,승용,여,49세,상해없음,승용,여,29세,경상
2016120400100142,2016년 12월 4일 11시,일요일,경상남도 창원시 진해구 석동,중상사고,0,1,0,1,차대차 - 추돌,교차로운행방법위반,건조,맑음,교차로 - 교차로안,승용,여,41세,상해없음,승용,남,33세,중상
2016120400100143,2016년 12월 4일 11시,일요일,경상남도 김해시 지내동,경상사고,0,0,1,0,차대차 - 측면직각충돌,안전운전불이행,건조,흐림,교차로 - 교차로안,화물,남,37세,상해없음,승용,남,40세,경상
2016120400100209,2016년 12월 4일 14시,일요일,경상남도 김해시 안동,경상사고,0,0,3,0,차대차 - 측면직각충돌,신호위반,건조,맑음,교차로 - 교차로안,승용,남,67세,경상,승용,남,54세,경상
2016120400100231,2016년 12월 4일 15시,일요일,경상남도 창원시 진해구 회현동,경상사고,0,0,1,0,차대차 - 측면직각충돌,직진우회전진행방해,건조,맑음,교차로 - 교차로안,승합,남,58세,상해없음,이륜,남,19세,경상
2016120400100260,2016년 12월 4일 16시,일요일,경상남도 거창군 거창읍,중상사고,0,1,0,0,차량단독 - 공작물충돌,안전운전불이행,건조,맑음,단일로 - 기타,원동기,남,82세,중상,,,,
2016120400100261,2016년 12월 4일 16시,일요일,경상남도 창원시 의창구 동정동,경상사고,0,0,2,0,차대차 - 기타,안전운전불이행,건조,맑음,교차로 - 교차로안,승용,남,55세,상해없음,승용,여,37세,경상
2016120400100288,2016년 12월 4일 17시,일요일,경상남도 창원시 진해구 석동,경상사고,0,0,2,0,차대차 - 추돌,안전운전불이행,건조,맑음,단일로 - 기타,승용,남,38세,상해없음,승합,남,49세,경상
2016120400100289,2016년 12월 4일 17시,일요일,경상남도 합천군 묘산면,사망사고,1,0,0,0,차대차 - 추돌,안전운전불이행,건조,맑음,단일로 - 기타,승용,여,55세,상해없음,농기계,남,81세,사망
2016120400100291,2016년 12월 4일 17시,일요일,경상남도 거제시 장평동,중상사고,0,3,1,0,차대차 - 측면충돌,안전운전불이행,건조,맑음,단일로 - 기타,승용,남,41세,상해없음,원동기,남,22세,경상
2016120400100332,2016년 12월 4일 18시,일요일,경상남도 양산시 동면,중상사고,0,1,0,0,차대차 - 추돌,안전운전불이행,건조,맑음,교차로 - 교차로부근,승용,남,49세,상해없음,화물,남,55세,중상
2016120400100351,2016년 12월 4일 19시,일요일,경상남도 창원시 마산합포구 자산동,중상사고,0,2,0,0,차대차 - 추돌,안전운전불이행,건조,맑음,단일로 - 기타,승용,여,61세,상해없음,승용,남,41세,중상
2016120400100352,2016년 12월 4일 19시,일요일,경상남도 통영시 광도면,중상사고,0,1,1,0,차대차 - 정면충돌,신호위반,건조,맑음,교차로 - 교차로안,이륜,남,54세,중상,승용,남,52세,상해없음
2016120400100353,2016년 12월 4일 19시,일요일,경상남도 거창군 거창읍,중상사고,0,1,0,0,차대차 - 추돌,안전운전불이행,건조,맑음,단일로 - 기타,승용,남,67세,상해없음,승용,남,35세,중상
2016120400100354,2016년 12월 4일 19시,일요일,경상남도 김해시 장유면,중상사고,0,1,0,0,차대차 - 측면충돌,중앙선침범,건조,맑음,단일로 - 기타,승용,남,25세,상해없음,이륜,남,40세,중상
2016120400100378,2016년 12월 4일 20시,일요일,경상남도 김해시 삼방동,경상사고,0,0,1,0,차대차 - 기타,안전운전불이행,건조,맑음,교차로 - 교차로안,원동기,남,19세,경상,승용,여,53세,상해없음
2016120400100418,2016년 12월 4일 23시,일요일,경상남도 거창군 거창읍,경상사고,0,0,1,0,차대차 - 측면직각충돌,불법유턴,건조,맑음,교차로 - 교차로안,승용,남,24세,경상,승용,남,25세,상해없음
2016120500100013,2016년 12월 5일 00시,월요일,경상남도 창원시 의창구 봉곡동,중상사고,0,1,0,0,차대차 - 측면직각충돌,안전운전불이행,건조,맑음,교차로 - 교차로안,승용,남,23세,상해없음,원동기,남,53세,중상
2016120500100063,2016년 12월 5일 06시,월요일,경상남도 함양군 수동면,중상사고,0,1,0,0,차대사람 - 횡단중,안전운전불이행,건조,맑음,단일로 - 기타,승용,남,37세,상해없음,보행자,여,83세,중상
2016120500100064,2016년 12월 5일 06시,월요일,경상남도 거제시 아주동,경상사고,0,0,2,0,차대차 - 추돌,안전운전불이행,건조,맑음,단일로 - 기타,이륜,남,20세,기타불명,승용,남,38세,경상
2016120500100065,2016년 12월 5일 06시,월요일,경상남도 산청군 시천면,중상사고,0,1,0,0,차대차 - 추돌,안전운전불이행,건조,맑음,단일로 - 기타,승용,여,69세,상해없음,농기계,남,68세,중상
2016120500100066,2016년 12월 5일 06시,월요일,경상남도 창원시 의창구 서상동,경상사고,0,0,1,0,차대사람 - 횡단중,안전운전불이행,건조,맑음,단일로 - 기타,승용,남,47세,상해없음,보행자,여,88세,경상
2016120500100092,2016년 12월 5일 07시,월요일,경상남도 통영시 미수동,경상사고,0,0,1,0,차대차 - 추돌,안전운전불이행,건조,맑음,단일로 - 기타,승용,여,32세,상해없음,승용,남,51세,경상
2016120500100159,2016년 12월 5일 09시,월요일,경상남도 창원시 진해구 경화동,경상사고,0,0,1,0,차대사람 - 차도통행중,안전운전불이행,건조,맑음,단일로 - 기타,특수,남,38세,상해없음,보행자,여,74세,경상
2016120500100183,2016년 12월 5일 10시,월요일,경상남도 진주시 상평동,사망사고,1,1,0,0,차대차 - 정면충돌,중앙선침범,건조,맑음,단일로 - 기타,승용,여,22세,사망,승용,남,37세,중상
2016120500100184,2016년 12월 5일 10시,월요일,경상남도 양산시 물금읍,경상사고,0,0,1,0,차대차 - 정면충돌,직진우회전진행방해,건조,맑음,교차로 - 교차로안,자전거,남,66세,경상,승용,남,39세,상해없음
2016120500100213,2016년 12월 5일 11시,월요일,경상남도 김해시 동상동,경상사고,0,0,1,0,차대차 - 측면직각충돌,안전운전불이행,건조,맑음,단일로 - 기타,승용,여,54세,상해없음,이륜,남,32세,경상
2016120500100214,2016년 12월 5일 11시,월요일,경상남도 양산시 어곡동,경상사고,0,0,2,1,차대차 - 정면충돌,안전운전불이행,건조,맑음,단일로 - 기타,화물,남,54세,부상신고,화물,남,44세,경상
2016120500100215,2016년 12월 5일 11시,월요일,경상남도 양산시 용당동,중상사고,0,1,0,0,차대사람 - 기타,안전운전불이행,건조,맑음,단일로 - 기타,승합,남,43세,상해없음,보행자,여,64세,중상
2016120500100216,2016년 12월 5일 11시,월요일,경상남도 거제시 장평동,경상사고,0,0,1,0,차대차 - 기타,안전운전불이행,건조,맑음,단일로 - 기타,승용,남,28세,상해없음,승용,여,57세,경상
2016120500100271,2016년 12월 5일 13시,월요일,경상남도 함양군 함양읍,중상사고,0,1,0,0,차대차 - 추돌,안전운전불이행,건조,맑음,교차로 - 교차로안,화물,남,51세,상해없음,화물,남,61세,중상
2016120500100272,2016년 12월 5일 13시,월요일,경상남도 창원시 성산구 반림동,경상사고,0,0,1,0,차대사람 - 횡단중,기타,건조,맑음,교차로 - 교차로안,승용,남,65세,상해없음,보행자,남,8세,경상
2016120500100273,2016년 12월 5일 13시,월요일,경상남도 창원시 의창구 봉곡동,경상사고,0,0,1,0,차대사람 - 길가장자리구역통행중,안전운전불이행,건조,맑음,단일로 - 기타,승용,남,58세,상해없음,보행자,남,37세,경상
2016120500100295,2016년 12월 5일 14시,월요일,경상남도 양산시 삼호동,경상사고,0,0,1,0,차대사람 - 기타,안전운전불이행,건조,맑음,단일로 - 기타,승용,남,63세,상해없음,보행자,남,15세,경상
2016120500100296,2016년 12월 5일 14시,월요일,경상남도 김해시 장유면,중상사고,0,1,0,0,차대사람 - 횡단중,보행자보호의무위반,건조,맑음,단일로 - 횡단보도상,승용,여,41세,상해없음,보행자,여,61세,중상
2016120500100303,2016년 12월 5일 15시,월요일,경상남도 김해시 장유면,중상사고,0,1,4,0,차대차 - 추돌,안전운전불이행,건조,맑음,단일로 - 기타,화물,남,75세,상해없음,승용,남,28세,경상
2016120500100312,2016년 12월 5일 15시,월요일,경상남도 창원시 진해구 태평동,경상사고,0,0,1,0,차대차 - 정면충돌,중앙선침범,건조,맑음,교차로 - 교차로부근,화물,남,55세,상해없음,승합,남,44세,경상
2016120500100313,2016년 12월 5일 15시,월요일,경상남도 창녕군 대지면,중상사고,0,1,0,0,차대차 - 추돌,안전운전불이행,건조,맑음,단일로 - 기타,화물,남,54세,상해없음,승용,여,35세,중상
2016120500100332,2016년 12월 5일 16시,월요일,경상남도 사천시 사천읍,경상사고,0,0,1,0,차대차 - 측면직각충돌,신호위반,건조,맑음,교차로 - 교차로안,승용,여,70세,상해없음,승용,여,36세,경상
2016120500100428,2016년 12월 5일 18시,월요일,경상남도 통영시 무전동,중상사고,0,1,0,0,차대차 - 추돌,안전운전불이행,건조,맑음,단일로 - 기타,승용,남,48세,상해없음,승용,여,45세,중상
2016120500100429,2016년 12월 5일 18시,월요일,경상남도 통영시 광도면,부상신고사고,0,0,0,1,차대차 - 측면직각충돌,안전운전불이행,건조,맑음,단일로 - 기타,승용,여,33세,상해없음,승용,여,38세,부상신고
2016120500100430,2016년 12월 5일 18시,월요일,경상남도 김해시 생림면,중상사고,0,1,0,0,차대사람 - 횡단중,안전운전불이행,건조,맑음,단일로 - 기타,승용,남,28세,상해없음,보행자,여,53세,중상
2016120500100431,2016년 12월 5일 18시,월요일,경상남도 함안군 칠서면,사망사고,1,0,0,0,차량단독 - 공작물충돌,안전운전불이행,건조,맑음,단일로 - 기타,승용,남,54세,사망,,,,
2016120500100479,2016년 12월 5일 19시,월요일,경상남도 창원시 의창구 명서동,중상사고,0,1,0,0,차대사람 - 횡단중,보행자보호의무위반,건조,맑음,단일로 - 횡단보도상,승용,남,46세,상해없음,보행자,여,22세,중상
2016120500100515,2016년 12월 5일 20시,월요일,경상남도 창원시 성산구 대방동,중상사고,0,1,0,0,차대사람 - 차도통행중,보행자보호의무위반,건조,맑음,단일로 - 기타,화물,남,53세,상해없음,보행자,남,51세,중상
2016120500100516,2016년 12월 5일 20시,월요일,경상남도 창원시 의창구 소답동,중상사고,0,1,0,0,차대사람 - 횡단중,안전운전불이행,건조,맑음,단일로 - 기타,승용,여,62세,상해없음,보행자,여,51세,중상
2016120500100574,2016년 12월 5일 22시,월요일,경상남도 창원시 마산회원구 내서읍,경상사고,0,0,1,0,차대사람 - 횡단중,신호위반,건조,맑음,교차로 - 교차로부근,승용,여,43세,상해없음,보행자,여,16세,경상
2016120500100597,2016년 12월 5일 23시,월요일,경상남도 창원시 마산회원구 내서읍,중상사고,0,1,0,0,차대차 - 추돌,안전운전불이행,건조,맑음,단일로 - 기타,기타불명,기타불명,기타불명,기타불명,이륜,남,44세,중상
2016120600100021,2016년 12월 6일 01시,화요일,경상남도 양산시 삼호동,경상사고,0,0,1,0,차대차 - 추돌,안전운전불이행,건조,맑음,단일로 - 기타,승용,남,25세,경상,승용,여,34세,기타불명
2016120600100061,2016년 12월 6일 06시,화요일,경상남도 김해시 대동면,중상사고,0,1,0,0,차대차 - 정면충돌,중앙선침범,건조,맑음,단일로 - 기타,승용,여,57세,상해없음,승용,남,47세,중상
2016120600100062,2016년 12월 6일 06시,화요일,경상남도 거제시 장평동,경상사고,0,0,1,0,차대사람 - 횡단중,보행자보호의무위반,건조,맑음,단일로 - 횡단보도상,원동기,남,49세,상해없음,보행자,여,42세,경상
2016120600100080,2016년 12월 6일 07시,화요일,경상남도 진주시 가좌동,경상사고,0,0,1,0,차대사람 - 횡단중,안전운전불이행,건조,맑음,단일로 - 기타,화물,남,71세,상해없음,보행자,남,58세,경상
2016120600100111,2016년 12월 6일 08시,화요일,경상남도 김해시 삼계동,부상신고사고,0,0,0,1,차대차 - 측면충돌,신호위반,건조,맑음,교차로 - 교차로안,자전거,남,75세,부상신고,화물,남,48세,상해없음
2016120600100112,2016년 12월 6일 08시,화요일,경상남도 김해시 장유면,경상사고,0,0,1,0,차대차 - 추돌,안전운전불이행,건조,맑음,단일로 - 기타,승용,남,37세,상해없음,승용,남,62세,경상
2016120600100138,2016년 12월 6일 09시,화요일,경상남도 거창군 거창읍,중상사고,0,1,0,0,차대차 - 정면충돌,안전운전불이행,건조,맑음,교차로 - 교차로부근,승용,남,69세,상해없음,이륜,남,71세,중상
2016120600100139,2016년 12월 6일 09시,화요일,경상남도 양산시 평산동,경상사고,0,0,1,0,차대차 - 측면직각충돌,교차로운행방법위반,건조,맑음,교차로 - 교차로안,화물,남,53세,상해없음,승용,여,34세,경상
2016120600100140,2016년 12월 6일 09시,화요일,경상남도 남해군 삼동면,중상사고,0,2,0,0,차대차 - 측면직각충돌,안전운전불이행,건조,맑음,교차로 - 교차로안,화물,남,67세,상해없음,화물,여,47세,중상