사고번호,사고일시,요일,시군구,사고내용,사망자수,중상자수,경상자수,부상신고자수,사고유형,법규위반,노면상태,기상상태,도로형태,가해운전자 차종,가해운전자 성별,가해운전자 연령,가해운전자 상해정도,피해운전자 차종,피해운전자 성별,피해운전자 연령,피해운전자 상해정도
2016120600100193,2016년 12월 6일 11시,화요일,경상남도 의령군 지정면,중상사고,0,1,0,0,차대차 - 측면충돌,교차로운행방법위반,건조,맑음,교차로 - 교차로안,원동기,남,90세 이상,상해없음,원동기,남,74세,상해없음
2016120600100194,2016년 12월 6일 11시,화요일,경상남도 김해시 진영읍,중상사고,0,1,0,0,차대차 - 측면충돌,신호위반,건조,맑음,교차로 - 교차로안,건설기계,남,44세,상해없음,승용,남,37세,중상
2016120600100219,2016년 12월 6일 12시,화요일,경상남도 김해시 삼방동,경상사고,0,0,1,0,차량단독 - 기타,안전운전불이행,건조,맑음,기타 - 기타,승용,여,22세,상해없음,,,,
2016120600100220,2016년 12월 6일 12시,화요일,경상남도 창녕군 부곡면,중상사고,0,1,2,0,차대차 - 추돌,안전운전불이행,건조,맑음,단일로 - 기타,승용,남,65세,경상,화물,남,50세,경상
2016120600100247,2016년 12월 6일 13시,화요일,경상남도 사천시 정동면,경상사고,0,0,1,1,차대차 - 측면충돌,직진우회전진행방해,건조,맑음,교차로 - 교차로안,승용,남,73세,상해없음,승용,여,49세,부상신고
2016120600100248,2016년 12월 6일 13시,화요일,경상남도 고성군 고성읍,중상사고,0,1,0,0,차대차 - 추돌,안전운전불이행,건조,맑음,단일로 - 기타,화물,남,73세,상해없음,승용,남,52세,중상
2016120600100275,2016년 12월 6일 14시,화요일,경상남도 밀양시 부북면,중상사고,0,1,0,0,차대차 - 측면직각충돌,안전운전불이행,건조,맑음,단일로 - 기타,이륜,여,52세,중상,승용,여,61세,상해없음
2016120600100276,2016년 12월 6일 14시,화요일,경상남도 함안군 칠북면,경상사고,0,0,2,0,차대차 - 측면직각충돌,과속,건조,맑음,단일로 - 터널,승용,남,24세,상해없음,화물,남,57세,경상
2016120600100304,2016년 12월 6일 15시,화요일,경상남도 양산시 주남동,중상사고,0,1,4,0,차대차 - 정면충돌,교차로운행방법위반,건조,맑음,교차로 - 교차로안,화물,남,61세,상해없음,승용,남,23세,경상
2016120600100305,2016년 12월 6일 15시,화요일,경상남도 거제시 연초면,중상사고,0,2,0,0,차대차 - 측면충돌,안전운전불이행,건조,맑음,기타 - 기타,승합,남,56세,상해없음,승용,여,59세,중상
2016120600100306,2016년 12월 6일 15시,화요일,경상남도 창원시 의창구 팔용동,경상사고,0,0,1,0,차대사람 - 횡단중,보행자보호의무위반,건조,맑음,단일로 - 횡단보도상,승용,남,58세,상해없음,보행자,남,68세,경상
2016120600100340,2016년 12월 6일 16시,화요일,경상남도 고성군 고성읍,중상사고,0,1,0,0,차대사람 - 횡단중,보행자보호의무위반,건조,맑음,교차로 - 교차로부근,화물,남,57세,상해없음,보행자,남,13세,중상
2016120600100341,2016년 12월 6일 16시,화요일,경상남도 창원시 성산구 불모산동,경상사고,0,0,2,0,차대차 - 정면충돌,안전거리미확보,건조,맑음,단일로 - 기타,화물,남,48세,상해없음,화물,여,63세,경상
2016120600100386,2016년 12월 6일 17시,화요일,경상남도 함양군 함양읍,경상사고,0,0,4,0,차대차 - 측면직각충돌,교차로운행방법위반,건조,맑음,교차로 - 교차로안,승용,남,36세,상해없음,승합,남,53세,경상
2016120600100387,2016년 12월 6일 17시,화요일,경상남도 양산시 중부동,중상사고,0,1,0,0,차대차 - 측면충돌,중앙선침범,건조,맑음,단일로 - 기타,자전거,남,70세,상해없음,이륜,남,20세,중상
2016120600100388,2016년 12월 6일 17시,화요일,경상남도 창원시 성산구 중앙동,중상사고,0,1,0,0,차대사람 - 횡단중,안전운전불이행,건조,맑음,단일로 - 기타,화물,남,50세,상해없음,보행자,남,58세,중상
2016120600100389,2016년 12월 6일 17시,화요일,경상남도 창원시 의창구 도계동,경상사고,0,0,1,0,차대사람 - 기타,안전운전불이행,건조,맑음,단일로 - 기타,승용,남,32세,상해없음,보행자,여,31세,경상
2016120600100426,2016년 12월 6일 18시,화요일,경상남도 김해시 외동,경상사고,0,0,1,0,차대사람 - 기타,안전운전불이행,건조,맑음,교차로 - 교차로안,화물,남,40세,상해없음,보행자,여,40세,경상
2016120600100427,2016년 12월 6일 18시,화요일,경상남도 거제시 옥포동,경상사고,0,0,1,0,차대사람 - 횡단중,안전운전불이행,건조,맑음,기타 - 기타,승용,여,56세,상해없음,보행자,남,11세,경상
2016120600100428,2016년 12월 6일 18시,화요일,경상남도 창원시 의창구 대산면,중상사고,0,1,0,0,차대차 - 측면직각충돌,안전운전불이행,건조,맑음,단일로 - 기타,기타불명,기타불명,기타불명,기타불명,자전거,남,71세,중상
2016120600100429,2016년 12월 6일 18시,화요일,경상남도 창원시 의창구 동읍,경상사고,0,0,3,0,차대차 - 기타,안전운전불이행,건조,맑음,단일로 - 기타,화물,남,44세,상해없음,승용,남,43세,경상
2016120600100520,2016년 12월 6일 21시,화요일,경상남도 거제시 장평동,사망사고,1,0,0,0,차대사람 - 횡단중,안전운전불이행,건조,맑음,교차로 - 교차로부근,승합,남,42세,상해없음,보행자,남,54세,사망
2016120600100521,2016년 12월 6일 21시,화요일,경상남도 거제시 장평동,경상사고,0,0,3,0,차대차 - 기타,안전운전불이행,건조,맑음,단일로 - 기타,승용,여,54세,상해없음,승용,여,27세,경상
2016120700100026,2016년 12월 7일 01시,수요일,경상남도 김해시 안동,부상신고사고,0,0,0,1,차량단독 - 전도전복,안전운전불이행,건조,맑음,교차로 - 교차로부근,승용,남,52세,부상신고,,,,
2016120700100097,2016년 12월 7일 07시,수요일,경상남도 김해시 내동,중상사고,0,1,0,1,차대차 - 측면충돌,안전운전불이행,건조,맑음,교차로 - 교차로안,승용,여,56세,부상신고,승용,여,46세,중상
2016120700100098,2016년 12월 7일 07시,수요일,경상남도 창원시 의창구 명서동,경상사고,0,0,1,0,차대차 - 측면충돌,안전운전불이행,건조,맑음,단일로 - 기타,화물,남,53세,상해없음,승용,남,48세,상해없음
2016120700100135,2016년 12월 7일 08시,수요일,경상남도 창녕군 남지읍,경상사고,0,0,1,0,차대차 - 기타,안전운전불이행,건조,맑음,교차로 - 교차로안,승합,남,67세,상해없음,승합,남,50세,경상
2016120700100136,2016년 12월 7일 08시,수요일,경상남도 거제시 고현동,경상사고,0,0,1,0,차대차 - 추돌,안전운전불이행,건조,맑음,교차로 - 교차로부근,승용,여,57세,상해없음,승용,남,45세,경상
2016120700100173,2016년 12월 7일 09시,수요일,경상남도 거제시 고현동,경상사고,0,0,1,0,차대사람 - 기타,보행자보호의무위반,건조,맑음,단일로 - 횡단보도상,화물,남,63세,기타불명,보행자,여,71세,경상
2016120700100174,2016년 12월 7일 09시,수요일,경상남도 창원시 마산회원구 구암동,경상사고,0,0,1,0,차대차 - 기타,안전운전불이행,건조,맑음,교차로 - 교차로안,승용,남,53세,상해없음,승합,남,57세,경상
2016120700100198,2016년 12월 7일 10시,수요일,경상남도 김해시 내동,중상사고,0,1,1,0,차대차 - 기타,안전거리미확보,건조,맑음,단일로 - 기타,원동기,남,72세,경상,승용,남,60세,상해없음
2016120700100256,2016년 12월 7일 12시,수요일,경상남도 창원시 마산합포구 신포동2가,경상사고,0,0,2,0,차대차 - 기타,안전운전불이행,건조,맑음,교차로 - 교차로안,승용,남,55세,경상,화물,남,45세,경상
2016120700100257,2016년 12월 7일 12시,수요일,경상남도 김해시 어방동,중상사고,0,1,0,0,차대사람 - 횡단중,보행자보호의무위반,건조,맑음,단일로 - 횡단보도상,승용,여,29세,상해없음,보행자,남,72세,중상
2016120700100258,2016년 12월 7일 12시,수요일,경상남도 김해시 어방동,경상사고,0,0,1,0,차대차 - 기타,신호위반,건조,맑음,교차로 - 교차로안,승용,여,27세,상해없음,승용,여,27세,경상
2016120700100259,2016년 12월 7일 12시,수요일,경상남도 양산시 상북면,경상사고,0,0,2,1,차대차 - 측면충돌,기타,건조,맑음,단일로 - 교량,건설기계,남,56세,부상신고,승용,남,27세,경상
2016120700100260,2016년 12월 7일 12시,수요일,경상남도 김해시 진영읍,경상사고,0,0,2,0,차대차 - 측면충돌,안전운전불이행,건조,맑음,교차로 - 교차로안,승용,남,32세,경상,화물,남,50세,경상
2016120700100282,2016년 12월 7일 13시,수요일,경상남도 밀양시 삼문동,중상사고,0,1,0,0,차대사람 - 횡단중,안전운전불이행,건조,맑음,단일로 - 기타,승용,여,48세,상해없음,보행자,남,14세,중상
2016120700100305,2016년 12월 7일 14시,수요일,경상남도 진주시 하대동,경상사고,0,0,1,0,차대사람 - 기타,안전운전불이행,건조,맑음,교차로 - 교차로부근,화물,남,45세,상해없음,보행자,남,24세,경상
2016120700100306,2016년 12월 7일 14시,수요일,경상남도 사천시 향촌동,경상사고,0,0,1,1,차대차 - 정면충돌,안전운전불이행,건조,맑음,단일로 - 기타,화물,남,52세,부상신고,특수,남,41세,경상
2016120700100307,2016년 12월 7일 14시,수요일,경상남도 김해시 외동,경상사고,0,0,1,0,차대차 - 기타,안전운전불이행,건조,맑음,단일로 - 횡단보도상,건설기계,남,48세,상해없음,화물,남,51세,경상
2016120700100308,2016년 12월 7일 14시,수요일,경상남도 산청군 신등면,부상신고사고,0,0,0,1,차량단독 - 전도전복,안전운전불이행,건조,흐림,단일로 - 기타,승용,남,73세,상해없음,,,,
2016120700100372,2016년 12월 7일 16시,수요일,경상남도 김해시 삼정동,경상사고,0,0,1,0,차대차 - 측면직각충돌,안전운전불이행,건조,맑음,교차로 - 교차로안,승용,여,44세,경상,승용,남,34세,상해없음
2016120700100399,2016년 12월 7일 17시,수요일,경상남도 통영시 용남면,중상사고,0,1,1,1,차대차 - 측면직각충돌,안전운전불이행,건조,맑음,단일로 - 기타,승용,여,26세,상해없음,승용,여,39세,상해없음
2016120700100400,2016년 12월 7일 17시,수요일,경상남도 밀양시 내일동,중상사고,0,1,0,0,차대사람 - 횡단중,보행자보호의무위반,건조,맑음,단일로 - 기타,승용,남,61세,상해없음,보행자,여,55세,중상
2016120700100456,2016년 12월 7일 18시,수요일,경상남도 김해시 어방동,중상사고,0,1,0,0,차대차 - 측면충돌,중앙선침범,건조,맑음,단일로 - 기타,승용,남,31세,상해없음,승용,남,49세,중상
2016120700100457,2016년 12월 7일 18시,수요일,경상남도 거제시 고현동,경상사고,0,0,1,0,차대차 - 측면충돌,안전운전불이행,건조,맑음,교차로 - 교차로안,승용,여,54세,기타불명,승용,여,24세,경상
2016120700100458,2016년 12월 7일 18시,수요일,경상남도 창원시 마산회원구 봉암동,경상사고,0,0,3,0,차대차 - 추돌,안전운전불이행,건조,맑음,단일로 - 기타,승용,남,34세,상해없음,승용,남,25세,경상
2016120700100459,2016년 12월 7일 18시,수요일,경상남도 김해시 진영읍,경상사고,0,0,1,0,차대사람 - 횡단중,안전운전불이행,건조,맑음,교차로 - 교차로안,승용,여,50세,상해없음,보행자,여,49세,경상
2016120700100499,2016년 12월 7일 19시,수요일,경상남도 통영시 용남면,경상사고,0,0,1,0,차대차 - 추돌,안전운전불이행,건조,맑음,단일로 - 기타,승용,남,59세,상해없음,승용,여,28세,경상
2016120700100500,2016년 12월 7일 19시,수요일,경상남도 김해시 대동면,경상사고,0,0,1,1,차대차 - 추돌,중앙선침범,건조,맑음,단일로 - 기타,승용,여,56세,경상,승용,남,47세,부상신고
2016120700100501,2016년 12월 7일 19시,수요일,경상남도 창녕군 남지읍,경상사고,0,0,1,0,차대차 - 기타,안전운전불이행,건조,맑음,교차로 - 교차로안,화물,여,52세,상해없음,자전거,여,57세,경상
2016120700100538,2016년 12월 7일 20시,수요일,경상남도 진주시 상대동,경상사고,0,0,1,0,차대차 - 측면충돌,안전거리미확보,건조,맑음,단일로 - 기타,자전거,남,36세,경상,승용,남,56세,상해없음
2016120700100539,2016년 12월 7일 20시,수요일,경상남도 사천시 사천읍,중상사고,0,1,0,0,차대차 - 정면충돌,신호위반,건조,맑음,교차로 - 교차로안,승용,남,43세,상해없음,승용,남,65세,중상
2016120700100540,2016년 12월 7일 20시,수요일,경상남도 거제시 장승포동,경상사고,0,0,3,0,차대차 - 추돌,안전운전불이행,건조,맑음,단일로 - 기타,승용,남,57세,상해없음,승용,남,38세,경상
2016120700100541,2016년 12월 7일 20시,수요일,경상남도 김해시 장유면,부상신고사고,0,0,0,1,차대차 - 기타,안전운전불이행,건조,맑음,교차로 - 교차로부근,화물,남,35세,부상신고,승용,남,61세,상해없음
2016120700100569,2016년 12월 7일 21시,수요일,경상남도 양산시 북부동,중상사고,0,1,0,0,차대사람 - 횡단중,보행자보호의무위반,건조,맑음,교차로 - 교차로부근,이륜,남,18세,상해없음,보행자,여,55세,중상
2016120700100612,2016년 12월 7일 23시,수요일,경상남도 거제시 아주동,경상사고,0,0,3,0,차대차 - 추돌,안전운전불이행,건조,맑음,단일로 - 기타,승용,남,25세,상해없음,승용,남,44세,경상
2016120800100035,2016년 12월 8일 01시,목요일,경상남도 진주시 대안동,경상사고,0,0,1,0,차대차 - 측면충돌,교차로운행방법위반,건조,맑음,교차로 - 교차로안,승용,남,58세,상해없음,자전거,남,22세,경상
2016120800100047,2016년 12월 8일 02시,목요일,경상남도 양산시 동면,경상사고,0,0,1,0,차량단독 - 전도전복,안전운전불이행,건조,맑음,교차로 - 교차로부근,승용,남,50세,경상,,,,
2016120800100055,2016년 12월 8일 03시,목요일,경상남도 양산시 용당동,중상사고,0,3,2,0,차대차 - 측면충돌,안전운전불이행,건조,맑음,교차로 - 교차로부근,승용,남,23세,상해없음,승용,여,61세,경상
2016120800100063,2016년 12월 8일 04시,목요일,경상남도 창원시 의창구 명서동,경상사고,0,0,1,0,차대차 - 측면직각충돌,신호위반,건조,맑음,교차로 - 교차로안,승용,남,73세,상해없음,승용,남,59세,경상
2016120800100080,2016년 12월 8일 05시,목요일,경상남도 통영시 도천동,중상사고,0,2,0,0,차대차 - 측면직각충돌,안전운전불이행,건조,맑음,단일로 - 기타,화물,여,48세,상해없음,이륜,남,59세,중상
2016120800100098,2016년 12월 8일 06시,목요일,경상남도 통영시 용남면,경상사고,0,0,1,0,차대차 - 추돌,안전운전불이행,건조,맑음,단일로 - 기타,승용,남,67세,상해없음,승용,남,31세,경상
2016120800100099,2016년 12월 8일 06시,목요일,경상남도 거제시 장평동,경상사고,0,0,1,0,차대차 - 측면충돌,교차로운행방법위반,건조,맑음,교차로 - 교차로안,승용,남,35세,상해없음,자전거,남,32세,경상
2016120800100100,2016년 12월 8일 06시,목요일,경상남도 거제시 장승포동,경상사고,0,0,1,0,차대차 - 측면직각충돌,교차로운행방법위반,건조,맑음,단일로 - 기타,승용,여,45세,상해없음,승용,남,51세,경상
2016120800100134,2016년 12월 8일 07시,목요일,경상남도 김해시 어방동,경상사고,0,0,1,0,차대차 - 기타,안전거리미확보,건조,맑음,단일로 - 기타,원동기,여,48세,경상,승용,남,32세,상해없음
2016120800100135,2016년 12월 8일 07시,목요일,경상남도 창원시 성산구 양곡동,경상사고,0,0,1,0,차대차 - 측면충돌,신호위반,건조,맑음,교차로 - 교차로안,승용,여,38세,상해없음,승용,남,25세,경상
2016120800100189,2016년 12월 8일 08시,목요일,경상남도 함양군 함양읍,경상사고,0,0,1,0,차대사람 - 횡단중,안전운전불이행,건조,맑음,교차로 - 교차로안,화물,남,51세,상해없음,보행자,남,13세,경상
2016120800100190,2016년 12월 8일 08시,목요일,경상남도 산청군 신안면,경상사고,0,0,2,1,차대차 - 측면충돌,안전운전불이행,건조,맑음,단일로 - 기타,화물,여,47세,상해없음,승용,여,48세,경상
2016120800100222,2016년 12월 8일 09시,목요일,경상남도 창원시 의창구 북면,경상사고,0,0,1,0,차대차 - 측면충돌,중앙선침범,습기,흐림,단일로 - 기타,승용,여,47세,상해없음,화물,남,61세,경상
2016120800100247,2016년 12월 8일 10시,목요일,경상남도 함안군 가야읍,중상사고,0,1,0,0,차대차 - 측면충돌,기타,건조,맑음,교차로 - 교차로안,원동기,여,75세,중상,승용,여,50세,상해없음
2016120800100248,2016년 12월 8일 10시,목요일,경상남도 창원시 의창구 명서동,중상사고,0,1,1,0,차대차 - 측면충돌,신호위반,건조,맑음,교차로 - 교차로안,승용,남,31세,상해없음,승용,남,59세,경상
2016120800100282,2016년 12월 8일 11시,목요일,경상남도 함안군 칠원읍,경상사고,0,0,1,0,차대차 - 추돌,안전운전불이행,건조,맑음,단일로 - 기타,승용,여,24세,상해없음,승용,남,19세,상해없음
2016120800100310,2016년 12월 8일 12시,목요일,경상남도 거창군 위천면,중상사고,0,1,2,0,차대차 - 정면충돌,중앙선침범,건조,맑음,단일로 - 기타,화물,남,57세,상해없음,화물,남,53세,중상
2016120800100337,2016년 12월 8일 13시,목요일,경상남도 통영시 무전동,경상사고,0,0,1,0,차대차 - 측면직각충돌,안전운전불이행,건조,맑음,단일로 - 기타,승용,남,41세,상해없음,승용,남,68세,상해없음
2016120800100338,2016년 12월 8일 13시,목요일,경상남도 통영시 광도면,경상사고,0,0,1,0,차대차 - 측면충돌,직진우회전진행방해,건조,맑음,교차로 - 교차로안,승합,남,56세,상해없음,승용,남,35세,경상
2016120800100339,2016년 12월 8일 13시,목요일,경상남도 창녕군 영산면,경상사고,0,0,1,0,차대사람 - 횡단중,안전운전불이행,건조,맑음,교차로 - 교차로안,승용,남,33세,상해없음,보행자,여,25세,경상
2016120800100366,2016년 12월 8일 14시,목요일,경상남도 밀양시 하남읍,중상사고,0,1,1,0,차대차 - 정면충돌,안전운전불이행,건조,맑음,교차로 - 교차로안,승용,남,45세,상해없음,화물,남,80세,경상
2016120800100367,2016년 12월 8일 14시,목요일,경상남도 밀양시 내이동,중상사고,0,2,0,0,차대차 - 측면직각충돌,신호위반,건조,맑음,교차로 - 교차로안,승용,남,47세,상해없음,승용,남,43세,중상
2016120800100369,2016년 12월 8일 14시,목요일,경상남도 함안군 대산면,중상사고,0,1,0,0,차대차 - 측면충돌,중앙선침범,건조,맑음,단일로 - 기타,승용,남,50세,상해없음,건설기계,남,57세,중상
2016120800100370,2016년 12월 8일 14시,목요일,경상남도 창원시 성산구 사파동,중상사고,0,1,0,0,차대사람 - 차도통행중,안전운전불이행,건조,맑음,단일로 - 기타,화물,남,26세,상해없음,보행자,남,51세,중상
2016120800100371,2016년 12월 8일 14시,목요일,경상남도 창원시 의창구 팔용동,경상사고,0,0,1,0,차대차 - 측면직각충돌,안전운전불이행,건조,맑음,교차로 - 교차로안,승용,남,44세,상해없음,화물,남,36세,경상
2016120800100402,2016년 12월 8일 15시,목요일,경상남도 김해시 외동,경상사고,0,0,1,0,차대차 - 정면충돌,교차로운행방법위반,건조,맑음,교차로 - 교차로안,이륜,남,52세,경상,승용,여,54세,상해없음
2016120800100403,2016년 12월 8일 15시,목요일,경상남도 김해시 봉황동,경상사고,0,0,1,0,차대차 - 정면충돌,안전운전불이행,건조,맑음,단일로 - 기타,화물,남,61세,상해없음,이륜,남,69세,경상
2016120800100431,2016년 12월 8일 16시,목요일,경상남도 의령군 부림면,경상사고,0,0,1,0,차대차 - 측면충돌,안전운전불이행,건조,맑음,단일로 - 기타,승용,여,56세,경상,농기계,남,46세,상해없음
2016120800100432,2016년 12월 8일 16시,목요일,경상남도 김해시 장유면,중상사고,0,1,0,0,차대사람 - 횡단중,보행자보호의무위반,건조,맑음,교차로 - 교차로안,승용,여,28세,상해없음,보행자,남,13세,중상
2016120800100471,2016년 12월 8일 17시,목요일,경상남도 진주시 칠암동,중상사고,0,1,0,0,차대차 - 측면직각충돌,직진우회전진행방해,건조,맑음,교차로 - 교차로안,승용,여,61세,상해없음,이륜,남,32세,중상
2016120800100472,2016년 12월 8일 17시,목요일,경상남도 김해시 삼정동,중상사고,0,1,1,0,차대차 - 측면직각충돌,안전거리미확보,건조,맑음,단일로 - 기타,승용,여,23세,상해없음,화물,남,37세,경상
2016120800100473,2016년 12월 8일 17시,목요일,경상남도 함안군 칠원읍,경상사고,0,0,1,0,차대사람 - 횡단중,안전운전불이행,건조,맑음,교차로 - 교차로안,화물,남,55세,상해없음,보행자,여,10세,경상
2016120800100474,2016년 12월 8일 17시,목요일,경상남도 김해시 한림면,경상사고,0,0,1,0,차대차 - 추돌,안전운전불이행,건조,맑음,단일로 - 기타,승용,남,64세,상해없음,승용,남,39세,경상
2016120800100517,2016년 12월 8일 18시,목요일,경상남도 진주시 상평동,중상사고,0,1,0,0,차대사람 - 횡단중,안전운전불이행,건조,맑음,교차로 - 교차로안,화물,남,39세,상해없음,보행자,여,67세,중상
2016120800100518,2016년 12월 8일 18시,목요일,경상남도 김해시 외동,경상사고,0,0,3,0,차대차 - 측면직각충돌,안전운전불이행,건조,맑음,교차로 - 교차로안,승용,여,44세,경상,승용,남,59세,경상
2016120800100519,2016년 12월 8일 18시,목요일,경상남도 거창군 거창읍,중상사고,0,1,0,0,차대차 - 측면충돌,안전운전불이행,건조,맑음,교차로 - 교차로안,승용,여,71세,상해없음,승용,여,33세,중상
2016120800100520,2016년 12월 8일 18시,목요일,경상남도 창원시 의창구 서상동,중상사고,0,1,0,0,차대사람 - 횡단중,보행자보호의무위반,건조,맑음,교차로 - 교차로부근,승용,남,22세,상해없음,보행자,남,12세,중상
2016120800100569,2016년 12월 8일 19시,목요일,경상남도 창원시 마산합포구 교방동,경상사고,0,0,1,0,차대사람 - 횡단중,안전운전불이행,건조,흐림,단일로 - 기타,승합,남,42세,상해없음,보행자,남,51세,경상
2016120800100570,2016년 12월 8일 19시,목요일,경상남도 거제시 아주동,중상사고,0,2,0,0,차대차 - 기타,안전운전불이행,건조,맑음,단일로 - 기타,승용,남,46세,상해없음,승용,남,29세,중상
2016120800100614,2016년 12월 8일 20시,목요일,경상남도 통영시 광도면,중상사고,0,2,2,0,차대차 - 측면직각충돌,신호위반,건조,맑음,교차로 - 교차로안,승용,남,69세,중상,승용,남,44세,경상
2016120800100663,2016년 12월 8일 21시,목요일,경상남도 사천시 동금동,경상사고,0,0,1,0,차대사람 - 기타,기타,건조,흐림,단일로 - 기타,승합,남,45세,상해없음,보행자,여,26세,경상
2016120800100664,2016년 12월 8일 21시,목요일,경상남도 양산시 하북면,경상사고,0,0,1,0,차대차 - 정면충돌,신호위반,건조,맑음,교차로 - 교차로안,승용,남,44세,상해없음,승용,남,49세,경상
2016120800100665,2016년 12월 8일 21시,목요일,경상남도 거제시 고현동,중상사고,0,1,0,0,차대사람 - 횡단중,안전운전불이행,건조,맑음,단일로 - 기타,승용,남,26세,상해없음,보행자,남,35세,중상
2016120900100016,2016년 12월 9일 00시,금요일,경상남도 김해시 삼계동,경상사고,0,0,3,0,차대차 - 기타,신호위반,건조,맑음,교차로 - 교차로안,승용,남,58세,경상,이륜,남,20세,경상
2016120900100038,2016년 12월 9일 01시,금요일,경상남도 양산시 명동,경상사고,0,0,1,0,차대차 - 정면충돌,안전운전불이행,건조,맑음,교차로 - 교차로부근,승용,남,43세,경상,특수,남,57세,상해없음
2016120900100065,2016년 12월 9일 03시,금요일,경상남도 양산시 물금읍,중상사고,0,1,1,0,차대차 - 추돌,안전거리미확보,건조,맑음,단일로 - 기타,승용,남,49세,상해없음,승용,남,34세,중상
2016120900100078,2016년 12월 9일 05시,금요일,경상남도 양산시 동면,중상사고,0,2,0,0,차대차 - 기타,안전운전불이행,건조,맑음,단일로 - 기타,승용,남,21세,상해없음,승용,남,45세,중상
2016120900100083,2016년 12월 9일 05시,금요일,경상남도 통영시 북신동,중상사고,0,1,0,0,차대사람 - 횡단중,안전운전불이행,건조,맑음,단일로 - 횡단보도상,승용,여,46세,상해없음,보행자,남,73세,중상
2016120900100112,2016년 12월 9일 06시,금요일,경상남도 거제시 상동동,경상사고,0,0,1,0,차대차 - 정면충돌,안전운전불이행,건조,맑음,단일로 - 기타,이륜,남,52세,경상,화물,여,38세,상해없음
2016120900100113,2016년 12월 9일 06시,금요일,경상남도 함안군 칠원읍,경상사고,0,0,1,0,차대사람 - 횡단중,안전운전불이행,건조,맑음,단일로 - 기타,승용,남,59세,상해없음,보행자,여,16세,경상
2016120900100140,2016년 12월 9일 07시,금요일,경상남도 창원시 마산합포구 신월동,경상사고,0,0,1,0,차대사람 - 횡단중,보행자보호의무위반,건조,맑음,기타 - 기타,승합,남,38세,상해없음,보행자,여,16세,경상
2016120900100141,2016년 12월 9일 07시,금요일,경상남도 통영시 용남면,중상사고,0,1,0,0,차대사람 - 횡단중,안전운전불이행,건조,맑음,교차로 - 교차로안,승용,남,35세,상해없음,보행자,여,67세,중상
2016120900100142,2016년 12월 9일 07시,금요일,경상남도 창원시 성산구 창곡동,중상사고,0,1,0,0,차대차 - 측면충돌,안전운전불이행,건조,맑음,단일로 - 기타,건설기계,남,44세,상해없음,승용,남,47세,중상
2016120900100192,2016년 12월 9일 09시,금요일,경상남도 사천시 벌리동,부상신고사고,0,0,0,1,차대차 - 측면직각충돌,직진우회전진행방해,건조,맑음,교차로 - 교차로안,승용,여,47세,상해없음,자전거,남,71세,부상신고
2016120900100193,2016년 12월 9일 09시,금요일,경상남도 창원시 의창구 팔용동,중상사고,0,1,0,0,차대차 - 추돌,안전운전불이행,건조,맑음,단일로 - 기타,승합,남,54세,상해없음,승용,남,76세,중상
2016120900100215,2016년 12월 9일 10시,금요일,경상남도 진주시 상대동,경상사고,0,0,2,0,차대차 - 정면충돌,신호위반,건조,맑음,교차로 - 교차로안,화물,남,81세,상해없음,승용,여,56세,경상
2016120900100216,2016년 12월 9일 10시,금요일,경상남도 진주시 봉곡동,중상사고,0,1,0,0,차대차 - 측면충돌,안전운전불이행,건조,맑음,교차로 - 교차로부근,자전거,여,62세,중상,승용,여,51세,상해없음
2016120900100217,2016년 12월 9일 10시,금요일,경상남도 양산시 상북면,중상사고,0,1,0,0,차량단독 - 기타,안전운전불이행,건조,맑음,단일로 - 기타,승합,남,59세,상해없음,,,,
2016120900100218,2016년 12월 9일 10시,금요일,경상남도 창원시 마산회원구 봉암동,중상사고,0,2,5,0,차대차 - 측면충돌,안전운전불이행,건조,맑음,단일로 - 기타,건설기계,남,62세,상해없음,승용,여,43세,중상
2016120900100272,2016년 12월 9일 12시,금요일,경상남도 양산시 물금읍,경상사고,0,0,2,0,차대차 - 측면충돌,직진우회전진행방해,건조,맑음,교차로 - 교차로안,승용,여,26세,상해없음,승용,남,50세,경상
2016120900100273,2016년 12월 9일 12시,금요일,경상남도 양산시 물금읍,중상사고,0,1,1,0,차대차 - 측면충돌,신호위반,건조,맑음,교차로 - 교차로안,승용,남,47세,상해없음,승용,남,44세,경상
2016120900100302,2016년 12월 9일 13시,금요일,경상남도 거제시 연초면,경상사고,0,0,1,0,차대차 - 추돌,안전운전불이행,건조,맑음,단일로 - 기타,승용,남,18세,상해없음,화물,남,41세,경상
2016120900100335,2016년 12월 9일 14시,금요일,경상남도 창원시 성산구 양곡동,경상사고,0,0,1,0,차대차 - 추돌,안전거리미확보,건조,맑음,단일로 - 기타,건설기계,남,35세,상해없음,승용,여,42세,경상
2016120900100336,2016년 12월 9일 14시,금요일,경상남도 김해시 서상동,중상사고,0,1,0,0,차대사람 - 횡단중,신호위반,건조,맑음,교차로 - 교차로안,승용,여,61세,상해없음,보행자,여,48세,중상
2016120900100337,2016년 12월 9일 14시,금요일,경상남도 남해군 남해읍,중상사고,0,2,1,0,차대차 - 측면직각충돌,교차로운행방법위반,건조,맑음,교차로 - 교차로안,승용,여,56세,경상,원동기,남,71세,중상
2016120900100372,2016년 12월 9일 15시,금요일,경상남도 거제시 고현동,중상사고,0,3,0,0,차대차 - 측면직각충돌,직진우회전진행방해,건조,맑음,교차로 - 교차로안,승용,여,40세,중상,승용,남,35세,중상