사고번호,사고일시,요일,시군구,사고내용,사망자수,중상자수,경상자수,부상신고자수,사고유형,법규위반,노면상태,기상상태,도로형태,가해운전자 차종,가해운전자 성별,가해운전자 연령,가해운전자 상해정도,피해운전자 차종,피해운전자 성별,피해운전자 연령,피해운전자 상해정도
2016120900100430,2016년 12월 9일 17시,금요일,경상남도 사천시 사남면,중상사고,0,1,1,0,차대차 - 측면직각충돌,신호위반,건조,맑음,교차로 - 교차로안,승용,남,29세,경상,승용,여,56세,중상
2016120900100431,2016년 12월 9일 17시,금요일,경상남도 거창군 거창읍,중상사고,0,1,0,0,차대차 - 기타,안전운전불이행,건조,맑음,교차로 - 교차로안,화물,남,32세,상해없음,자전거,남,71세,중상
2016120900100432,2016년 12월 9일 17시,금요일,경상남도 창원시 마산회원구 구암동,중상사고,0,1,3,0,차대차 - 추돌,안전운전불이행,건조,맑음,단일로 - 기타,승용,남,50세,상해없음,승용,남,66세,경상
2016120900100486,2016년 12월 9일 18시,금요일,경상남도 양산시 북부동,경상사고,0,0,1,0,차대차 - 정면충돌,안전운전불이행,건조,맑음,단일로 - 기타,승용,남,21세,상해없음,승용,여,38세,경상
2016120900100487,2016년 12월 9일 18시,금요일,경상남도 창원시 의창구 팔용동,경상사고,0,0,1,0,차대차 - 기타,안전운전불이행,건조,맑음,교차로 - 교차로안,승용,남,65세,상해없음,원동기,남,30세,경상
2016120900100537,2016년 12월 9일 19시,금요일,경상남도 양산시 물금읍,경상사고,0,0,1,0,차대차 - 기타,신호위반,건조,맑음,교차로 - 교차로안,기타불명,기타불명,기타불명,기타불명,이륜,남,47세,경상
2016120900100538,2016년 12월 9일 19시,금요일,경상남도 거제시 아주동,중상사고,0,1,0,0,차대차 - 정면충돌,안전운전불이행,건조,맑음,교차로 - 교차로안,승용,여,34세,상해없음,이륜,남,50세,중상
2016120900100573,2016년 12월 9일 20시,금요일,경상남도 창녕군 창녕읍,중상사고,0,1,0,0,차대차 - 측면직각충돌,안전운전불이행,건조,맑음,교차로 - 교차로안,승용,남,32세,상해없음,원동기,남,16세,중상
2016120900100574,2016년 12월 9일 20시,금요일,경상남도 양산시 중부동,중상사고,0,1,0,0,차대사람 - 횡단중,안전운전불이행,건조,맑음,교차로 - 교차로안,승용,남,33세,상해없음,보행자,여,58세,중상
2016120900100611,2016년 12월 9일 21시,금요일,경상남도 김해시 구산동,경상사고,0,0,1,0,차대차 - 추돌,안전거리미확보,건조,맑음,단일로 - 기타,승용,남,30세,상해없음,승용,여,30세,경상
2016120900100612,2016년 12월 9일 21시,금요일,경상남도 창원시 마산회원구 합성동,중상사고,0,1,0,0,차대차 - 측면직각충돌,안전운전불이행,건조,맑음,교차로 - 교차로안,이륜,남,55세,상해없음,이륜,남,34세,중상
2016120900100677,2016년 12월 9일 23시,금요일,경상남도 양산시 북부동,중상사고,0,1,0,0,차량단독 - 전도전복,안전운전불이행,건조,맑음,단일로 - 기타,승용,여,44세,중상,,,,
2016121000100034,2016년 12월 10일 01시,토요일,경상남도 창원시 마산회원구 구암동,경상사고,0,0,1,0,차량단독 - 기타,안전운전불이행,건조,맑음,단일로 - 기타,원동기,남,16세,경상,,,,
2016121000100050,2016년 12월 10일 02시,토요일,경상남도 김해시 화목동,중상사고,0,1,0,0,차량단독 - 전도전복,안전운전불이행,건조,맑음,교차로 - 교차로안,승용,남,54세,상해없음,,,,
2016121000100067,2016년 12월 10일 04시,토요일,경상남도 진주시 칠암동,경상사고,0,0,1,0,차대사람 - 횡단중,안전운전불이행,건조,맑음,단일로 - 기타,화물,남,80세,상해없음,보행자,남,22세,경상
2016121000100102,2016년 12월 10일 06시,토요일,경상남도 하동군 금성면,중상사고,0,1,1,0,차대차 - 추돌,안전운전불이행,건조,맑음,단일로 - 기타,특수,남,62세,중상,건설기계,남,56세,경상
2016121000100123,2016년 12월 10일 07시,토요일,경상남도 창원시 마산합포구 신포동2가,경상사고,0,0,1,0,차대차 - 측면직각충돌,신호위반,건조,맑음,교차로 - 교차로안,승용,남,60세,상해없음,승용,남,48세,상해없음
2016121000100167,2016년 12월 10일 09시,토요일,경상남도 통영시 광도면,사망사고,1,0,0,0,차량단독 - 전도전복,안전운전불이행,건조,맑음,교차로 - 교차로안,건설기계,남,65세,사망,,,,
2016121000100168,2016년 12월 10일 09시,토요일,경상남도 사천시 죽림동,경상사고,0,0,1,0,차대차 - 추돌,안전운전불이행,건조,맑음,교차로 - 교차로부근,승용,여,45세,상해없음,화물,남,34세,경상
2016121000100228,2016년 12월 10일 11시,토요일,경상남도 진주시 수정동,중상사고,0,1,0,0,차대사람 - 횡단중,보행자보호의무위반,건조,맑음,단일로 - 횡단보도상,승용,여,41세,상해없음,보행자,여,74세,중상
2016121000100256,2016년 12월 10일 12시,토요일,경상남도 김해시 동상동,경상사고,0,0,1,0,차대차 - 측면직각충돌,안전운전불이행,건조,맑음,교차로 - 교차로안,승용,남,57세,상해없음,승용,남,36세,경상
2016121000100257,2016년 12월 10일 12시,토요일,경상남도 거제시 장평동,경상사고,0,0,1,0,차대차 - 추돌,안전운전불이행,건조,맑음,단일로 - 기타,승용,남,56세,상해없음,승용,여,48세,경상
2016121000100289,2016년 12월 10일 13시,토요일,경상남도 통영시 무전동,중상사고,0,1,0,0,차대사람 - 횡단중,보행자보호의무위반,건조,맑음,단일로 - 횡단보도상,승용,남,50세,상해없음,보행자,여,59세,중상
2016121000100290,2016년 12월 10일 13시,토요일,경상남도 양산시 하북면,중상사고,0,1,0,0,차대사람 - 기타,안전운전불이행,건조,맑음,단일로 - 기타,승용,남,42세,상해없음,보행자,여,39세,중상
2016121000100326,2016년 12월 10일 14시,토요일,경상남도 거제시 옥포동,중상사고,0,1,0,0,차대차 - 측면충돌,안전운전불이행,건조,맑음,단일로 - 기타,승용,남,57세,상해없음,승용,남,64세,상해없음
2016121000100398,2016년 12월 10일 16시,토요일,경상남도 양산시 동면,경상사고,0,0,1,0,차대차 - 정면충돌,신호위반,건조,맑음,교차로 - 교차로안,승용,여,59세,상해없음,승용,남,43세,경상
2016121000100433,2016년 12월 10일 17시,토요일,경상남도 거제시 거제면,경상사고,0,0,1,0,차대차 - 기타,중앙선침범,건조,맑음,단일로 - 기타,이륜,남,62세,상해없음,승용,여,48세,경상
2016121000100477,2016년 12월 10일 18시,토요일,경상남도 양산시 물금읍,경상사고,0,0,2,0,차대차 - 정면충돌,신호위반,건조,맑음,교차로 - 교차로안,승용,여,36세,상해없음,승용,남,50세,경상
2016121000100478,2016년 12월 10일 18시,토요일,경상남도 양산시 중부동,중상사고,0,1,1,0,차대차 - 측면직각충돌,교차로운행방법위반,건조,맑음,교차로 - 교차로부근,승용,여,59세,상해없음,승용,남,31세,중상
2016121000100479,2016년 12월 10일 18시,토요일,경상남도 거제시 장평동,경상사고,0,0,1,0,차대차 - 기타,안전운전불이행,건조,맑음,단일로 - 기타,승용,여,29세,경상,승용,남,50세,상해없음
2016121000100517,2016년 12월 10일 19시,토요일,경상남도 거제시 사등면,중상사고,0,1,0,0,차대차 - 추돌,안전운전불이행,건조,맑음,단일로 - 기타,승용,여,40세,상해없음,승용,남,36세,중상
2016121000100518,2016년 12월 10일 19시,토요일,경상남도 김해시 장유면,경상사고,0,0,1,0,차대차 - 측면직각충돌,교차로운행방법위반,건조,맑음,교차로 - 교차로안,승용,남,35세,상해없음,이륜,남,29세,경상
2016121000100545,2016년 12월 10일 20시,토요일,경상남도 사천시 사남면,경상사고,0,0,1,0,차대차 - 측면직각충돌,안전거리미확보,건조,맑음,단일로 - 기타,승용,남,65세,상해없음,승용,남,46세,경상
2016121000100546,2016년 12월 10일 20시,토요일,경상남도 밀양시 내이동,경상사고,0,0,1,0,차대차 - 측면직각충돌,교차로운행방법위반,건조,맑음,교차로 - 교차로안,승합,남,41세,상해없음,원동기,남,16세,경상
2016121000100547,2016년 12월 10일 20시,토요일,경상남도 김해시 어방동,부상신고사고,0,0,0,1,차대사람 - 횡단중,안전운전불이행,건조,맑음,단일로 - 기타,이륜,남,20세,상해없음,보행자,남,48세,부상신고
2016121000100580,2016년 12월 10일 21시,토요일,경상남도 진주시 이현동,중상사고,0,1,0,0,차대사람 - 횡단중,안전운전불이행,건조,맑음,단일로 - 기타,승용,남,28세,상해없음,보행자,남,42세,중상
2016121000100581,2016년 12월 10일 21시,토요일,경상남도 창원시 마산회원구 내서읍,중상사고,0,1,0,0,차대차 - 정면충돌,신호위반,건조,맑음,교차로 - 교차로부근,승용,남,53세,상해없음,원동기,남,26세,중상
2016121000100607,2016년 12월 10일 22시,토요일,경상남도 김해시 어방동,중상사고,0,1,0,0,차대차 - 기타,안전운전불이행,건조,맑음,단일로 - 기타,승용,남,19세,상해없음,이륜,남,42세,중상
2016121000100608,2016년 12월 10일 22시,토요일,경상남도 거제시 장평동,중상사고,0,1,0,0,차대사람 - 차도통행중,안전운전불이행,건조,맑음,단일로 - 기타,승용,남,45세,상해없음,보행자,남,46세,중상
2016121000100609,2016년 12월 10일 22시,토요일,경상남도 창원시 의창구 명서동,중상사고,0,1,0,0,차대차 - 측면직각충돌,안전운전불이행,건조,맑음,교차로 - 교차로안,이륜,남,17세,중상,승용,여,53세,상해없음
2016121000100610,2016년 12월 10일 22시,토요일,경상남도 김해시 장유면,중상사고,0,2,0,0,차대차 - 측면충돌,신호위반,건조,맑음,교차로 - 교차로안,이륜,남,16세,중상,승용,남,54세,상해없음
2016121000100635,2016년 12월 10일 23시,토요일,경상남도 진주시 충무공동,중상사고,0,2,2,0,차대차 - 측면충돌,신호위반,건조,맑음,교차로 - 교차로안,승용,남,45세,경상,승용,여,53세,경상
2016121000100636,2016년 12월 10일 23시,토요일,경상남도 양산시 중부동,경상사고,0,0,1,0,차대차 - 정면충돌,차로위반,건조,맑음,단일로 - 기타,승용,남,57세,상해없음,이륜,남,35세,경상
2016121000100637,2016년 12월 10일 23시,토요일,경상남도 창원시 의창구 도계동,중상사고,0,1,1,0,차대차 - 측면직각충돌,안전운전불이행,건조,맑음,교차로 - 교차로안,승용,남,51세,상해없음,이륜,남,27세,중상
2016121100100013,2016년 12월 11일 00시,일요일,경상남도 창원시 의창구 소계동,경상사고,0,0,1,0,차대차 - 측면직각충돌,안전운전불이행,건조,맑음,교차로 - 교차로안,승용,남,70세,상해없음,승용,남,58세,경상
2016121100100051,2016년 12월 11일 02시,일요일,경상남도 김해시 장유면,중상사고,0,1,0,0,차대차 - 측면충돌,기타,건조,맑음,단일로 - 기타,승용,여,22세,상해없음,승용,남,49세,상해없음
2016121100100097,2016년 12월 11일 06시,일요일,경상남도 김해시 진영읍,경상사고,0,0,1,0,차량단독 - 기타,안전운전불이행,결빙,맑음,교차로 - 교차로부근,승용,남,58세,경상,,,,
2016121100100107,2016년 12월 11일 07시,일요일,경상남도 거제시 고현동,중상사고,0,1,0,0,차대차 - 측면충돌,안전운전불이행,건조,맑음,단일로 - 기타,승용,남,35세,상해없음,이륜,남,33세,중상
2016121100100137,2016년 12월 11일 09시,일요일,경상남도 진주시 중안동,경상사고,0,0,3,0,차대차 - 추돌,안전운전불이행,건조,맑음,단일로 - 기타,승용,남,26세,상해없음,승용,여,71세,경상
2016121100100138,2016년 12월 11일 09시,일요일,경상남도 창원시 진해구 용원동,중상사고,0,1,0,0,차대사람 - 차도통행중,안전운전불이행,건조,맑음,교차로 - 교차로부근,승용,남,37세,상해없음,보행자,여,73세,중상
2016121100100139,2016년 12월 11일 09시,일요일,경상남도 함안군 산인면,경상사고,0,0,2,0,차대차 - 추돌,안전운전불이행,건조,맑음,단일로 - 기타,승합,남,37세,상해없음,승용,남,36세,경상
2016121100100217,2016년 12월 11일 12시,일요일,경상남도 합천군 합천읍,경상사고,0,0,1,0,차대차 - 측면충돌,안전운전불이행,건조,맑음,교차로 - 교차로안,승용,남,53세,상해없음,이륜,남,45세,경상
2016121100100218,2016년 12월 11일 12시,일요일,경상남도 함안군 칠원읍,중상사고,0,1,0,0,차대차 - 추돌,안전운전불이행,건조,맑음,단일로 - 기타,승용,남,26세,상해없음,승용,여,60세,중상
2016121100100234,2016년 12월 11일 13시,일요일,경상남도 진주시 봉곡동,중상사고,0,1,0,0,차대차 - 측면직각충돌,안전운전불이행,건조,맑음,단일로 - 횡단보도상,승용,남,52세,상해없음,자전거,남,74세,중상
2016121100100235,2016년 12월 11일 13시,일요일,경상남도 통영시 무전동,경상사고,0,0,1,0,차대사람 - 기타,안전운전불이행,건조,맑음,단일로 - 기타,승용,여,51세,상해없음,보행자,여,66세,경상
2016121100100264,2016년 12월 11일 14시,일요일,경상남도 창녕군 성산면,중상사고,0,3,1,0,차대차 - 추돌,안전운전불이행,건조,맑음,단일로 - 기타,승용,남,36세,경상,농기계,남,66세,중상
2016121100100286,2016년 12월 11일 15시,일요일,경상남도 진주시 하대동,경상사고,0,0,1,0,차대차 - 측면직각충돌,직진우회전진행방해,건조,맑음,교차로 - 교차로안,승용,남,54세,상해없음,승용,남,56세,상해없음
2016121100100287,2016년 12월 11일 15시,일요일,경상남도 김해시 동상동,경상사고,0,0,2,0,차대차 - 추돌,안전거리미확보,건조,맑음,교차로 - 교차로안,승용,여,44세,상해없음,승용,남,28세,경상
2016121100100310,2016년 12월 11일 16시,일요일,경상남도 창원시 진해구 이동,경상사고,0,0,1,0,차대사람 - 차도통행중,안전운전불이행,건조,맑음,단일로 - 기타,승용,여,33세,기타불명,보행자,여,43세,경상
2016121100100311,2016년 12월 11일 16시,일요일,경상남도 거창군 거창읍,중상사고,0,1,0,0,차대차 - 기타,안전운전불이행,건조,맑음,교차로 - 교차로안,승용,여,24세,상해없음,이륜,남,61세,중상
2016121100100312,2016년 12월 11일 16시,일요일,경상남도 하동군 하동읍,중상사고,0,1,0,0,차량단독 - 전도전복,안전운전불이행,건조,맑음,교차로 - 교차로부근,화물,남,72세,상해없음,,,,
2016121100100313,2016년 12월 11일 16시,일요일,경상남도 함안군 칠원읍,경상사고,0,0,2,0,차대차 - 추돌,안전운전불이행,건조,맑음,단일로 - 기타,승용,여,48세,상해없음,승용,남,64세,경상
2016121100100345,2016년 12월 11일 17시,일요일,경상남도 진주시 주약동,경상사고,0,0,4,0,차대차 - 정면충돌,중앙선침범,건조,맑음,단일로 - 기타,승용,남,28세,상해없음,승용,남,73세,경상
2016121100100346,2016년 12월 11일 17시,일요일,경상남도 통영시 도남동,중상사고,0,1,3,0,차대차 - 측면직각충돌,교차로운행방법위반,건조,맑음,교차로 - 교차로안,승용,남,49세,상해없음,승합,남,56세,경상
2016121100100347,2016년 12월 11일 17시,일요일,경상남도 창원시 의창구 팔용동,중상사고,0,1,2,0,차대차 - 측면충돌,안전운전불이행,건조,맑음,단일로 - 기타,특수,남,49세,상해없음,승합,남,49세,중상
2016121100100379,2016년 12월 11일 18시,일요일,경상남도 밀양시 하남읍,중상사고,0,1,4,0,차대차 - 추돌,안전운전불이행,건조,맑음,단일로 - 기타,승용,남,41세,상해없음,승용,남,28세,경상
2016121100100380,2016년 12월 11일 18시,일요일,경상남도 창녕군 남지읍,중상사고,0,1,0,0,차대사람 - 횡단중,중앙선침범,건조,맑음,단일로 - 기타,화물,남,67세,상해없음,보행자,여,65세,중상
2016121100100381,2016년 12월 11일 18시,일요일,경상남도 창원시 의창구 팔용동,경상사고,0,0,1,0,차대차 - 측면충돌,안전운전불이행,건조,맑음,단일로 - 기타,승용,남,53세,상해없음,이륜,남,35세,경상
2016121100100382,2016년 12월 11일 18시,일요일,경상남도 김해시 장유면,경상사고,0,0,1,0,차대사람 - 횡단중,신호위반,건조,맑음,교차로 - 교차로부근,이륜,남,18세,상해없음,보행자,여,18세,경상
2016121100100417,2016년 12월 11일 19시,일요일,경상남도 김해시 외동,부상신고사고,0,0,0,1,차대차 - 기타,안전운전불이행,건조,맑음,교차로 - 교차로부근,승용,여,40세,상해없음,이륜,남,23세,부상신고
2016121100100449,2016년 12월 11일 20시,일요일,경상남도 김해시 안동,중상사고,0,1,0,0,차대사람 - 횡단중,안전운전불이행,건조,맑음,단일로 - 횡단보도상,승용,남,40세,상해없음,보행자,남,29세,중상
2016121100100450,2016년 12월 11일 20시,일요일,경상남도 양산시 소주동,부상신고사고,0,0,0,2,차대차 - 측면충돌,직진우회전진행방해,건조,맑음,교차로 - 교차로안,화물,남,54세,상해없음,승용,남,58세,부상신고
2016121200100080,2016년 12월 12일 07시,월요일,경상남도 진주시 옥봉동,경상사고,0,0,1,0,차대차 - 측면직각충돌,안전운전불이행,건조,맑음,교차로 - 교차로안,승용,남,61세,상해없음,승용,여,38세,경상
2016121200100081,2016년 12월 12일 07시,월요일,경상남도 사천시 사남면,경상사고,0,0,3,0,차대차 - 측면직각충돌,교차로운행방법위반,건조,맑음,교차로 - 교차로안,승용,남,53세,상해없음,승용,여,49세,경상
2016121200100082,2016년 12월 12일 07시,월요일,경상남도 김해시 어방동,경상사고,0,0,2,0,차대차 - 추돌,안전운전불이행,건조,맑음,단일로 - 기타,승용,여,25세,상해없음,승용,남,39세,경상
2016121200100106,2016년 12월 12일 08시,월요일,경상남도 함안군 군북면,경상사고,0,0,1,0,차대사람 - 기타,안전운전불이행,건조,맑음,단일로 - 기타,기타불명,기타불명,기타불명,기타불명,보행자,남,12세,경상
2016121200100107,2016년 12월 12일 08시,월요일,경상남도 창원시 의창구 서상동,중상사고,0,1,0,0,차대사람 - 횡단중,보행자보호의무위반,건조,맑음,단일로 - 횡단보도상,승용,남,32세,상해없음,보행자,여,53세,중상
2016121200100193,2016년 12월 12일 11시,월요일,경상남도 통영시 무전동,중상사고,0,3,1,0,차대차 - 추돌,안전운전불이행,건조,맑음,단일로 - 기타,승용,남,36세,상해없음,승용,남,47세,중상
2016121200100194,2016년 12월 12일 11시,월요일,경상남도 남해군 남해읍,중상사고,0,1,0,0,차대사람 - 횡단중,보행자보호의무위반,건조,맑음,단일로 - 기타,승용,남,81세,상해없음,보행자,여,89세,중상
2016121200100223,2016년 12월 12일 12시,월요일,경상남도 양산시 명곡동,경상사고,0,0,1,0,차대차 - 정면충돌,안전운전불이행,건조,맑음,교차로 - 교차로부근,승용,여,39세,상해없음,승용,여,28세,상해없음
2016121200100247,2016년 12월 12일 13시,월요일,경상남도 창원시 마산회원구 내서읍,사망사고,1,0,0,0,차대차 - 측면충돌,중앙선침범,건조,맑음,교차로 - 교차로부근,화물,남,60세,상해없음,화물,남,41세,사망
2016121200100248,2016년 12월 12일 13시,월요일,경상남도 창원시 마산회원구 석전동,경상사고,0,0,1,0,차대사람 - 보도통행중,기타,건조,맑음,단일로 - 기타,원동기,여,54세,상해없음,보행자,여,58세,경상
2016121200100249,2016년 12월 12일 13시,월요일,경상남도 창원시 의창구 팔용동,중상사고,0,1,0,0,차대사람 - 횡단중,보행자보호의무위반,건조,맑음,단일로 - 횡단보도상,승용,여,31세,상해없음,보행자,여,57세,중상
2016121200100330,2016년 12월 12일 16시,월요일,경상남도 창원시 마산합포구 서성동,경상사고,0,0,1,0,차대차 - 측면직각충돌,신호위반,건조,흐림,교차로 - 교차로부근,원동기,남,89세,경상,승용,남,52세,상해없음
2016121200100367,2016년 12월 12일 17시,월요일,경상남도 거제시 능포동,중상사고,0,1,0,0,차대사람 - 횡단중,안전운전불이행,건조,맑음,교차로 - 교차로안,승용,여,53세,상해없음,보행자,여,60세,중상
2016121200100368,2016년 12월 12일 17시,월요일,경상남도 김해시 장유면,경상사고,0,0,2,0,차대차 - 측면충돌,안전운전불이행,건조,맑음,단일로 - 기타,승용,여,34세,상해없음,승용,남,34세,경상
2016121200100369,2016년 12월 12일 17시,월요일,경상남도 함안군 가야읍,경상사고,0,0,1,0,차대차 - 추돌,안전거리미확보,건조,맑음,단일로 - 기타,승용,남,21세,상해없음,승용,남,62세,경상
2016121200100426,2016년 12월 12일 18시,월요일,경상남도 창원시 진해구 태백동,중상사고,0,1,1,0,차대차 - 측면직각충돌,신호위반,건조,맑음,교차로 - 교차로안,승용,남,28세,상해없음,승용,여,28세,경상
2016121200100427,2016년 12월 12일 18시,월요일,경상남도 김해시 불암동,경상사고,0,0,1,0,차대차 - 기타,신호위반,건조,맑음,교차로 - 교차로안,승용,여,47세,상해없음,이륜,남,28세,경상
2016121200100428,2016년 12월 12일 18시,월요일,경상남도 남해군 창선면,부상신고사고,0,0,0,1,차대사람 - 기타,안전운전불이행,습기,비,단일로 - 기타,승합,남,46세,상해없음,보행자,여,76세,부상신고
2016121200100429,2016년 12월 12일 18시,월요일,경상남도 의령군 용덕면,중상사고,0,1,0,0,차대사람 - 횡단중,안전운전불이행,건조,맑음,단일로 - 기타,승용,여,40세,상해없음,보행자,남,63세,중상
2016121200100512,2016년 12월 12일 21시,월요일,경상남도 김해시 외동,중상사고,0,1,0,0,차대사람 - 횡단중,신호위반,건조,맑음,단일로 - 횡단보도부근,승용,남,38세,상해없음,보행자,여,16세,중상
2016121200100513,2016년 12월 12일 21시,월요일,경상남도 김해시 봉황동,중상사고,0,2,0,0,차대차 - 추돌,안전거리미확보,건조,맑음,단일로 - 기타,승용,남,21세,상해없음,승용,남,29세,중상
2016121300100027,2016년 12월 13일 02시,화요일,경상남도 통영시 북신동,경상사고,0,0,3,0,차대차 - 기타,신호위반,건조,맑음,교차로 - 교차로안,승용,여,57세,상해없음,승용,남,59세,경상
2016121300100046,2016년 12월 13일 06시,화요일,경상남도 김해시 대동면,중상사고,0,1,2,0,차대차 - 정면충돌,기타,건조,맑음,단일로 - 기타,화물,남,44세,상해없음,화물,남,70세,상해없음
2016121300100059,2016년 12월 13일 06시,화요일,경상남도 거창군 거창읍,경상사고,0,0,1,0,차대차 - 측면직각충돌,안전운전불이행,건조,맑음,교차로 - 교차로안,화물,남,54세,경상,화물,남,60세,상해없음
2016121300100088,2016년 12월 13일 07시,화요일,경상남도 함양군 지곡면,경상사고,0,0,1,0,차량단독 - 도로외이탈 - 기타,안전운전불이행,결빙,맑음,단일로 - 기타,화물,남,59세,상해없음,,,,
2016121300100089,2016년 12월 13일 07시,화요일,경상남도 양산시 북부동,중상사고,0,1,0,0,차대차 - 정면충돌,안전운전불이행,건조,맑음,단일로 - 기타,승용,남,41세,상해없음,건설기계,남,48세,중상
2016121300100090,2016년 12월 13일 07시,화요일,경상남도 산청군 신등면,경상사고,0,0,2,0,차대차 - 측면충돌,교차로운행방법위반,건조,맑음,교차로 - 교차로안,승용,여,59세,경상,승용,남,63세,경상
2016121300100091,2016년 12월 13일 07시,화요일,경상남도 함안군 가야읍,경상사고,0,0,1,0,차대차 - 측면충돌,기타,건조,맑음,교차로 - 교차로안,원동기,남,67세,경상,승용,남,22세,상해없음
2016121300100092,2016년 12월 13일 07시,화요일,경상남도 창원시 의창구 동읍,경상사고,0,0,1,0,차대차 - 정면충돌,중앙선침범,건조,맑음,단일로 - 기타,승용,남,55세,상해없음,승용,남,45세,경상
2016121300100093,2016년 12월 13일 07시,화요일,경상남도 김해시 장유면,경상사고,0,0,1,0,차대차 - 추돌,안전운전불이행,건조,맑음,단일로 - 기타,승용,남,63세,상해없음,승용,남,45세,경상
2016121300100126,2016년 12월 13일 08시,화요일,경상남도 창원시 마산회원구 내서읍,중상사고,0,1,0,0,차대차 - 측면직각충돌,신호위반,건조,맑음,교차로 - 교차로안,승용,여,45세,상해없음,원동기,여,24세,중상
2016121300100158,2016년 12월 13일 09시,화요일,경상남도 거제시 일운면,경상사고,0,0,1,0,차대차 - 기타,안전운전불이행,건조,맑음,단일로 - 기타,승용,여,47세,상해없음,승용,여,51세,경상
2016121300100159,2016년 12월 13일 09시,화요일,경상남도 창원시 의창구 신월동,중상사고,0,1,0,0,차대사람 - 횡단중,신호위반,건조,맑음,교차로 - 교차로안,승용,여,79세,상해없음,보행자,여,21세,중상
2016121300100178,2016년 12월 13일 10시,화요일,경상남도 통영시 무전동,경상사고,0,0,1,0,차대차 - 측면충돌,안전운전불이행,건조,맑음,교차로 - 교차로안,승용,남,53세,상해없음,승합,남,55세,경상
2016121300100179,2016년 12월 13일 10시,화요일,경상남도 김해시 부원동,경상사고,0,0,1,0,차대차 - 추돌,안전운전불이행,건조,맑음,단일로 - 횡단보도부근,승용,남,38세,상해없음,자전거,여,60세,경상
2016121300100180,2016년 12월 13일 10시,화요일,경상남도 김해시 삼방동,중상사고,0,2,1,0,차대차 - 측면직각충돌,안전운전불이행,건조,맑음,교차로 - 교차로부근,승용,남,23세,경상,승용,여,50세,중상
2016121300100181,2016년 12월 13일 10시,화요일,경상남도 양산시 하북면,중상사고,0,1,0,0,차대차 - 정면충돌,직진우회전진행방해,건조,맑음,교차로 - 교차로안,승용,여,32세,상해없음,이륜,남,26세,중상
2016121300100225,2016년 12월 13일 12시,화요일,경상남도 양산시 명동,경상사고,0,0,1,0,차대사람 - 기타,안전운전불이행,건조,맑음,교차로 - 교차로부근,승용,여,52세,상해없음,보행자,여,52세,경상
2016121300100226,2016년 12월 13일 12시,화요일,경상남도 창원시 마산회원구 석전동,중상사고,0,1,2,0,차대차 - 추돌,안전운전불이행,건조,맑음,교차로 - 교차로부근,화물,남,35세,상해없음,승용,남,50세,중상
2016121300100262,2016년 12월 13일 13시,화요일,경상남도 김해시 외동,중상사고,0,1,1,0,차대차 - 측면직각충돌,안전운전불이행,건조,맑음,교차로 - 교차로안,승용,남,73세,상해없음,승용,여,32세,중상
2016121300100263,2016년 12월 13일 13시,화요일,경상남도 함양군 마천면,부상신고사고,0,0,0,1,차량단독 - 전도전복,안전운전불이행,건조,맑음,단일로 - 기타,이륜,여,57세,부상신고,,,,
2016121300100295,2016년 12월 13일 14시,화요일,경상남도 창원시 마산합포구 월남동3가,경상사고,0,0,1,0,차량단독 - 기타,안전운전불이행,건조,맑음,단일로 - 기타,승용,남,71세,상해없음,,,,
2016121300100296,2016년 12월 13일 14시,화요일,경상남도 진주시 강남동,중상사고,0,1,0,0,차대사람 - 횡단중,보행자보호의무위반,건조,맑음,교차로 - 교차로안,화물,남,28세,상해없음,보행자,여,62세,중상
2016121300100330,2016년 12월 13일 15시,화요일,경상남도 통영시 무전동,중상사고,0,1,0,0,차대차 - 추돌,안전운전불이행,건조,맑음,단일로 - 기타,승용,남,70세,상해없음,승용,여,42세,중상
2016121300100331,2016년 12월 13일 15시,화요일,경상남도 김해시 삼계동,중상사고,0,1,0,0,차대차 - 측면직각충돌,안전운전불이행,건조,맑음,단일로 - 기타,화물,남,41세,상해없음,이륜,남,39세,중상
2016121300100356,2016년 12월 13일 16시,화요일,경상남도 사천시 궁지동,중상사고,0,1,0,0,차대차 - 기타,안전운전불이행,건조,맑음,교차로 - 교차로부근,이륜,여,65세,중상,승용,남,51세,상해없음
2016121300100391,2016년 12월 13일 17시,화요일,경상남도 통영시 북신동,중상사고,0,1,0,0,차대차 - 측면충돌,안전운전불이행,건조,맑음,교차로 - 교차로안,승용,여,50세,상해없음,원동기,남,28세,중상
2016121300100392,2016년 12월 13일 17시,화요일,경상남도 거제시 아주동,경상사고,0,0,1,0,차대차 - 기타,안전운전불이행,건조,맑음,단일로 - 기타,승용,남,32세,상해없음,승용,여,26세,경상
2016121300100415,2016년 12월 13일 18시,화요일,경상남도 김해시 대동면,경상사고,0,0,1,0,차대차 - 기타,안전운전불이행,건조,맑음,단일로 - 기타,승용,남,59세,상해없음,승용,여,58세,경상
2016121300100445,2016년 12월 13일 18시,화요일,경상남도 양산시 물금읍,경상사고,0,0,1,0,차대차 - 측면충돌,직진우회전진행방해,건조,맑음,교차로 - 교차로안,승용,남,59세,상해없음,이륜,남,31세,경상