사고번호,사고일시,요일,시군구,사고내용,사망자수,중상자수,경상자수,부상신고자수,사고유형,법규위반,노면상태,기상상태,도로형태,가해운전자 차종,가해운전자 성별,가해운전자 연령,가해운전자 상해정도,피해운전자 차종,피해운전자 성별,피해운전자 연령,피해운전자 상해정도
2016122000100610,2016년 12월 20일 21시,화요일,경상남도 거제시 연초면,중상사고,0,1,0,0,차대사람 - 횡단중,안전운전불이행,건조,맑음,교차로 - 교차로부근,승용,남,44세,상해없음,보행자,여,31세,중상
2016122000100671,2016년 12월 20일 23시,화요일,경상남도 거제시 장평동,중상사고,0,1,2,0,차대차 - 추돌,안전운전불이행,건조,맑음,단일로 - 기타,승용,남,42세,상해없음,승용,여,56세,중상
2016122100100027,2016년 12월 21일 01시,수요일,경상남도 창원시 의창구 명서동,경상사고,0,0,1,0,차대사람 - 차도통행중,안전운전불이행,건조,맑음,단일로 - 기타,승용,여,47세,상해없음,보행자,남,81세,경상
2016122100100028,2016년 12월 21일 01시,수요일,경상남도 김해시 장유면,중상사고,0,1,2,0,차대차 - 정면충돌,안전운전불이행,건조,맑음,교차로 - 교차로안,승용,여,39세,중상,승용,남,55세,경상
2016122100100038,2016년 12월 21일 02시,수요일,경상남도 양산시 용당동,경상사고,0,0,1,0,차대사람 - 횡단중,안전운전불이행,건조,맑음,단일로 - 기타,승용,여,36세,상해없음,보행자,남,47세,경상
2016122100100048,2016년 12월 21일 04시,수요일,경상남도 진주시 내동면,중상사고,0,1,1,0,차량단독 - 전도전복,안전운전불이행,습기,안개,단일로 - 기타,원동기,남,18세,경상,,,,
2016122100100057,2016년 12월 21일 05시,수요일,경상남도 김해시 내동,중상사고,0,1,3,0,차대차 - 정면충돌,안전운전불이행,건조,맑음,교차로 - 교차로부근,화물,남,50세,상해없음,승용,남,20세,경상
2016122100100070,2016년 12월 21일 06시,수요일,경상남도 거제시 장승포동,중상사고,0,1,0,0,차대사람 - 횡단중,보행자보호의무위반,건조,맑음,단일로 - 횡단보도상,승용,남,31세,상해없음,보행자,여,40세,중상
2016122100100071,2016년 12월 21일 06시,수요일,경상남도 창원시 의창구 명서동,중상사고,0,1,0,0,차대사람 - 횡단중,보행자보호의무위반,건조,맑음,단일로 - 횡단보도상,승용,남,59세,상해없음,보행자,남,39세,중상
2016122100100138,2016년 12월 21일 08시,수요일,경상남도 김해시 내동,경상사고,0,0,1,0,차대차 - 측면직각충돌,안전운전불이행,건조,맑음,교차로 - 교차로안,승용,여,60세,상해없음,승용,남,28세,경상
2016122100100139,2016년 12월 21일 08시,수요일,경상남도 양산시 물금읍,경상사고,0,0,1,0,차대차 - 측면충돌,신호위반,건조,맑음,교차로 - 교차로안,승용,여,36세,상해없음,승용,남,57세,경상
2016122100100140,2016년 12월 21일 08시,수요일,경상남도 창원시 의창구 사림동,경상사고,0,0,1,0,차대차 - 기타,안전운전불이행,건조,맑음,교차로 - 교차로안,승용,남,35세,상해없음,승용,남,53세,경상
2016122100100168,2016년 12월 21일 09시,수요일,경상남도 양산시 중부동,경상사고,0,0,1,0,차대차 - 측면충돌,신호위반,건조,맑음,교차로 - 교차로안,승용,남,57세,상해없음,승용,여,38세,경상
2016122100100196,2016년 12월 21일 10시,수요일,경상남도 창원시 마산합포구 진북면,중상사고,0,1,1,0,차대차 - 측면충돌,안전운전불이행,건조,맑음,교차로 - 교차로안,승용,남,47세,경상,승합,남,32세,중상
2016122100100197,2016년 12월 21일 10시,수요일,경상남도 진주시 장대동,경상사고,0,0,1,0,차대사람 - 기타,안전운전불이행,건조,맑음,단일로 - 기타,승용,남,59세,상해없음,보행자,여,55세,경상
2016122100100198,2016년 12월 21일 10시,수요일,경상남도 통영시 북신동,중상사고,0,1,0,0,차대사람 - 횡단중,안전운전불이행,건조,맑음,교차로 - 교차로안,승용,남,44세,상해없음,보행자,여,65세,중상
2016122100100199,2016년 12월 21일 10시,수요일,경상남도 양산시 동면,경상사고,0,0,1,1,차대차 - 정면충돌,신호위반,건조,맑음,교차로 - 교차로안,승용,남,46세,상해없음,승용,여,68세,부상신고
2016122100100213,2016년 12월 21일 11시,수요일,경상남도 김해시 대동면,경상사고,0,0,1,4,차대차 - 추돌,안전운전불이행,건조,맑음,단일로 - 기타,화물,남,57세,상해없음,승용,남,60세,상해없음
2016122100100230,2016년 12월 21일 11시,수요일,경상남도 창원시 진해구 여좌동,경상사고,0,0,1,0,차대차 - 측면직각충돌,안전거리미확보,건조,맑음,단일로 - 기타,승용,남,76세,상해없음,원동기,남,24세,경상
2016122100100258,2016년 12월 21일 12시,수요일,경상남도 김해시 내동,중상사고,0,1,0,0,차대차 - 측면직각충돌,안전운전불이행,건조,흐림,교차로 - 교차로안,승용,남,26세,상해없음,자전거,여,61세,중상
2016122100100259,2016년 12월 21일 12시,수요일,경상남도 하동군 하동읍,경상사고,0,0,1,0,차대사람 - 기타,안전운전불이행,건조,맑음,단일로 - 기타,화물,남,62세,상해없음,보행자,남,68세,경상
2016122100100280,2016년 12월 21일 13시,수요일,경상남도 함양군 서하면,중상사고,0,2,0,0,차대차 - 측면직각충돌,교차로운행방법위반,건조,맑음,교차로 - 교차로안,화물,남,46세,중상,승용,남,61세,중상
2016122100100281,2016년 12월 21일 13시,수요일,경상남도 고성군 마암면,경상사고,0,0,1,0,차대차 - 정면충돌,교차로운행방법위반,건조,맑음,교차로 - 교차로안,승용,남,63세,기타불명,승용,여,35세,경상
2016122100100282,2016년 12월 21일 13시,수요일,경상남도 창원시 성산구 사파동,경상사고,0,0,1,0,차량단독 - 기타,안전운전불이행,건조,맑음,단일로 - 기타,승합,남,54세,상해없음,,,,
2016122100100306,2016년 12월 21일 14시,수요일,경상남도 창녕군 대지면,경상사고,0,0,1,0,차대차 - 추돌,안전운전불이행,건조,흐림,단일로 - 기타,화물,남,66세,상해없음,승용,여,56세,경상
2016122100100307,2016년 12월 21일 14시,수요일,경상남도 고성군 고성읍,중상사고,0,1,0,0,차대사람 - 횡단중,안전운전불이행,건조,맑음,단일로 - 기타,이륜,남,77세,상해없음,보행자,여,69세,중상
2016122100100338,2016년 12월 21일 15시,수요일,경상남도 사천시 정동면,경상사고,0,0,1,0,차량단독 - 도로외이탈 - 기타,안전운전불이행,습기,비,단일로 - 기타,승용,여,25세,경상,,,,
2016122100100371,2016년 12월 21일 16시,수요일,경상남도 거창군 거창읍,경상사고,0,0,2,0,차대차 - 측면충돌,안전운전불이행,습기,비,단일로 - 기타,승용,여,53세,경상,승합,남,59세,경상
2016122100100372,2016년 12월 21일 16시,수요일,경상남도 고성군 마암면,사망사고,1,0,0,0,차량단독 - 공작물충돌,안전운전불이행,습기,비,단일로 - 기타,승용,남,82세,사망,,,,
2016122100100373,2016년 12월 21일 16시,수요일,경상남도 거제시 고현동,중상사고,0,1,0,0,차대차 - 기타,안전운전불이행,습기,비,교차로 - 교차로안,승용,남,21세,상해없음,이륜,남,50세,중상
2016122100100443,2016년 12월 21일 17시,수요일,경상남도 창원시 마산합포구 해운동,경상사고,0,0,1,0,차대사람 - 횡단중,안전운전불이행,건조,맑음,교차로 - 교차로부근,승용,남,27세,상해없음,보행자,여,20세,경상
2016122100100444,2016년 12월 21일 17시,수요일,경상남도 통영시 무전동,경상사고,0,0,1,0,차대차 - 측면직각충돌,신호위반,습기,비,교차로 - 교차로안,화물,남,45세,상해없음,승용,여,32세,경상
2016122100100445,2016년 12월 21일 17시,수요일,경상남도 합천군 합천읍,경상사고,0,0,1,0,차대차 - 추돌,안전운전불이행,습기,비,교차로 - 교차로부근,화물,남,44세,상해없음,자전거,여,68세,경상
2016122100100446,2016년 12월 21일 17시,수요일,경상남도 양산시 명동,경상사고,0,0,1,0,차대차 - 측면충돌,안전운전불이행,습기,비,교차로 - 교차로안,승용,남,47세,상해없음,자전거,남,29세,경상
2016122100100447,2016년 12월 21일 17시,수요일,경상남도 거제시 문동동,중상사고,0,1,0,0,차대사람 - 횡단중,보행자보호의무위반,습기,비,교차로 - 교차로부근,승합,여,31세,상해없음,보행자,여,23세,중상
2016122100100448,2016년 12월 21일 17시,수요일,경상남도 거제시 일운면,경상사고,0,0,1,0,차대차 - 기타,중앙선침범,습기,비,단일로 - 기타,승용,남,45세,상해없음,승용,남,61세,경상
2016122100100449,2016년 12월 21일 17시,수요일,경상남도 함안군 군북면,중상사고,0,1,0,0,차대사람 - 기타,안전운전불이행,습기,비,단일로 - 기타,승용,여,68세,상해없음,보행자,여,63세,중상
2016122100100450,2016년 12월 21일 17시,수요일,경상남도 창원시 의창구 사림동,경상사고,0,0,1,0,차대차 - 기타,안전운전불이행,습기,흐림,교차로 - 교차로안,승합,여,41세,상해없음,승합,여,53세,상해없음
2016122100100451,2016년 12월 21일 17시,수요일,경상남도 창원시 성산구 사파동,경상사고,0,0,1,0,차대차 - 기타,중앙선침범,건조,맑음,교차로 - 교차로부근,승용,남,55세,상해없음,승용,남,62세,경상
2016122100100546,2016년 12월 21일 18시,수요일,경상남도 창원시 마산합포구 월남동2가,경상사고,0,0,2,0,차대차 - 측면직각충돌,신호위반,습기,비,교차로 - 교차로안,승용,여,70세,상해없음,승용,여,41세,경상
2016122100100547,2016년 12월 21일 18시,수요일,경상남도 창원시 진해구 안골동,경상사고,0,0,1,0,차대차 - 추돌,안전운전불이행,습기,비,교차로 - 교차로안,승용,남,48세,상해없음,이륜,남,34세,경상
2016122100100548,2016년 12월 21일 18시,수요일,경상남도 창녕군 부곡면,중상사고,0,2,0,0,차대차 - 정면충돌,중앙선침범,습기,비,단일로 - 교량,승용,여,47세,중상,승용,남,54세,중상
2016122100100613,2016년 12월 21일 19시,수요일,경상남도 창원시 마산합포구 자산동,경상사고,0,0,2,0,차대차 - 측면직각충돌,신호위반,습기,비,교차로 - 교차로안,승합,남,66세,상해없음,승용,남,61세,경상
2016122100100614,2016년 12월 21일 19시,수요일,경상남도 창원시 마산합포구 신포동1가,경상사고,0,0,1,0,차대차 - 측면직각충돌,신호위반,습기,비,교차로 - 교차로안,승용,여,55세,상해없음,승용,남,54세,경상
2016122100100615,2016년 12월 21일 19시,수요일,경상남도 진주시 상평동,경상사고,0,0,1,0,차대사람 - 횡단중,안전운전불이행,습기,비,교차로 - 교차로안,승용,남,32세,상해없음,보행자,여,68세,경상
2016122100100616,2016년 12월 21일 19시,수요일,경상남도 양산시 평산동,중상사고,0,1,0,0,차대사람 - 횡단중,신호위반,습기,비,교차로 - 교차로안,승용,남,58세,상해없음,보행자,여,57세,중상
2016122100100617,2016년 12월 21일 19시,수요일,경상남도 거제시 고현동,경상사고,0,0,1,0,차대사람 - 기타,보행자보호의무위반,습기,비,단일로 - 기타,승용,남,52세,상해없음,보행자,여,48세,경상
2016122100100671,2016년 12월 21일 20시,수요일,경상남도 진주시 평거동,경상사고,0,0,1,0,차대사람 - 보도통행중,보행자보호의무위반,습기,비,단일로 - 횡단보도상,승용,남,50세,상해없음,보행자,남,14세,경상
2016122100100672,2016년 12월 21일 20시,수요일,경상남도 김해시 삼계동,경상사고,0,0,1,0,차대사람 - 길가장자리구역통행중,안전운전불이행,습기,비,단일로 - 기타,승용,여,32세,상해없음,보행자,남,48세,경상
2016122100100673,2016년 12월 21일 20시,수요일,경상남도 양산시 물금읍,중상사고,0,1,0,0,차대차 - 정면충돌,직진우회전진행방해,습기,비,교차로 - 교차로안,화물,남,62세,상해없음,승용,남,47세,중상
2016122100100674,2016년 12월 21일 20시,수요일,경상남도 김해시 장유면,중상사고,0,1,0,0,차대사람 - 횡단중,안전거리미확보,습기,비,교차로 - 교차로안,승용,여,42세,상해없음,보행자,남,11세,중상
2016122100100732,2016년 12월 21일 21시,수요일,경상남도 양산시 평산동,경상사고,0,0,1,0,차대차 - 정면충돌,중앙선침범,습기,비,단일로 - 기타,이륜,남,24세,경상,승용,남,35세,상해없음
2016122100100733,2016년 12월 21일 21시,수요일,경상남도 거제시 고현동,부상신고사고,0,0,0,1,차대차 - 기타,안전운전불이행,건조,맑음,단일로 - 기타,승용,남,40세,상해없음,화물,남,64세,상해없음
2016122100100734,2016년 12월 21일 21시,수요일,경상남도 고성군 영현면,중상사고,0,1,2,0,차대차 - 측면직각충돌,안전운전불이행,습기,비,단일로 - 기타,승용,남,35세,경상,승용,여,42세,경상
2016122100100789,2016년 12월 21일 22시,수요일,경상남도 양산시 주진동,경상사고,0,0,1,0,차대차 - 정면충돌,안전운전불이행,습기,비,교차로 - 교차로부근,승합,남,38세,상해없음,승용,남,61세,경상
2016122100100790,2016년 12월 21일 22시,수요일,경상남도 남해군 남해읍,경상사고,0,0,2,1,차대사람 - 횡단중,보행자보호의무위반,습기,비,단일로 - 기타,원동기,남,44세,경상,보행자,남,52세,경상
2016122100100791,2016년 12월 21일 22시,수요일,경상남도 창원시 성산구 사파동,중상사고,0,1,1,0,차대사람 - 기타,안전운전불이행,건조,맑음,단일로 - 기타,승용,여,52세,상해없음,보행자,여,32세,중상
2016122100100845,2016년 12월 21일 23시,수요일,경상남도 창원시 진해구 용원동,중상사고,0,1,0,0,차대사람 - 차도통행중,보행자보호의무위반,습기,비,기타 - 기타,이륜,남,17세,상해없음,보행자,남,45세,중상
2016122100100846,2016년 12월 21일 23시,수요일,경상남도 거제시 아주동,경상사고,0,0,2,0,차대차 - 기타,안전운전불이행,습기,비,단일로 - 기타,승용,남,46세,상해없음,승용,남,33세,경상
2016122200100044,2016년 12월 22일 00시,목요일,경상남도 양산시 물금읍,경상사고,0,0,1,3,차대차 - 추돌,안전거리미확보,습기,비,단일로 - 기타,승용,남,53세,상해없음,승용,남,43세,부상신고
2016122200100077,2016년 12월 22일 01시,목요일,경상남도 창녕군 장마면,경상사고,0,0,1,0,차량단독 - 전도전복,안전운전불이행,습기,비,단일로 - 기타,승용,여,19세,경상,,,,
2016122200100143,2016년 12월 22일 06시,목요일,경상남도 진주시 초전동,중상사고,0,2,0,0,차대차 - 측면충돌,직진우회전진행방해,건조,맑음,교차로 - 교차로안,승용,여,47세,상해없음,화물,남,51세,중상
2016122200100144,2016년 12월 22일 06시,목요일,경상남도 창원시 의창구 서상동,중상사고,0,1,0,0,차대사람 - 횡단중,신호위반,건조,맑음,단일로 - 횡단보도상,승용,여,50세,상해없음,보행자,여,63세,중상
2016122200100145,2016년 12월 22일 06시,목요일,경상남도 김해시 한림면,경상사고,0,0,1,0,차대차 - 기타,안전운전불이행,습기,비,단일로 - 기타,특수,남,41세,경상,건설기계,남,63세,상해없음
2016122200100178,2016년 12월 22일 07시,목요일,경상남도 김해시 삼정동,중상사고,0,1,0,0,차대사람 - 기타,안전운전불이행,습기,비,단일로 - 기타,승용,남,66세,상해없음,보행자,여,64세,중상
2016122200100179,2016년 12월 22일 07시,목요일,경상남도 양산시 물금읍,중상사고,0,1,0,2,차대차 - 정면충돌,신호위반,습기,흐림,교차로 - 교차로안,승용,여,49세,부상신고,승용,남,69세,부상신고
2016122200100180,2016년 12월 22일 07시,목요일,경상남도 거제시 고현동,중상사고,0,1,0,0,차대사람 - 횡단중,보행자보호의무위반,습기,비,단일로 - 횡단보도상,승용,남,55세,상해없음,보행자,남,68세,중상
2016122200100227,2016년 12월 22일 08시,목요일,경상남도 사천시 사천읍,부상신고사고,0,0,0,1,차대차 - 측면충돌,안전운전불이행,건조,맑음,단일로 - 기타,승용,남,61세,상해없음,승용,여,55세,부상신고
2016122200100228,2016년 12월 22일 08시,목요일,경상남도 김해시 장유면,중상사고,0,1,0,0,차대차 - 정면충돌,신호위반,건조,맑음,교차로 - 교차로안,승용,여,52세,상해없음,승용,여,41세,중상
2016122200100266,2016년 12월 22일 10시,목요일,경상남도 김해시 삼계동,중상사고,0,1,2,0,차대차 - 추돌,안전운전불이행,습기,흐림,단일로 - 기타,화물,남,66세,상해없음,화물,남,49세,중상
2016122200100267,2016년 12월 22일 10시,목요일,경상남도 산청군 시천면,중상사고,0,1,0,0,차대사람 - 기타,안전운전불이행,습기,흐림,기타 - 기타,승용,여,58세,상해없음,보행자,여,79세,중상
2016122200100290,2016년 12월 22일 11시,목요일,경상남도 통영시 광도면,경상사고,0,0,1,0,차대차 - 측면직각충돌,안전거리미확보,건조,맑음,단일로 - 기타,건설기계,남,53세,상해없음,승용,남,49세,경상
2016122200100306,2016년 12월 22일 12시,목요일,경상남도 김해시 장유면,경상사고,0,0,3,0,차대차 - 측면직각충돌,직진우회전진행방해,건조,맑음,교차로 - 교차로안,승용,여,58세,상해없음,승용,남,35세,경상
2016122200100340,2016년 12월 22일 13시,목요일,경상남도 거제시 일운면,경상사고,0,0,2,0,차대차 - 측면충돌,중앙선침범,건조,맑음,기타 - 기타,승용,남,39세,상해없음,승용,남,39세,경상
2016122200100363,2016년 12월 22일 14시,목요일,경상남도 김해시 삼정동,경상사고,0,0,1,0,차대차 - 측면직각충돌,교차로운행방법위반,건조,맑음,교차로 - 교차로안,자전거,남,17세,경상,승용,여,35세,상해없음
2016122200100390,2016년 12월 22일 15시,목요일,경상남도 창원시 마산합포구 중앙동1가,중상사고,0,1,0,0,차대차 - 측면충돌,중앙선침범,건조,맑음,단일로 - 횡단보도상,원동기,남,73세,중상,승용,남,38세,상해없음
2016122200100391,2016년 12월 22일 15시,목요일,경상남도 남해군 서면,중상사고,0,1,0,0,차대사람 - 기타,안전운전불이행,건조,맑음,단일로 - 기타,승용,남,71세,상해없음,보행자,여,54세,중상
2016122200100419,2016년 12월 22일 16시,목요일,경상남도 양산시 상북면,경상사고,0,0,1,0,차대사람 - 차도통행중,안전운전불이행,건조,맑음,교차로 - 교차로부근,승용,남,43세,상해없음,보행자,남,14세,경상
2016122200100465,2016년 12월 22일 17시,목요일,경상남도 김해시 장유면,경상사고,0,0,1,0,차대차 - 정면충돌,중앙선침범,건조,맑음,단일로 - 기타,승용,남,49세,상해없음,승용,남,33세,경상
2016122200100466,2016년 12월 22일 17시,목요일,경상남도 김해시 장유면,중상사고,0,1,0,0,차대차 - 추돌,안전거리미확보,습기,비,단일로 - 기타,승용,여,40세,상해없음,승용,남,56세,중상
2016122200100521,2016년 12월 22일 18시,목요일,경상남도 밀양시 내이동,경상사고,0,0,1,0,차대차 - 추돌,안전운전불이행,건조,맑음,단일로 - 기타,승용,남,43세,상해없음,승용,여,55세,경상
2016122200100522,2016년 12월 22일 18시,목요일,경상남도 거제시 아주동,경상사고,0,0,1,0,차대차 - 기타,안전운전불이행,건조,맑음,기타 - 기타,승용,남,58세,기타불명,승용,남,30세,경상
2016122200100523,2016년 12월 22일 18시,목요일,경상남도 창원시 마산회원구 회원동,경상사고,0,0,1,0,차대사람 - 횡단중,신호위반,건조,흐림,교차로 - 교차로부근,승용,남,64세,상해없음,보행자,여,47세,경상
2016122200100568,2016년 12월 22일 19시,목요일,경상남도 함안군 가야읍,경상사고,0,0,1,0,차대사람 - 횡단중,안전운전불이행,건조,흐림,교차로 - 교차로안,승용,여,37세,상해없음,보행자,남,53세,경상
2016122200100600,2016년 12월 22일 20시,목요일,경상남도 김해시 어방동,경상사고,0,0,1,0,차대사람 - 기타,안전운전불이행,건조,맑음,단일로 - 기타,승용,남,28세,상해없음,보행자,남,48세,경상
2016122200100601,2016년 12월 22일 20시,목요일,경상남도 창원시 성산구 상남동,부상신고사고,0,0,0,1,차대차 - 추돌,안전운전불이행,건조,맑음,단일로 - 기타,승용,남,48세,상해없음,승용,남,42세,부상신고
2016122200100602,2016년 12월 22일 20시,목요일,경상남도 김해시 진례면,중상사고,0,1,2,0,차대차 - 측면직각충돌,안전운전불이행,건조,맑음,교차로 - 교차로안,승용,남,47세,경상,승용,여,56세,상해없음
2016122300100045,2016년 12월 23일 02시,금요일,경상남도 남해군 남해읍,경상사고,0,0,1,0,차량단독 - 전도전복,안전운전불이행,건조,흐림,단일로 - 기타,이륜,남,38세,경상,,,,
2016122300100103,2016년 12월 23일 07시,금요일,경상남도 양산시 산막동,중상사고,0,1,0,0,차대사람 - 기타,안전운전불이행,건조,맑음,단일로 - 기타,승용,남,49세,상해없음,보행자,여,24세,중상
2016122300100142,2016년 12월 23일 08시,금요일,경상남도 통영시 도산면,중상사고,0,1,0,0,차대차 - 정면충돌,신호위반,건조,맑음,교차로 - 교차로부근,승용,남,58세,상해없음,승용,여,40세,중상
2016122300100143,2016년 12월 23일 08시,금요일,경상남도 김해시 구산동,경상사고,0,0,2,0,차대차 - 측면충돌,신호위반,건조,맑음,교차로 - 교차로안,승용,남,72세,상해없음,승용,남,48세,경상
2016122300100144,2016년 12월 23일 08시,금요일,경상남도 거제시 두모동,경상사고,0,0,1,0,차대차 - 추돌,안전운전불이행,건조,맑음,기타 - 기타,승용,여,65세,상해없음,승용,남,52세,경상
2016122300100182,2016년 12월 23일 09시,금요일,경상남도 사천시 사천읍,경상사고,0,0,1,0,차대차 - 정면충돌,중앙선침범,건조,맑음,단일로 - 기타,승용,남,29세,상해없음,승용,남,24세,경상
2016122300100228,2016년 12월 23일 11시,금요일,경상남도 진주시 칠암동,중상사고,0,1,0,0,차대사람 - 기타,안전운전불이행,건조,맑음,단일로 - 기타,승용,남,59세,상해없음,보행자,여,48세,중상
2016122300100229,2016년 12월 23일 11시,금요일,경상남도 밀양시 교동,경상사고,0,0,1,0,차대차 - 측면직각충돌,교차로운행방법위반,건조,맑음,교차로 - 교차로안,승용,여,59세,상해없음,이륜,남,47세,경상
2016122300100230,2016년 12월 23일 11시,금요일,경상남도 고성군 고성읍,중상사고,0,2,0,0,차대차 - 측면직각충돌,중앙선침범,건조,맑음,단일로 - 기타,승용,남,44세,상해없음,승용,남,40세,중상
2016122300100231,2016년 12월 23일 11시,금요일,경상남도 창원시 의창구 동읍,경상사고,0,0,1,0,차대사람 - 기타,안전운전불이행,건조,맑음,단일로 - 기타,승용,남,53세,상해없음,보행자,여,44세,경상
2016122300100264,2016년 12월 23일 12시,금요일,경상남도 통영시 광도면,경상사고,0,0,1,0,차대차 - 정면충돌,중앙선침범,건조,맑음,단일로 - 기타,화물,여,40세,상해없음,화물,남,65세,경상
2016122300100346,2016년 12월 23일 15시,금요일,경상남도 김해시 봉황동,경상사고,0,0,2,0,차대차 - 측면직각충돌,직진우회전진행방해,건조,맑음,교차로 - 교차로안,이륜,남,30세,경상,승용,여,58세,경상
2016122300100347,2016년 12월 23일 15시,금요일,경상남도 김해시 외동,경상사고,0,0,1,0,차대차 - 추돌,안전운전불이행,건조,맑음,단일로 - 기타,자전거,남,18세,경상,승합,남,70세,상해없음
2016122300100348,2016년 12월 23일 15시,금요일,경상남도 창원시 의창구 명서동,경상사고,0,0,1,0,차대차 - 기타,안전운전불이행,건조,맑음,단일로 - 기타,승용,남,28세,상해없음,자전거,남,58세,경상
2016122300100349,2016년 12월 23일 15시,금요일,경상남도 창원시 의창구 사화동,중상사고,0,1,0,0,차대차 - 추돌,안전운전불이행,건조,맑음,단일로 - 기타,승용,남,57세,상해없음,승용,여,59세,중상
2016122300100388,2016년 12월 23일 16시,금요일,경상남도 창원시 의창구 중동,경상사고,0,0,2,0,차대차 - 측면충돌,신호위반,건조,맑음,교차로 - 교차로안,화물,남,75세,기타불명,승용,남,72세,상해없음
2016122300100420,2016년 12월 23일 17시,금요일,경상남도 하동군 하동읍,경상사고,0,0,1,0,차대차 - 추돌,안전운전불이행,건조,맑음,교차로 - 교차로안,화물,남,33세,상해없음,이륜,남,70세,경상
2016122300100446,2016년 12월 23일 18시,금요일,경상남도 김해시 대동면,경상사고,0,0,2,0,차대차 - 추돌,안전운전불이행,건조,맑음,단일로 - 터널,승용,남,65세,상해없음,승용,남,39세,경상
2016122300100470,2016년 12월 23일 18시,금요일,경상남도 진주시 초전동,경상사고,0,0,1,0,차대사람 - 기타,안전운전불이행,건조,맑음,단일로 - 기타,승합,남,49세,상해없음,보행자,남,71세,경상
2016122300100471,2016년 12월 23일 18시,금요일,경상남도 사천시 용현면,경상사고,0,0,1,0,차대차 - 정면충돌,직진우회전진행방해,건조,맑음,교차로 - 교차로안,화물,남,43세,상해없음,승용,여,54세,경상
2016122300100472,2016년 12월 23일 18시,금요일,경상남도 창원시 의창구 대산면,중상사고,0,1,3,0,차대차 - 추돌,안전운전불이행,건조,맑음,교차로 - 교차로안,화물,남,44세,중상,승용,남,22세,경상
2016122300100520,2016년 12월 23일 19시,금요일,경상남도 거제시 고현동,경상사고,0,0,1,0,차대차 - 정면충돌,중앙선침범,건조,맑음,단일로 - 기타,승용,남,26세,상해없음,이륜,남,35세,경상
2016122300100521,2016년 12월 23일 19시,금요일,경상남도 창원시 성산구 사파동,중상사고,0,1,1,0,차대차 - 측면충돌,차로위반,건조,맑음,단일로 - 기타,승용,남,63세,상해없음,승합,남,44세,상해없음
2016122300100561,2016년 12월 23일 20시,금요일,경상남도 진주시 옥봉동,부상신고사고,0,0,0,1,차대차 - 기타,안전운전불이행,건조,맑음,단일로 - 기타,승용,남,41세,상해없음,승용,여,37세,부상신고
2016122300100562,2016년 12월 23일 20시,금요일,경상남도 진주시 대안동,경상사고,0,0,1,0,차대사람 - 횡단중,보행자보호의무위반,건조,맑음,교차로 - 교차로안,승용,남,58세,상해없음,보행자,남,44세,경상
2016122300100563,2016년 12월 23일 20시,금요일,경상남도 진주시 평거동,중상사고,0,1,0,0,차대사람 - 횡단중,보행자보호의무위반,건조,맑음,교차로 - 교차로안,승용,남,29세,상해없음,보행자,남,22세,중상
2016122300100602,2016년 12월 23일 21시,금요일,경상남도 밀양시 삼랑진읍,경상사고,0,0,1,0,차대차 - 정면충돌,신호위반,건조,맑음,교차로 - 교차로안,승용,남,60세,상해없음,승용,여,44세,경상
2016122300100647,2016년 12월 23일 22시,금요일,경상남도 김해시 진영읍,경상사고,0,0,1,0,차대차 - 측면충돌,안전운전불이행,건조,맑음,단일로 - 기타,승용,남,46세,상해없음,이륜,남,36세,경상
2016122300100679,2016년 12월 23일 23시,금요일,경상남도 김해시 부원동,경상사고,0,0,2,0,차대사람 - 차도통행중,안전운전불이행,건조,맑음,단일로 - 기타,승용,남,65세,상해없음,보행자,여,29세,경상
2016122300100680,2016년 12월 23일 23시,금요일,경상남도 창녕군 이방면,경상사고,0,0,1,0,차량단독 - 공작물충돌,안전운전불이행,건조,맑음,단일로 - 기타,승용,남,43세,경상,,,,
2016122300100681,2016년 12월 23일 23시,금요일,경상남도 고성군 거류면,중상사고,0,1,0,0,차대차 - 추돌,안전운전불이행,건조,맑음,단일로 - 기타,승용,남,36세,상해없음,승용,남,49세,중상
2016122300100682,2016년 12월 23일 23시,금요일,경상남도 김해시 진영읍,경상사고,0,0,2,0,차대차 - 추돌,안전운전불이행,건조,맑음,단일로 - 기타,화물,남,32세,상해없음,승용,남,62세,경상
2016122400100037,2016년 12월 24일 01시,토요일,경상남도 거창군 거창읍,경상사고,0,0,1,0,차량단독 - 전도전복,안전운전불이행,건조,맑음,단일로 - 터널,이륜,남,16세,상해없음,,,,
2016122400100061,2016년 12월 24일 02시,토요일,경상남도 양산시 중부동,경상사고,0,0,1,0,차대차 - 측면충돌,신호위반,건조,맑음,교차로 - 교차로안,승용,남,26세,상해없음,승용,남,53세,경상
2016122400100063,2016년 12월 24일 02시,토요일,경상남도 창원시 성산구 상남동,중상사고,0,1,0,0,차대사람 - 기타,안전운전불이행,건조,맑음,교차로 - 교차로안,화물,남,61세,상해없음,보행자,남,48세,중상