사고번호,사고일시,요일,시군구,사고내용,사망자수,중상자수,경상자수,부상신고자수,사고유형,법규위반,노면상태,기상상태,도로형태,가해운전자 차종,가해운전자 성별,가해운전자 연령,가해운전자 상해정도,피해운전자 차종,피해운전자 성별,피해운전자 연령,피해운전자 상해정도
2016122400100080,2016년 12월 24일 03시,토요일,경상남도 거제시 고현동,경상사고,0,0,1,0,차대차 - 정면충돌,중앙선침범,건조,맑음,교차로 - 교차로안,승용,여,43세,상해없음,승용,남,35세,경상
2016122400100119,2016년 12월 24일 06시,토요일,경상남도 사천시 용현면,경상사고,0,0,2,1,차대차 - 추돌,안전운전불이행,건조,맑음,단일로 - 기타,화물,남,69세,상해없음,화물,남,76세,경상
2016122400100150,2016년 12월 24일 08시,토요일,경상남도 거제시 문동동,중상사고,0,1,2,0,차대차 - 정면충돌,중앙선침범,건조,맑음,단일로 - 기타,승용,남,42세,상해없음,화물,남,40세,중상
2016122400100151,2016년 12월 24일 08시,토요일,경상남도 거제시 고현동,중상사고,0,1,0,0,차대차 - 측면충돌,안전운전불이행,건조,맑음,단일로 - 횡단보도상,자전거,남,57세,상해없음,이륜,남,53세,중상
2016122400100183,2016년 12월 24일 10시,토요일,경상남도 창원시 마산합포구 자산동,경상사고,0,0,2,0,차대차 - 추돌,안전운전불이행,건조,맑음,교차로 - 교차로안,승용,여,35세,경상,승용,남,62세,경상
2016122400100232,2016년 12월 24일 12시,토요일,경상남도 진주시 하대동,부상신고사고,0,0,0,1,차대차 - 기타,교차로운행방법위반,건조,맑음,교차로 - 교차로안,이륜,남,30세,부상신고,승용,여,49세,상해없음
2016122400100233,2016년 12월 24일 12시,토요일,경상남도 창원시 의창구 동읍,경상사고,0,0,1,0,차대차 - 추돌,안전운전불이행,건조,맑음,교차로 - 교차로부근,화물,남,57세,상해없음,자전거,남,61세,경상
2016122400100255,2016년 12월 24일 13시,토요일,경상남도 거제시 고현동,경상사고,0,0,1,0,차대차 - 측면충돌,안전운전불이행,건조,맑음,단일로 - 기타,승용,남,38세,상해없음,승용,남,27세,경상
2016122400100256,2016년 12월 24일 13시,토요일,경상남도 김해시 장유면,중상사고,0,1,1,0,차대차 - 측면충돌,안전운전불이행,건조,맑음,교차로 - 교차로안,승용,남,37세,상해없음,승용,남,44세,경상
2016122400100276,2016년 12월 24일 14시,토요일,경상남도 밀양시 삼문동,경상사고,0,0,1,0,차대사람 - 기타,안전운전불이행,건조,맑음,단일로 - 기타,승용,남,53세,상해없음,보행자,여,51세,경상
2016122400100277,2016년 12월 24일 14시,토요일,경상남도 김해시 장유면,부상신고사고,0,0,0,1,차대차 - 측면충돌,신호위반,건조,맑음,교차로 - 교차로안,승용,남,50세,상해없음,승용,남,40세,부상신고
2016122400100306,2016년 12월 24일 15시,토요일,경상남도 사천시 서포면,사망사고,1,2,1,0,차대차 - 정면충돌,중앙선침범,건조,맑음,단일로 - 기타,승용,남,51세,상해없음,승용,남,55세,중상
2016122400100331,2016년 12월 24일 16시,토요일,경상남도 김해시 생림면,경상사고,0,0,3,0,차대차 - 기타,안전운전불이행,건조,맑음,단일로 - 기타,승용,여,40세,경상,화물,남,54세,경상
2016122400100332,2016년 12월 24일 16시,토요일,경상남도 거창군 거창읍,중상사고,0,1,0,0,차대차 - 측면직각충돌,안전운전불이행,건조,맑음,교차로 - 교차로안,승용,남,44세,상해없음,원동기,남,47세,중상
2016122400100333,2016년 12월 24일 16시,토요일,경상남도 양산시 중부동,중상사고,0,1,0,0,차대사람 - 횡단중,보행자보호의무위반,건조,맑음,단일로 - 기타,승용,여,45세,상해없음,보행자,여,8세,중상
2016122400100334,2016년 12월 24일 16시,토요일,경상남도 남해군 상주면,부상신고사고,0,0,0,1,차량단독 - 도로외이탈 - 기타,안전운전불이행,건조,맑음,단일로 - 기타,승용,여,27세,부상신고,,,,
2016122400100335,2016년 12월 24일 16시,토요일,경상남도 창원시 성산구 상남동,중상사고,0,1,2,0,차대차 - 측면충돌,안전운전불이행,건조,맑음,교차로 - 교차로안,승합,남,74세,상해없음,승합,남,51세,상해없음
2016122400100371,2016년 12월 24일 17시,토요일,경상남도 거제시 사등면,경상사고,0,0,1,0,차대차 - 측면충돌,안전운전불이행,건조,맑음,단일로 - 기타,건설기계,남,63세,상해없음,승용,여,53세,경상
2016122400100423,2016년 12월 24일 18시,토요일,경상남도 창원시 진해구 석동,경상사고,0,0,3,0,차대차 - 측면충돌,안전운전불이행,건조,맑음,단일로 - 기타,승용,여,38세,상해없음,승용,여,50세,상해없음
2016122400100424,2016년 12월 24일 18시,토요일,경상남도 창원시 진해구 여좌동,경상사고,0,0,1,0,차대차 - 측면직각충돌,교차로운행방법위반,건조,맑음,교차로 - 교차로부근,승용,남,35세,상해없음,자전거,남,37세,경상
2016122400100425,2016년 12월 24일 18시,토요일,경상남도 창원시 마산회원구 양덕동,경상사고,0,0,1,0,차대사람 - 길가장자리구역통행중,안전운전불이행,건조,맑음,단일로 - 기타,승용,남,52세,상해없음,보행자,여,23세,경상
2016122400100495,2016년 12월 24일 20시,토요일,경상남도 진주시 가좌동,중상사고,0,1,0,0,차대사람 - 횡단중,안전운전불이행,건조,맑음,단일로 - 기타,승합,남,57세,상해없음,보행자,남,17세,중상
2016122400100496,2016년 12월 24일 20시,토요일,경상남도 거제시 옥포동,중상사고,0,1,0,0,차대차 - 측면충돌,안전운전불이행,건조,맑음,단일로 - 기타,승용,남,50세,상해없음,이륜,남,46세,중상
2016122400100525,2016년 12월 24일 21시,토요일,경상남도 진주시 가좌동,경상사고,0,0,1,0,차대차 - 측면충돌,안전운전불이행,건조,맑음,단일로 - 기타,승용,여,37세,상해없음,이륜,여,42세,경상
2016122400100552,2016년 12월 24일 22시,토요일,경상남도 김해시 삼방동,중상사고,0,1,0,0,차대차 - 기타,안전운전불이행,건조,맑음,교차로 - 교차로안,승용,여,42세,상해없음,원동기,남,19세,중상
2016122400100575,2016년 12월 24일 23시,토요일,경상남도 창원시 마산합포구 완월동,경상사고,0,0,3,0,차대차 - 측면직각충돌,신호위반,건조,맑음,교차로 - 교차로안,승용,남,68세,상해없음,승용,남,62세,경상
2016122400100576,2016년 12월 24일 23시,토요일,경상남도 거제시 능포동,중상사고,0,1,0,0,차대차 - 정면충돌,신호위반,건조,맑음,교차로 - 교차로부근,승용,남,46세,상해없음,이륜,남,54세,중상
2016122500100078,2016년 12월 25일 06시,일요일,경상남도 거제시 장평동,경상사고,0,0,1,0,차대차 - 측면충돌,안전운전불이행,건조,맑음,교차로 - 교차로안,이륜,남,31세,상해없음,자전거,남,24세,경상
2016122500100114,2016년 12월 25일 09시,일요일,경상남도 거제시 동부면,중상사고,0,1,0,0,차대차 - 정면충돌,중앙선침범,건조,맑음,단일로 - 기타,승용,여,24세,상해없음,이륜,남,42세,중상
2016122500100168,2016년 12월 25일 12시,일요일,경상남도 양산시 덕계동,경상사고,0,0,3,0,차대차 - 정면충돌,직진우회전진행방해,건조,맑음,교차로 - 교차로안,승합,남,32세,상해없음,승용,여,55세,경상
2016122500100202,2016년 12월 25일 13시,일요일,경상남도 창녕군 창녕읍,중상사고,0,1,1,0,차대차 - 측면직각충돌,안전운전불이행,건조,맑음,교차로 - 교차로안,승용,남,55세,상해없음,승용,남,40세,경상
2016122500100204,2016년 12월 25일 13시,일요일,경상남도 양산시 명곡동,경상사고,0,0,1,0,차대차 - 기타,안전운전불이행,건조,맑음,교차로 - 교차로부근,승용,남,31세,상해없음,승용,남,58세,경상
2016122500100265,2016년 12월 25일 16시,일요일,경상남도 양산시 물금읍,경상사고,0,0,1,0,차대차 - 추돌,안전운전불이행,건조,맑음,단일로 - 기타,화물,남,44세,상해없음,승용,여,45세,경상
2016122500100266,2016년 12월 25일 16시,일요일,경상남도 양산시 하북면,중상사고,0,1,0,0,차대사람 - 횡단중,보행자보호의무위반,건조,맑음,교차로 - 교차로안,승용,남,37세,상해없음,보행자,남,63세,중상
2016122500100267,2016년 12월 25일 16시,일요일,경상남도 함안군 가야읍,중상사고,0,1,0,0,차대차 - 측면직각충돌,신호위반,건조,맑음,교차로 - 교차로안,승용,남,76세,상해없음,화물,남,59세,중상
2016122500100268,2016년 12월 25일 16시,일요일,경상남도 창원시 성산구 귀곡동,중상사고,0,1,0,0,차대차 - 측면충돌,안전운전불이행,건조,맑음,단일로 - 기타,승용,남,26세,상해없음,자전거,여,53세,중상
2016122500100292,2016년 12월 25일 17시,일요일,경상남도 거제시 아주동,경상사고,0,0,1,0,차대차 - 기타,교차로운행방법위반,건조,맑음,교차로 - 교차로안,승용,남,40세,상해없음,승용,여,57세,경상
2016122500100324,2016년 12월 25일 18시,일요일,경상남도 김해시 지내동,중상사고,0,1,0,0,차대차 - 기타,중앙선침범,건조,맑음,단일로 - 기타,승용,남,51세,상해없음,원동기,남,22세,중상
2016122500100358,2016년 12월 25일 19시,일요일,경상남도 창원시 성산구 가음동,경상사고,0,0,1,0,차대차 - 측면충돌,안전운전불이행,건조,맑음,교차로 - 교차로안,승용,남,38세,상해없음,원동기,남,54세,경상
2016122500100387,2016년 12월 25일 20시,일요일,경상남도 창원시 의창구 봉곡동,경상사고,0,0,1,0,차대차 - 추돌,안전운전불이행,건조,맑음,단일로 - 기타,승용,남,68세,상해없음,승용,남,50세,경상
2016122500100388,2016년 12월 25일 20시,일요일,경상남도 김해시 장유면,경상사고,0,0,5,0,차대차 - 측면충돌,신호위반,건조,맑음,교차로 - 교차로안,승용,남,27세,상해없음,승용,남,33세,경상
2016122500100410,2016년 12월 25일 21시,일요일,경상남도 진주시 문산읍,사망사고,1,0,0,0,차대차 - 추돌,중앙선침범,건조,맑음,단일로 - 기타,원동기,남,37세,사망,화물,남,65세,기타불명
2016122500100411,2016년 12월 25일 21시,일요일,경상남도 김해시 장유면,중상사고,0,1,6,0,차대차 - 측면충돌,안전운전불이행,건조,맑음,단일로 - 기타,화물,남,36세,상해없음,승용,남,33세,경상
2016122500100429,2016년 12월 25일 22시,일요일,경상남도 밀양시 초동면,사망사고,1,0,0,0,차대사람 - 횡단중,안전운전불이행,건조,맑음,단일로 - 기타,승용,남,52세,상해없음,보행자,남,65세,사망
2016122500100431,2016년 12월 25일 22시,일요일,경상남도 창원시 의창구 소답동,경상사고,0,0,1,0,차대사람 - 기타,안전운전불이행,건조,맑음,단일로 - 기타,원동기,남,17세,상해없음,보행자,여,48세,경상
2016122600100021,2016년 12월 26일 01시,월요일,경상남도 창원시 마산합포구 중성동,경상사고,0,0,1,0,차대사람 - 기타,안전운전불이행,건조,맑음,단일로 - 기타,승용,남,35세,상해없음,보행자,남,45세,경상
2016122600100022,2016년 12월 26일 01시,월요일,경상남도 진주시 상대동,중상사고,0,1,0,0,차대차 - 정면충돌,중앙선침범,건조,맑음,교차로 - 교차로부근,승용,남,40세,상해없음,승용,남,62세,중상
2016122600100040,2016년 12월 26일 04시,월요일,경상남도 산청군 금서면,사망사고,1,0,1,0,차대차 - 기타,안전운전불이행,건조,맑음,단일로 - 기타,승용,남,29세,사망,화물,남,66세,경상
2016122600100088,2016년 12월 26일 07시,월요일,경상남도 창원시 마산합포구 교방동,경상사고,0,0,1,0,차대차 - 측면직각충돌,안전운전불이행,건조,맑음,단일로 - 기타,승용,남,54세,상해없음,이륜,남,18세,경상
2016122600100125,2016년 12월 26일 08시,월요일,경상남도 창원시 마산합포구 교방동,경상사고,0,0,1,0,차대차 - 정면충돌,안전운전불이행,습기,비,단일로 - 기타,승용,남,31세,기타불명,승용,남,60세,경상
2016122600100126,2016년 12월 26일 08시,월요일,경상남도 하동군 하동읍,부상신고사고,0,0,0,1,차대사람 - 횡단중,안전운전불이행,습기,맑음,단일로 - 기타,승용,남,48세,상해없음,보행자,여,53세,부상신고
2016122600100146,2016년 12월 26일 09시,월요일,경상남도 밀양시 무안면,경상사고,0,0,1,0,차대차 - 측면직각충돌,교차로운행방법위반,건조,맑음,교차로 - 교차로안,화물,남,57세,상해없음,승용,여,62세,경상
2016122600100147,2016년 12월 26일 09시,월요일,경상남도 창녕군 창녕읍,경상사고,0,0,1,0,차대차 - 추돌,안전운전불이행,습기,비,단일로 - 기타,승용,남,36세,기타불명,승용,남,23세,경상
2016122600100195,2016년 12월 26일 11시,월요일,경상남도 창원시 진해구 석동,경상사고,0,0,1,0,차대차 - 추돌,직진우회전진행방해,건조,맑음,교차로 - 교차로안,승용,남,49세,상해없음,이륜,여,34세,경상
2016122600100196,2016년 12월 26일 11시,월요일,경상남도 양산시 소주동,경상사고,0,0,4,0,차대차 - 측면직각충돌,직진우회전진행방해,습기,비,교차로 - 교차로안,승용,남,75세,상해없음,승용,남,59세,경상
2016122600100197,2016년 12월 26일 11시,월요일,경상남도 창원시 의창구 동읍,경상사고,0,0,1,0,차대차 - 측면직각충돌,안전운전불이행,습기,비,교차로 - 교차로안,승용,여,48세,상해없음,화물,남,37세,경상
2016122600100217,2016년 12월 26일 12시,월요일,경상남도 창녕군 창녕읍,중상사고,0,1,0,0,차대사람 - 횡단중,안전운전불이행,습기,비,교차로 - 교차로안,승용,남,52세,상해없음,보행자,여,50세,중상
2016122600100218,2016년 12월 26일 12시,월요일,경상남도 함안군 법수면,경상사고,0,0,2,0,차대차 - 측면충돌,안전운전불이행,건조,맑음,교차로 - 교차로안,승용,여,61세,상해없음,승용,남,44세,상해없음
2016122600100285,2016년 12월 26일 14시,월요일,경상남도 거제시 고현동,경상사고,0,0,2,0,차대차 - 측면충돌,안전운전불이행,습기,비,단일로 - 기타,승용,여,22세,상해없음,승용,여,37세,경상
2016122600100301,2016년 12월 26일 15시,월요일,경상남도 양산시 동면,경상사고,0,0,1,0,차대차 - 기타,안전거리미확보,습기,비,단일로 - 기타,화물,남,35세,상해없음,승용,남,62세,경상
2016122600100311,2016년 12월 26일 15시,월요일,경상남도 창원시 의창구 봉곡동,경상사고,0,0,1,0,차대사람 - 횡단중,안전운전불이행,습기,비,교차로 - 교차로안,승합,남,55세,상해없음,보행자,여,57세,경상
2016122600100312,2016년 12월 26일 15시,월요일,경상남도 김해시 진례면,중상사고,0,1,1,0,차대차 - 측면직각충돌,직진우회전진행방해,건조,맑음,교차로 - 교차로안,화물,남,58세,중상,화물,남,58세,경상
2016122600100343,2016년 12월 26일 16시,월요일,경상남도 김해시 삼계동,중상사고,0,1,0,0,차대차 - 측면충돌,직진우회전진행방해,습기,비,교차로 - 교차로안,승용,여,31세,상해없음,승용,여,57세,중상
2016122600100384,2016년 12월 26일 17시,월요일,경상남도 김해시 삼계동,경상사고,0,0,1,0,차대차 - 추돌,안전운전불이행,습기,비,교차로 - 교차로부근,승용,여,44세,상해없음,이륜,남,33세,경상
2016122600100385,2016년 12월 26일 17시,월요일,경상남도 양산시 북부동,중상사고,0,1,0,0,차대사람 - 횡단중,보행자보호의무위반,습기,비,교차로 - 교차로안,화물,남,36세,상해없음,보행자,여,51세,중상
2016122600100386,2016년 12월 26일 17시,월요일,경상남도 양산시 소주동,경상사고,0,0,1,0,차대사람 - 횡단중,보행자보호의무위반,습기,비,교차로 - 교차로안,승용,남,56세,상해없음,보행자,남,10세,경상
2016122600100387,2016년 12월 26일 17시,월요일,경상남도 함안군 칠서면,경상사고,0,0,1,0,차대사람 - 횡단중,안전운전불이행,습기,비,교차로 - 교차로안,화물,남,43세,상해없음,보행자,여,61세,경상
2016122600100443,2016년 12월 26일 18시,월요일,경상남도 창원시 진해구 동상동,중상사고,0,1,0,0,차대사람 - 차도통행중,안전운전불이행,습기,비,기타 - 기타,이륜,남,22세,상해없음,보행자,남,62세,중상
2016122600100444,2016년 12월 26일 18시,월요일,경상남도 김해시 외동,중상사고,0,1,0,0,차대차 - 측면직각충돌,신호위반,습기,비,교차로 - 교차로안,승용,남,53세,상해없음,이륜,남,21세,중상
2016122600100445,2016년 12월 26일 18시,월요일,경상남도 창녕군 부곡면,경상사고,0,0,1,0,차대차 - 추돌,안전운전불이행,습기,맑음,단일로 - 기타,화물,남,54세,상해없음,승용,남,40세,상해없음
2016122600100446,2016년 12월 26일 18시,월요일,경상남도 양산시 동면,중상사고,0,1,1,0,차대차 - 측면직각충돌,안전운전불이행,습기,비,단일로 - 기타,승용,여,54세,상해없음,승용,남,51세,경상
2016122600100447,2016년 12월 26일 18시,월요일,경상남도 고성군 거류면,중상사고,0,1,0,0,차대사람 - 길가장자리구역통행중,안전운전불이행,습기,비,단일로 - 기타,승용,남,36세,상해없음,보행자,남,69세,중상
2016122600100449,2016년 12월 26일 18시,월요일,경상남도 창원시 마산회원구 합성동,중상사고,0,1,0,0,차대사람 - 횡단중,안전운전불이행,습기,비,교차로 - 교차로안,승용,남,60세,기타불명,보행자,남,50세,중상
2016122600100494,2016년 12월 26일 19시,월요일,경상남도 진주시 가좌동,중상사고,0,1,0,0,차대차 - 측면직각충돌,안전거리미확보,습기,비,교차로 - 교차로안,승용,남,27세,상해없음,화물,남,33세,중상
2016122600100495,2016년 12월 26일 19시,월요일,경상남도 통영시 도남동,중상사고,0,3,0,0,차대사람 - 횡단중,보행자보호의무위반,습기,비,단일로 - 횡단보도상,승용,남,30세,상해없음,보행자,남,39세,중상
2016122600100496,2016년 12월 26일 19시,월요일,경상남도 양산시 평산동,경상사고,0,0,1,0,차대차 - 측면직각충돌,안전거리미확보,습기,비,단일로 - 기타,승용,여,34세,상해없음,승용,남,44세,경상
2016122600100529,2016년 12월 26일 20시,월요일,경상남도 거창군 거창읍,중상사고,0,1,0,0,차대사람 - 보도통행중,안전운전불이행,습기,비,단일로 - 기타,승용,여,48세,상해없음,보행자,남,37세,중상
2016122600100530,2016년 12월 26일 20시,월요일,경상남도 양산시 동면,경상사고,0,0,1,0,차대사람 - 횡단중,신호위반,습기,비,교차로 - 교차로안,승용,남,34세,상해없음,보행자,남,29세,경상
2016122600100531,2016년 12월 26일 20시,월요일,경상남도 창원시 성산구 안민동,중상사고,0,1,0,0,차대사람 - 횡단중,신호위반,습기,비,교차로 - 교차로안,화물,남,51세,상해없음,보행자,남,64세,중상
2016122600100532,2016년 12월 26일 20시,월요일,경상남도 창원시 마산회원구 합성동,중상사고,0,1,0,0,차대차 - 측면충돌,안전운전불이행,습기,비,교차로 - 교차로안,승합,남,56세,상해없음,원동기,남,51세,중상
2016122600100533,2016년 12월 26일 20시,월요일,경상남도 창원시 마산회원구 합성동,경상사고,0,0,1,0,차대사람 - 기타,안전운전불이행,습기,비,단일로 - 기타,승용,남,37세,상해없음,보행자,남,45세,경상
2016122600100534,2016년 12월 26일 20시,월요일,경상남도 김해시 진영읍,중상사고,0,1,0,0,차대사람 - 길가장자리구역통행중,안전운전불이행,습기,비,교차로 - 교차로안,승용,남,45세,상해없음,보행자,남,37세,중상
2016122600100595,2016년 12월 26일 22시,월요일,경상남도 통영시 무전동,중상사고,0,1,0,0,차대사람 - 횡단중,안전운전불이행,습기,비,단일로 - 기타,승용,여,53세,상해없음,보행자,남,58세,중상
2016122600100596,2016년 12월 26일 22시,월요일,경상남도 밀양시 삼문동,중상사고,0,1,1,0,차대차 - 측면직각충돌,교차로운행방법위반,습기,비,교차로 - 교차로안,승용,남,59세,상해없음,승용,남,41세,중상
2016122600100597,2016년 12월 26일 22시,월요일,경상남도 창녕군 대지면,중상사고,0,1,1,0,차대차 - 측면직각충돌,신호위반,습기,비,교차로 - 교차로안,승용,남,44세,중상,화물,남,50세,경상
2016122600100622,2016년 12월 26일 23시,월요일,경상남도 창원시 의창구 소답동,중상사고,0,1,0,0,차대사람 - 횡단중,안전운전불이행,건조,맑음,교차로 - 교차로안,승용,남,59세,상해없음,보행자,남,54세,중상
2016122600100623,2016년 12월 26일 23시,월요일,경상남도 진주시 지수면,부상신고사고,0,0,0,1,차대차 - 측면충돌,안전운전불이행,습기,비,단일로 - 기타,승용,남,24세,부상신고,기타불명,기타불명,기타불명,기타불명
2016122700100059,2016년 12월 27일 05시,화요일,경상남도 김해시 부원동,사망사고,1,0,0,0,차대사람 - 횡단중,안전운전불이행,습기,비,단일로 - 기타,화물,남,30세,상해없음,보행자,여,74세,사망
2016122700100072,2016년 12월 27일 06시,화요일,경상남도 거제시 문동동,중상사고,0,2,0,0,차대차 - 정면충돌,중앙선침범,건조,맑음,단일로 - 기타,승용,여,33세,상해없음,승용,여,37세,중상
2016122700100099,2016년 12월 27일 07시,화요일,경상남도 사천시 동금동,경상사고,0,0,2,0,차대차 - 정면충돌,직진우회전진행방해,건조,맑음,교차로 - 교차로안,화물,남,72세,경상,승용,남,55세,경상
2016122700100100,2016년 12월 27일 07시,화요일,경상남도 김해시 내동,경상사고,0,0,1,0,차대차 - 정면충돌,신호위반,건조,맑음,교차로 - 교차로안,승용,여,28세,상해없음,승용,여,44세,경상
2016122700100126,2016년 12월 27일 08시,화요일,경상남도 창원시 마산회원구 양덕동,경상사고,0,0,1,0,차대사람 - 횡단중,보행자보호의무위반,건조,맑음,단일로 - 횡단보도상,승용,여,43세,상해없음,보행자,남,77세,경상
2016122700100149,2016년 12월 27일 09시,화요일,경상남도 거제시 고현동,경상사고,0,0,1,0,차대차 - 측면충돌,안전운전불이행,건조,맑음,단일로 - 기타,승용,남,63세,상해없음,화물,남,33세,경상
2016122700100150,2016년 12월 27일 09시,화요일,경상남도 거제시 동부면,중상사고,0,1,0,0,차대사람 - 횡단중,안전운전불이행,건조,맑음,단일로 - 기타,승용,여,38세,상해없음,보행자,여,1세,중상
2016122700100151,2016년 12월 27일 09시,화요일,경상남도 창원시 의창구 명서동,중상사고,0,1,0,0,차대차 - 측면충돌,안전운전불이행,건조,맑음,단일로 - 기타,승용,여,64세,상해없음,이륜,여,64세,중상
2016122700100171,2016년 12월 27일 10시,화요일,경상남도 창원시 마산회원구 양덕동,경상사고,0,0,1,0,차대차 - 기타,안전운전불이행,건조,맑음,교차로 - 교차로안,승용,여,46세,상해없음,자전거,여,58세,경상
2016122700100220,2016년 12월 27일 12시,화요일,경상남도 김해시 봉황동,중상사고,0,1,0,0,차대차 - 기타,기타,건조,맑음,교차로 - 교차로안,승용,여,50세,상해없음,원동기,남,52세,중상
2016122700100290,2016년 12월 27일 14시,화요일,경상남도 합천군 삼가면,부상신고사고,0,0,0,1,차대차 - 측면충돌,교차로운행방법위반,건조,맑음,교차로 - 교차로안,승용,남,71세,부상신고,화물,남,70세,상해없음
2016122700100326,2016년 12월 27일 15시,화요일,경상남도 통영시 무전동,중상사고,0,1,0,0,차대사람 - 차도통행중,안전운전불이행,건조,맑음,교차로 - 교차로안,승용,남,67세,상해없음,보행자,여,55세,중상
2016122700100327,2016년 12월 27일 15시,화요일,경상남도 김해시 부원동,경상사고,0,0,1,0,차대사람 - 횡단중,안전운전불이행,건조,맑음,단일로 - 기타,승용,남,65세,상해없음,보행자,남,8세,경상
2016122700100328,2016년 12월 27일 15시,화요일,경상남도 거제시 남부면,경상사고,0,0,3,0,차대차 - 추돌,안전운전불이행,건조,맑음,단일로 - 기타,화물,남,39세,상해없음,승용,남,38세,상해없음
2016122700100329,2016년 12월 27일 15시,화요일,경상남도 김해시 장유면,경상사고,0,0,1,0,차대차 - 측면충돌,신호위반,건조,맑음,교차로 - 교차로안,원동기,남,21세,경상,승용,여,39세,상해없음
2016122700100353,2016년 12월 27일 16시,화요일,경상남도 창원시 진해구 용원동,경상사고,0,0,1,0,차대사람 - 횡단중,신호위반,건조,맑음,교차로 - 교차로부근,승합,여,39세,기타불명,보행자,남,7세,경상
2016122700100354,2016년 12월 27일 16시,화요일,경상남도 거제시 연초면,경상사고,0,0,2,0,차대차 - 측면충돌,중앙선침범,건조,맑음,단일로 - 기타,화물,남,53세,상해없음,화물,남,43세,경상
2016122700100355,2016년 12월 27일 16시,화요일,경상남도 거제시 상동동,경상사고,0,0,1,0,차대차 - 측면충돌,중앙선침범,건조,맑음,단일로 - 기타,승용,여,33세,상해없음,승용,여,47세,상해없음
2016122700100356,2016년 12월 27일 16시,화요일,경상남도 김해시 진례면,경상사고,0,0,1,0,차대차 - 측면충돌,중앙선침범,건조,맑음,단일로 - 기타,화물,남,27세,상해없음,승용,남,64세,경상
2016122700100387,2016년 12월 27일 17시,화요일,경상남도 진주시 충무공동,경상사고,0,0,2,0,차대사람 - 횡단중,보행자보호의무위반,건조,맑음,교차로 - 교차로부근,승용,여,48세,상해없음,보행자,여,35세,경상
2016122700100388,2016년 12월 27일 17시,화요일,경상남도 진주시 장재동,중상사고,0,1,0,0,차대차 - 추돌,안전운전불이행,건조,맑음,단일로 - 기타,승용,여,39세,상해없음,승용,남,49세,중상
2016122700100389,2016년 12월 27일 17시,화요일,경상남도 창원시 진해구 태백동,경상사고,0,0,1,0,차대사람 - 차도통행중,안전운전불이행,건조,맑음,단일로 - 기타,승용,여,44세,상해없음,보행자,남,72세,경상
2016122700100390,2016년 12월 27일 17시,화요일,경상남도 김해시 어방동,중상사고,0,1,0,0,차대차 - 측면직각충돌,안전거리미확보,건조,맑음,단일로 - 기타,승용,남,22세,상해없음,원동기,남,75세,중상
2016122700100441,2016년 12월 27일 18시,화요일,경상남도 통영시 도남동,경상사고,0,0,1,0,차대차 - 기타,안전운전불이행,건조,맑음,교차로 - 교차로안,승용,남,55세,상해없음,이륜,남,24세,경상
2016122700100442,2016년 12월 27일 18시,화요일,경상남도 창녕군 계성면,경상사고,0,0,1,0,차대차 - 기타,안전운전불이행,건조,맑음,교차로 - 교차로안,승용,남,58세,상해없음,승용,남,72세,상해없음
2016122700100443,2016년 12월 27일 18시,화요일,경상남도 양산시 삼호동,경상사고,0,0,1,0,차대사람 - 횡단중,안전운전불이행,건조,맑음,교차로 - 교차로부근,승용,남,30세,상해없음,보행자,남,14세,경상
2016122700100444,2016년 12월 27일 18시,화요일,경상남도 양산시 남부동,경상사고,0,0,1,0,차대차 - 정면충돌,안전운전불이행,건조,맑음,교차로 - 교차로안,승용,남,66세,상해없음,승용,여,36세,경상
2016122700100478,2016년 12월 27일 19시,화요일,경상남도 진주시 칠암동,중상사고,0,1,0,0,차대사람 - 횡단중,기타,건조,맑음,단일로 - 기타,승용,남,49세,상해없음,보행자,여,43세,중상
2016122700100479,2016년 12월 27일 19시,화요일,경상남도 함안군 대산면,경상사고,0,0,1,0,차대차 - 측면충돌,직진우회전진행방해,건조,맑음,교차로 - 교차로안,화물,남,61세,상해없음,원동기,남,32세,경상
2016122700100506,2016년 12월 27일 20시,화요일,경상남도 밀양시 삼문동,중상사고,0,1,0,0,차대사람 - 횡단중,안전운전불이행,건조,맑음,교차로 - 교차로부근,승용,남,26세,상해없음,보행자,여,37세,중상
2016122700100561,2016년 12월 27일 22시,화요일,경상남도 통영시 광도면,경상사고,0,0,2,0,차대차 - 측면직각충돌,신호위반,건조,맑음,교차로 - 교차로안,승용,여,33세,경상,승용,남,22세,경상
2016122700100562,2016년 12월 27일 22시,화요일,경상남도 통영시 도천동,중상사고,0,1,0,0,차대사람 - 횡단중,보행자보호의무위반,건조,맑음,단일로 - 횡단보도상,승합,남,59세,상해없음,보행자,여,55세,중상
2016122700100563,2016년 12월 27일 22시,화요일,경상남도 사천시 동금동,경상사고,0,0,3,0,차대차 - 측면충돌,안전운전불이행,건조,맑음,교차로 - 교차로안,승용,남,34세,상해없음,승용,남,44세,경상
2016122700100564,2016년 12월 27일 22시,화요일,경상남도 창원시 마산회원구 내서읍,경상사고,0,0,2,0,차대차 - 정면충돌,안전운전불이행,건조,맑음,단일로 - 기타,승용,남,61세,상해없음,승용,남,42세,경상
2016122700100582,2016년 12월 27일 23시,화요일,경상남도 창원시 의창구 봉곡동,중상사고,0,1,0,0,차대차 - 추돌,안전거리미확보,건조,맑음,단일로 - 기타,화물,여,52세,상해없음,이륜,남,42세,중상