사고번호,사고일시,요일,시군구,사고내용,사망자수,중상자수,경상자수,부상신고자수,사고유형,법규위반,노면상태,기상상태,도로형태,가해운전자 차종,가해운전자 성별,가해운전자 연령,가해운전자 상해정도,피해운전자 차종,피해운전자 성별,피해운전자 연령,피해운전자 상해정도
2016122800100028,2016년 12월 28일 01시,수요일,경상남도 김해시 한림면,중상사고,0,2,0,0,차대차 - 측면직각충돌,신호위반,건조,맑음,교차로 - 교차로안,승용,남,33세,상해없음,승용,남,25세,중상
2016122800100062,2016년 12월 28일 05시,수요일,경상남도 김해시 서상동,사망사고,1,0,0,0,차대차 - 정면충돌,신호위반,건조,맑음,교차로 - 교차로안,원동기,남,54세,사망,승용,남,34세,상해없음
2016122800100079,2016년 12월 28일 06시,수요일,경상남도 밀양시 가곡동,중상사고,0,1,0,0,차대사람 - 횡단중,보행자보호의무위반,건조,맑음,교차로 - 교차로부근,승용,남,67세,상해없음,보행자,여,75세,중상
2016122800100080,2016년 12월 28일 06시,수요일,경상남도 김해시 구산동,중상사고,0,1,1,0,차대차 - 추돌,안전운전불이행,건조,맑음,단일로 - 기타,승용,여,38세,상해없음,승용,남,42세,중상
2016122800100103,2016년 12월 28일 07시,수요일,경상남도 창원시 성산구 상남동,경상사고,0,0,1,0,차대차 - 측면충돌,신호위반,건조,맑음,교차로 - 교차로안,승용,남,47세,상해없음,승용,남,43세,경상
2016122800100127,2016년 12월 28일 08시,수요일,경상남도 거창군 거창읍,중상사고,0,1,2,0,차대차 - 추돌,안전운전불이행,건조,맑음,교차로 - 교차로부근,승용,남,24세,상해없음,승용,남,64세,경상
2016122800100128,2016년 12월 28일 08시,수요일,경상남도 함양군 함양읍,중상사고,0,1,0,0,차대사람 - 횡단중,안전운전불이행,건조,맑음,단일로 - 기타,승용,여,37세,상해없음,보행자,여,73세,중상
2016122800100129,2016년 12월 28일 08시,수요일,경상남도 김해시 진영읍,경상사고,0,0,1,0,차대차 - 추돌,안전운전불이행,결빙,맑음,단일로 - 기타,화물,남,45세,상해없음,승용,남,30세,경상
2016122800100162,2016년 12월 28일 09시,수요일,경상남도 진주시 초전동,중상사고,0,1,0,0,차대사람 - 횡단중,안전운전불이행,건조,맑음,단일로 - 기타,승용,남,57세,상해없음,보행자,여,45세,중상
2016122800100163,2016년 12월 28일 09시,수요일,경상남도 진주시 상평동,중상사고,0,1,0,0,차대차 - 정면충돌,중앙선침범,건조,맑음,교차로 - 교차로안,화물,남,56세,상해없음,승용,남,54세,중상
2016122800100164,2016년 12월 28일 09시,수요일,경상남도 밀양시 산외면,경상사고,0,0,1,0,차대차 - 측면충돌,신호위반,건조,맑음,교차로 - 교차로안,승용,여,50세,상해없음,승용,남,49세,경상
2016122800100165,2016년 12월 28일 09시,수요일,경상남도 거제시 고현동,경상사고,0,0,1,0,차대차 - 측면충돌,신호위반,건조,맑음,교차로 - 교차로안,승용,남,33세,상해없음,승용,여,47세,경상
2016122800100227,2016년 12월 28일 11시,수요일,경상남도 통영시 미수동,경상사고,0,0,1,0,차대사람 - 횡단중,보행자보호의무위반,건조,맑음,단일로 - 횡단보도상,화물,남,35세,상해없음,보행자,여,8세,경상
2016122800100229,2016년 12월 28일 11시,수요일,경상남도 창원시 성산구 남양동,사망사고,1,0,0,0,차대사람 - 기타,기타,건조,맑음,교차로 - 교차로안,승용,여,62세,상해없음,보행자,여,80세,사망
2016122800100252,2016년 12월 28일 12시,수요일,경상남도 창원시 마산합포구 월남동2가,경상사고,0,0,1,0,차대차 - 기타,신호위반,건조,맑음,교차로 - 교차로부근,승용,여,55세,기타불명,승합,남,50세,상해없음
2016122800100253,2016년 12월 28일 12시,수요일,경상남도 진주시 지수면,중상사고,0,1,0,0,차대차 - 측면충돌,안전거리미확보,건조,맑음,단일로 - 기타,승용,남,59세,상해없음,이륜,남,75세,중상
2016122800100318,2016년 12월 28일 14시,수요일,경상남도 거창군 거창읍,중상사고,0,4,0,0,차대차 - 정면충돌,중앙선침범,건조,맑음,단일로 - 기타,승용,남,46세,상해없음,승용,남,42세,중상
2016122800100319,2016년 12월 28일 14시,수요일,경상남도 거창군 거창읍,중상사고,0,1,0,0,차대차 - 정면충돌,불법유턴,건조,맑음,교차로 - 교차로안,화물,남,67세,상해없음,이륜,남,67세,중상
2016122800100320,2016년 12월 28일 14시,수요일,경상남도 하동군 진교면,중상사고,0,1,0,1,차대차 - 정면충돌,중앙선침범,건조,맑음,단일로 - 기타,화물,남,76세,부상신고,승용,남,71세,중상
2016122800100360,2016년 12월 28일 15시,수요일,경상남도 남해군 창선면,경상사고,0,0,1,0,차대차 - 추돌,안전운전불이행,건조,맑음,교차로 - 교차로부근,승용,남,61세,상해없음,화물,남,65세,경상
2016122800100392,2016년 12월 28일 16시,수요일,경상남도 양산시 신기동,경상사고,0,0,3,0,차대차 - 측면충돌,신호위반,건조,맑음,교차로 - 교차로안,승용,남,62세,상해없음,승합,남,60세,경상
2016122800100422,2016년 12월 28일 17시,수요일,경상남도 양산시 주남동,경상사고,0,0,1,0,차대차 - 정면충돌,안전운전불이행,건조,맑음,교차로 - 교차로부근,화물,남,61세,상해없음,승용,남,54세,상해없음
2016122800100423,2016년 12월 28일 17시,수요일,경상남도 거제시 장평동,중상사고,0,1,0,0,차대차 - 추돌,안전운전불이행,건조,맑음,단일로 - 기타,이륜,남,25세,상해없음,자전거,남,57세,중상
2016122800100480,2016년 12월 28일 18시,수요일,경상남도 김해시 동상동,중상사고,0,2,2,0,차대차 - 추돌,안전운전불이행,건조,맑음,단일로 - 기타,승용,남,60세,상해없음,승용,남,51세,중상
2016122800100481,2016년 12월 28일 18시,수요일,경상남도 창원시 의창구 팔용동,중상사고,0,1,0,0,차대사람 - 횡단중,보행자보호의무위반,건조,맑음,단일로 - 횡단보도상,승용,남,43세,상해없음,보행자,남,7세,중상
2016122800100524,2016년 12월 28일 19시,수요일,경상남도 진주시 상대동,사망사고,1,0,0,0,차대사람 - 횡단중,보행자보호의무위반,건조,맑음,단일로 - 기타,승용,여,28세,상해없음,보행자,여,56세,사망
2016122800100548,2016년 12월 28일 20시,수요일,경상남도 함양군 함양읍,중상사고,0,1,0,1,차대차 - 측면직각충돌,안전운전불이행,건조,맑음,단일로 - 기타,원동기,남,18세,부상신고,자전거,여,79세,중상
2016122800100549,2016년 12월 28일 20시,수요일,경상남도 거제시 아주동,중상사고,0,2,1,0,차대차 - 추돌,안전운전불이행,건조,맑음,단일로 - 기타,승용,남,45세,상해없음,승용,남,61세,중상
2016122800100550,2016년 12월 28일 20시,수요일,경상남도 함안군 산인면,사망사고,1,0,0,0,차대사람 - 기타,안전운전불이행,건조,맑음,교차로 - 교차로부근,승용,남,59세,상해없음,보행자,남,42세,사망
2016122800100576,2016년 12월 28일 21시,수요일,경상남도 거제시 능포동,중상사고,0,1,1,0,차대차 - 정면충돌,안전운전불이행,건조,맑음,단일로 - 기타,승용,남,21세,상해없음,승용,남,58세,중상
2016122800100599,2016년 12월 28일 22시,수요일,경상남도 거제시 고현동,중상사고,0,1,0,0,차대차 - 정면충돌,신호위반,건조,맑음,교차로 - 교차로안,승용,남,52세,상해없음,승용,남,40세,중상
2016122800100627,2016년 12월 28일 23시,수요일,경상남도 창원시 진해구 화천동,경상사고,0,0,1,0,차대차 - 추돌,안전거리미확보,건조,맑음,단일로 - 기타,승용,남,48세,상해없음,이륜,남,35세,경상
2016122800100628,2016년 12월 28일 23시,수요일,경상남도 김해시 장유면,중상사고,0,1,0,0,차대사람 - 횡단중,보행자보호의무위반,건조,맑음,교차로 - 교차로안,승용,남,59세,상해없음,보행자,여,47세,중상
2016122900100018,2016년 12월 29일 00시,목요일,경상남도 사천시 죽림동,중상사고,0,1,0,0,차대차 - 측면직각충돌,신호위반,건조,맑음,교차로 - 교차로안,승용,남,69세,상해없음,승용,여,37세,중상
2016122900100078,2016년 12월 29일 04시,목요일,경상남도 통영시 무전동,경상사고,0,0,2,0,차대차 - 정면충돌,안전운전불이행,건조,맑음,교차로 - 교차로부근,승용,여,37세,상해없음,승용,남,51세,경상
2016122900100112,2016년 12월 29일 06시,목요일,경상남도 양산시 덕계동,경상사고,0,0,1,0,차대차 - 정면충돌,신호위반,건조,맑음,교차로 - 교차로안,승용,남,29세,상해없음,승용,남,67세,경상
2016122900100180,2016년 12월 29일 08시,목요일,경상남도 김해시 삼정동,경상사고,0,0,1,0,차대차 - 추돌,안전거리미확보,건조,맑음,단일로 - 기타,승용,여,30세,상해없음,승용,남,30세,경상
2016122900100224,2016년 12월 29일 09시,목요일,경상남도 김해시 삼계동,경상사고,0,0,2,0,차대차 - 기타,신호위반,건조,맑음,교차로 - 교차로안,건설기계,남,41세,상해없음,승용,여,42세,경상
2016122900100248,2016년 12월 29일 10시,목요일,경상남도 김해시 생림면,경상사고,0,0,2,0,차대차 - 기타,기타,건조,맑음,교차로 - 교차로안,승용,여,43세,경상,승용,여,56세,경상
2016122900100250,2016년 12월 29일 10시,목요일,경상남도 창원시 의창구 팔용동,중상사고,0,1,0,0,차대사람 - 횡단중,안전운전불이행,건조,맑음,단일로 - 기타,화물,남,43세,상해없음,보행자,남,13세,중상
2016122900100300,2016년 12월 29일 12시,목요일,경상남도 양산시 물금읍,중상사고,0,1,1,0,차대차 - 추돌,안전거리미확보,건조,맑음,단일로 - 기타,화물,남,43세,중상,화물,남,53세,상해없음
2016122900100319,2016년 12월 29일 12시,목요일,경상남도 통영시 미수동,중상사고,0,1,0,0,차대사람 - 횡단중,안전운전불이행,건조,맑음,교차로 - 교차로안,승용,남,53세,상해없음,보행자,남,16세,중상
2016122900100320,2016년 12월 29일 12시,목요일,경상남도 통영시 태평동,경상사고,0,0,1,0,차대사람 - 길가장자리구역통행중,안전운전불이행,건조,맑음,단일로 - 기타,승용,여,55세,상해없음,보행자,여,62세,경상
2016122900100321,2016년 12월 29일 12시,목요일,경상남도 김해시 장유면,중상사고,0,1,0,0,차대사람 - 횡단중,안전운전불이행,건조,맑음,단일로 - 기타,화물,남,59세,상해없음,보행자,여,67세,중상
2016122900100364,2016년 12월 29일 13시,목요일,경상남도 창원시 진해구 석동,중상사고,0,1,0,0,차대차 - 추돌,안전운전불이행,건조,맑음,단일로 - 기타,건설기계,남,55세,상해없음,승용,여,60세,중상
2016122900100365,2016년 12월 29일 13시,목요일,경상남도 김해시 삼정동,경상사고,0,0,1,0,차대차 - 기타,안전운전불이행,건조,맑음,단일로 - 기타,승용,남,58세,상해없음,승용,여,49세,경상
2016122900100398,2016년 12월 29일 14시,목요일,경상남도 김해시 동상동,사망사고,1,0,0,0,차대사람 - 횡단중,중앙선침범,건조,맑음,단일로 - 기타,승용,남,65세,상해없음,보행자,여,79세,사망
2016122900100399,2016년 12월 29일 14시,목요일,경상남도 양산시 동면,경상사고,0,0,3,0,차대차 - 정면충돌,신호위반,건조,맑음,교차로 - 교차로안,승용,여,46세,상해없음,승용,여,47세,경상
2016122900100425,2016년 12월 29일 15시,목요일,경상남도 김해시 삼계동,중상사고,0,1,0,0,차대사람 - 횡단중,안전운전불이행,건조,맑음,단일로 - 기타,승용,남,58세,상해없음,보행자,여,8세,중상
2016122900100426,2016년 12월 29일 15시,목요일,경상남도 함양군 함양읍,중상사고,0,1,0,0,차대차 - 측면직각충돌,교차로운행방법위반,건조,맑음,교차로 - 교차로안,이륜,남,80세,중상,화물,남,50세,상해없음
2016122900100465,2016년 12월 29일 16시,목요일,경상남도 창원시 진해구 경화동,중상사고,0,1,0,0,차대사람 - 차도통행중,안전운전불이행,건조,맑음,단일로 - 기타,승용,남,69세,상해없음,보행자,남,16세,중상
2016122900100466,2016년 12월 29일 16시,목요일,경상남도 합천군 쌍책면,중상사고,0,1,0,0,차량단독 - 전도전복,안전운전불이행,건조,맑음,단일로 - 기타,이륜,남,80세,중상,,,,
2016122900100467,2016년 12월 29일 16시,목요일,경상남도 양산시 동면,사망사고,1,0,0,0,차량단독 - 전도전복,안전운전불이행,건조,맑음,단일로 - 기타,농기계,남,75세,사망,,,,
2016122900100609,2016년 12월 29일 19시,목요일,경상남도 김해시 삼방동,경상사고,0,0,1,0,차대사람 - 길가장자리구역통행중,안전운전불이행,건조,맑음,교차로 - 교차로안,승용,남,42세,상해없음,보행자,여,30세,경상
2016122900100663,2016년 12월 29일 20시,목요일,경상남도 창원시 의창구 사림동,중상사고,0,1,0,0,차대사람 - 기타,보행자보호의무위반,건조,맑음,교차로 - 교차로안,승용,여,43세,상해없음,보행자,남,57세,중상
2016122900100747,2016년 12월 29일 22시,목요일,경상남도 창원시 의창구 대원동,중상사고,0,2,0,0,차대차 - 기타,신호위반,건조,맑음,교차로 - 교차로안,승용,남,49세,상해없음,승용,남,54세,중상
2016122900100748,2016년 12월 29일 22시,목요일,경상남도 창원시 마산합포구 산호동,중상사고,0,1,3,0,차대차 - 추돌,안전운전불이행,건조,맑음,단일로 - 기타,화물,여,55세,상해없음,승용,남,61세,경상
2016122900100749,2016년 12월 29일 22시,목요일,경상남도 창원시 마산회원구 양덕동,중상사고,0,1,0,0,차대사람 - 횡단중,안전운전불이행,건조,맑음,교차로 - 교차로안,승용,남,40세,상해없음,보행자,여,33세,중상
2016122900100785,2016년 12월 29일 23시,목요일,경상남도 양산시 물금읍,경상사고,0,0,2,1,차대차 - 정면충돌,안전운전불이행,건조,맑음,단일로 - 기타,승용,남,31세,부상신고,승용,남,46세,경상
2016123000100026,2016년 12월 30일 00시,금요일,경상남도 사천시 선구동,경상사고,0,0,2,0,차대차 - 측면직각충돌,신호위반,건조,맑음,교차로 - 교차로안,승용,여,50세,경상,승용,여,55세,경상
2016123000100049,2016년 12월 30일 01시,금요일,경상남도 거제시 고현동,중상사고,0,1,0,0,차량단독 - 공작물충돌,안전운전불이행,건조,맑음,교차로 - 교차로부근,승용,남,47세,중상,,,,
2016123000100109,2016년 12월 30일 05시,금요일,경상남도 거제시 연초면,경상사고,0,0,1,0,차대차 - 기타,안전운전불이행,건조,맑음,단일로 - 기타,승용,남,35세,상해없음,승용,남,53세,경상
2016123000100191,2016년 12월 30일 08시,금요일,경상남도 김해시 삼정동,중상사고,0,1,1,0,차대차 - 정면충돌,안전운전불이행,건조,맑음,교차로 - 교차로안,승용,여,37세,상해없음,승용,여,25세,중상
2016123000100192,2016년 12월 30일 08시,금요일,경상남도 남해군 고현면,중상사고,0,1,0,0,차대차 - 추돌,안전운전불이행,건조,맑음,단일로 - 기타,승용,여,46세,상해없음,승용,남,70세,중상
2016123000100250,2016년 12월 30일 10시,금요일,경상남도 통영시 무전동,경상사고,0,0,1,0,차대사람 - 횡단중,안전운전불이행,건조,맑음,교차로 - 교차로안,승용,여,59세,상해없음,보행자,여,38세,경상
2016123000100251,2016년 12월 30일 10시,금요일,경상남도 통영시 광도면,경상사고,0,0,2,0,차대차 - 추돌,안전거리미확보,건조,맑음,교차로 - 교차로부근,화물,남,66세,상해없음,승용,남,39세,경상
2016123000100252,2016년 12월 30일 10시,금요일,경상남도 고성군 마암면,중상사고,0,3,1,0,차대차 - 기타,안전거리미확보,건조,맑음,단일로 - 기타,승용,남,56세,상해없음,승용,여,44세,중상
2016123000100253,2016년 12월 30일 10시,금요일,경상남도 창원시 의창구 신월동,중상사고,0,1,0,0,차대차 - 측면직각충돌,안전거리미확보,건조,맑음,교차로 - 교차로부근,승용,남,58세,상해없음,자전거,여,56세,중상
2016123000100293,2016년 12월 30일 11시,금요일,경상남도 창원시 의창구 동읍,중상사고,0,1,3,0,차대차 - 추돌,안전운전불이행,건조,맑음,단일로 - 기타,승용,남,35세,상해없음,승용,남,27세,경상
2016123000100335,2016년 12월 30일 12시,금요일,경상남도 창원시 마산합포구 중앙동2가,경상사고,0,0,1,0,차량단독 - 기타,안전운전불이행,건조,맑음,기타 - 기타,승합,남,40세,기타불명,,,,
2016123000100336,2016년 12월 30일 12시,금요일,경상남도 창원시 진해구 석동,경상사고,0,0,1,0,차대차 - 추돌,안전운전불이행,건조,맑음,단일로 - 기타,건설기계,남,53세,상해없음,승용,여,47세,경상
2016123000100337,2016년 12월 30일 12시,금요일,경상남도 밀양시 산외면,경상사고,0,0,2,0,차대차 - 측면충돌,신호위반,건조,맑음,교차로 - 교차로안,승용,남,55세,상해없음,승합,남,77세,경상
2016123000100338,2016년 12월 30일 12시,금요일,경상남도 거창군 거창읍,경상사고,0,0,1,0,차대사람 - 횡단중,보행자보호의무위반,건조,맑음,단일로 - 횡단보도상,승용,남,68세,상해없음,보행자,남,84세,경상
2016123000100339,2016년 12월 30일 12시,금요일,경상남도 거제시 고현동,중상사고,0,1,0,0,차대차 - 기타,안전운전불이행,건조,맑음,기타 - 기타,승용,남,47세,기타불명,이륜,남,45세,중상
2016123000100340,2016년 12월 30일 12시,금요일,경상남도 남해군 남해읍,경상사고,0,0,1,0,차대차 - 추돌,안전운전불이행,건조,맑음,교차로 - 교차로부근,화물,남,70세,상해없음,승용,남,33세,경상
2016123000100376,2016년 12월 30일 13시,금요일,경상남도 거제시 장평동,사망사고,1,0,0,0,차대사람 - 기타,안전운전불이행,건조,맑음,기타 - 기타,승합,남,57세,상해없음,보행자,남,72세,사망
2016123000100377,2016년 12월 30일 13시,금요일,경상남도 거제시 고현동,중상사고,0,1,0,0,차대사람 - 횡단중,안전운전불이행,건조,맑음,기타 - 기타,승용,남,48세,상해없음,보행자,남,44세,중상
2016123000100504,2016년 12월 30일 16시,금요일,경상남도 창원시 마산합포구 완월동,중상사고,0,2,0,0,차대사람 - 횡단중,보행자보호의무위반,건조,맑음,기타 - 기타,승용,남,79세,상해없음,보행자,남,29세,중상
2016123000100551,2016년 12월 30일 17시,금요일,경상남도 진주시 문산읍,중상사고,0,2,0,0,차대차 - 정면충돌,안전운전불이행,건조,맑음,교차로 - 교차로안,승합,남,47세,상해없음,승용,여,46세,중상
2016123000100619,2016년 12월 30일 18시,금요일,경상남도 김해시 불암동,경상사고,0,0,3,0,차대차 - 추돌,안전운전불이행,건조,맑음,미분류 - 미분류,승용,남,35세,상해없음,승용,남,29세,경상
2016123000100620,2016년 12월 30일 18시,금요일,경상남도 거제시 고현동,경상사고,0,0,2,0,차대차 - 측면충돌,안전운전불이행,건조,맑음,기타 - 기타,승합,남,56세,상해없음,승용,남,20세,경상
2016123000100622,2016년 12월 30일 18시,금요일,경상남도 창원시 마산합포구 산호동,경상사고,0,0,1,0,차대차 - 기타,안전거리미확보,건조,맑음,단일로 - 기타,승용,여,43세,상해없음,승용,여,60세,경상
2016123000100684,2016년 12월 30일 19시,금요일,경상남도 김해시 내동,경상사고,0,0,1,0,차대차 - 추돌,안전운전불이행,건조,맑음,단일로 - 기타,승용,여,38세,상해없음,이륜,남,21세,경상
2016123000100685,2016년 12월 30일 19시,금요일,경상남도 창원시 성산구 외동,부상신고사고,0,0,0,2,차대차 - 정면충돌,신호위반,건조,맑음,교차로 - 교차로안,승용,남,28세,상해없음,승용,여,28세,부상신고
2016123000100738,2016년 12월 30일 20시,금요일,경상남도 김해시 어방동,경상사고,0,0,1,0,차대차 - 추돌,안전운전불이행,건조,맑음,단일로 - 기타,이륜,남,26세,경상,승용,여,34세,상해없음
2016123000100765,2016년 12월 30일 21시,금요일,경상남도 하동군 금남면,사망사고,1,0,0,0,차량단독 - 전도전복,안전운전불이행,건조,맑음,기타 - 기타,원동기,남,54세,사망,,,,
2016123000100766,2016년 12월 30일 21시,금요일,경상남도 함안군 함안면,사망사고,1,0,0,0,차대사람 - 횡단중,안전운전불이행,건조,맑음,교차로 - 교차로부근,승용,남,43세,상해없음,보행자,남,35세,사망
2016123000100799,2016년 12월 30일 22시,금요일,경상남도 양산시 중부동,경상사고,0,0,1,0,차대차 - 추돌,안전운전불이행,건조,맑음,교차로 - 교차로안,승용,남,19세,상해없음,승용,남,53세,경상
2016123000100800,2016년 12월 30일 22시,금요일,경상남도 창원시 성산구 사파동,부상신고사고,0,0,0,1,차대사람 - 횡단중,안전운전불이행,건조,맑음,교차로 - 교차로부근,승용,남,45세,상해없음,보행자,남,54세,부상신고
2016123000100801,2016년 12월 30일 22시,금요일,경상남도 창원시 마산회원구 구암동,경상사고,0,0,1,0,차대차 - 추돌,안전운전불이행,건조,맑음,단일로 - 기타,승용,남,61세,경상,승용,남,26세,상해없음
2016123000100840,2016년 12월 30일 23시,금요일,경상남도 사천시 대방동,중상사고,0,1,0,0,차량단독 - 전도전복,안전운전불이행,건조,맑음,단일로 - 기타,승용,남,18세,상해없음,,,,
2016123100100019,2016년 12월 31일 00시,토요일,경상남도 거제시 사등면,사망사고,1,0,0,0,차대사람 - 기타,안전운전불이행,건조,맑음,단일로 - 기타,승용,남,30세,상해없음,보행자,여,40세,사망
2016123100100020,2016년 12월 31일 00시,토요일,경상남도 김해시 장유면,중상사고,0,1,0,0,차대차 - 추돌,안전운전불이행,건조,맑음,교차로 - 교차로부근,승용,남,54세,상해없음,승용,남,44세,중상
2016123100100061,2016년 12월 31일 01시,토요일,경상남도 창원시 마산합포구 창동,중상사고,0,2,0,0,차대차 - 측면충돌,안전운전불이행,건조,맑음,기타 - 기타,승용,남,59세,상해없음,승용,남,29세,중상
2016123100100062,2016년 12월 31일 01시,토요일,경상남도 통영시 광도면,경상사고,0,0,1,0,차량단독 - 공작물충돌,안전운전불이행,건조,맑음,단일로 - 기타,승용,남,27세,경상,,,,
2016123100100063,2016년 12월 31일 01시,토요일,경상남도 사천시 정동면,중상사고,0,1,0,0,차량단독 - 전도전복,안전운전불이행,건조,맑음,단일로 - 기타,승용,남,33세,중상,,,,
2016123100100085,2016년 12월 31일 02시,토요일,경상남도 창원시 의창구 대원동,사망사고,1,0,0,0,차대사람 - 기타,안전운전불이행,건조,맑음,단일로 - 기타,승용,남,55세,기타불명,보행자,남,25세,사망
2016123100100113,2016년 12월 31일 04시,토요일,경상남도 창원시 마산합포구 남성동,사망사고,1,2,0,0,차량단독 - 공작물충돌,안전운전불이행,건조,맑음,단일로 - 횡단보도부근,승용,남,36세,사망,,,,
2016123100100114,2016년 12월 31일 04시,토요일,경상남도 김해시 부원동,경상사고,0,0,1,0,차대차 - 측면충돌,안전운전불이행,건조,맑음,교차로 - 교차로부근,원동기,남,16세,경상,승용,남,66세,상해없음
2016123100100130,2016년 12월 31일 05시,토요일,경상남도 창원시 진해구 이동,경상사고,0,0,1,0,차대차 - 측면충돌,신호위반,건조,맑음,교차로 - 교차로부근,이륜,남,59세,경상,승용,남,57세,상해없음
2016123100100131,2016년 12월 31일 05시,토요일,경상남도 거제시 고현동,경상사고,0,0,1,0,차대사람 - 횡단중,안전운전불이행,건조,맑음,교차로 - 교차로안,승용,남,18세,기타불명,보행자,여,22세,경상
2016123100100164,2016년 12월 31일 07시,토요일,경상남도 창원시 마산회원구 회성동,중상사고,0,1,0,0,차대차 - 추돌,안전운전불이행,건조,맑음,단일로 - 기타,승용,남,36세,상해없음,승용,남,73세,중상
2016123100100177,2016년 12월 31일 08시,토요일,경상남도 함양군 안의면,부상신고사고,0,0,0,1,차대차 - 측면직각충돌,교차로운행방법위반,건조,맑음,교차로 - 교차로안,자전거,여,69세,부상신고,승용,남,67세,상해없음
2016123100100178,2016년 12월 31일 08시,토요일,경상남도 창원시 성산구 내동,경상사고,0,0,1,0,차대차 - 측면충돌,신호위반,건조,맑음,교차로 - 교차로안,승용,남,45세,상해없음,승용,여,35세,경상
2016123100100186,2016년 12월 31일 09시,토요일,경상남도 양산시 동면,경상사고,0,0,3,0,차대차 - 추돌,안전운전불이행,건조,맑음,단일로 - 기타,승용,남,43세,상해없음,승용,여,51세,경상
2016123100100193,2016년 12월 31일 09시,토요일,경상남도 진주시 가좌동,경상사고,0,0,1,0,차대사람 - 횡단중,안전운전불이행,건조,맑음,교차로 - 교차로안,화물,남,71세,상해없음,보행자,여,21세,경상
2016123100100208,2016년 12월 31일 10시,토요일,경상남도 창녕군 창녕읍,경상사고,0,0,2,0,차대차 - 기타,안전운전불이행,건조,맑음,교차로 - 교차로안,건설기계,남,63세,상해없음,승용,남,26세,경상
2016123100100289,2016년 12월 31일 13시,토요일,경상남도 김해시 삼방동,중상사고,0,1,0,0,차대사람 - 횡단중,안전운전불이행,건조,맑음,교차로 - 교차로부근,승용,남,56세,상해없음,보행자,여,72세,중상
2016123100100325,2016년 12월 31일 14시,토요일,경상남도 진주시 하대동,경상사고,0,0,1,0,차대사람 - 횡단중,보행자보호의무위반,건조,맑음,단일로 - 횡단보도상,승용,남,60세,상해없음,보행자,남,59세,경상
2016123100100326,2016년 12월 31일 14시,토요일,경상남도 사천시 정동면,경상사고,0,0,1,0,차대차 - 측면직각충돌,안전운전불이행,건조,맑음,단일로 - 기타,승용,남,44세,상해없음,화물,남,30세,경상
2016123100100327,2016년 12월 31일 14시,토요일,경상남도 거창군 거창읍,경상사고,0,0,1,0,차대차 - 측면직각충돌,안전운전불이행,건조,맑음,교차로 - 교차로안,화물,남,55세,상해없음,승용,남,32세,경상
2016123100100329,2016년 12월 31일 14시,토요일,경상남도 창원시 성산구 대방동,중상사고,0,1,2,0,차대차 - 추돌,안전운전불이행,건조,맑음,단일로 - 기타,승용,여,47세,상해없음,승용,남,34세,상해없음
2016123100100383,2016년 12월 31일 16시,토요일,경상남도 창녕군 유어면,경상사고,0,0,1,0,차대차 - 기타,안전운전불이행,건조,맑음,교차로 - 교차로안,이륜,남,80세,경상,화물,남,70세,상해없음
2016123100100446,2016년 12월 31일 18시,토요일,경상남도 사천시 향촌동,경상사고,0,0,2,0,차대차 - 추돌,중앙선침범,건조,맑음,단일로 - 기타,화물,남,65세,경상,화물,남,36세,경상
2016123100100447,2016년 12월 31일 18시,토요일,경상남도 양산시 원동면,부상신고사고,0,0,0,1,차대차 - 측면충돌,안전운전불이행,건조,맑음,교차로 - 교차로부근,이륜,남,33세,부상신고,승용,여,55세,상해없음
2016123100100448,2016년 12월 31일 18시,토요일,경상남도 창원시 성산구 내동,경상사고,0,0,2,0,차대차 - 추돌,신호위반,건조,맑음,교차로 - 교차로안,승용,남,36세,상해없음,승용,남,57세,상해없음
2016123100100449,2016년 12월 31일 18시,토요일,경상남도 창원시 의창구 도계동,경상사고,0,0,1,0,차대차 - 측면직각충돌,안전운전불이행,건조,맑음,교차로 - 교차로안,승용,남,54세,기타불명,승용,여,49세,경상
2016123100100554,2016년 12월 31일 20시,토요일,경상남도 하동군 옥종면,중상사고,0,1,0,0,차대사람 - 횡단중,안전운전불이행,건조,맑음,교차로 - 교차로안,승용,남,50세,상해없음,보행자,남,48세,중상
2016123100100583,2016년 12월 31일 21시,토요일,경상남도 김해시 구산동,경상사고,0,0,1,0,차대차 - 정면충돌,중앙선침범,건조,맑음,단일로 - 기타,승용,남,61세,상해없음,이륜,남,25세,경상
2016123100100584,2016년 12월 31일 21시,토요일,경상남도 창원시 의창구 도계동,경상사고,0,0,1,0,차대차 - 측면충돌,안전운전불이행,건조,맑음,교차로 - 교차로안,승용,남,18세,상해없음,원동기,남,41세,경상
2016123100100619,2016년 12월 31일 22시,토요일,경상남도 진주시 명석면,경상사고,0,0,1,0,차량단독 - 공작물충돌,안전운전불이행,건조,맑음,단일로 - 기타,승용,남,50세,상해없음,,,,
2016123100100651,2016년 12월 31일 23시,토요일,경상남도 진주시 이현동,경상사고,0,0,1,0,차대차 - 측면직각충돌,안전운전불이행,건조,맑음,단일로 - 기타,승용,남,46세,상해없음,승용,여,44세,경상